INFO: activate-binutils_linux-64.sh made the following environmental changes:
+ADDR2LINE=/nas/ucb/tutrinh/anaconda3/envs/ood/bin/x86_64-conda_cos6-linux-gnu-addr2line
+AR=/nas/ucb/tutrinh/anaconda3/envs/ood/bin/x86_64-conda_cos6-linux-gnu-ar
+AS=/nas/ucb/tutrinh/anaconda3/envs/ood/bin/x86_64-conda_cos6-linux-gnu-as
+CXXFILT=/nas/ucb/tutrinh/anaconda3/envs/ood/bin/x86_64-conda_cos6-linux-gnu-c++filt
+ELFEDIT=/nas/ucb/tutrinh/anaconda3/envs/ood/bin/x86_64-conda_cos6-linux-gnu-elfedit
+GPROF=/nas/ucb/tutrinh/anaconda3/envs/ood/bin/x86_64-conda_cos6-linux-gnu-gprof
+HOST=x86_64-conda_cos6-linux-gnu
+LD_GOLD=/nas/ucb/tutrinh/anaconda3/envs/ood/bin/x86_64-conda_cos6-linux-gnu-ld.gold
+LD=/nas/ucb/tutrinh/anaconda3/envs/ood/bin/x86_64-conda_cos6-linux-gnu-ld
+NM=/nas/ucb/tutrinh/anaconda3/envs/ood/bin/x86_64-conda_cos6-linux-gnu-nm
+OBJCOPY=/nas/ucb/tutrinh/anaconda3/envs/ood/bin/x86_64-conda_cos6-linux-gnu-objcopy
+OBJDUMP=/nas/ucb/tutrinh/anaconda3/envs/ood/bin/x86_64-conda_cos6-linux-gnu-objdump
+RANLIB=/nas/ucb/tutrinh/anaconda3/envs/ood/bin/x86_64-conda_cos6-linux-gnu-ranlib
+READELF=/nas/ucb/tutrinh/anaconda3/envs/ood/bin/x86_64-conda_cos6-linux-gnu-readelf
+SIZE=/nas/ucb/tutrinh/anaconda3/envs/ood/bin/x86_64-conda_cos6-linux-gnu-size
+STRINGS=/nas/ucb/tutrinh/anaconda3/envs/ood/bin/x86_64-conda_cos6-linux-gnu-strings
+STRIP=/nas/ucb/tutrinh/anaconda3/envs/ood/bin/x86_64-conda_cos6-linux-gnu-strip
INFO: activate-gcc_linux-64.sh made the following environmental changes:
+CC=/nas/ucb/tutrinh/anaconda3/envs/ood/bin/x86_64-conda_cos6-linux-gnu-cc
+CFLAGS=-march=nocona -mtune=haswell -ftree-vectorize -fPIC -fstack-protector-strong -fno-plt -O2 -pipe
+CPPFLAGS=-D_FORTIFY_SOURCE=2 -O2
+CPP=/nas/ucb/tutrinh/anaconda3/envs/ood/bin/x86_64-conda_cos6-linux-gnu-cpp
+DEBUG_CFLAGS=-march=nocona -mtune=haswell -ftree-vectorize -fPIC -fstack-protector-strong -fno-plt -O2 -pipe -Og -g -Wall -Wextra -fcheck=all -fbacktrace -fimplicit-none -fvar-tracking-assignments
+GCC_AR=/nas/ucb/tutrinh/anaconda3/envs/ood/bin/x86_64-conda_cos6-linux-gnu-gcc-ar
+GCC=/nas/ucb/tutrinh/anaconda3/envs/ood/bin/x86_64-conda_cos6-linux-gnu-gcc
+GCC_NM=/nas/ucb/tutrinh/anaconda3/envs/ood/bin/x86_64-conda_cos6-linux-gnu-gcc-nm
+GCC_RANLIB=/nas/ucb/tutrinh/anaconda3/envs/ood/bin/x86_64-conda_cos6-linux-gnu-gcc-ranlib
+LDFLAGS=-Wl,-O2,--sort-common,--as-needed,-z,relro,-z,now
wandb: Appending key for api.wandb.ai to your netrc file: /home/tutrinh/.netrc
wandb: Currently logged in as: tu-trinh. Use `wandb login --relogin` to force relogin
SAVING AT TIMESTEPS: [390625, 781250, 1562500, 3125000, 6250000, 10000000, 12500000, 20000000, 25000000, 30000000, 40000000, 50000000, 60000000, 70000000, 80000000, 90000000, 100000000, 110000000, 120000000, 130000000, 140000000, 150000000, 160000000, 170000000, 180000000, 190000000, 200000000]
[LOADING HYPERPARAMETERS...]
algo : ppo
n_envs : 256
n_steps : 256
epoch : 3
mini_batch_per_epoch : 8
mini_batch_size : 8192
gamma : 0.999
lmbda : 0.95
learning_rate : 0.0005
grad_clip_norm : 0.5
eps_clip : 0.2
value_coef : 0.5
entropy_coef : 0.01
normalize_adv : True
normalize_rew : False
use_gae : True
architecture : impala
recurrent : False
INITIALIZAING ENVIRONMENTS...
building procgen...slurmstepd: error: *** JOB 422059 ON vae.ist.berkeley.edu CANCELLED AT 2024-08-09T06:32:21 ***
wandb: wandb version 0.17.6 is available!  To upgrade, please run:
wandb:  $ pip install wandb --upgrade
wandb: Tracking run with wandb version 0.17.0
wandb: Run data is saved locally in /nas/ucb/tutrinh/train-procgen-pytorch/wandb/run-20240809_063219-d22l9blw
wandb: Run `wandb offline` to turn off syncing.
wandb: Syncing run vivid-dragon-44
wandb: ⭐️ View project at https://wandb.ai/tu-trinh/chai-internship
wandb: 🚀 View run at https://wandb.ai/tu-trinh/chai-internship/runs/d22l9blw
done
INITIALIZING LOGGER...
Logging to /nas/ucb/tutrinh/train-procgen-pytorch/logs/train/maze_aisc/concurrent_svdd/2024-08-09__06-32-18__seed_8888
INTIALIZING MODEL...
Using normal action space
INITIALIZING STORAGE...
INTIALIZING AGENT...
START TRAINING...
timesteps                   65536.000000
wall_time                     232.463047
num_episodes                   32.000000
max_episode_rewards            10.000000
mean_episode_rewards           10.000000
min_episode_rewards             0.000000
max_episode_len               249.000000
mean_episode_len              128.406250
min_episode_len                 0.000000
mean_timeouts                   0.000000
val_max_episode_rewards         0.000000
val_mean_episode_rewards             NaN
val_min_episode_rewards         0.000000
val_max_episode_len             0.000000
val_mean_episode_len                 NaN
val_min_episode_len             0.000000
val_mean_timeouts                    NaN
Name: 0, dtype: float64
Loaded 65792 images
timesteps                   131072.00000
wall_time                      513.96028
num_episodes                   260.00000
max_episode_rewards             10.00000
mean_episode_rewards             1.75000
min_episode_rewards              0.00000
max_episode_len                500.00000
mean_episode_len               472.47500
min_episode_len                  0.00000
mean_timeouts                    0.00000
val_max_episode_rewards          0.00000
val_mean_episode_rewards         0.00000
val_min_episode_rewards          0.00000
val_max_episode_len            500.00000
val_mean_episode_len           500.00000
val_min_episode_len              0.00000
val_mean_timeouts                0.00000
Name: 1, dtype: float64
Loaded 65792 images
timesteps                   196608.000000
wall_time                      789.630456
num_episodes                   339.000000
max_episode_rewards             10.000000
mean_episode_rewards             7.000000
min_episode_rewards              0.000000
max_episode_len                500.000000
mean_episode_len               219.700000
min_episode_len                  0.000000
mean_timeouts                    0.025000
val_max_episode_rewards          0.000000
val_mean_episode_rewards         0.000000
val_min_episode_rewards          0.000000
val_max_episode_len            500.000000
val_mean_episode_len           500.000000
val_min_episode_len              0.000000
val_mean_timeouts                0.000000
Name: 2, dtype: float64
Loaded 65792 images
timesteps                   262144.000000
wall_time                     1064.415363
num_episodes                   559.000000
max_episode_rewards             10.000000
mean_episode_rewards             1.750000
min_episode_rewards              0.000000
max_episode_len                500.000000
mean_episode_len               460.000000
min_episode_len                  0.000000
mean_timeouts                    0.000000
val_max_episode_rewards          0.000000
val_mean_episode_rewards         0.000000
val_min_episode_rewards          0.000000
val_max_episode_len            500.000000
val_mean_episode_len           500.000000
val_min_episode_len              0.000000
val_mean_timeouts                0.000000
Name: 3, dtype: float64
Loaded 65792 images
timesteps                   327680.000000
wall_time                     1336.559313
num_episodes                   664.000000
max_episode_rewards             10.000000
mean_episode_rewards             6.500000
min_episode_rewards              0.000000
max_episode_len                500.000000
mean_episode_len               257.000000
min_episode_len                  0.000000
mean_timeouts                    0.000000
val_max_episode_rewards          0.000000
val_mean_episode_rewards         0.000000
val_min_episode_rewards          0.000000
val_max_episode_len            500.000000
val_mean_episode_len           500.000000
val_min_episode_len              0.000000
val_mean_timeouts                0.000000
Name: 4, dtype: float64
Loaded 65792 images
timesteps                   393216.000000
wall_time                     1611.976039
num_episodes                   871.000000
max_episode_rewards             10.000000
mean_episode_rewards             2.000000
min_episode_rewards              0.000000
max_episode_len                500.000000
mean_episode_len               416.700000
min_episode_len                  0.000000
mean_timeouts                    0.000000
val_max_episode_rewards          0.000000
val_mean_episode_rewards         0.000000
val_min_episode_rewards          0.000000
val_max_episode_len            500.000000
val_mean_episode_len           500.000000
val_min_episode_len              0.000000
val_mean_timeouts                0.000000
Name: 5, dtype: float64
Saving model at timestep 393217
Loaded 65792 images
timesteps                   458752.000000
wall_time                     1883.827839
num_episodes                   975.000000
max_episode_rewards             10.000000
mean_episode_rewards             4.000000
min_episode_rewards              0.000000
max_episode_len                500.000000
mean_episode_len               342.725000
min_episode_len                  0.000000
mean_timeouts                    0.000000
val_max_episode_rewards         10.000000
val_mean_episode_rewards         0.250000
val_min_episode_rewards          0.000000
val_max_episode_len            500.000000
val_mean_episode_len           488.450000
val_min_episode_len              0.000000
val_mean_timeouts                0.000000
Name: 6, dtype: float64
Loaded 65792 images
timesteps                   524288.000000
wall_time                     2159.364969
num_episodes                  1176.000000
max_episode_rewards             10.000000
mean_episode_rewards             1.750000
min_episode_rewards              0.000000
max_episode_len                500.000000
mean_episode_len               424.925000
min_episode_len                  0.000000
mean_timeouts                    0.000000
val_max_episode_rewards         10.000000
val_mean_episode_rewards         0.500000
val_min_episode_rewards          0.000000
val_max_episode_len            500.000000
val_mean_episode_len           489.800000
val_min_episode_len              0.000000
val_mean_timeouts                0.000000
Name: 7, dtype: float64
Loaded 65792 images
timesteps                   589824.000000
wall_time                     2438.027333
num_episodes                  1299.000000
max_episode_rewards             10.000000
mean_episode_rewards             4.000000
min_episode_rewards              0.000000
max_episode_len                500.000000
mean_episode_len               328.750000
min_episode_len                  0.000000
mean_timeouts                    0.000000
val_max_episode_rewards         10.000000
val_mean_episode_rewards         0.750000
val_min_episode_rewards          0.000000
val_max_episode_len            500.000000
val_mean_episode_len           478.550000
val_min_episode_len              0.000000
val_mean_timeouts                0.000000
Name: 8, dtype: float64
Loaded 65792 images
timesteps                   655360.000000
wall_time                     2717.596517
num_episodes                  1491.000000
max_episode_rewards             10.000000
mean_episode_rewards             1.500000
min_episode_rewards              0.000000
max_episode_len                500.000000
mean_episode_len               430.400000
min_episode_len                  0.000000
mean_timeouts                    0.000000
val_max_episode_rewards         10.000000
val_mean_episode_rewards         0.250000
val_min_episode_rewards          0.000000
val_max_episode_len            500.000000
val_mean_episode_len           495.150000
val_min_episode_len              0.000000
val_mean_timeouts                0.000000
Name: 9, dtype: float64
Loaded 65792 images
timesteps                   720896.000000
wall_time                     2995.183867
num_episodes                  1618.000000
max_episode_rewards             10.000000
mean_episode_rewards             2.750000
min_episode_rewards              0.000000
max_episode_len                500.000000
mean_episode_len               378.775000
min_episode_len                  0.000000
mean_timeouts                    0.000000
val_max_episode_rewards         10.000000
val_mean_episode_rewards         0.250000
val_min_episode_rewards          0.000000
val_max_episode_len            500.000000
val_mean_episode_len           494.200000
val_min_episode_len              0.000000
val_mean_timeouts                0.000000
Name: 10, dtype: float64
Loaded 65792 images
timesteps                   786432.000000
wall_time                     3267.265821
num_episodes                  1809.000000
max_episode_rewards             10.000000
mean_episode_rewards             1.750000
min_episode_rewards              0.000000
max_episode_len                500.000000
mean_episode_len               421.175000
min_episode_len                  0.000000
mean_timeouts                    0.000000
val_max_episode_rewards          0.000000
val_mean_episode_rewards         0.000000
val_min_episode_rewards          0.000000
val_max_episode_len            500.000000
val_mean_episode_len           500.000000
val_min_episode_len              0.000000
val_mean_timeouts                0.000000
Name: 11, dtype: float64
Saving model at timestep 786433
Loaded 65792 images
timesteps                   851968.000000
wall_time                     3539.368386
num_episodes                  1939.000000
max_episode_rewards             10.000000
mean_episode_rewards             2.000000
min_episode_rewards              0.000000
max_episode_len                500.000000
mean_episode_len               425.025000
min_episode_len                  0.000000
mean_timeouts                    0.000000
val_max_episode_rewards         10.000000
val_mean_episode_rewards         0.500000
val_min_episode_rewards          0.000000
val_max_episode_len            500.000000
val_mean_episode_len           478.850000
val_min_episode_len              0.000000
val_mean_timeouts                0.000000
Name: 12, dtype: float64
Loaded 65792 images
timesteps                   917504.000000
wall_time                     3811.997275
num_episodes                  2113.000000
max_episode_rewards             10.000000
mean_episode_rewards             0.500000
min_episode_rewards              0.000000
max_episode_len                500.000000
mean_episode_len               476.475000
min_episode_len                  0.000000
mean_timeouts                    0.025000
val_max_episode_rewards          0.000000
val_mean_episode_rewards         0.000000
val_min_episode_rewards          0.000000
val_max_episode_len            500.000000
val_mean_episode_len           500.000000
val_min_episode_len              0.000000
val_mean_timeouts                0.000000
Name: 13, dtype: float64
Loaded 65792 images
timesteps                   983040.000000
wall_time                     4087.482951
num_episodes                  2245.000000
max_episode_rewards             10.000000
mean_episode_rewards             1.000000
min_episode_rewards              0.000000
max_episode_len                500.000000
mean_episode_len               466.675000
min_episode_len                  0.000000
mean_timeouts                    0.025000
val_max_episode_rewards         10.000000
val_mean_episode_rewards         0.250000
val_min_episode_rewards          0.000000
val_max_episode_len            500.000000
val_mean_episode_len           489.650000
val_min_episode_len              0.000000
val_mean_timeouts                0.000000
Name: 14, dtype: float64
Loaded 65792 images
timesteps                   1.048576e+06
wall_time                   4.360825e+03
num_episodes                2.428000e+03
max_episode_rewards         1.000000e+01
mean_episode_rewards        1.500000e+00
min_episode_rewards         0.000000e+00
max_episode_len             5.000000e+02
mean_episode_len            4.424750e+02
min_episode_len             0.000000e+00
mean_timeouts               0.000000e+00
val_max_episode_rewards     0.000000e+00
val_mean_episode_rewards    0.000000e+00
val_min_episode_rewards     0.000000e+00
val_max_episode_len         5.000000e+02
val_mean_episode_len        5.000000e+02
val_min_episode_len         0.000000e+00
val_mean_timeouts           0.000000e+00
Name: 15, dtype: float64
Loaded 65792 images
timesteps                   1.114112e+06
wall_time                   4.642048e+03
num_episodes                2.571000e+03
max_episode_rewards         1.000000e+01
mean_episode_rewards        3.000000e+00
min_episode_rewards         0.000000e+00
max_episode_len             5.000000e+02
mean_episode_len            3.850250e+02
min_episode_len             0.000000e+00
mean_timeouts               0.000000e+00
val_max_episode_rewards     0.000000e+00
val_mean_episode_rewards    0.000000e+00
val_min_episode_rewards     0.000000e+00
val_max_episode_len         5.000000e+02
val_mean_episode_len        5.000000e+02
val_min_episode_len         0.000000e+00
val_mean_timeouts           0.000000e+00
Name: 16, dtype: float64
Loaded 65792 images
timesteps                   1.179648e+06
wall_time                   4.926572e+03
num_episodes                2.739000e+03
max_episode_rewards         1.000000e+01
mean_episode_rewards        3.250000e+00
min_episode_rewards         0.000000e+00
max_episode_len             5.000000e+02
mean_episode_len            4.054500e+02
min_episode_len             0.000000e+00
mean_timeouts               0.000000e+00
val_max_episode_rewards     1.000000e+01
val_mean_episode_rewards    5.000000e-01
val_min_episode_rewards     0.000000e+00
val_max_episode_len         5.000000e+02
val_mean_episode_len        4.928000e+02
val_min_episode_len         0.000000e+00
val_mean_timeouts           0.000000e+00
Name: 17, dtype: float64
Loaded 65792 images
timesteps                   1.245184e+06
wall_time                   5.205073e+03
num_episodes                2.892000e+03
max_episode_rewards         1.000000e+01
mean_episode_rewards        2.000000e+00
min_episode_rewards         0.000000e+00
max_episode_len             5.000000e+02
mean_episode_len            4.226000e+02
min_episode_len             0.000000e+00
mean_timeouts               0.000000e+00
val_max_episode_rewards     1.000000e+01
val_mean_episode_rewards    1.250000e+00
val_min_episode_rewards     0.000000e+00
val_max_episode_len         5.000000e+02
val_mean_episode_len        4.636500e+02
val_min_episode_len         0.000000e+00
val_mean_timeouts           0.000000e+00
Name: 18, dtype: float64
Loaded 65792 images
timesteps                   1.310720e+06
wall_time                   5.482186e+03
num_episodes                3.057000e+03
max_episode_rewards         1.000000e+01
mean_episode_rewards        1.000000e+00
min_episode_rewards         0.000000e+00
max_episode_len             5.000000e+02
mean_episode_len            4.530250e+02
min_episode_len             0.000000e+00
mean_timeouts               0.000000e+00
val_max_episode_rewards     0.000000e+00
val_mean_episode_rewards    0.000000e+00
val_min_episode_rewards     0.000000e+00
val_max_episode_len         5.000000e+02
val_mean_episode_len        5.000000e+02
val_min_episode_len         0.000000e+00
val_mean_timeouts           0.000000e+00
Name: 19, dtype: float64
Loaded 65792 images
timesteps                   1.376256e+06
wall_time                   5.758373e+03
num_episodes                3.204000e+03
max_episode_rewards         1.000000e+01
mean_episode_rewards        3.000000e+00
min_episode_rewards         0.000000e+00
max_episode_len             5.000000e+02
mean_episode_len            3.948750e+02
min_episode_len             0.000000e+00
mean_timeouts               0.000000e+00
val_max_episode_rewards     0.000000e+00
val_mean_episode_rewards    0.000000e+00
val_min_episode_rewards     0.000000e+00
val_max_episode_len         5.000000e+02
val_mean_episode_len        5.000000e+02
val_min_episode_len         0.000000e+00
val_mean_timeouts           0.000000e+00
Name: 20, dtype: float64
Loaded 65792 images
timesteps                   1.441792e+06
wall_time                   6.033508e+03
num_episodes                3.377000e+03
max_episode_rewards         1.000000e+01
mean_episode_rewards        2.750000e+00
min_episode_rewards         0.000000e+00
max_episode_len             5.000000e+02
mean_episode_len            4.035750e+02
min_episode_len             0.000000e+00
mean_timeouts               0.000000e+00
val_max_episode_rewards     0.000000e+00
val_mean_episode_rewards    0.000000e+00
val_min_episode_rewards     0.000000e+00
val_max_episode_len         5.000000e+02
val_mean_episode_len        5.000000e+02
val_min_episode_len         0.000000e+00
val_mean_timeouts           0.000000e+00
Name: 21, dtype: float64
Loaded 65792 images
timesteps                   1.507328e+06
wall_time                   6.304830e+03
num_episodes                3.529000e+03
max_episode_rewards         1.000000e+01
mean_episode_rewards        3.500000e+00
min_episode_rewards         0.000000e+00
max_episode_len             5.000000e+02
mean_episode_len            3.755750e+02
min_episode_len             0.000000e+00
mean_timeouts               0.000000e+00
val_max_episode_rewards     1.000000e+01
val_mean_episode_rewards    5.000000e-01
val_min_episode_rewards     0.000000e+00
val_max_episode_len         5.000000e+02
val_mean_episode_len        4.818000e+02
val_min_episode_len         0.000000e+00
val_mean_timeouts           0.000000e+00
Name: 22, dtype: float64
Loaded 65792 images
timesteps                   1.572864e+06
wall_time                   6.578039e+03
num_episodes                3.706000e+03
max_episode_rewards         1.000000e+01
mean_episode_rewards        1.750000e+00
min_episode_rewards         0.000000e+00
max_episode_len             5.000000e+02
mean_episode_len            4.249250e+02
min_episode_len             0.000000e+00
mean_timeouts               0.000000e+00
val_max_episode_rewards     1.000000e+01
val_mean_episode_rewards    2.500000e-01
val_min_episode_rewards     0.000000e+00
val_max_episode_len         5.000000e+02
val_mean_episode_len        4.973000e+02
val_min_episode_len         0.000000e+00
val_mean_timeouts           0.000000e+00
Name: 23, dtype: float64
Saving model at timestep 1572865
Loaded 65792 images
timesteps                   1.638400e+06
wall_time                   6.856317e+03
num_episodes                3.851000e+03
max_episode_rewards         1.000000e+01
mean_episode_rewards        2.250000e+00
min_episode_rewards         0.000000e+00
max_episode_len             5.000000e+02
mean_episode_len            4.063500e+02
min_episode_len             0.000000e+00
mean_timeouts               0.000000e+00
val_max_episode_rewards     1.000000e+01
val_mean_episode_rewards    5.000000e-01
val_min_episode_rewards     0.000000e+00
val_max_episode_len         5.000000e+02
val_mean_episode_len        4.823000e+02
val_min_episode_len         0.000000e+00
val_mean_timeouts           0.000000e+00
Name: 24, dtype: float64
Loaded 65792 images
timesteps                   1.703936e+06
wall_time                   7.142066e+03
num_episodes                4.027000e+03
max_episode_rewards         1.000000e+01
mean_episode_rewards        1.250000e+00
min_episode_rewards         0.000000e+00
max_episode_len             5.000000e+02
mean_episode_len            4.499500e+02
min_episode_len             0.000000e+00
mean_timeouts               0.000000e+00
val_max_episode_rewards     0.000000e+00
val_mean_episode_rewards    0.000000e+00
val_min_episode_rewards     0.000000e+00
val_max_episode_len         5.000000e+02
val_mean_episode_len        5.000000e+02
val_min_episode_len         0.000000e+00
val_mean_timeouts           0.000000e+00
Name: 25, dtype: float64
Loaded 65792 images
timesteps                   1.769472e+06
wall_time                   7.424593e+03
num_episodes                4.171000e+03
max_episode_rewards         1.000000e+01
mean_episode_rewards        3.750000e+00
min_episode_rewards         0.000000e+00
max_episode_len             5.000000e+02
mean_episode_len            3.533500e+02
min_episode_len             0.000000e+00
mean_timeouts               0.000000e+00
val_max_episode_rewards     1.000000e+01
val_mean_episode_rewards    2.500000e-01
val_min_episode_rewards     0.000000e+00
val_max_episode_len         5.000000e+02
val_mean_episode_len        4.941500e+02
val_min_episode_len         0.000000e+00
val_mean_timeouts           0.000000e+00
Name: 26, dtype: float64
Loaded 65792 images
timesteps                   1.835008e+06
wall_time                   7.702515e+03
num_episodes                4.345000e+03
max_episode_rewards         1.000000e+01
mean_episode_rewards        1.000000e+00
min_episode_rewards         0.000000e+00
max_episode_len             5.000000e+02
mean_episode_len            4.573500e+02
min_episode_len             0.000000e+00
mean_timeouts               0.000000e+00
val_max_episode_rewards     0.000000e+00
val_mean_episode_rewards    0.000000e+00
val_min_episode_rewards     0.000000e+00
val_max_episode_len         5.000000e+02
val_mean_episode_len        5.000000e+02
val_min_episode_len         0.000000e+00
val_mean_timeouts           0.000000e+00
Name: 27, dtype: float64
Loaded 65792 images
timesteps                   1.900544e+06
wall_time                   7.977348e+03
num_episodes                4.495000e+03
max_episode_rewards         1.000000e+01
mean_episode_rewards        2.250000e+00
min_episode_rewards         0.000000e+00
max_episode_len             5.000000e+02
mean_episode_len            4.115000e+02
min_episode_len             0.000000e+00
mean_timeouts               2.500000e-02
val_max_episode_rewards     0.000000e+00
val_mean_episode_rewards    0.000000e+00
val_min_episode_rewards     0.000000e+00
val_max_episode_len         5.000000e+02
val_mean_episode_len        5.000000e+02
val_min_episode_len         0.000000e+00
val_mean_timeouts           0.000000e+00
Name: 28, dtype: float64
Loaded 65792 images
timesteps                   1.966080e+06
wall_time                   8.251365e+03
num_episodes                4.675000e+03
max_episode_rewards         1.000000e+01
mean_episode_rewards        2.500000e+00
min_episode_rewards         0.000000e+00
max_episode_len             5.000000e+02
mean_episode_len            4.057000e+02
min_episode_len             0.000000e+00
mean_timeouts               0.000000e+00
val_max_episode_rewards     0.000000e+00
val_mean_episode_rewards    0.000000e+00
val_min_episode_rewards     0.000000e+00
val_max_episode_len         5.000000e+02
val_mean_episode_len        5.000000e+02
val_min_episode_len         0.000000e+00
val_mean_timeouts           0.000000e+00
Name: 29, dtype: float64
Loaded 65792 images
timesteps                   2.031616e+06
wall_time                   8.532283e+03
num_episodes                4.817000e+03
max_episode_rewards         1.000000e+01
mean_episode_rewards        2.250000e+00
min_episode_rewards         0.000000e+00
max_episode_len             5.000000e+02
mean_episode_len            4.082000e+02
min_episode_len             0.000000e+00
mean_timeouts               0.000000e+00
val_max_episode_rewards     1.000000e+01
val_mean_episode_rewards    2.500000e-01
val_min_episode_rewards     0.000000e+00
val_max_episode_len         5.000000e+02
val_mean_episode_len        4.951000e+02
val_min_episode_len         0.000000e+00
val_mean_timeouts           0.000000e+00
Name: 30, dtype: float64
Loaded 65792 images
timesteps                   2.097152e+06
wall_time                   8.808146e+03
num_episodes                4.987000e+03
max_episode_rewards         1.000000e+01
mean_episode_rewards        1.500000e+00
min_episode_rewards         0.000000e+00
max_episode_len             5.000000e+02
mean_episode_len            4.451750e+02
min_episode_len             0.000000e+00
mean_timeouts               0.000000e+00
val_max_episode_rewards     1.000000e+01
val_mean_episode_rewards    2.500000e-01
val_min_episode_rewards     0.000000e+00
val_max_episode_len         5.000000e+02
val_mean_episode_len        4.984500e+02
val_min_episode_len         0.000000e+00
val_mean_timeouts           0.000000e+00
Name: 31, dtype: float64
Loaded 65792 images
timesteps                   2.162688e+06
wall_time                   9.089497e+03
num_episodes                5.145000e+03
max_episode_rewards         1.000000e+01
mean_episode_rewards        2.750000e+00
min_episode_rewards         0.000000e+00
max_episode_len             5.000000e+02
mean_episode_len            4.027250e+02
min_episode_len             0.000000e+00
mean_timeouts               0.000000e+00
val_max_episode_rewards     1.000000e+01
val_mean_episode_rewards    2.500000e-01
val_min_episode_rewards     0.000000e+00
val_max_episode_len         5.000000e+02
val_mean_episode_len        4.984500e+02
val_min_episode_len         0.000000e+00
val_mean_timeouts           0.000000e+00
Name: 32, dtype: float64
Loaded 65792 images
timesteps                   2.228224e+06
wall_time                   9.376898e+03
num_episodes                5.313000e+03
max_episode_rewards         1.000000e+01
mean_episode_rewards        3.000000e+00
min_episode_rewards         0.000000e+00
max_episode_len             5.000000e+02
mean_episode_len            3.921500e+02
min_episode_len             0.000000e+00
mean_timeouts               0.000000e+00
val_max_episode_rewards     0.000000e+00
val_mean_episode_rewards    0.000000e+00
val_min_episode_rewards     0.000000e+00
val_max_episode_len         5.000000e+02
val_mean_episode_len        5.000000e+02
val_min_episode_len         0.000000e+00
val_mean_timeouts           0.000000e+00
Name: 33, dtype: float64
Loaded 65792 images
timesteps                   2.293760e+06
wall_time                   9.664352e+03
num_episodes                5.467000e+03
max_episode_rewards         1.000000e+01
mean_episode_rewards        3.250000e+00
min_episode_rewards         0.000000e+00
max_episode_len             5.000000e+02
mean_episode_len            3.979000e+02
min_episode_len             0.000000e+00
mean_timeouts               0.000000e+00
val_max_episode_rewards     1.000000e+01
val_mean_episode_rewards    2.500000e-01
val_min_episode_rewards     0.000000e+00
val_max_episode_len         5.000000e+02
val_mean_episode_len        4.926500e+02
val_min_episode_len         0.000000e+00
val_mean_timeouts           0.000000e+00
Name: 34, dtype: float64
Loaded 65792 images
timesteps                   2.359296e+06
wall_time                   9.942543e+03
num_episodes                5.624000e+03
max_episode_rewards         1.000000e+01
mean_episode_rewards        1.750000e+00
min_episode_rewards         0.000000e+00
max_episode_len             5.000000e+02
mean_episode_len            4.226500e+02
min_episode_len             0.000000e+00
mean_timeouts               0.000000e+00
val_max_episode_rewards     1.000000e+01
val_mean_episode_rewards    2.500000e-01
val_min_episode_rewards     0.000000e+00
val_max_episode_len         5.000000e+02
val_mean_episode_len        4.990500e+02
val_min_episode_len         0.000000e+00
val_mean_timeouts           0.000000e+00
Name: 35, dtype: float64
Loaded 65792 images
timesteps                   2.424832e+06
wall_time                   1.022192e+04
num_episodes                5.786000e+03
max_episode_rewards         1.000000e+01
mean_episode_rewards        2.250000e+00
min_episode_rewards         0.000000e+00
max_episode_len             5.000000e+02
mean_episode_len            4.098750e+02
min_episode_len             0.000000e+00
mean_timeouts               0.000000e+00
val_max_episode_rewards     1.000000e+01
val_mean_episode_rewards    2.500000e-01
val_min_episode_rewards     0.000000e+00
val_max_episode_len         5.000000e+02
val_mean_episode_len        4.930000e+02
val_min_episode_len         0.000000e+00
val_mean_timeouts           0.000000e+00
Name: 36, dtype: float64
Loaded 65792 images
timesteps                   2.490368e+06
wall_time                   1.050030e+04
num_episodes                5.956000e+03
max_episode_rewards         1.000000e+01
mean_episode_rewards        2.250000e+00
min_episode_rewards         0.000000e+00
max_episode_len             5.000000e+02
mean_episode_len            4.337500e+02
min_episode_len             0.000000e+00
mean_timeouts               0.000000e+00
val_max_episode_rewards     0.000000e+00
val_mean_episode_rewards    0.000000e+00
val_min_episode_rewards     0.000000e+00
val_max_episode_len         5.000000e+02
val_mean_episode_len        5.000000e+02
val_min_episode_len         0.000000e+00
val_mean_timeouts           0.000000e+00
Name: 37, dtype: float64
Loaded 65792 images
timesteps                   2.555904e+06
wall_time                   1.077444e+04
num_episodes                6.101000e+03
max_episode_rewards         1.000000e+01
mean_episode_rewards        2.500000e+00
min_episode_rewards         0.000000e+00
max_episode_len             5.000000e+02
mean_episode_len            4.079750e+02
min_episode_len             0.000000e+00
mean_timeouts               0.000000e+00
val_max_episode_rewards     1.000000e+01
val_mean_episode_rewards    2.500000e-01
val_min_episode_rewards     0.000000e+00
val_max_episode_len         5.000000e+02
val_mean_episode_len        4.962500e+02
val_min_episode_len         0.000000e+00
val_mean_timeouts           0.000000e+00
Name: 38, dtype: float64
Loaded 65792 images
timesteps                   2.621440e+06
wall_time                   1.104971e+04
num_episodes                6.292000e+03
max_episode_rewards         1.000000e+01
mean_episode_rewards        3.500000e+00
min_episode_rewards         0.000000e+00
max_episode_len             5.000000e+02
mean_episode_len            3.726500e+02
min_episode_len             0.000000e+00
mean_timeouts               0.000000e+00
val_max_episode_rewards     0.000000e+00
val_mean_episode_rewards    0.000000e+00
val_min_episode_rewards     0.000000e+00
val_max_episode_len         5.000000e+02
val_mean_episode_len        5.000000e+02
val_min_episode_len         0.000000e+00
val_mean_timeouts           0.000000e+00
Name: 39, dtype: float64
Loaded 65792 images
timesteps                   2.686976e+06
wall_time                   1.132776e+04
num_episodes                6.439000e+03
max_episode_rewards         1.000000e+01
mean_episode_rewards        3.750000e+00
min_episode_rewards         0.000000e+00
max_episode_len             5.000000e+02
mean_episode_len            3.534750e+02
min_episode_len             0.000000e+00
mean_timeouts               0.000000e+00
val_max_episode_rewards     1.000000e+01
val_mean_episode_rewards    2.500000e-01
val_min_episode_rewards     0.000000e+00
val_max_episode_len         5.000000e+02
val_mean_episode_len        4.935500e+02
val_min_episode_len         0.000000e+00
val_mean_timeouts           0.000000e+00
Name: 40, dtype: float64
Loaded 65792 images
timesteps                   2.752512e+06
wall_time                   1.161081e+04
num_episodes                6.608000e+03
max_episode_rewards         1.000000e+01
mean_episode_rewards        2.250000e+00
min_episode_rewards         0.000000e+00
max_episode_len             5.000000e+02
mean_episode_len            4.098250e+02
min_episode_len             0.000000e+00
mean_timeouts               0.000000e+00
val_max_episode_rewards     0.000000e+00
val_mean_episode_rewards    0.000000e+00
val_min_episode_rewards     0.000000e+00
val_max_episode_len         5.000000e+02
val_mean_episode_len        5.000000e+02
val_min_episode_len         0.000000e+00
val_mean_timeouts           0.000000e+00
Name: 41, dtype: float64
Loaded 65792 images
timesteps                   2.818048e+06
wall_time                   1.189411e+04
num_episodes                6.758000e+03
max_episode_rewards         1.000000e+01
mean_episode_rewards        3.250000e+00
min_episode_rewards         0.000000e+00
max_episode_len             5.000000e+02
mean_episode_len            3.657250e+02
min_episode_len             0.000000e+00
mean_timeouts               0.000000e+00
val_max_episode_rewards     1.000000e+01
val_mean_episode_rewards    2.500000e-01
val_min_episode_rewards     0.000000e+00
val_max_episode_len         5.000000e+02
val_mean_episode_len        4.938500e+02
val_min_episode_len         0.000000e+00
val_mean_timeouts           0.000000e+00
Name: 42, dtype: float64
Loaded 65792 images
timesteps                   2.883584e+06
wall_time                   1.217186e+04
num_episodes                6.950000e+03
max_episode_rewards         1.000000e+01
mean_episode_rewards        1.750000e+00
min_episode_rewards         0.000000e+00
max_episode_len             5.000000e+02
mean_episode_len            4.216000e+02
min_episode_len             0.000000e+00
mean_timeouts               0.000000e+00
val_max_episode_rewards     1.000000e+01
val_mean_episode_rewards    7.500000e-01
val_min_episode_rewards     0.000000e+00
val_max_episode_len         5.000000e+02
val_mean_episode_len        4.706500e+02
val_min_episode_len         0.000000e+00
val_mean_timeouts           0.000000e+00
Name: 43, dtype: float64
Loaded 65792 images
timesteps                   2.949120e+06
wall_time                   1.244694e+04
num_episodes                7.088000e+03
max_episode_rewards         1.000000e+01
mean_episode_rewards        2.250000e+00
min_episode_rewards         0.000000e+00
max_episode_len             5.000000e+02
mean_episode_len            4.128750e+02
min_episode_len             0.000000e+00
mean_timeouts               0.000000e+00
val_max_episode_rewards     1.000000e+01
val_mean_episode_rewards    2.500000e-01
val_min_episode_rewards     0.000000e+00
val_max_episode_len         5.000000e+02
val_mean_episode_len        4.941500e+02
val_min_episode_len         0.000000e+00
val_mean_timeouts           0.000000e+00
Name: 44, dtype: float64
Loaded 65792 images
timesteps                   3.014656e+06
wall_time                   1.271976e+04
num_episodes                7.280000e+03
max_episode_rewards         1.000000e+01
mean_episode_rewards        2.500000e+00
min_episode_rewards         0.000000e+00
max_episode_len             5.000000e+02
mean_episode_len            4.164500e+02
min_episode_len             0.000000e+00
mean_timeouts               0.000000e+00
val_max_episode_rewards     1.000000e+01
val_mean_episode_rewards    1.000000e+00
val_min_episode_rewards     0.000000e+00
val_max_episode_len         5.000000e+02
val_mean_episode_len        4.522500e+02
val_min_episode_len         0.000000e+00
val_mean_timeouts           0.000000e+00
Name: 45, dtype: float64
Loaded 65792 images
timesteps                   3.080192e+06
wall_time                   1.298960e+04
num_episodes                7.420000e+03
max_episode_rewards         1.000000e+01
mean_episode_rewards        2.250000e+00
min_episode_rewards         0.000000e+00
max_episode_len             5.000000e+02
mean_episode_len            4.084750e+02
min_episode_len             0.000000e+00
mean_timeouts               0.000000e+00
val_max_episode_rewards     0.000000e+00
val_mean_episode_rewards    0.000000e+00
val_min_episode_rewards     0.000000e+00
val_max_episode_len         5.000000e+02
val_mean_episode_len        5.000000e+02
val_min_episode_len         0.000000e+00
val_mean_timeouts           0.000000e+00
Name: 46, dtype: float64
Loaded 65792 images
timesteps                   3.145728e+06
wall_time                   1.326286e+04
num_episodes                7.620000e+03
max_episode_rewards         1.000000e+01
mean_episode_rewards        2.250000e+00
min_episode_rewards         0.000000e+00
max_episode_len             5.000000e+02
mean_episode_len            4.091750e+02
min_episode_len             0.000000e+00
mean_timeouts               0.000000e+00
val_max_episode_rewards     0.000000e+00
val_mean_episode_rewards    0.000000e+00
val_min_episode_rewards     0.000000e+00
val_max_episode_len         5.000000e+02
val_mean_episode_len        5.000000e+02
val_min_episode_len         0.000000e+00
val_mean_timeouts           0.000000e+00
Name: 47, dtype: float64
Saving model at timestep 3145729
Loaded 65792 images
timesteps                   3.211264e+06
wall_time                   1.353488e+04
num_episodes                7.761000e+03
max_episode_rewards         1.000000e+01
mean_episode_rewards        2.750000e+00
min_episode_rewards         0.000000e+00
max_episode_len             5.000000e+02
mean_episode_len            3.881000e+02
min_episode_len             0.000000e+00
mean_timeouts               2.500000e-02
val_max_episode_rewards     0.000000e+00
val_mean_episode_rewards    0.000000e+00
val_min_episode_rewards     0.000000e+00
val_max_episode_len         5.000000e+02
val_mean_episode_len        5.000000e+02
val_min_episode_len         0.000000e+00
val_mean_timeouts           0.000000e+00
Name: 48, dtype: float64
Loaded 65792 images
timesteps                   3.276800e+06
wall_time                   1.381141e+04
num_episodes                7.945000e+03
max_episode_rewards         1.000000e+01
mean_episode_rewards        3.250000e+00
min_episode_rewards         0.000000e+00
max_episode_len             5.000000e+02
mean_episode_len            4.000750e+02
min_episode_len             0.000000e+00
mean_timeouts               2.500000e-02
val_max_episode_rewards     1.000000e+01
val_mean_episode_rewards    2.500000e-01
val_min_episode_rewards     0.000000e+00
val_max_episode_len         5.000000e+02
val_mean_episode_len        4.886500e+02
val_min_episode_len         0.000000e+00
val_mean_timeouts           0.000000e+00
Name: 49, dtype: float64
Loaded 65792 images
timesteps                   3.342336e+06
wall_time                   1.409397e+04
num_episodes                8.081000e+03
max_episode_rewards         1.000000e+01
mean_episode_rewards        1.000000e+00
min_episode_rewards         0.000000e+00
max_episode_len             5.000000e+02
mean_episode_len            4.547500e+02
min_episode_len             0.000000e+00
mean_timeouts               0.000000e+00
val_max_episode_rewards     0.000000e+00
val_mean_episode_rewards    0.000000e+00
val_min_episode_rewards     0.000000e+00
val_max_episode_len         5.000000e+02
val_mean_episode_len        5.000000e+02
val_min_episode_len         0.000000e+00
val_mean_timeouts           0.000000e+00
Name: 50, dtype: float64
Loaded 65792 images
timesteps                   3.407872e+06
wall_time                   1.437810e+04
num_episodes                8.256000e+03
max_episode_rewards         1.000000e+01
mean_episode_rewards        3.000000e+00
min_episode_rewards         0.000000e+00
max_episode_len             5.000000e+02
mean_episode_len            3.842750e+02
min_episode_len             0.000000e+00
mean_timeouts               0.000000e+00
val_max_episode_rewards     0.000000e+00
val_mean_episode_rewards    0.000000e+00
val_min_episode_rewards     0.000000e+00
val_max_episode_len         5.000000e+02
val_mean_episode_len        5.000000e+02
val_min_episode_len         0.000000e+00
val_mean_timeouts           0.000000e+00
Name: 51, dtype: float64
Loaded 65792 images
timesteps                   3.473408e+06
wall_time                   1.465996e+04
num_episodes                8.409000e+03
max_episode_rewards         1.000000e+01
mean_episode_rewards        3.000000e+00
min_episode_rewards         0.000000e+00
max_episode_len             5.000000e+02
mean_episode_len            3.925000e+02
min_episode_len             0.000000e+00
mean_timeouts               2.500000e-02
val_max_episode_rewards     0.000000e+00
val_mean_episode_rewards    0.000000e+00
val_min_episode_rewards     0.000000e+00
val_max_episode_len         5.000000e+02
val_mean_episode_len        5.000000e+02
val_min_episode_len         0.000000e+00
val_mean_timeouts           0.000000e+00
Name: 52, dtype: float64
Loaded 65792 images
timesteps                   3.538944e+06
wall_time                   1.493527e+04
num_episodes                8.567000e+03
max_episode_rewards         1.000000e+01
mean_episode_rewards        2.250000e+00
min_episode_rewards         0.000000e+00
max_episode_len             5.000000e+02
mean_episode_len            4.045250e+02
min_episode_len             0.000000e+00
mean_timeouts               0.000000e+00
val_max_episode_rewards     1.000000e+01
val_mean_episode_rewards    2.500000e-01
val_min_episode_rewards     0.000000e+00
val_max_episode_len         5.000000e+02
val_mean_episode_len        4.892500e+02
val_min_episode_len         0.000000e+00
val_mean_timeouts           0.000000e+00
Name: 53, dtype: float64
Loaded 65792 images
timesteps                   3.604480e+06
wall_time                   1.521248e+04
num_episodes                8.734000e+03
max_episode_rewards         1.000000e+01
mean_episode_rewards        2.500000e+00
min_episode_rewards         0.000000e+00
max_episode_len             5.000000e+02
mean_episode_len            4.051250e+02
min_episode_len             0.000000e+00
mean_timeouts               0.000000e+00
val_max_episode_rewards     0.000000e+00
val_mean_episode_rewards    0.000000e+00
val_min_episode_rewards     0.000000e+00
val_max_episode_len         5.000000e+02
val_mean_episode_len        5.000000e+02
val_min_episode_len         0.000000e+00
val_mean_timeouts           0.000000e+00
Name: 54, dtype: float64
Loaded 65792 images
timesteps                   3.670016e+06
wall_time                   1.548898e+04
num_episodes                8.909000e+03
max_episode_rewards         1.000000e+01
mean_episode_rewards        3.500000e+00
min_episode_rewards         0.000000e+00
max_episode_len             5.000000e+02
mean_episode_len            3.493000e+02
min_episode_len             0.000000e+00
mean_timeouts               2.500000e-02
val_max_episode_rewards     1.000000e+01
val_mean_episode_rewards    2.500000e-01
val_min_episode_rewards     0.000000e+00
val_max_episode_len         5.000000e+02
val_mean_episode_len        4.895500e+02
val_min_episode_len         0.000000e+00
val_mean_timeouts           0.000000e+00
Name: 55, dtype: float64
Loaded 65792 images
timesteps                   3.735552e+06
wall_time                   1.576398e+04
num_episodes                9.064000e+03
max_episode_rewards         1.000000e+01
mean_episode_rewards        1.750000e+00
min_episode_rewards         0.000000e+00
max_episode_len             5.000000e+02
mean_episode_len            4.189500e+02
min_episode_len             0.000000e+00
mean_timeouts               0.000000e+00
val_max_episode_rewards     1.000000e+01
val_mean_episode_rewards    2.500000e-01
val_min_episode_rewards     0.000000e+00
val_max_episode_len         5.000000e+02
val_mean_episode_len        4.954000e+02
val_min_episode_len         0.000000e+00
val_mean_timeouts           0.000000e+00
Name: 56, dtype: float64
Loaded 65792 images
timesteps                   3.801088e+06
wall_time                   1.604343e+04
num_episodes                9.224000e+03
max_episode_rewards         1.000000e+01
mean_episode_rewards        2.500000e+00
min_episode_rewards         0.000000e+00
max_episode_len             5.000000e+02
mean_episode_len            4.135750e+02
min_episode_len             0.000000e+00
mean_timeouts               0.000000e+00
val_max_episode_rewards     0.000000e+00
val_mean_episode_rewards    0.000000e+00
val_min_episode_rewards     0.000000e+00
val_max_episode_len         5.000000e+02
val_mean_episode_len        5.000000e+02
val_min_episode_len         0.000000e+00
val_mean_timeouts           0.000000e+00
Name: 57, dtype: float64
Loaded 65792 images
timesteps                   3.866624e+06
wall_time                   1.632641e+04
num_episodes                9.394000e+03
max_episode_rewards         1.000000e+01
mean_episode_rewards        2.250000e+00
min_episode_rewards         0.000000e+00
max_episode_len             5.000000e+02
mean_episode_len            4.187000e+02
min_episode_len             0.000000e+00
mean_timeouts               0.000000e+00
val_max_episode_rewards     0.000000e+00
val_mean_episode_rewards    0.000000e+00
val_min_episode_rewards     0.000000e+00
val_max_episode_len         5.000000e+02
val_mean_episode_len        5.000000e+02
val_min_episode_len         0.000000e+00
val_mean_timeouts           0.000000e+00
Name: 58, dtype: float64
Loaded 65792 images
timesteps                   3.932160e+06
wall_time                   1.660935e+04
num_episodes                9.567000e+03
max_episode_rewards         1.000000e+01
mean_episode_rewards        2.500000e+00
min_episode_rewards         0.000000e+00
max_episode_len             5.000000e+02
mean_episode_len            4.190250e+02
min_episode_len             0.000000e+00
mean_timeouts               0.000000e+00
val_max_episode_rewards     1.000000e+01
val_mean_episode_rewards    5.000000e-01
val_min_episode_rewards     0.000000e+00
val_max_episode_len         5.000000e+02
val_mean_episode_len        4.803000e+02
val_min_episode_len         0.000000e+00
val_mean_timeouts           0.000000e+00
Name: 59, dtype: float64
Loaded 65792 images
timesteps                   3.997696e+06
wall_time                   1.689053e+04
num_episodes                9.730000e+03
max_episode_rewards         1.000000e+01
mean_episode_rewards        2.000000e+00
min_episode_rewards         0.000000e+00
max_episode_len             5.000000e+02
mean_episode_len            4.302750e+02
min_episode_len             0.000000e+00
mean_timeouts               0.000000e+00
val_max_episode_rewards     1.000000e+01
val_mean_episode_rewards    2.500000e-01
val_min_episode_rewards     0.000000e+00
val_max_episode_len         5.000000e+02
val_mean_episode_len        4.965500e+02
val_min_episode_len         0.000000e+00
val_mean_timeouts           0.000000e+00
Name: 60, dtype: float64
Loaded 65792 images
timesteps                   4.063232e+06
wall_time                   1.716702e+04
num_episodes                9.888000e+03
max_episode_rewards         1.000000e+01
mean_episode_rewards        2.500000e+00
min_episode_rewards         0.000000e+00
max_episode_len             5.000000e+02
mean_episode_len            4.143500e+02
min_episode_len             0.000000e+00
mean_timeouts               0.000000e+00
val_max_episode_rewards     1.000000e+01
val_mean_episode_rewards    2.500000e-01
val_min_episode_rewards     0.000000e+00
val_max_episode_len         5.000000e+02
val_mean_episode_len        4.904500e+02
val_min_episode_len         0.000000e+00
val_mean_timeouts           0.000000e+00
Name: 61, dtype: float64
Loaded 65792 images
timesteps                   4.128768e+06
wall_time                   1.745286e+04
num_episodes                1.004600e+04
max_episode_rewards         1.000000e+01
mean_episode_rewards        2.250000e+00
min_episode_rewards         0.000000e+00
max_episode_len             5.000000e+02
mean_episode_len            4.063250e+02
min_episode_len             0.000000e+00
mean_timeouts               0.000000e+00
val_max_episode_rewards     0.000000e+00
val_mean_episode_rewards    0.000000e+00
val_min_episode_rewards     0.000000e+00
val_max_episode_len         5.000000e+02
val_mean_episode_len        5.000000e+02
val_min_episode_len         0.000000e+00
val_mean_timeouts           0.000000e+00
Name: 62, dtype: float64
Loaded 65792 images
timesteps                   4.194304e+06
wall_time                   1.772507e+04
num_episodes                1.021200e+04
max_episode_rewards         1.000000e+01
mean_episode_rewards        2.750000e+00
min_episode_rewards         0.000000e+00
max_episode_len             5.000000e+02
mean_episode_len            3.907250e+02
min_episode_len             0.000000e+00
mean_timeouts               0.000000e+00
val_max_episode_rewards     0.000000e+00
val_mean_episode_rewards    0.000000e+00
val_min_episode_rewards     0.000000e+00
val_max_episode_len         5.000000e+02
val_mean_episode_len        5.000000e+02
val_min_episode_len         0.000000e+00
val_mean_timeouts           0.000000e+00
Name: 63, dtype: float64
Loaded 65792 images
timesteps                   4.259840e+06
wall_time                   1.799760e+04
num_episodes                1.037200e+04
max_episode_rewards         1.000000e+01
mean_episode_rewards        1.750000e+00
min_episode_rewards         0.000000e+00
max_episode_len             5.000000e+02
mean_episode_len            4.236500e+02
min_episode_len             0.000000e+00
mean_timeouts               0.000000e+00
val_max_episode_rewards     0.000000e+00
val_mean_episode_rewards    0.000000e+00
val_min_episode_rewards     0.000000e+00
val_max_episode_len         5.000000e+02
val_mean_episode_len        5.000000e+02
val_min_episode_len         0.000000e+00
val_mean_timeouts           0.000000e+00
Name: 64, dtype: float64
Loaded 65792 images
timesteps                   4.325376e+06
wall_time                   1.827449e+04
num_episodes                1.054800e+04
max_episode_rewards         1.000000e+01
mean_episode_rewards        2.500000e+00
min_episode_rewards         0.000000e+00
max_episode_len             5.000000e+02
mean_episode_len            3.835750e+02
min_episode_len             0.000000e+00
mean_timeouts               2.500000e-02
val_max_episode_rewards     1.000000e+01
val_mean_episode_rewards    2.500000e-01
val_min_episode_rewards     0.000000e+00
val_max_episode_len         5.000000e+02
val_mean_episode_len        4.910500e+02
val_min_episode_len         0.000000e+00
val_mean_timeouts           0.000000e+00
Name: 65, dtype: float64
Loaded 65792 images
timesteps                   4.390912e+06
wall_time                   1.855841e+04
num_episodes                1.069800e+04
max_episode_rewards         1.000000e+01
mean_episode_rewards        2.750000e+00
min_episode_rewards         0.000000e+00
max_episode_len             5.000000e+02
mean_episode_len            3.950750e+02
min_episode_len             0.000000e+00
mean_timeouts               2.500000e-02
val_max_episode_rewards     0.000000e+00
val_mean_episode_rewards    0.000000e+00
val_min_episode_rewards     0.000000e+00
val_max_episode_len         5.000000e+02
val_mean_episode_len        5.000000e+02
val_min_episode_len         0.000000e+00
val_mean_timeouts           0.000000e+00
Name: 66, dtype: float64
Loaded 65792 images
timesteps                   4.456448e+06
wall_time                   1.884384e+04
num_episodes                1.087000e+04
max_episode_rewards         1.000000e+01
mean_episode_rewards        1.500000e+00
min_episode_rewards         0.000000e+00
max_episode_len             5.000000e+02
mean_episode_len            4.371000e+02
min_episode_len             0.000000e+00
mean_timeouts               0.000000e+00
val_max_episode_rewards     0.000000e+00
val_mean_episode_rewards    0.000000e+00
val_min_episode_rewards     0.000000e+00
val_max_episode_len         5.000000e+02
val_mean_episode_len        5.000000e+02
val_min_episode_len         0.000000e+00
val_mean_timeouts           0.000000e+00
Name: 67, dtype: float64
Loaded 65792 images
timesteps                   4.521984e+06
wall_time                   1.912745e+04
num_episodes                1.102200e+04
max_episode_rewards         1.000000e+01
mean_episode_rewards        2.250000e+00
min_episode_rewards         0.000000e+00
max_episode_len             5.000000e+02
mean_episode_len            4.186000e+02
min_episode_len             0.000000e+00
mean_timeouts               0.000000e+00
val_max_episode_rewards     0.000000e+00
val_mean_episode_rewards    0.000000e+00
val_min_episode_rewards     0.000000e+00
val_max_episode_len         5.000000e+02
val_mean_episode_len        5.000000e+02
val_min_episode_len         0.000000e+00
val_mean_timeouts           0.000000e+00
Name: 68, dtype: float64
Loaded 65792 images
timesteps                   4.587520e+06
wall_time                   1.940477e+04
num_episodes                1.119300e+04
max_episode_rewards         1.000000e+01
mean_episode_rewards        2.750000e+00
min_episode_rewards         0.000000e+00
max_episode_len             5.000000e+02
mean_episode_len            3.965500e+02
min_episode_len             0.000000e+00
mean_timeouts               0.000000e+00
val_max_episode_rewards     0.000000e+00
val_mean_episode_rewards    0.000000e+00
val_min_episode_rewards     0.000000e+00
val_max_episode_len         5.000000e+02
val_mean_episode_len        5.000000e+02
val_min_episode_len         0.000000e+00
val_mean_timeouts           2.500000e-02
Name: 69, dtype: float64
Loaded 65792 images
timesteps                   4.653056e+06
wall_time                   1.968021e+04
num_episodes                1.135500e+04
max_episode_rewards         1.000000e+01
mean_episode_rewards        2.250000e+00
min_episode_rewards         0.000000e+00
max_episode_len             5.000000e+02
mean_episode_len            4.072500e+02
min_episode_len             0.000000e+00
mean_timeouts               0.000000e+00
val_max_episode_rewards     0.000000e+00
val_mean_episode_rewards    0.000000e+00
val_min_episode_rewards     0.000000e+00
val_max_episode_len         5.000000e+02
val_mean_episode_len        5.000000e+02
val_min_episode_len         0.000000e+00
val_mean_timeouts           0.000000e+00
Name: 70, dtype: float64
Loaded 65792 images
timesteps                   4.718592e+06
wall_time                   1.995780e+04
num_episodes                1.152800e+04
max_episode_rewards         1.000000e+01
mean_episode_rewards        2.750000e+00
min_episode_rewards         0.000000e+00
max_episode_len             5.000000e+02
mean_episode_len            3.928750e+02
min_episode_len             0.000000e+00
mean_timeouts               0.000000e+00
val_max_episode_rewards     1.000000e+01
val_mean_episode_rewards    2.500000e-01
val_min_episode_rewards     0.000000e+00
val_max_episode_len         5.000000e+02
val_mean_episode_len        4.919500e+02
val_min_episode_len         0.000000e+00
val_mean_timeouts           0.000000e+00
Name: 71, dtype: float64
Loaded 65792 images
timesteps                   4.784128e+06
wall_time                   2.023154e+04
num_episodes                1.169300e+04
max_episode_rewards         1.000000e+01
mean_episode_rewards        3.500000e+00
min_episode_rewards         0.000000e+00
max_episode_len             5.000000e+02
mean_episode_len            3.653750e+02
min_episode_len             0.000000e+00
mean_timeouts               0.000000e+00
val_max_episode_rewards     1.000000e+01
val_mean_episode_rewards    2.500000e-01
val_min_episode_rewards     0.000000e+00
val_max_episode_len         5.000000e+02
val_mean_episode_len        4.983500e+02
val_min_episode_len         0.000000e+00
val_mean_timeouts           0.000000e+00
Name: 72, dtype: float64
Loaded 65792 images
timesteps                   4.849664e+06
wall_time                   2.051063e+04
num_episodes                1.185200e+04
max_episode_rewards         1.000000e+01
mean_episode_rewards        2.500000e+00
min_episode_rewards         0.000000e+00
max_episode_len             5.000000e+02
mean_episode_len            4.008500e+02
min_episode_len             0.000000e+00
mean_timeouts               0.000000e+00
val_max_episode_rewards     0.000000e+00
val_mean_episode_rewards    0.000000e+00
val_min_episode_rewards     0.000000e+00
val_max_episode_len         5.000000e+02
val_mean_episode_len        5.000000e+02
val_min_episode_len         0.000000e+00
val_mean_timeouts           0.000000e+00
Name: 73, dtype: float64
Loaded 65792 images
timesteps                   4.915200e+06
wall_time                   2.078385e+04
num_episodes                1.202100e+04
max_episode_rewards         1.000000e+01
mean_episode_rewards        3.250000e+00
min_episode_rewards         0.000000e+00
max_episode_len             5.000000e+02
mean_episode_len            3.668000e+02
min_episode_len             0.000000e+00
mean_timeouts               0.000000e+00
val_max_episode_rewards     0.000000e+00
val_mean_episode_rewards    0.000000e+00
val_min_episode_rewards     0.000000e+00
val_max_episode_len         5.000000e+02
val_mean_episode_len        5.000000e+02
val_min_episode_len         0.000000e+00
val_mean_timeouts           0.000000e+00
Name: 74, dtype: float64
Loaded 65792 images
timesteps                   4.980736e+06
wall_time                   2.106004e+04
num_episodes                1.217000e+04
max_episode_rewards         1.000000e+01
mean_episode_rewards        1.750000e+00
min_episode_rewards         0.000000e+00
max_episode_len             5.000000e+02
mean_episode_len            4.289750e+02
min_episode_len             0.000000e+00
mean_timeouts               0.000000e+00
val_max_episode_rewards     1.000000e+01
val_mean_episode_rewards    7.500000e-01
val_min_episode_rewards     0.000000e+00
val_max_episode_len         5.000000e+02
val_mean_episode_len        4.794500e+02
val_min_episode_len         0.000000e+00
val_mean_timeouts           0.000000e+00
Name: 75, dtype: float64
Loaded 65792 images
timesteps                   5.046272e+06
wall_time                   2.133998e+04
num_episodes                1.234500e+04
max_episode_rewards         1.000000e+01
mean_episode_rewards        1.750000e+00
min_episode_rewards         0.000000e+00
max_episode_len             5.000000e+02
mean_episode_len            4.348000e+02
min_episode_len             0.000000e+00
mean_timeouts               0.000000e+00
val_max_episode_rewards     0.000000e+00
val_mean_episode_rewards    0.000000e+00
val_min_episode_rewards     0.000000e+00
val_max_episode_len         5.000000e+02
val_mean_episode_len        5.000000e+02
val_min_episode_len         0.000000e+00
val_mean_timeouts           0.000000e+00
Name: 76, dtype: float64
Loaded 65792 images
timesteps                   5.111808e+06
wall_time                   2.162271e+04
num_episodes                1.250800e+04
max_episode_rewards         1.000000e+01
mean_episode_rewards        2.250000e+00
min_episode_rewards         0.000000e+00
max_episode_len             5.000000e+02
mean_episode_len            4.328250e+02
min_episode_len             0.000000e+00
mean_timeouts               2.500000e-02
val_max_episode_rewards     0.000000e+00
val_mean_episode_rewards    0.000000e+00
val_min_episode_rewards     0.000000e+00
val_max_episode_len         5.000000e+02
val_mean_episode_len        5.000000e+02
val_min_episode_len         0.000000e+00
val_mean_timeouts           0.000000e+00
Name: 77, dtype: float64
Loaded 65792 images
timesteps                   5.177344e+06
wall_time                   2.191144e+04
num_episodes                1.267000e+04
max_episode_rewards         1.000000e+01
mean_episode_rewards        2.250000e+00
min_episode_rewards         0.000000e+00
max_episode_len             5.000000e+02
mean_episode_len            4.058000e+02
min_episode_len             0.000000e+00
mean_timeouts               0.000000e+00
val_max_episode_rewards     0.000000e+00
val_mean_episode_rewards    0.000000e+00
val_min_episode_rewards     0.000000e+00
val_max_episode_len         5.000000e+02
val_mean_episode_len        5.000000e+02
val_min_episode_len         0.000000e+00
val_mean_timeouts           0.000000e+00
Name: 78, dtype: float64
Loaded 65792 images
timesteps                   5.242880e+06
wall_time                   2.220538e+04
num_episodes                1.282100e+04
max_episode_rewards         1.000000e+01
mean_episode_rewards        2.000000e+00
min_episode_rewards         0.000000e+00
max_episode_len             5.000000e+02
mean_episode_len            4.203500e+02
min_episode_len             0.000000e+00
mean_timeouts               0.000000e+00
val_max_episode_rewards     1.000000e+01
val_mean_episode_rewards    5.000000e-01
val_min_episode_rewards     0.000000e+00
val_max_episode_len         5.000000e+02
val_mean_episode_len        4.826500e+02
val_min_episode_len         0.000000e+00
val_mean_timeouts           0.000000e+00
Name: 79, dtype: float64
Loaded 65792 images
timesteps                   5.308416e+06
wall_time                   2.249138e+04
num_episodes                1.298700e+04
max_episode_rewards         1.000000e+01
mean_episode_rewards        3.000000e+00
min_episode_rewards         0.000000e+00
max_episode_len             5.000000e+02
mean_episode_len            3.965750e+02
min_episode_len             0.000000e+00
mean_timeouts               0.000000e+00
val_max_episode_rewards     0.000000e+00
val_mean_episode_rewards    0.000000e+00
val_min_episode_rewards     0.000000e+00
val_max_episode_len         5.000000e+02
val_mean_episode_len        5.000000e+02
val_min_episode_len         0.000000e+00
val_mean_timeouts           0.000000e+00
Name: 80, dtype: float64
Loaded 65792 images
timesteps                   5.373952e+06
wall_time                   2.277176e+04
num_episodes                1.314700e+04
max_episode_rewards         1.000000e+01
mean_episode_rewards        2.750000e+00
min_episode_rewards         0.000000e+00
max_episode_len             5.000000e+02
mean_episode_len            3.841000e+02
min_episode_len             0.000000e+00
mean_timeouts               0.000000e+00
val_max_episode_rewards     1.000000e+01
val_mean_episode_rewards    2.500000e-01
val_min_episode_rewards     0.000000e+00
val_max_episode_len         5.000000e+02
val_mean_episode_len        4.994000e+02
val_min_episode_len         0.000000e+00
val_mean_timeouts           0.000000e+00
Name: 81, dtype: float64
Loaded 65792 images
timesteps                   5.439488e+06
wall_time                   2.305247e+04
num_episodes                1.332500e+04
max_episode_rewards         1.000000e+01
mean_episode_rewards        3.000000e+00
min_episode_rewards         0.000000e+00
max_episode_len             5.000000e+02
mean_episode_len            3.853250e+02
min_episode_len             0.000000e+00
mean_timeouts               0.000000e+00
val_max_episode_rewards     0.000000e+00
val_mean_episode_rewards    0.000000e+00
val_min_episode_rewards     0.000000e+00
val_max_episode_len         5.000000e+02
val_mean_episode_len        5.000000e+02
val_min_episode_len         0.000000e+00
val_mean_timeouts           0.000000e+00
Name: 82, dtype: float64
Loaded 65792 images
timesteps                   5.505024e+06
wall_time                   2.333251e+04
num_episodes                1.348700e+04
max_episode_rewards         1.000000e+01
mean_episode_rewards        3.000000e+00
min_episode_rewards         0.000000e+00
max_episode_len             5.000000e+02
mean_episode_len            3.721750e+02
min_episode_len             0.000000e+00
mean_timeouts               0.000000e+00
val_max_episode_rewards     0.000000e+00
val_mean_episode_rewards    0.000000e+00
val_min_episode_rewards     0.000000e+00
val_max_episode_len         5.000000e+02
val_mean_episode_len        5.000000e+02
val_min_episode_len         0.000000e+00
val_mean_timeouts           0.000000e+00
Name: 83, dtype: float64
Loaded 65792 images
timesteps                   5.570560e+06
wall_time                   2.361349e+04
num_episodes                1.365300e+04
max_episode_rewards         1.000000e+01
mean_episode_rewards        1.750000e+00
min_episode_rewards         0.000000e+00
max_episode_len             5.000000e+02
mean_episode_len            4.332750e+02
min_episode_len             0.000000e+00
mean_timeouts               0.000000e+00
val_max_episode_rewards     1.000000e+01
val_mean_episode_rewards    2.500000e-01
val_min_episode_rewards     0.000000e+00
val_max_episode_len         5.000000e+02
val_mean_episode_len        4.876500e+02
val_min_episode_len         0.000000e+00
val_mean_timeouts           0.000000e+00
Name: 84, dtype: float64
Loaded 65792 images
timesteps                   5.636096e+06
wall_time                   2.389781e+04
num_episodes                1.381500e+04
max_episode_rewards         1.000000e+01
mean_episode_rewards        1.750000e+00
min_episode_rewards         0.000000e+00
max_episode_len             5.000000e+02
mean_episode_len            4.410500e+02
min_episode_len             0.000000e+00
mean_timeouts               0.000000e+00
val_max_episode_rewards     0.000000e+00
val_mean_episode_rewards    0.000000e+00
val_min_episode_rewards     0.000000e+00
val_max_episode_len         5.000000e+02
val_mean_episode_len        5.000000e+02
val_min_episode_len         0.000000e+00
val_mean_timeouts           0.000000e+00
Name: 85, dtype: float64
Loaded 65792 images
timesteps                   5.701632e+06
wall_time                   2.417686e+04
num_episodes                1.398100e+04
max_episode_rewards         1.000000e+01
mean_episode_rewards        2.250000e+00
min_episode_rewards         0.000000e+00
max_episode_len             5.000000e+02
mean_episode_len            3.976750e+02
min_episode_len             0.000000e+00
mean_timeouts               0.000000e+00
val_max_episode_rewards     0.000000e+00
val_mean_episode_rewards    0.000000e+00
val_min_episode_rewards     0.000000e+00
val_max_episode_len         5.000000e+02
val_mean_episode_len        5.000000e+02
val_min_episode_len         0.000000e+00
val_mean_timeouts           0.000000e+00
Name: 86, dtype: float64
Loaded 65792 images
timesteps                   5.767168e+06
wall_time                   2.445221e+04
num_episodes                1.415000e+04
max_episode_rewards         1.000000e+01
mean_episode_rewards        1.500000e+00
min_episode_rewards         0.000000e+00
max_episode_len             5.000000e+02
mean_episode_len            4.435000e+02
min_episode_len             0.000000e+00
mean_timeouts               0.000000e+00
val_max_episode_rewards     0.000000e+00
val_mean_episode_rewards    0.000000e+00
val_min_episode_rewards     0.000000e+00
val_max_episode_len         5.000000e+02
val_mean_episode_len        5.000000e+02
val_min_episode_len         0.000000e+00
val_mean_timeouts           0.000000e+00
Name: 87, dtype: float64
Loaded 65792 images
timesteps                   5.832704e+06
wall_time                   2.473628e+04
num_episodes                1.430900e+04
max_episode_rewards         1.000000e+01
mean_episode_rewards        2.500000e+00
min_episode_rewards         0.000000e+00
max_episode_len             5.000000e+02
mean_episode_len            3.980250e+02
min_episode_len             0.000000e+00
mean_timeouts               0.000000e+00
val_max_episode_rewards     1.000000e+01
val_mean_episode_rewards    2.500000e-01
val_min_episode_rewards     0.000000e+00
val_max_episode_len         5.000000e+02
val_mean_episode_len        4.883000e+02
val_min_episode_len         0.000000e+00
val_mean_timeouts           0.000000e+00
Name: 88, dtype: float64
Loaded 65792 images
timesteps                   5.898240e+06
wall_time                   2.501751e+04
num_episodes                1.448100e+04
max_episode_rewards         1.000000e+01
mean_episode_rewards        2.500000e+00
min_episode_rewards         0.000000e+00
max_episode_len             5.000000e+02
mean_episode_len            3.984500e+02
min_episode_len             0.000000e+00
mean_timeouts               0.000000e+00
val_max_episode_rewards     0.000000e+00
val_mean_episode_rewards    0.000000e+00
val_min_episode_rewards     0.000000e+00
val_max_episode_len         5.000000e+02
val_mean_episode_len        5.000000e+02
val_min_episode_len         0.000000e+00
val_mean_timeouts           0.000000e+00
Name: 89, dtype: float64
Loaded 65792 images
timesteps                   5.963776e+06
wall_time                   2.530665e+04
num_episodes                1.464800e+04
max_episode_rewards         1.000000e+01
mean_episode_rewards        2.250000e+00
min_episode_rewards         0.000000e+00
max_episode_len             5.000000e+02
mean_episode_len            4.063500e+02
min_episode_len             0.000000e+00
mean_timeouts               0.000000e+00
val_max_episode_rewards     0.000000e+00
val_mean_episode_rewards    0.000000e+00
val_min_episode_rewards     0.000000e+00
val_max_episode_len         5.000000e+02
val_mean_episode_len        5.000000e+02
val_min_episode_len         0.000000e+00
val_mean_timeouts           0.000000e+00
Name: 90, dtype: float64
Loaded 65792 images
timesteps                   6.029312e+06
wall_time                   2.558755e+04
num_episodes                1.480900e+04
max_episode_rewards         1.000000e+01
mean_episode_rewards        2.750000e+00
min_episode_rewards         0.000000e+00
max_episode_len             5.000000e+02
mean_episode_len            3.957000e+02
min_episode_len             0.000000e+00
mean_timeouts               0.000000e+00
val_max_episode_rewards     1.000000e+01
val_mean_episode_rewards    2.500000e-01
val_min_episode_rewards     0.000000e+00
val_max_episode_len         5.000000e+02
val_mean_episode_len        4.949500e+02
val_min_episode_len         0.000000e+00
val_mean_timeouts           0.000000e+00
Name: 91, dtype: float64
Loaded 65792 images
timesteps                   6.094848e+06
wall_time                   2.586971e+04
num_episodes                1.497200e+04
max_episode_rewards         1.000000e+01
mean_episode_rewards        2.500000e+00
min_episode_rewards         0.000000e+00
max_episode_len             5.000000e+02
mean_episode_len            3.995500e+02
min_episode_len             0.000000e+00
mean_timeouts               0.000000e+00
val_max_episode_rewards     1.000000e+01
val_mean_episode_rewards    5.000000e-01
val_min_episode_rewards     0.000000e+00
val_max_episode_len         5.000000e+02
val_mean_episode_len        4.777000e+02
val_min_episode_len         0.000000e+00
val_mean_timeouts           0.000000e+00
Name: 92, dtype: float64
Loaded 65792 images
timesteps                   6.160384e+06
wall_time                   2.615067e+04
num_episodes                1.514400e+04
max_episode_rewards         1.000000e+01
mean_episode_rewards        3.750000e+00
min_episode_rewards         0.000000e+00
max_episode_len             5.000000e+02
mean_episode_len            3.669000e+02
min_episode_len             0.000000e+00
mean_timeouts               0.000000e+00
val_max_episode_rewards     0.000000e+00
val_mean_episode_rewards    0.000000e+00
val_min_episode_rewards     0.000000e+00
val_max_episode_len         5.000000e+02
val_mean_episode_len        5.000000e+02
val_min_episode_len         0.000000e+00
val_mean_timeouts           0.000000e+00
Name: 93, dtype: float64
Loaded 65792 images
timesteps                   6.225920e+06
wall_time                   2.643746e+04
num_episodes                1.531900e+04
max_episode_rewards         1.000000e+01
mean_episode_rewards        3.500000e+00
min_episode_rewards         0.000000e+00
max_episode_len             5.000000e+02
mean_episode_len            3.811500e+02
min_episode_len             0.000000e+00
mean_timeouts               0.000000e+00
val_max_episode_rewards     1.000000e+01
val_mean_episode_rewards    5.000000e-01
val_min_episode_rewards     0.000000e+00
val_max_episode_len         5.000000e+02
val_mean_episode_len        4.784500e+02
val_min_episode_len         0.000000e+00
val_mean_timeouts           0.000000e+00
Name: 94, dtype: float64
Loaded 65792 images
timesteps                   6.291456e+06
wall_time                   2.672819e+04
num_episodes                1.548400e+04
max_episode_rewards         1.000000e+01
mean_episode_rewards        3.500000e+00
min_episode_rewards         0.000000e+00
max_episode_len             5.000000e+02
mean_episode_len            3.688250e+02
min_episode_len             0.000000e+00
mean_timeouts               0.000000e+00
val_max_episode_rewards     0.000000e+00
val_mean_episode_rewards    0.000000e+00
val_min_episode_rewards     0.000000e+00
val_max_episode_len         5.000000e+02
val_mean_episode_len        5.000000e+02
val_min_episode_len         0.000000e+00
val_mean_timeouts           0.000000e+00
Name: 95, dtype: float64
Saving model at timestep 6291457
Loaded 65792 images
timesteps                   6.356992e+06
wall_time                   2.702098e+04
num_episodes                1.566400e+04
max_episode_rewards         1.000000e+01
mean_episode_rewards        3.000000e+00
min_episode_rewards         0.000000e+00
max_episode_len             5.000000e+02
mean_episode_len            4.037500e+02
min_episode_len             0.000000e+00
mean_timeouts               0.000000e+00
val_max_episode_rewards     0.000000e+00
val_mean_episode_rewards    0.000000e+00
val_min_episode_rewards     0.000000e+00
val_max_episode_len         5.000000e+02
val_mean_episode_len        5.000000e+02
val_min_episode_len         0.000000e+00
val_mean_timeouts           2.500000e-02
Name: 96, dtype: float64
Loaded 65792 images
timesteps                   6.422528e+06
wall_time                   2.731448e+04
num_episodes                1.583200e+04
max_episode_rewards         1.000000e+01
mean_episode_rewards        2.500000e+00
min_episode_rewards         0.000000e+00
max_episode_len             5.000000e+02
mean_episode_len            3.868000e+02
min_episode_len             0.000000e+00
mean_timeouts               0.000000e+00
val_max_episode_rewards     1.000000e+01
val_mean_episode_rewards    2.500000e-01
val_min_episode_rewards     0.000000e+00
val_max_episode_len         5.000000e+02
val_mean_episode_len        4.941000e+02
val_min_episode_len         0.000000e+00
val_mean_timeouts           0.000000e+00
Name: 97, dtype: float64
Loaded 65792 images
timesteps                   6.488064e+06
wall_time                   2.760283e+04
num_episodes                1.600600e+04
max_episode_rewards         1.000000e+01
mean_episode_rewards        2.750000e+00
min_episode_rewards         0.000000e+00
max_episode_len             5.000000e+02
mean_episode_len            3.888250e+02
min_episode_len             0.000000e+00
mean_timeouts               0.000000e+00
val_max_episode_rewards     1.000000e+01
val_mean_episode_rewards    5.000000e-01
val_min_episode_rewards     0.000000e+00
val_max_episode_len         5.000000e+02
val_mean_episode_len        4.802000e+02
val_min_episode_len         0.000000e+00
val_mean_timeouts           2.500000e-02
Name: 98, dtype: float64
Loaded 65792 images
timesteps                   6.553600e+06
wall_time                   2.788948e+04
num_episodes                1.615900e+04
max_episode_rewards         1.000000e+01
mean_episode_rewards        3.000000e+00
min_episode_rewards         0.000000e+00
max_episode_len             5.000000e+02
mean_episode_len            3.721000e+02
min_episode_len             0.000000e+00
mean_timeouts               0.000000e+00
val_max_episode_rewards     0.000000e+00
val_mean_episode_rewards    0.000000e+00
val_min_episode_rewards     0.000000e+00
val_max_episode_len         5.000000e+02
val_mean_episode_len        5.000000e+02
val_min_episode_len         0.000000e+00
val_mean_timeouts           0.000000e+00
Name: 99, dtype: float64
Loaded 65792 images
timesteps                   6.619136e+06
wall_time                   2.818136e+04
num_episodes                1.633800e+04
max_episode_rewards         1.000000e+01
mean_episode_rewards        3.000000e+00
min_episode_rewards         0.000000e+00
max_episode_len             5.000000e+02
mean_episode_len            4.132750e+02
min_episode_len             0.000000e+00
mean_timeouts               0.000000e+00
val_max_episode_rewards     0.000000e+00
val_mean_episode_rewards    0.000000e+00
val_min_episode_rewards     0.000000e+00
val_max_episode_len         5.000000e+02
val_mean_episode_len        5.000000e+02
val_min_episode_len         0.000000e+00
val_mean_timeouts           0.000000e+00
Name: 100, dtype: float64
Loaded 65792 images
timesteps                   6.684672e+06
wall_time                   2.847506e+04
num_episodes                1.648900e+04
max_episode_rewards         1.000000e+01
mean_episode_rewards        3.750000e+00
min_episode_rewards         0.000000e+00
max_episode_len             5.000000e+02
mean_episode_len            3.865750e+02
min_episode_len             0.000000e+00
mean_timeouts               0.000000e+00
val_max_episode_rewards     0.000000e+00
val_mean_episode_rewards    0.000000e+00
val_min_episode_rewards     0.000000e+00
val_max_episode_len         5.000000e+02
val_mean_episode_len        5.000000e+02
val_min_episode_len         0.000000e+00
val_mean_timeouts           0.000000e+00
Name: 101, dtype: float64
Loaded 65792 images
timesteps                   6.750208e+06
wall_time                   2.876894e+04
num_episodes                1.666100e+04
max_episode_rewards         1.000000e+01
mean_episode_rewards        3.750000e+00
min_episode_rewards         0.000000e+00
max_episode_len             5.000000e+02
mean_episode_len            3.596000e+02
min_episode_len             0.000000e+00
mean_timeouts               2.500000e-02
val_max_episode_rewards     1.000000e+01
val_mean_episode_rewards    2.500000e-01
val_min_episode_rewards     0.000000e+00
val_max_episode_len         5.000000e+02
val_mean_episode_len        4.915000e+02
val_min_episode_len         0.000000e+00
val_mean_timeouts           0.000000e+00
Name: 102, dtype: float64
Loaded 65792 images
timesteps                   6.815744e+06
wall_time                   2.906344e+04
num_episodes                1.681500e+04
max_episode_rewards         1.000000e+01
mean_episode_rewards        3.000000e+00
min_episode_rewards         0.000000e+00
max_episode_len             5.000000e+02
mean_episode_len            4.007750e+02
min_episode_len             0.000000e+00
mean_timeouts               0.000000e+00
val_max_episode_rewards     0.000000e+00
val_mean_episode_rewards    0.000000e+00
val_min_episode_rewards     0.000000e+00
val_max_episode_len         5.000000e+02
val_mean_episode_len        5.000000e+02
val_min_episode_len         0.000000e+00
val_mean_timeouts           0.000000e+00
Name: 103, dtype: float64
Loaded 65792 images
timesteps                   6.881280e+06
wall_time                   2.935419e+04
num_episodes                1.700100e+04
max_episode_rewards         1.000000e+01
mean_episode_rewards        2.250000e+00
min_episode_rewards         0.000000e+00
max_episode_len             5.000000e+02
mean_episode_len            4.129000e+02
min_episode_len             0.000000e+00
mean_timeouts               0.000000e+00
val_max_episode_rewards     1.000000e+01
val_mean_episode_rewards    5.000000e-01
val_min_episode_rewards     0.000000e+00
val_max_episode_len         5.000000e+02
val_mean_episode_len        4.899000e+02
val_min_episode_len         0.000000e+00
val_mean_timeouts           0.000000e+00
Name: 104, dtype: float64
Loaded 65792 images
timesteps                   6.946816e+06
wall_time                   2.964414e+04
num_episodes                1.714300e+04
max_episode_rewards         1.000000e+01
mean_episode_rewards        1.750000e+00
min_episode_rewards         0.000000e+00
max_episode_len             5.000000e+02
mean_episode_len            4.250500e+02
min_episode_len             0.000000e+00
mean_timeouts               0.000000e+00
val_max_episode_rewards     0.000000e+00
val_mean_episode_rewards    0.000000e+00
val_min_episode_rewards     0.000000e+00
val_max_episode_len         5.000000e+02
val_mean_episode_len        5.000000e+02
val_min_episode_len         0.000000e+00
val_mean_timeouts           0.000000e+00
Name: 105, dtype: float64
Loaded 65792 images
timesteps                   7.012352e+06
wall_time                   2.993418e+04
num_episodes                1.732500e+04
max_episode_rewards         1.000000e+01
mean_episode_rewards        2.250000e+00
min_episode_rewards         0.000000e+00
max_episode_len             5.000000e+02
mean_episode_len            4.120250e+02
min_episode_len             0.000000e+00
mean_timeouts               0.000000e+00
val_max_episode_rewards     1.000000e+01
val_mean_episode_rewards    2.500000e-01
val_min_episode_rewards     0.000000e+00
val_max_episode_len         5.000000e+02
val_mean_episode_len        4.909500e+02
val_min_episode_len         0.000000e+00
val_mean_timeouts           0.000000e+00
Name: 106, dtype: float64
Loaded 65792 images
timesteps                   7.077888e+06
wall_time                   3.022588e+04
num_episodes                1.746300e+04
max_episode_rewards         1.000000e+01
mean_episode_rewards        2.750000e+00
min_episode_rewards         0.000000e+00
max_episode_len             5.000000e+02
mean_episode_len            3.804250e+02
min_episode_len             0.000000e+00
mean_timeouts               0.000000e+00
val_max_episode_rewards     0.000000e+00
val_mean_episode_rewards    0.000000e+00
val_min_episode_rewards     0.000000e+00
val_max_episode_len         5.000000e+02
val_mean_episode_len        5.000000e+02
val_min_episode_len         0.000000e+00
val_mean_timeouts           0.000000e+00
Name: 107, dtype: float64
Loaded 65792 images
timesteps                   7.143424e+06
wall_time                   3.051786e+04
num_episodes                1.765300e+04
max_episode_rewards         1.000000e+01
mean_episode_rewards        3.000000e+00
min_episode_rewards         0.000000e+00
max_episode_len             5.000000e+02
mean_episode_len            3.784250e+02
min_episode_len             0.000000e+00
mean_timeouts               0.000000e+00
val_max_episode_rewards     1.000000e+01
val_mean_episode_rewards    2.500000e-01
val_min_episode_rewards     0.000000e+00
val_max_episode_len         5.000000e+02
val_mean_episode_len        4.893500e+02
val_min_episode_len         0.000000e+00
val_mean_timeouts           0.000000e+00
Name: 108, dtype: float64
Loaded 65792 images
timesteps                   7.208960e+06
wall_time                   3.080915e+04
num_episodes                1.780100e+04
max_episode_rewards         1.000000e+01
mean_episode_rewards        2.500000e+00
min_episode_rewards         0.000000e+00
max_episode_len             5.000000e+02
mean_episode_len            3.944750e+02
min_episode_len             0.000000e+00
mean_timeouts               0.000000e+00
val_max_episode_rewards     1.000000e+01
val_mean_episode_rewards    2.500000e-01
val_min_episode_rewards     0.000000e+00
val_max_episode_len         5.000000e+02
val_mean_episode_len        4.976500e+02
val_min_episode_len         0.000000e+00
val_mean_timeouts           0.000000e+00
Name: 109, dtype: float64
Loaded 65792 images
timesteps                   7.274496e+06
wall_time                   3.110327e+04
num_episodes                1.798300e+04
max_episode_rewards         1.000000e+01
mean_episode_rewards        2.500000e+00
min_episode_rewards         0.000000e+00
max_episode_len             5.000000e+02
mean_episode_len            3.958250e+02
min_episode_len             0.000000e+00
mean_timeouts               0.000000e+00
val_max_episode_rewards     1.000000e+01
val_mean_episode_rewards    2.500000e-01
val_min_episode_rewards     0.000000e+00
val_max_episode_len         5.000000e+02
val_mean_episode_len        4.879000e+02
val_min_episode_len         0.000000e+00
val_mean_timeouts           2.500000e-02
Name: 110, dtype: float64
Loaded 65792 images
timesteps                   7.340032e+06
wall_time                   3.140834e+04
num_episodes                1.813600e+04
max_episode_rewards         1.000000e+01
mean_episode_rewards        3.000000e+00
min_episode_rewards         0.000000e+00
max_episode_len             5.000000e+02
mean_episode_len            3.858250e+02
min_episode_len             0.000000e+00
mean_timeouts               2.500000e-02
val_max_episode_rewards     1.000000e+01
val_mean_episode_rewards    2.500000e-01
val_min_episode_rewards     0.000000e+00
val_max_episode_len         5.000000e+02
val_mean_episode_len        4.966000e+02
val_min_episode_len         0.000000e+00
val_mean_timeouts           0.000000e+00
Name: 111, dtype: float64
Loaded 65792 images
timesteps                   7.405568e+06
wall_time                   3.171166e+04
num_episodes                1.831900e+04
max_episode_rewards         1.000000e+01
mean_episode_rewards        2.000000e+00
min_episode_rewards         0.000000e+00
max_episode_len             5.000000e+02
mean_episode_len            4.125750e+02
min_episode_len             0.000000e+00
mean_timeouts               0.000000e+00
val_max_episode_rewards     0.000000e+00
val_mean_episode_rewards    0.000000e+00
val_min_episode_rewards     0.000000e+00
val_max_episode_len         5.000000e+02
val_mean_episode_len        5.000000e+02
val_min_episode_len         0.000000e+00
val_mean_timeouts           0.000000e+00
Name: 112, dtype: float64
Loaded 65792 images
timesteps                   7.471104e+06
wall_time                   3.201335e+04
num_episodes                1.848100e+04
max_episode_rewards         1.000000e+01
mean_episode_rewards        2.250000e+00
min_episode_rewards         0.000000e+00
max_episode_len             5.000000e+02
mean_episode_len            4.212750e+02
min_episode_len             0.000000e+00
mean_timeouts               0.000000e+00
val_max_episode_rewards     0.000000e+00
val_mean_episode_rewards    0.000000e+00
val_min_episode_rewards     0.000000e+00
val_max_episode_len         5.000000e+02
val_mean_episode_len        5.000000e+02
val_min_episode_len         0.000000e+00
val_mean_timeouts           0.000000e+00
Name: 113, dtype: float64
Loaded 65792 images
timesteps                   7.536640e+06
wall_time                   3.231487e+04
num_episodes                1.863600e+04
max_episode_rewards         1.000000e+01
mean_episode_rewards        2.750000e+00
min_episode_rewards         0.000000e+00
max_episode_len             5.000000e+02
mean_episode_len            3.901500e+02
min_episode_len             0.000000e+00
mean_timeouts               0.000000e+00
val_max_episode_rewards     1.000000e+01
val_mean_episode_rewards    2.500000e-01
val_min_episode_rewards     0.000000e+00
val_max_episode_len         5.000000e+02
val_mean_episode_len        4.921500e+02
val_min_episode_len         0.000000e+00
val_mean_timeouts           0.000000e+00
Name: 114, dtype: float64
Loaded 65792 images
timesteps                   7.602176e+06
wall_time                   3.261810e+04
num_episodes                1.881100e+04
max_episode_rewards         1.000000e+01
mean_episode_rewards        4.000000e+00
min_episode_rewards         0.000000e+00
max_episode_len             5.000000e+02
mean_episode_len            3.613000e+02
min_episode_len             0.000000e+00
mean_timeouts               0.000000e+00
val_max_episode_rewards     0.000000e+00
val_mean_episode_rewards    0.000000e+00
val_min_episode_rewards     0.000000e+00
val_max_episode_len         5.000000e+02
val_mean_episode_len        5.000000e+02
val_min_episode_len         0.000000e+00
val_mean_timeouts           0.000000e+00
Name: 115, dtype: float64
Loaded 65792 images
timesteps                   7.667712e+06
wall_time                   3.292009e+04
num_episodes                1.898300e+04
max_episode_rewards         1.000000e+01
mean_episode_rewards        2.750000e+00
min_episode_rewards         0.000000e+00
max_episode_len             5.000000e+02
mean_episode_len            3.804750e+02
min_episode_len             0.000000e+00
mean_timeouts               2.500000e-02
val_max_episode_rewards     1.000000e+01
val_mean_episode_rewards    2.500000e-01
val_min_episode_rewards     0.000000e+00
val_max_episode_len         5.000000e+02
val_mean_episode_len        4.924500e+02
val_min_episode_len         0.000000e+00
val_mean_timeouts           0.000000e+00
Name: 116, dtype: float64
Loaded 65792 images
timesteps                   7.733248e+06
wall_time                   3.322686e+04
num_episodes                1.914600e+04
max_episode_rewards         1.000000e+01
mean_episode_rewards        2.750000e+00
min_episode_rewards         0.000000e+00
max_episode_len             5.000000e+02
mean_episode_len            3.874750e+02
min_episode_len             0.000000e+00
mean_timeouts               0.000000e+00
val_max_episode_rewards     0.000000e+00
val_mean_episode_rewards    0.000000e+00
val_min_episode_rewards     0.000000e+00
val_max_episode_len         5.000000e+02
val_mean_episode_len        5.000000e+02
val_min_episode_len         0.000000e+00
val_mean_timeouts           0.000000e+00
Name: 117, dtype: float64
Loaded 65792 images
timesteps                   7.798784e+06
wall_time                   3.353648e+04
num_episodes                1.932500e+04
max_episode_rewards         1.000000e+01
mean_episode_rewards        2.750000e+00
min_episode_rewards         0.000000e+00
max_episode_len             5.000000e+02
mean_episode_len            3.868750e+02
min_episode_len             0.000000e+00
mean_timeouts               0.000000e+00
val_max_episode_rewards     1.000000e+01
val_mean_episode_rewards    2.500000e-01
val_min_episode_rewards     0.000000e+00
val_max_episode_len         5.000000e+02
val_mean_episode_len        4.963500e+02
val_min_episode_len         0.000000e+00
val_mean_timeouts           0.000000e+00
Name: 118, dtype: float64
Loaded 65792 images
timesteps                   7.864320e+06
wall_time                   3.384530e+04
num_episodes                1.948500e+04
max_episode_rewards         1.000000e+01
mean_episode_rewards        2.750000e+00
min_episode_rewards         0.000000e+00
max_episode_len             5.000000e+02
mean_episode_len            3.974250e+02
min_episode_len             0.000000e+00
mean_timeouts               2.500000e-02
val_max_episode_rewards     0.000000e+00
val_mean_episode_rewards    0.000000e+00
val_min_episode_rewards     0.000000e+00
val_max_episode_len         5.000000e+02
val_mean_episode_len        5.000000e+02
val_min_episode_len         0.000000e+00
val_mean_timeouts           0.000000e+00
Name: 119, dtype: float64
Loaded 65792 images
timesteps                   7.929856e+06
wall_time                   3.416990e+04
num_episodes                1.964000e+04
max_episode_rewards         1.000000e+01
mean_episode_rewards        2.500000e+00
min_episode_rewards         0.000000e+00
max_episode_len             5.000000e+02
mean_episode_len            4.324500e+02
min_episode_len             0.000000e+00
mean_timeouts               0.000000e+00
val_max_episode_rewards     0.000000e+00
val_mean_episode_rewards    0.000000e+00
val_min_episode_rewards     0.000000e+00
val_max_episode_len         5.000000e+02
val_mean_episode_len        5.000000e+02
val_min_episode_len         0.000000e+00
val_mean_timeouts           0.000000e+00
Name: 120, dtype: float64
Loaded 65792 images
timesteps                   7.995392e+06
wall_time                   3.447665e+04
num_episodes                1.980400e+04
max_episode_rewards         1.000000e+01
mean_episode_rewards        1.750000e+00
min_episode_rewards         0.000000e+00
max_episode_len             5.000000e+02
mean_episode_len            4.262000e+02
min_episode_len             0.000000e+00
mean_timeouts               2.500000e-02
val_max_episode_rewards     1.000000e+01
val_mean_episode_rewards    2.500000e-01
val_min_episode_rewards     0.000000e+00
val_max_episode_len         5.000000e+02
val_mean_episode_len        4.994500e+02
val_min_episode_len         0.000000e+00
val_mean_timeouts           0.000000e+00
Name: 121, dtype: float64
Loaded 65792 images
timesteps                   8.060928e+06
wall_time                   3.478447e+04
num_episodes                1.997000e+04
max_episode_rewards         1.000000e+01
mean_episode_rewards        3.250000e+00
min_episode_rewards         0.000000e+00
max_episode_len             5.000000e+02
mean_episode_len            3.779500e+02
min_episode_len             0.000000e+00
mean_timeouts               0.000000e+00
val_max_episode_rewards     0.000000e+00
val_mean_episode_rewards    0.000000e+00
val_min_episode_rewards     0.000000e+00
val_max_episode_len         5.000000e+02
val_mean_episode_len        5.000000e+02
val_min_episode_len         0.000000e+00
val_mean_timeouts           0.000000e+00
Name: 122, dtype: float64
Loaded 65792 images
timesteps                   8.126464e+06
wall_time                   3.509048e+04
num_episodes                2.013800e+04
max_episode_rewards         1.000000e+01
mean_episode_rewards        2.250000e+00
min_episode_rewards         0.000000e+00
max_episode_len             5.000000e+02
mean_episode_len            3.971250e+02
min_episode_len             0.000000e+00
mean_timeouts               0.000000e+00
val_max_episode_rewards     0.000000e+00
val_mean_episode_rewards    0.000000e+00
val_min_episode_rewards     0.000000e+00
val_max_episode_len         5.000000e+02
val_mean_episode_len        5.000000e+02
val_min_episode_len         0.000000e+00
val_mean_timeouts           0.000000e+00
Name: 123, dtype: float64
Loaded 65792 images
timesteps                   8.192000e+06
wall_time                   3.539575e+04
num_episodes                2.030500e+04
max_episode_rewards         1.000000e+01
mean_episode_rewards        2.000000e+00
min_episode_rewards         0.000000e+00
max_episode_len             5.000000e+02
mean_episode_len            4.170500e+02
min_episode_len             0.000000e+00
mean_timeouts               2.500000e-02
val_max_episode_rewards     0.000000e+00
val_mean_episode_rewards    0.000000e+00
val_min_episode_rewards     0.000000e+00
val_max_episode_len         5.000000e+02
val_mean_episode_len        5.000000e+02
val_min_episode_len         0.000000e+00
val_mean_timeouts           6.500000e-01
Name: 124, dtype: float64
Loaded 65792 images
timesteps                   8.257536e+06
wall_time                   3.570535e+04
num_episodes                2.047000e+04
max_episode_rewards         1.000000e+01
mean_episode_rewards        3.000000e+00
min_episode_rewards         0.000000e+00
max_episode_len             5.000000e+02
mean_episode_len            3.915000e+02
min_episode_len             0.000000e+00
mean_timeouts               0.000000e+00
val_max_episode_rewards     0.000000e+00
val_mean_episode_rewards    0.000000e+00
val_min_episode_rewards     0.000000e+00
val_max_episode_len         5.000000e+02
val_mean_episode_len        5.000000e+02
val_min_episode_len         0.000000e+00
val_mean_timeouts           0.000000e+00
Name: 125, dtype: float64
Loaded 65792 images
timesteps                   8.323072e+06
wall_time                   3.601410e+04
num_episodes                2.064100e+04
max_episode_rewards         1.000000e+01
mean_episode_rewards        2.500000e+00
min_episode_rewards         0.000000e+00
max_episode_len             5.000000e+02
mean_episode_len            4.235000e+02
min_episode_len             0.000000e+00
mean_timeouts               0.000000e+00
val_max_episode_rewards     0.000000e+00
val_mean_episode_rewards    0.000000e+00
val_min_episode_rewards     0.000000e+00
val_max_episode_len         5.000000e+02
val_mean_episode_len        5.000000e+02
val_min_episode_len         0.000000e+00
val_mean_timeouts           0.000000e+00
Name: 126, dtype: float64
Loaded 65792 images
timesteps                   8.388608e+06
wall_time                   3.632749e+04
num_episodes                2.079500e+04
max_episode_rewards         1.000000e+01
mean_episode_rewards        2.250000e+00
min_episode_rewards         0.000000e+00
max_episode_len             5.000000e+02
mean_episode_len            4.124750e+02
min_episode_len             0.000000e+00
mean_timeouts               2.500000e-02
val_max_episode_rewards     0.000000e+00
val_mean_episode_rewards    0.000000e+00
val_min_episode_rewards     0.000000e+00
val_max_episode_len         5.000000e+02
val_mean_episode_len        5.000000e+02
val_min_episode_len         0.000000e+00
val_mean_timeouts           0.000000e+00
Name: 127, dtype: float64
Loaded 65792 images
timesteps                   8.454144e+06
wall_time                   3.664218e+04
num_episodes                2.097200e+04
max_episode_rewards         1.000000e+01
mean_episode_rewards        4.500000e+00
min_episode_rewards         0.000000e+00
max_episode_len             5.000000e+02
mean_episode_len            3.540250e+02
min_episode_len             0.000000e+00
mean_timeouts               0.000000e+00
val_max_episode_rewards     0.000000e+00
val_mean_episode_rewards    0.000000e+00
val_min_episode_rewards     0.000000e+00
val_max_episode_len         5.000000e+02
val_mean_episode_len        5.000000e+02
val_min_episode_len         0.000000e+00
val_mean_timeouts           0.000000e+00
Name: 128, dtype: float64
Loaded 65792 images
timesteps                   8.519680e+06
wall_time                   3.695848e+04
num_episodes                2.113900e+04
max_episode_rewards         1.000000e+01
mean_episode_rewards        3.250000e+00
min_episode_rewards         0.000000e+00
max_episode_len             5.000000e+02
mean_episode_len            3.581750e+02
min_episode_len             0.000000e+00
mean_timeouts               0.000000e+00
val_max_episode_rewards     0.000000e+00
val_mean_episode_rewards    0.000000e+00
val_min_episode_rewards     0.000000e+00
val_max_episode_len         5.000000e+02
val_mean_episode_len        5.000000e+02
val_min_episode_len         0.000000e+00
val_mean_timeouts           2.500000e-02
Name: 129, dtype: float64
Loaded 65792 images
timesteps                   8.585216e+06
wall_time                   3.727750e+04
num_episodes                2.130900e+04
max_episode_rewards         1.000000e+01
mean_episode_rewards        2.250000e+00
min_episode_rewards         0.000000e+00
max_episode_len             5.000000e+02
mean_episode_len            4.016250e+02
min_episode_len             0.000000e+00
mean_timeouts               0.000000e+00
val_max_episode_rewards     0.000000e+00
val_mean_episode_rewards    0.000000e+00
val_min_episode_rewards     0.000000e+00
val_max_episode_len         5.000000e+02
val_mean_episode_len        5.000000e+02
val_min_episode_len         0.000000e+00
val_mean_timeouts           0.000000e+00
Name: 130, dtype: float64
Loaded 65792 images
timesteps                   8.650752e+06
wall_time                   3.759612e+04
num_episodes                2.148700e+04
max_episode_rewards         1.000000e+01
mean_episode_rewards        2.500000e+00
min_episode_rewards         0.000000e+00
max_episode_len             5.000000e+02
mean_episode_len            3.854250e+02
min_episode_len             0.000000e+00
mean_timeouts               0.000000e+00
val_max_episode_rewards     0.000000e+00
val_mean_episode_rewards    0.000000e+00
val_min_episode_rewards     0.000000e+00
val_max_episode_len         5.000000e+02
val_mean_episode_len        5.000000e+02
val_min_episode_len         0.000000e+00
val_mean_timeouts           0.000000e+00
Name: 131, dtype: float64
Loaded 65792 images
timesteps                   8.716288e+06
wall_time                   3.791424e+04
num_episodes                2.166200e+04
max_episode_rewards         1.000000e+01
mean_episode_rewards        2.750000e+00
min_episode_rewards         0.000000e+00
max_episode_len             5.000000e+02
mean_episode_len            3.921500e+02
min_episode_len             0.000000e+00
mean_timeouts               0.000000e+00
val_max_episode_rewards     0.000000e+00
val_mean_episode_rewards    0.000000e+00
val_min_episode_rewards     0.000000e+00
val_max_episode_len         5.000000e+02
val_mean_episode_len        5.000000e+02
val_min_episode_len         0.000000e+00
val_mean_timeouts           0.000000e+00
Name: 132, dtype: float64
Loaded 65792 images
timesteps                   8.781824e+06
wall_time                   3.824287e+04
num_episodes                2.182800e+04
max_episode_rewards         1.000000e+01
mean_episode_rewards        2.000000e+00
min_episode_rewards         0.000000e+00
max_episode_len             5.000000e+02
mean_episode_len            4.079500e+02
min_episode_len             0.000000e+00
mean_timeouts               0.000000e+00
val_max_episode_rewards     0.000000e+00
val_mean_episode_rewards    0.000000e+00
val_min_episode_rewards     0.000000e+00
val_max_episode_len         5.000000e+02
val_mean_episode_len        5.000000e+02
val_min_episode_len         0.000000e+00
val_mean_timeouts           0.000000e+00
Name: 133, dtype: float64
Loaded 65792 images
timesteps                   8.847360e+06
wall_time                   3.855358e+04
num_episodes                2.199800e+04
max_episode_rewards         1.000000e+01
mean_episode_rewards        2.000000e+00
min_episode_rewards         0.000000e+00
max_episode_len             5.000000e+02
mean_episode_len            4.190000e+02
min_episode_len             0.000000e+00
mean_timeouts               0.000000e+00
val_max_episode_rewards     0.000000e+00
val_mean_episode_rewards    0.000000e+00
val_min_episode_rewards     0.000000e+00
val_max_episode_len         5.000000e+02
val_mean_episode_len        5.000000e+02
val_min_episode_len         0.000000e+00
val_mean_timeouts           0.000000e+00
Name: 134, dtype: float64
Loaded 65792 images
timesteps                   8.912896e+06
wall_time                   3.886522e+04
num_episodes                2.216700e+04
max_episode_rewards         1.000000e+01
mean_episode_rewards        2.500000e+00
min_episode_rewards         0.000000e+00
max_episode_len             5.000000e+02
mean_episode_len            4.044750e+02
min_episode_len             0.000000e+00
mean_timeouts               2.500000e-02
val_max_episode_rewards     1.000000e+01
val_mean_episode_rewards    7.500000e-01
val_min_episode_rewards     0.000000e+00
val_max_episode_len         5.000000e+02
val_mean_episode_len        4.774000e+02
val_min_episode_len         0.000000e+00
val_mean_timeouts           0.000000e+00
Name: 135, dtype: float64
Loaded 65792 images
timesteps                   8.978432e+06
wall_time                   3.917617e+04
num_episodes                2.232700e+04
max_episode_rewards         1.000000e+01
mean_episode_rewards        3.250000e+00
min_episode_rewards         0.000000e+00
max_episode_len             5.000000e+02
mean_episode_len            3.676750e+02
min_episode_len             0.000000e+00
mean_timeouts               0.000000e+00
val_max_episode_rewards     0.000000e+00
val_mean_episode_rewards    0.000000e+00
val_min_episode_rewards     0.000000e+00
val_max_episode_len         5.000000e+02
val_mean_episode_len        5.000000e+02
val_min_episode_len         0.000000e+00
val_mean_timeouts           0.000000e+00
Name: 136, dtype: float64
Loaded 65792 images
timesteps                   9.043968e+06
wall_time                   3.949084e+04
num_episodes                2.247800e+04
max_episode_rewards         1.000000e+01
mean_episode_rewards        2.000000e+00
min_episode_rewards         0.000000e+00
max_episode_len             5.000000e+02
mean_episode_len            4.144750e+02
min_episode_len             0.000000e+00
mean_timeouts               0.000000e+00
val_max_episode_rewards     1.000000e+01
val_mean_episode_rewards    5.000000e-01
val_min_episode_rewards     0.000000e+00
val_max_episode_len         5.000000e+02
val_mean_episode_len        4.798000e+02
val_min_episode_len         0.000000e+00
val_mean_timeouts           2.500000e-02
Name: 137, dtype: float64
Loaded 65792 images
timesteps                   9.109504e+06
wall_time                   3.980830e+04
num_episodes                2.264900e+04
max_episode_rewards         1.000000e+01
mean_episode_rewards        1.500000e+00
min_episode_rewards         0.000000e+00
max_episode_len             5.000000e+02
mean_episode_len            4.437250e+02
min_episode_len             0.000000e+00
mean_timeouts               2.500000e-02
val_max_episode_rewards     0.000000e+00
val_mean_episode_rewards    0.000000e+00
val_min_episode_rewards     0.000000e+00
val_max_episode_len         5.000000e+02
val_mean_episode_len        5.000000e+02
val_min_episode_len         0.000000e+00
val_mean_timeouts           0.000000e+00
Name: 138, dtype: float64
Loaded 65792 images
timesteps                   9.175040e+06
wall_time                   4.013099e+04
num_episodes                2.282300e+04
max_episode_rewards         1.000000e+01
mean_episode_rewards        4.250000e+00
min_episode_rewards         0.000000e+00
max_episode_len             5.000000e+02
mean_episode_len            3.424000e+02
min_episode_len             0.000000e+00
mean_timeouts               0.000000e+00
val_max_episode_rewards     0.000000e+00
val_mean_episode_rewards    0.000000e+00
val_min_episode_rewards     0.000000e+00
val_max_episode_len         5.000000e+02
val_mean_episode_len        5.000000e+02
val_min_episode_len         0.000000e+00
val_mean_timeouts           0.000000e+00
Name: 139, dtype: float64
Loaded 65792 images
timesteps                   9.240576e+06
wall_time                   4.045687e+04
num_episodes                2.299700e+04
max_episode_rewards         1.000000e+01
mean_episode_rewards        3.000000e+00
min_episode_rewards         0.000000e+00
max_episode_len             5.000000e+02
mean_episode_len            3.804500e+02
min_episode_len             0.000000e+00
mean_timeouts               5.000000e-02
val_max_episode_rewards     0.000000e+00
val_mean_episode_rewards    0.000000e+00
val_min_episode_rewards     0.000000e+00
val_max_episode_len         5.000000e+02
val_mean_episode_len        5.000000e+02
val_min_episode_len         0.000000e+00
val_mean_timeouts           0.000000e+00
Name: 140, dtype: float64
Loaded 65792 images
timesteps                   9.306112e+06
wall_time                   4.077770e+04
num_episodes                2.316100e+04
max_episode_rewards         1.000000e+01
mean_episode_rewards        4.000000e+00
min_episode_rewards         0.000000e+00
max_episode_len             5.000000e+02
mean_episode_len            3.447500e+02
min_episode_len             0.000000e+00
mean_timeouts               0.000000e+00
val_max_episode_rewards     1.000000e+01
val_mean_episode_rewards    2.500000e-01
val_min_episode_rewards     0.000000e+00
val_max_episode_len         5.000000e+02
val_mean_episode_len        4.899500e+02
val_min_episode_len         0.000000e+00
val_mean_timeouts           0.000000e+00
Name: 141, dtype: float64
Loaded 65792 images
timesteps                   9.371648e+06
wall_time                   4.109737e+04
num_episodes                2.333800e+04
max_episode_rewards         1.000000e+01
mean_episode_rewards        2.250000e+00
min_episode_rewards         0.000000e+00
max_episode_len             5.000000e+02
mean_episode_len            4.135000e+02
min_episode_len             0.000000e+00
mean_timeouts               2.500000e-02
val_max_episode_rewards     0.000000e+00
val_mean_episode_rewards    0.000000e+00
val_min_episode_rewards     0.000000e+00
val_max_episode_len         5.000000e+02
val_mean_episode_len        5.000000e+02
val_min_episode_len         0.000000e+00
val_mean_timeouts           0.000000e+00
Name: 142, dtype: float64
Loaded 65792 images
timesteps                   9.437184e+06
wall_time                   4.142592e+04
num_episodes                2.349200e+04
max_episode_rewards         1.000000e+01
mean_episode_rewards        1.500000e+00
min_episode_rewards         0.000000e+00
max_episode_len             5.000000e+02
mean_episode_len            4.347000e+02
min_episode_len             0.000000e+00
mean_timeouts               2.500000e-02
val_max_episode_rewards     0.000000e+00
val_mean_episode_rewards    0.000000e+00
val_min_episode_rewards     0.000000e+00
val_max_episode_len         5.000000e+02
val_mean_episode_len        5.000000e+02
val_min_episode_len         0.000000e+00
val_mean_timeouts           0.000000e+00
Name: 143, dtype: float64
Loaded 65792 images
timesteps                   9.502720e+06
wall_time                   4.176361e+04
num_episodes                2.367200e+04
max_episode_rewards         1.000000e+01
mean_episode_rewards        2.250000e+00
min_episode_rewards         0.000000e+00
max_episode_len             5.000000e+02
mean_episode_len            4.028750e+02
min_episode_len             0.000000e+00
mean_timeouts               2.500000e-02
val_max_episode_rewards     0.000000e+00
val_mean_episode_rewards    0.000000e+00
val_min_episode_rewards     0.000000e+00
val_max_episode_len         5.000000e+02
val_mean_episode_len        5.000000e+02
val_min_episode_len         0.000000e+00
val_mean_timeouts           0.000000e+00
Name: 144, dtype: float64
Loaded 65792 images
timesteps                   9.568256e+06
wall_time                   4.208868e+04
num_episodes                2.383800e+04
max_episode_rewards         1.000000e+01
mean_episode_rewards        3.000000e+00
min_episode_rewards         0.000000e+00
max_episode_len             5.000000e+02
mean_episode_len            3.720250e+02
min_episode_len             0.000000e+00
mean_timeouts               0.000000e+00
val_max_episode_rewards     0.000000e+00
val_mean_episode_rewards    0.000000e+00
val_min_episode_rewards     0.000000e+00
val_max_episode_len         5.000000e+02
val_mean_episode_len        5.000000e+02
val_min_episode_len         0.000000e+00
val_mean_timeouts           0.000000e+00
Name: 145, dtype: float64
Loaded 65792 images
timesteps                   9.633792e+06
wall_time                   4.242532e+04
num_episodes                2.402700e+04
max_episode_rewards         1.000000e+01
mean_episode_rewards        2.500000e+00
min_episode_rewards         0.000000e+00
max_episode_len             5.000000e+02
mean_episode_len            4.003000e+02
min_episode_len             0.000000e+00
mean_timeouts               0.000000e+00
val_max_episode_rewards     0.000000e+00
val_mean_episode_rewards    0.000000e+00
val_min_episode_rewards     0.000000e+00
val_max_episode_len         5.000000e+02
val_mean_episode_len        5.000000e+02
val_min_episode_len         0.000000e+00
val_mean_timeouts           0.000000e+00
Name: 146, dtype: float64
Loaded 65792 images
timesteps                   9.699328e+06
wall_time                   4.276346e+04
num_episodes                2.418200e+04
max_episode_rewards         1.000000e+01
mean_episode_rewards        3.250000e+00
min_episode_rewards         0.000000e+00
max_episode_len             5.000000e+02
mean_episode_len            3.894250e+02
min_episode_len             0.000000e+00
mean_timeouts               0.000000e+00
val_max_episode_rewards     0.000000e+00
val_mean_episode_rewards    0.000000e+00
val_min_episode_rewards     0.000000e+00
val_max_episode_len         5.000000e+02
val_mean_episode_len        5.000000e+02
val_min_episode_len         0.000000e+00
val_mean_timeouts           2.500000e-02
Name: 147, dtype: float64
Loaded 65792 images
timesteps                   9.764864e+06
wall_time                   4.308981e+04
num_episodes                2.435500e+04
max_episode_rewards         1.000000e+01
mean_episode_rewards        3.250000e+00
min_episode_rewards         0.000000e+00
max_episode_len             5.000000e+02
mean_episode_len            3.721500e+02
min_episode_len             0.000000e+00
mean_timeouts               0.000000e+00
val_max_episode_rewards     0.000000e+00
val_mean_episode_rewards    0.000000e+00
val_min_episode_rewards     0.000000e+00
val_max_episode_len         5.000000e+02
val_mean_episode_len        5.000000e+02
val_min_episode_len         0.000000e+00
val_mean_timeouts           0.000000e+00
Name: 148, dtype: float64
Loaded 65792 images
timesteps                   9.830400e+06
wall_time                   4.341863e+04
num_episodes                2.452400e+04
max_episode_rewards         1.000000e+01
mean_episode_rewards        2.250000e+00
min_episode_rewards         0.000000e+00
max_episode_len             5.000000e+02
mean_episode_len            4.203750e+02
min_episode_len             0.000000e+00
mean_timeouts               0.000000e+00
val_max_episode_rewards     0.000000e+00
val_mean_episode_rewards    0.000000e+00
val_min_episode_rewards     0.000000e+00
val_max_episode_len         5.000000e+02
val_mean_episode_len        5.000000e+02
val_min_episode_len         0.000000e+00
val_mean_timeouts           0.000000e+00
Name: 149, dtype: float64
Loaded 65792 images
timesteps                   9.895936e+06
wall_time                   4.374860e+04
num_episodes                2.470700e+04
max_episode_rewards         1.000000e+01
mean_episode_rewards        3.000000e+00
min_episode_rewards         0.000000e+00
max_episode_len             5.000000e+02
mean_episode_len            3.734250e+02
min_episode_len             0.000000e+00
mean_timeouts               2.500000e-02
val_max_episode_rewards     0.000000e+00
val_mean_episode_rewards    0.000000e+00
val_min_episode_rewards     0.000000e+00
val_max_episode_len         5.000000e+02
val_mean_episode_len        5.000000e+02
val_min_episode_len         0.000000e+00
val_mean_timeouts           0.000000e+00
Name: 150, dtype: float64
Loaded 65792 images
timesteps                   9.961472e+06
wall_time                   4.407786e+04
num_episodes                2.487300e+04
max_episode_rewards         1.000000e+01
mean_episode_rewards        3.000000e+00
min_episode_rewards         0.000000e+00
max_episode_len             5.000000e+02
mean_episode_len            3.664500e+02
min_episode_len             0.000000e+00
mean_timeouts               0.000000e+00
val_max_episode_rewards     1.000000e+01
val_mean_episode_rewards    2.500000e-01
val_min_episode_rewards     0.000000e+00
val_max_episode_len         5.000000e+02
val_mean_episode_len        4.995000e+02
val_min_episode_len         0.000000e+00
val_mean_timeouts           2.500000e-02
Name: 151, dtype: float64
Loaded 65792 images
timesteps                   1.002701e+07
wall_time                   4.441449e+04
num_episodes                2.503800e+04
max_episode_rewards         1.000000e+01
mean_episode_rewards        3.000000e+00
min_episode_rewards         0.000000e+00
max_episode_len             5.000000e+02
mean_episode_len            3.854250e+02
min_episode_len             0.000000e+00
mean_timeouts               0.000000e+00
val_max_episode_rewards     0.000000e+00
val_mean_episode_rewards    0.000000e+00
val_min_episode_rewards     0.000000e+00
val_max_episode_len         5.000000e+02
val_mean_episode_len        5.000000e+02
val_min_episode_len         0.000000e+00
val_mean_timeouts           0.000000e+00
Name: 152, dtype: float64
Saving model at timestep 10027009
Loaded 65792 images
timesteps                   1.009254e+07
wall_time                   4.475020e+04
num_episodes                2.520500e+04
max_episode_rewards         1.000000e+01
mean_episode_rewards        2.500000e+00
min_episode_rewards         0.000000e+00
max_episode_len             5.000000e+02
mean_episode_len            3.949250e+02
min_episode_len             0.000000e+00
mean_timeouts               0.000000e+00
val_max_episode_rewards     0.000000e+00
val_mean_episode_rewards    0.000000e+00
val_min_episode_rewards     0.000000e+00
val_max_episode_len         5.000000e+02
val_mean_episode_len        5.000000e+02
val_min_episode_len         0.000000e+00
val_mean_timeouts           0.000000e+00
Name: 153, dtype: float64
Loaded 65792 images
timesteps                   1.015808e+07
wall_time                   4.508879e+04
num_episodes                2.536700e+04
max_episode_rewards         1.000000e+01
mean_episode_rewards        3.000000e+00
min_episode_rewards         0.000000e+00
max_episode_len             5.000000e+02
mean_episode_len            3.918000e+02
min_episode_len             0.000000e+00
mean_timeouts               0.000000e+00
val_max_episode_rewards     0.000000e+00
val_mean_episode_rewards    0.000000e+00
val_min_episode_rewards     0.000000e+00
val_max_episode_len         5.000000e+02
val_mean_episode_len        5.000000e+02
val_min_episode_len         0.000000e+00
val_mean_timeouts           0.000000e+00
Name: 154, dtype: float64
Loaded 65792 images
timesteps                   1.022362e+07
wall_time                   4.542831e+04
num_episodes                2.553600e+04
max_episode_rewards         1.000000e+01
mean_episode_rewards        2.250000e+00
min_episode_rewards         0.000000e+00
max_episode_len             5.000000e+02
mean_episode_len            4.084750e+02
min_episode_len             0.000000e+00
mean_timeouts               0.000000e+00
val_max_episode_rewards     1.000000e+01
val_mean_episode_rewards    2.500000e-01
val_min_episode_rewards     0.000000e+00
val_max_episode_len         5.000000e+02
val_mean_episode_len        4.935000e+02
val_min_episode_len         0.000000e+00
val_mean_timeouts           0.000000e+00
Name: 155, dtype: float64
Loaded 65792 images
timesteps                   1.028915e+07
wall_time                   4.575626e+04
num_episodes                2.570400e+04
max_episode_rewards         1.000000e+01
mean_episode_rewards        2.000000e+00
min_episode_rewards         0.000000e+00
max_episode_len             5.000000e+02
mean_episode_len            4.115000e+02
min_episode_len             0.000000e+00
mean_timeouts               0.000000e+00
val_max_episode_rewards     0.000000e+00
val_mean_episode_rewards    0.000000e+00
val_min_episode_rewards     0.000000e+00
val_max_episode_len         5.000000e+02
val_mean_episode_len        5.000000e+02
val_min_episode_len         0.000000e+00
val_mean_timeouts           0.000000e+00
Name: 156, dtype: float64
Loaded 65792 images
timesteps                   1.035469e+07
wall_time                   4.608210e+04
num_episodes                2.586900e+04
max_episode_rewards         1.000000e+01
mean_episode_rewards        3.250000e+00
min_episode_rewards         0.000000e+00
max_episode_len             5.000000e+02
mean_episode_len            3.666750e+02
min_episode_len             0.000000e+00
mean_timeouts               2.500000e-02
val_max_episode_rewards     1.000000e+01
val_mean_episode_rewards    5.000000e-01
val_min_episode_rewards     0.000000e+00
val_max_episode_len         5.000000e+02
val_mean_episode_len        4.847500e+02
val_min_episode_len         0.000000e+00
val_mean_timeouts           0.000000e+00
Name: 157, dtype: float64
Loaded 65792 images
timesteps                   1.042022e+07
wall_time                   4.640986e+04
num_episodes                2.605500e+04
max_episode_rewards         1.000000e+01
mean_episode_rewards        2.750000e+00
min_episode_rewards         0.000000e+00
max_episode_len             5.000000e+02
mean_episode_len            3.771750e+02
min_episode_len             0.000000e+00
mean_timeouts               0.000000e+00
val_max_episode_rewards     0.000000e+00
val_mean_episode_rewards    0.000000e+00
val_min_episode_rewards     0.000000e+00
val_max_episode_len         5.000000e+02
val_mean_episode_len        5.000000e+02
val_min_episode_len         0.000000e+00
val_mean_timeouts           0.000000e+00
Name: 158, dtype: float64
Loaded 65792 images
timesteps                   1.048576e+07
wall_time                   4.674050e+04
num_episodes                2.622200e+04
max_episode_rewards         1.000000e+01
mean_episode_rewards        3.000000e+00
min_episode_rewards         0.000000e+00
max_episode_len             5.000000e+02
mean_episode_len            3.806750e+02
min_episode_len             0.000000e+00
mean_timeouts               0.000000e+00
val_max_episode_rewards     0.000000e+00
val_mean_episode_rewards    0.000000e+00
val_min_episode_rewards     0.000000e+00
val_max_episode_len         5.000000e+02
val_mean_episode_len        5.000000e+02
val_min_episode_len         0.000000e+00
val_mean_timeouts           0.000000e+00
Name: 159, dtype: float64
Loaded 65792 images
timesteps                   1.055130e+07
wall_time                   4.706645e+04
num_episodes                2.639000e+04
max_episode_rewards         1.000000e+01
mean_episode_rewards        3.750000e+00
min_episode_rewards         0.000000e+00
max_episode_len             5.000000e+02
mean_episode_len            3.275000e+02
min_episode_len             0.000000e+00
mean_timeouts               2.500000e-02
val_max_episode_rewards     0.000000e+00
val_mean_episode_rewards    0.000000e+00
val_min_episode_rewards     0.000000e+00
val_max_episode_len         5.000000e+02
val_mean_episode_len        5.000000e+02
val_min_episode_len         0.000000e+00
val_mean_timeouts           0.000000e+00
Name: 160, dtype: float64
Loaded 65792 images
timesteps                   1.061683e+07
wall_time                   4.738767e+04
num_episodes                2.655900e+04
max_episode_rewards         1.000000e+01
mean_episode_rewards        1.000000e+00
min_episode_rewards         0.000000e+00
max_episode_len             5.000000e+02
mean_episode_len            4.586750e+02
min_episode_len             0.000000e+00
mean_timeouts               0.000000e+00
val_max_episode_rewards     1.000000e+01
val_mean_episode_rewards    2.500000e-01
val_min_episode_rewards     0.000000e+00
val_max_episode_len         5.000000e+02
val_mean_episode_len        4.880000e+02
val_min_episode_len         0.000000e+00
val_mean_timeouts           0.000000e+00
Name: 161, dtype: float64
Loaded 65792 images
timesteps                   1.068237e+07
wall_time                   4.772071e+04
num_episodes                2.674100e+04
max_episode_rewards         1.000000e+01
mean_episode_rewards        3.500000e+00
min_episode_rewards         0.000000e+00
max_episode_len             5.000000e+02
mean_episode_len            3.740250e+02
min_episode_len             0.000000e+00
mean_timeouts               0.000000e+00
val_max_episode_rewards     0.000000e+00
val_mean_episode_rewards    0.000000e+00
val_min_episode_rewards     0.000000e+00
val_max_episode_len         5.000000e+02
val_mean_episode_len        5.000000e+02
val_min_episode_len         0.000000e+00
val_mean_timeouts           0.000000e+00
Name: 162, dtype: float64
Loaded 65792 images
timesteps                   1.074790e+07
wall_time                   4.805746e+04
num_episodes                2.690400e+04
max_episode_rewards         1.000000e+01
mean_episode_rewards        1.250000e+00
min_episode_rewards         0.000000e+00
max_episode_len             5.000000e+02
mean_episode_len            4.548750e+02
min_episode_len             0.000000e+00
mean_timeouts               0.000000e+00
val_max_episode_rewards     0.000000e+00
val_mean_episode_rewards    0.000000e+00
val_min_episode_rewards     0.000000e+00
val_max_episode_len         5.000000e+02
val_mean_episode_len        5.000000e+02
val_min_episode_len         0.000000e+00
val_mean_timeouts           0.000000e+00
Name: 163, dtype: float64
Loaded 65792 images
timesteps                   1.081344e+07
wall_time                   4.839119e+04
num_episodes                2.708200e+04
max_episode_rewards         1.000000e+01
mean_episode_rewards        2.500000e+00
min_episode_rewards         0.000000e+00
max_episode_len             5.000000e+02
mean_episode_len            3.958750e+02
min_episode_len             0.000000e+00
mean_timeouts               0.000000e+00
val_max_episode_rewards     1.000000e+01
val_mean_episode_rewards    5.000000e-01
val_min_episode_rewards     0.000000e+00
val_max_episode_len         5.000000e+02
val_mean_episode_len        4.993000e+02
val_min_episode_len         0.000000e+00
val_mean_timeouts           0.000000e+00
Name: 164, dtype: float64
Loaded 65792 images
timesteps                   1.087898e+07
wall_time                   4.871991e+04
num_episodes                2.726100e+04
max_episode_rewards         1.000000e+01
mean_episode_rewards        2.750000e+00
min_episode_rewards         0.000000e+00
max_episode_len             5.000000e+02
mean_episode_len            3.797750e+02
min_episode_len             0.000000e+00
mean_timeouts               0.000000e+00
val_max_episode_rewards     1.000000e+01
val_mean_episode_rewards    2.500000e-01
val_min_episode_rewards     0.000000e+00
val_max_episode_len         5.000000e+02
val_mean_episode_len        4.935500e+02
val_min_episode_len         0.000000e+00
val_mean_timeouts           0.000000e+00
Name: 165, dtype: float64
Loaded 65792 images
timesteps                   1.094451e+07
wall_time                   4.906169e+04
num_episodes                2.742700e+04
max_episode_rewards         1.000000e+01
mean_episode_rewards        3.000000e+00
min_episode_rewards         0.000000e+00
max_episode_len             5.000000e+02
mean_episode_len            3.818500e+02
min_episode_len             0.000000e+00
mean_timeouts               0.000000e+00
val_max_episode_rewards     0.000000e+00
val_mean_episode_rewards    0.000000e+00
val_min_episode_rewards     0.000000e+00
val_max_episode_len         5.000000e+02
val_mean_episode_len        5.000000e+02
val_min_episode_len         0.000000e+00
val_mean_timeouts           0.000000e+00
Name: 166, dtype: float64
Loaded 65792 images
timesteps                   1.101005e+07
wall_time                   4.939817e+04
num_episodes                2.761000e+04
max_episode_rewards         1.000000e+01
mean_episode_rewards        2.750000e+00
min_episode_rewards         0.000000e+00
max_episode_len             5.000000e+02
mean_episode_len            3.836750e+02
min_episode_len             0.000000e+00
mean_timeouts               0.000000e+00
val_max_episode_rewards     0.000000e+00
val_mean_episode_rewards    0.000000e+00
val_min_episode_rewards     0.000000e+00
val_max_episode_len         5.000000e+02
val_mean_episode_len        5.000000e+02
val_min_episode_len         0.000000e+00
val_mean_timeouts           0.000000e+00
Name: 167, dtype: float64
Loaded 65792 images
timesteps                   1.107558e+07
wall_time                   4.973951e+04
num_episodes                2.779100e+04
max_episode_rewards         1.000000e+01
mean_episode_rewards        3.250000e+00
min_episode_rewards         0.000000e+00
max_episode_len             5.000000e+02
mean_episode_len            3.694250e+02
min_episode_len             0.000000e+00
mean_timeouts               0.000000e+00
val_max_episode_rewards     0.000000e+00
val_mean_episode_rewards    0.000000e+00
val_min_episode_rewards     0.000000e+00
val_max_episode_len         5.000000e+02
val_mean_episode_len        5.000000e+02
val_min_episode_len         0.000000e+00
val_mean_timeouts           0.000000e+00
Name: 168, dtype: float64
Loaded 65792 images
timesteps                   1.114112e+07
wall_time                   5.007024e+04
num_episodes                2.797000e+04
max_episode_rewards         1.000000e+01
mean_episode_rewards        2.500000e+00
min_episode_rewards         0.000000e+00
max_episode_len             5.000000e+02
mean_episode_len            3.904500e+02
min_episode_len             0.000000e+00
mean_timeouts               0.000000e+00
val_max_episode_rewards     1.000000e+01
val_mean_episode_rewards    2.500000e-01
val_min_episode_rewards     0.000000e+00
val_max_episode_len         5.000000e+02
val_mean_episode_len        4.941500e+02
val_min_episode_len         0.000000e+00
val_mean_timeouts           0.000000e+00
Name: 169, dtype: float64
Loaded 65792 images
timesteps                   1.120666e+07
wall_time                   5.040208e+04
num_episodes                2.813600e+04
max_episode_rewards         1.000000e+01
mean_episode_rewards        1.500000e+00
min_episode_rewards         0.000000e+00
max_episode_len             5.000000e+02
mean_episode_len            4.433500e+02
min_episode_len             0.000000e+00
mean_timeouts               0.000000e+00
val_max_episode_rewards     1.000000e+01
val_mean_episode_rewards    2.500000e-01
val_min_episode_rewards     0.000000e+00
val_max_episode_len         5.000000e+02
val_mean_episode_len        4.880500e+02
val_min_episode_len         0.000000e+00
val_mean_timeouts           0.000000e+00
Name: 170, dtype: float64
Loaded 65792 images/var/spool/slurm/slurmd/job422058/slurm_script: line 31: 2131981 Killed                  python3 train.py --env_name maze_aisc --exp_name concurrent_svdd --num_levels 100000 --distribution_mode hard --param_name hard-500 --num_timesteps 200000000 --save_timesteps 390625 781250 1562500 3125000 6250000 10000000 12500000 20000000 25000000 30000000 40000000 50000000 60000000 70000000 80000000 90000000 100000000 110000000 120000000 130000000 140000000 150000000 160000000 170000000 180000000 190000000 200000000 --seed 8888 --use_wandb --save_observations --concurrent_svdd
slurmstepd: error: Detected 1 oom_kill event in StepId=422058.batch. Some of the step tasks have been OOM Killed.
