++ /nas/ucb/tutrinh/anaconda3/bin/conda shell.bash hook
+ eval 'export CONDA_EXE='\''/nas/ucb/tutrinh/anaconda3/bin/conda'\''
export _CE_M='\'''\''
export _CE_CONDA='\'''\''
export CONDA_PYTHON_EXE='\''/nas/ucb/tutrinh/anaconda3/bin/python'\''

# Copyright (C) 2012 Anaconda, Inc
# SPDX-License-Identifier: BSD-3-Clause
__conda_exe() (
    "$CONDA_EXE" $_CE_M $_CE_CONDA "$@"
)

__conda_hashr() {
    if [ -n "${ZSH_VERSION:+x}" ]; then
        \rehash
    elif [ -n "${POSH_VERSION:+x}" ]; then
        :  # pass
    else
        \hash -r
    fi
}

__conda_activate() {
    if [ -n "${CONDA_PS1_BACKUP:+x}" ]; then
        # Handle transition from shell activated with conda <= 4.3 to a subsequent activation
        # after conda updated to >= 4.4. See issue #6173.
        PS1="$CONDA_PS1_BACKUP"
        \unset CONDA_PS1_BACKUP
    fi
    \local ask_conda
    ask_conda="$(PS1="${PS1:-}" __conda_exe shell.posix "$@")" || \return
    \eval "$ask_conda"
    __conda_hashr
}

__conda_reactivate() {
    \local ask_conda
    ask_conda="$(PS1="${PS1:-}" __conda_exe shell.posix reactivate)" || \return
    \eval "$ask_conda"
    __conda_hashr
}

conda() {
    \local cmd="${1-__missing__}"
    case "$cmd" in
        activate|deactivate)
            __conda_activate "$@"
            ;;
        install|update|upgrade|remove|uninstall)
            __conda_exe "$@" || \return
            __conda_reactivate
            ;;
        *)
            __conda_exe "$@"
            ;;
    esac
}

if [ -z "${CONDA_SHLVL+x}" ]; then
    \export CONDA_SHLVL=0
    # In dev-mode CONDA_EXE is python.exe and on Windows
    # it is in a different relative location to condabin.
    if [ -n "${_CE_CONDA:+x}" ] && [ -n "${WINDIR+x}" ]; then
        PATH="$(\dirname "$CONDA_EXE")/condabin${PATH:+":${PATH}"}"
    else
        PATH="$(\dirname "$(\dirname "$CONDA_EXE")")/condabin${PATH:+":${PATH}"}"
    fi
    \export PATH

    # We'\''re not allowing PS1 to be unbound. It must at least be set.
    # However, we'\''re not exporting it, which can cause problems when starting a second shell
    # via a first shell (i.e. starting zsh from bash).
    if [ -z "${PS1+x}" ]; then
        PS1=
    fi
fi

conda activate base'
++ export CONDA_EXE=/nas/ucb/tutrinh/anaconda3/bin/conda
++ CONDA_EXE=/nas/ucb/tutrinh/anaconda3/bin/conda
++ export _CE_M=
++ _CE_M=
++ export _CE_CONDA=
++ _CE_CONDA=
++ export CONDA_PYTHON_EXE=/nas/ucb/tutrinh/anaconda3/bin/python
++ CONDA_PYTHON_EXE=/nas/ucb/tutrinh/anaconda3/bin/python
++ '[' -z x ']'
++ conda activate base
++ local cmd=activate
++ case "$cmd" in
++ __conda_activate activate base
++ '[' -n '' ']'
++ local ask_conda
+++ PS1=
+++ __conda_exe shell.posix activate base
+++ /nas/ucb/tutrinh/anaconda3/bin/conda shell.posix activate base
++ ask_conda='PS1='\''(base) '\''
export PATH='\''/home/tutrinh/.local/bin:/nas/ucb/tutrinh/anaconda3/bin:/nas/ucb/tutrinh/anaconda3/condabin:/usr/local/sbin:/usr/local/bin:/usr/sbin:/usr/bin:/sbin:/bin:/usr/games:/usr/local/games:/home/tutrinh/.local/bin'\''
export CONDA_SHLVL='\''1'\''
export CONDA_PROMPT_MODIFIER='\''(base) '\'''
++ eval 'PS1='\''(base) '\''
export PATH='\''/home/tutrinh/.local/bin:/nas/ucb/tutrinh/anaconda3/bin:/nas/ucb/tutrinh/anaconda3/condabin:/usr/local/sbin:/usr/local/bin:/usr/sbin:/usr/bin:/sbin:/bin:/usr/games:/usr/local/games:/home/tutrinh/.local/bin'\''
export CONDA_SHLVL='\''1'\''
export CONDA_PROMPT_MODIFIER='\''(base) '\'''
+++ PS1='(base) '
+++ export PATH=/home/tutrinh/.local/bin:/nas/ucb/tutrinh/anaconda3/bin:/nas/ucb/tutrinh/anaconda3/condabin:/usr/local/sbin:/usr/local/bin:/usr/sbin:/usr/bin:/sbin:/bin:/usr/games:/usr/local/games:/home/tutrinh/.local/bin
+++ PATH=/home/tutrinh/.local/bin:/nas/ucb/tutrinh/anaconda3/bin:/nas/ucb/tutrinh/anaconda3/condabin:/usr/local/sbin:/usr/local/bin:/usr/sbin:/usr/bin:/sbin:/bin:/usr/games:/usr/local/games:/home/tutrinh/.local/bin
+++ export CONDA_SHLVL=1
+++ CONDA_SHLVL=1
+++ export 'CONDA_PROMPT_MODIFIER=(base) '
+++ CONDA_PROMPT_MODIFIER='(base) '
++ __conda_hashr
++ '[' -n '' ']'
++ '[' -n '' ']'
++ hash -r
+ conda activate ood
+ local cmd=activate
+ case "$cmd" in
+ __conda_activate activate ood
+ '[' -n '' ']'
+ local ask_conda
++ PS1='(base) '
++ __conda_exe shell.posix activate ood
++ /nas/ucb/tutrinh/anaconda3/bin/conda shell.posix activate ood
+ ask_conda='PS1='\''(ood) '\''
export PATH='\''/home/tutrinh/.local/bin:/nas/ucb/tutrinh/anaconda3/envs/ood/bin:/nas/ucb/tutrinh/anaconda3/condabin:/usr/local/sbin:/usr/local/bin:/usr/sbin:/usr/bin:/sbin:/bin:/usr/games:/usr/local/games:/home/tutrinh/.local/bin'\''
export CONDA_PREFIX='\''/nas/ucb/tutrinh/anaconda3/envs/ood'\''
export CONDA_SHLVL='\''2'\''
export CONDA_DEFAULT_ENV='\''ood'\''
export CONDA_PROMPT_MODIFIER='\''(ood) '\''
export CONDA_PREFIX_1='\''/nas/ucb/tutrinh/anaconda3'\''
export CONDA_EXE='\''/nas/ucb/tutrinh/anaconda3/bin/conda'\''
export _CE_M='\'''\''
export _CE_CONDA='\'''\''
export CONDA_PYTHON_EXE='\''/nas/ucb/tutrinh/anaconda3/bin/python'\''
. "/nas/ucb/tutrinh/anaconda3/envs/ood/etc/conda/activate.d/activate-binutils_linux-64.sh"
. "/nas/ucb/tutrinh/anaconda3/envs/ood/etc/conda/activate.d/activate-gcc_linux-64.sh"
. "/nas/ucb/tutrinh/anaconda3/envs/ood/etc/conda/activate.d/glib_activate.sh"'
+ eval 'PS1='\''(ood) '\''
export PATH='\''/home/tutrinh/.local/bin:/nas/ucb/tutrinh/anaconda3/envs/ood/bin:/nas/ucb/tutrinh/anaconda3/condabin:/usr/local/sbin:/usr/local/bin:/usr/sbin:/usr/bin:/sbin:/bin:/usr/games:/usr/local/games:/home/tutrinh/.local/bin'\''
export CONDA_PREFIX='\''/nas/ucb/tutrinh/anaconda3/envs/ood'\''
export CONDA_SHLVL='\''2'\''
export CONDA_DEFAULT_ENV='\''ood'\''
export CONDA_PROMPT_MODIFIER='\''(ood) '\''
export CONDA_PREFIX_1='\''/nas/ucb/tutrinh/anaconda3'\''
export CONDA_EXE='\''/nas/ucb/tutrinh/anaconda3/bin/conda'\''
export _CE_M='\'''\''
export _CE_CONDA='\'''\''
export CONDA_PYTHON_EXE='\''/nas/ucb/tutrinh/anaconda3/bin/python'\''
. "/nas/ucb/tutrinh/anaconda3/envs/ood/etc/conda/activate.d/activate-binutils_linux-64.sh"
. "/nas/ucb/tutrinh/anaconda3/envs/ood/etc/conda/activate.d/activate-gcc_linux-64.sh"
. "/nas/ucb/tutrinh/anaconda3/envs/ood/etc/conda/activate.d/glib_activate.sh"'
++ PS1='(ood) '
++ export PATH=/home/tutrinh/.local/bin:/nas/ucb/tutrinh/anaconda3/envs/ood/bin:/nas/ucb/tutrinh/anaconda3/condabin:/usr/local/sbin:/usr/local/bin:/usr/sbin:/usr/bin:/sbin:/bin:/usr/games:/usr/local/games:/home/tutrinh/.local/bin
++ PATH=/home/tutrinh/.local/bin:/nas/ucb/tutrinh/anaconda3/envs/ood/bin:/nas/ucb/tutrinh/anaconda3/condabin:/usr/local/sbin:/usr/local/bin:/usr/sbin:/usr/bin:/sbin:/bin:/usr/games:/usr/local/games:/home/tutrinh/.local/bin
++ export CONDA_PREFIX=/nas/ucb/tutrinh/anaconda3/envs/ood
++ CONDA_PREFIX=/nas/ucb/tutrinh/anaconda3/envs/ood
++ export CONDA_SHLVL=2
++ CONDA_SHLVL=2
++ export CONDA_DEFAULT_ENV=ood
++ CONDA_DEFAULT_ENV=ood
++ export 'CONDA_PROMPT_MODIFIER=(ood) '
++ CONDA_PROMPT_MODIFIER='(ood) '
++ export CONDA_PREFIX_1=/nas/ucb/tutrinh/anaconda3
++ CONDA_PREFIX_1=/nas/ucb/tutrinh/anaconda3
++ export CONDA_EXE=/nas/ucb/tutrinh/anaconda3/bin/conda
++ CONDA_EXE=/nas/ucb/tutrinh/anaconda3/bin/conda
++ export _CE_M=
++ _CE_M=
++ export _CE_CONDA=
++ _CE_CONDA=
++ export CONDA_PYTHON_EXE=/nas/ucb/tutrinh/anaconda3/bin/python
++ CONDA_PYTHON_EXE=/nas/ucb/tutrinh/anaconda3/bin/python
++ . /nas/ucb/tutrinh/anaconda3/envs/ood/etc/conda/activate.d/activate-binutils_linux-64.sh
+++ env
+++ _tc_activation activate host x86_64-conda_cos6-linux-gnu x86_64-conda_cos6-linux-gnu- addr2line ar as c++filt elfedit gprof ld ld.gold nm objcopy objdump ranlib readelf size strings strip
+++ local act_nature=activate
+++ shift
+++ local tc_nature=host
+++ shift
+++ local tc_machine=x86_64-conda_cos6-linux-gnu
+++ shift
+++ local tc_prefix=x86_64-conda_cos6-linux-gnu-
+++ shift
+++ local thing
+++ local newval
+++ local from
+++ local to
+++ local which
+++ local pass
+++ '[' activate = activate ']'
+++ from=
+++ to=CONDA_BACKUP_
+++ for pass in check apply
+++ for thing in $tc_nature,$tc_machine "$@"
+++ case "${thing}" in
++++ echo host,x86_64-conda_cos6-linux-gnu
++++ sed 's,^[^\,]*\,\(.*\),\1,'
+++ newval=x86_64-conda_cos6-linux-gnu
++++ sed 's,^\([^\,]*\)\,.*,\1,'
++++ echo host,x86_64-conda_cos6-linux-gnu
+++ thing=host
+++ '[' check = apply ']'
+++ for thing in $tc_nature,$tc_machine "$@"
+++ case "${thing}" in
++++ which /nas/ucb/tutrinh/anaconda3/envs/ood/bin/x86_64-conda_cos6-linux-gnu-addr2line
+++ newval=/nas/ucb/tutrinh/anaconda3/envs/ood/bin/x86_64-conda_cos6-linux-gnu-addr2line
+++ '[' -z /nas/ucb/tutrinh/anaconda3/envs/ood/bin/x86_64-conda_cos6-linux-gnu-addr2line -a check = check ']'
+++ '[' check = apply ']'
+++ for thing in $tc_nature,$tc_machine "$@"
+++ case "${thing}" in
++++ which /nas/ucb/tutrinh/anaconda3/envs/ood/bin/x86_64-conda_cos6-linux-gnu-ar
+++ newval=/nas/ucb/tutrinh/anaconda3/envs/ood/bin/x86_64-conda_cos6-linux-gnu-ar
+++ '[' -z /nas/ucb/tutrinh/anaconda3/envs/ood/bin/x86_64-conda_cos6-linux-gnu-ar -a check = check ']'
+++ '[' check = apply ']'
+++ for thing in $tc_nature,$tc_machine "$@"
+++ case "${thing}" in
++++ which /nas/ucb/tutrinh/anaconda3/envs/ood/bin/x86_64-conda_cos6-linux-gnu-as
+++ newval=/nas/ucb/tutrinh/anaconda3/envs/ood/bin/x86_64-conda_cos6-linux-gnu-as
+++ '[' -z /nas/ucb/tutrinh/anaconda3/envs/ood/bin/x86_64-conda_cos6-linux-gnu-as -a check = check ']'
+++ '[' check = apply ']'
+++ for thing in $tc_nature,$tc_machine "$@"
+++ case "${thing}" in
++++ which /nas/ucb/tutrinh/anaconda3/envs/ood/bin/x86_64-conda_cos6-linux-gnu-c++filt
+++ newval=/nas/ucb/tutrinh/anaconda3/envs/ood/bin/x86_64-conda_cos6-linux-gnu-c++filt
+++ '[' -z /nas/ucb/tutrinh/anaconda3/envs/ood/bin/x86_64-conda_cos6-linux-gnu-c++filt -a check = check ']'
+++ '[' check = apply ']'
+++ for thing in $tc_nature,$tc_machine "$@"
+++ case "${thing}" in
++++ which /nas/ucb/tutrinh/anaconda3/envs/ood/bin/x86_64-conda_cos6-linux-gnu-elfedit
+++ newval=/nas/ucb/tutrinh/anaconda3/envs/ood/bin/x86_64-conda_cos6-linux-gnu-elfedit
+++ '[' -z /nas/ucb/tutrinh/anaconda3/envs/ood/bin/x86_64-conda_cos6-linux-gnu-elfedit -a check = check ']'
+++ '[' check = apply ']'
+++ for thing in $tc_nature,$tc_machine "$@"
+++ case "${thing}" in
++++ which /nas/ucb/tutrinh/anaconda3/envs/ood/bin/x86_64-conda_cos6-linux-gnu-gprof
+++ newval=/nas/ucb/tutrinh/anaconda3/envs/ood/bin/x86_64-conda_cos6-linux-gnu-gprof
+++ '[' -z /nas/ucb/tutrinh/anaconda3/envs/ood/bin/x86_64-conda_cos6-linux-gnu-gprof -a check = check ']'
+++ '[' check = apply ']'
+++ for thing in $tc_nature,$tc_machine "$@"
+++ case "${thing}" in
++++ which /nas/ucb/tutrinh/anaconda3/envs/ood/bin/x86_64-conda_cos6-linux-gnu-ld
+++ newval=/nas/ucb/tutrinh/anaconda3/envs/ood/bin/x86_64-conda_cos6-linux-gnu-ld
+++ '[' -z /nas/ucb/tutrinh/anaconda3/envs/ood/bin/x86_64-conda_cos6-linux-gnu-ld -a check = check ']'
+++ '[' check = apply ']'
+++ for thing in $tc_nature,$tc_machine "$@"
+++ case "${thing}" in
++++ which /nas/ucb/tutrinh/anaconda3/envs/ood/bin/x86_64-conda_cos6-linux-gnu-ld.gold
+++ newval=/nas/ucb/tutrinh/anaconda3/envs/ood/bin/x86_64-conda_cos6-linux-gnu-ld.gold
+++ '[' -z /nas/ucb/tutrinh/anaconda3/envs/ood/bin/x86_64-conda_cos6-linux-gnu-ld.gold -a check = check ']'
+++ '[' check = apply ']'
+++ for thing in $tc_nature,$tc_machine "$@"
+++ case "${thing}" in
++++ which /nas/ucb/tutrinh/anaconda3/envs/ood/bin/x86_64-conda_cos6-linux-gnu-nm
+++ newval=/nas/ucb/tutrinh/anaconda3/envs/ood/bin/x86_64-conda_cos6-linux-gnu-nm
+++ '[' -z /nas/ucb/tutrinh/anaconda3/envs/ood/bin/x86_64-conda_cos6-linux-gnu-nm -a check = check ']'
+++ '[' check = apply ']'
+++ for thing in $tc_nature,$tc_machine "$@"
+++ case "${thing}" in
++++ which /nas/ucb/tutrinh/anaconda3/envs/ood/bin/x86_64-conda_cos6-linux-gnu-objcopy
+++ newval=/nas/ucb/tutrinh/anaconda3/envs/ood/bin/x86_64-conda_cos6-linux-gnu-objcopy
+++ '[' -z /nas/ucb/tutrinh/anaconda3/envs/ood/bin/x86_64-conda_cos6-linux-gnu-objcopy -a check = check ']'
+++ '[' check = apply ']'
+++ for thing in $tc_nature,$tc_machine "$@"
+++ case "${thing}" in
++++ which /nas/ucb/tutrinh/anaconda3/envs/ood/bin/x86_64-conda_cos6-linux-gnu-objdump
+++ newval=/nas/ucb/tutrinh/anaconda3/envs/ood/bin/x86_64-conda_cos6-linux-gnu-objdump
+++ '[' -z /nas/ucb/tutrinh/anaconda3/envs/ood/bin/x86_64-conda_cos6-linux-gnu-objdump -a check = check ']'
+++ '[' check = apply ']'
+++ for thing in $tc_nature,$tc_machine "$@"
+++ case "${thing}" in
++++ which /nas/ucb/tutrinh/anaconda3/envs/ood/bin/x86_64-conda_cos6-linux-gnu-ranlib
+++ newval=/nas/ucb/tutrinh/anaconda3/envs/ood/bin/x86_64-conda_cos6-linux-gnu-ranlib
+++ '[' -z /nas/ucb/tutrinh/anaconda3/envs/ood/bin/x86_64-conda_cos6-linux-gnu-ranlib -a check = check ']'
+++ '[' check = apply ']'
+++ for thing in $tc_nature,$tc_machine "$@"
+++ case "${thing}" in
++++ which /nas/ucb/tutrinh/anaconda3/envs/ood/bin/x86_64-conda_cos6-linux-gnu-readelf
+++ newval=/nas/ucb/tutrinh/anaconda3/envs/ood/bin/x86_64-conda_cos6-linux-gnu-readelf
+++ '[' -z /nas/ucb/tutrinh/anaconda3/envs/ood/bin/x86_64-conda_cos6-linux-gnu-readelf -a check = check ']'
+++ '[' check = apply ']'
+++ for thing in $tc_nature,$tc_machine "$@"
+++ case "${thing}" in
++++ which /nas/ucb/tutrinh/anaconda3/envs/ood/bin/x86_64-conda_cos6-linux-gnu-size
+++ newval=/nas/ucb/tutrinh/anaconda3/envs/ood/bin/x86_64-conda_cos6-linux-gnu-size
+++ '[' -z /nas/ucb/tutrinh/anaconda3/envs/ood/bin/x86_64-conda_cos6-linux-gnu-size -a check = check ']'
+++ '[' check = apply ']'
+++ for thing in $tc_nature,$tc_machine "$@"
+++ case "${thing}" in
++++ which /nas/ucb/tutrinh/anaconda3/envs/ood/bin/x86_64-conda_cos6-linux-gnu-strings
+++ newval=/nas/ucb/tutrinh/anaconda3/envs/ood/bin/x86_64-conda_cos6-linux-gnu-strings
+++ '[' -z /nas/ucb/tutrinh/anaconda3/envs/ood/bin/x86_64-conda_cos6-linux-gnu-strings -a check = check ']'
+++ '[' check = apply ']'
+++ for thing in $tc_nature,$tc_machine "$@"
+++ case "${thing}" in
++++ which /nas/ucb/tutrinh/anaconda3/envs/ood/bin/x86_64-conda_cos6-linux-gnu-strip
+++ newval=/nas/ucb/tutrinh/anaconda3/envs/ood/bin/x86_64-conda_cos6-linux-gnu-strip
+++ '[' -z /nas/ucb/tutrinh/anaconda3/envs/ood/bin/x86_64-conda_cos6-linux-gnu-strip -a check = check ']'
+++ '[' check = apply ']'
+++ for pass in check apply
+++ for thing in $tc_nature,$tc_machine "$@"
+++ case "${thing}" in
++++ sed 's,^[^\,]*\,\(.*\),\1,'
++++ echo host,x86_64-conda_cos6-linux-gnu
+++ newval=x86_64-conda_cos6-linux-gnu
++++ sed 's,^\([^\,]*\)\,.*,\1,'
++++ echo host,x86_64-conda_cos6-linux-gnu
+++ thing=host
+++ '[' apply = apply ']'
++++ tr a-z+-. A-ZX__
++++ echo host
+++ thing=HOST
+++ eval 'oldval=$HOST'
++++ oldval=
+++ '[' -n '' ']'
+++ eval unset '${to}${thing}'
++++ unset CONDA_BACKUP_HOST
+++ '[' -n x86_64-conda_cos6-linux-gnu ']'
+++ eval export ''\''HOST=x86_64-conda_cos6-linux-gnu'\'''
++++ export HOST=x86_64-conda_cos6-linux-gnu
++++ HOST=x86_64-conda_cos6-linux-gnu
+++ for thing in $tc_nature,$tc_machine "$@"
+++ case "${thing}" in
++++ which /nas/ucb/tutrinh/anaconda3/envs/ood/bin/x86_64-conda_cos6-linux-gnu-addr2line
+++ newval=/nas/ucb/tutrinh/anaconda3/envs/ood/bin/x86_64-conda_cos6-linux-gnu-addr2line
+++ '[' -z /nas/ucb/tutrinh/anaconda3/envs/ood/bin/x86_64-conda_cos6-linux-gnu-addr2line -a apply = check ']'
+++ '[' apply = apply ']'
++++ tr a-z+-. A-ZX__
++++ echo addr2line
+++ thing=ADDR2LINE
+++ eval 'oldval=$ADDR2LINE'
++++ oldval=
+++ '[' -n '' ']'
+++ eval unset '${to}${thing}'
++++ unset CONDA_BACKUP_ADDR2LINE
+++ '[' -n /nas/ucb/tutrinh/anaconda3/envs/ood/bin/x86_64-conda_cos6-linux-gnu-addr2line ']'
+++ eval export ''\''ADDR2LINE=/nas/ucb/tutrinh/anaconda3/envs/ood/bin/x86_64-conda_cos6-linux-gnu-addr2line'\'''
++++ export ADDR2LINE=/nas/ucb/tutrinh/anaconda3/envs/ood/bin/x86_64-conda_cos6-linux-gnu-addr2line
++++ ADDR2LINE=/nas/ucb/tutrinh/anaconda3/envs/ood/bin/x86_64-conda_cos6-linux-gnu-addr2line
+++ for thing in $tc_nature,$tc_machine "$@"
+++ case "${thing}" in
++++ which /nas/ucb/tutrinh/anaconda3/envs/ood/bin/x86_64-conda_cos6-linux-gnu-ar
+++ newval=/nas/ucb/tutrinh/anaconda3/envs/ood/bin/x86_64-conda_cos6-linux-gnu-ar
+++ '[' -z /nas/ucb/tutrinh/anaconda3/envs/ood/bin/x86_64-conda_cos6-linux-gnu-ar -a apply = check ']'
+++ '[' apply = apply ']'
++++ tr a-z+-. A-ZX__
++++ echo ar
+++ thing=AR
+++ eval 'oldval=$AR'
++++ oldval=
+++ '[' -n '' ']'
+++ eval unset '${to}${thing}'
++++ unset CONDA_BACKUP_AR
+++ '[' -n /nas/ucb/tutrinh/anaconda3/envs/ood/bin/x86_64-conda_cos6-linux-gnu-ar ']'
+++ eval export ''\''AR=/nas/ucb/tutrinh/anaconda3/envs/ood/bin/x86_64-conda_cos6-linux-gnu-ar'\'''
++++ export AR=/nas/ucb/tutrinh/anaconda3/envs/ood/bin/x86_64-conda_cos6-linux-gnu-ar
++++ AR=/nas/ucb/tutrinh/anaconda3/envs/ood/bin/x86_64-conda_cos6-linux-gnu-ar
+++ for thing in $tc_nature,$tc_machine "$@"
+++ case "${thing}" in
++++ which /nas/ucb/tutrinh/anaconda3/envs/ood/bin/x86_64-conda_cos6-linux-gnu-as
+++ newval=/nas/ucb/tutrinh/anaconda3/envs/ood/bin/x86_64-conda_cos6-linux-gnu-as
+++ '[' -z /nas/ucb/tutrinh/anaconda3/envs/ood/bin/x86_64-conda_cos6-linux-gnu-as -a apply = check ']'
+++ '[' apply = apply ']'
++++ tr a-z+-. A-ZX__
++++ echo as
+++ thing=AS
+++ eval 'oldval=$AS'
++++ oldval=
+++ '[' -n '' ']'
+++ eval unset '${to}${thing}'
++++ unset CONDA_BACKUP_AS
+++ '[' -n /nas/ucb/tutrinh/anaconda3/envs/ood/bin/x86_64-conda_cos6-linux-gnu-as ']'
+++ eval export ''\''AS=/nas/ucb/tutrinh/anaconda3/envs/ood/bin/x86_64-conda_cos6-linux-gnu-as'\'''
++++ export AS=/nas/ucb/tutrinh/anaconda3/envs/ood/bin/x86_64-conda_cos6-linux-gnu-as
++++ AS=/nas/ucb/tutrinh/anaconda3/envs/ood/bin/x86_64-conda_cos6-linux-gnu-as
+++ for thing in $tc_nature,$tc_machine "$@"
+++ case "${thing}" in
++++ which /nas/ucb/tutrinh/anaconda3/envs/ood/bin/x86_64-conda_cos6-linux-gnu-c++filt
+++ newval=/nas/ucb/tutrinh/anaconda3/envs/ood/bin/x86_64-conda_cos6-linux-gnu-c++filt
+++ '[' -z /nas/ucb/tutrinh/anaconda3/envs/ood/bin/x86_64-conda_cos6-linux-gnu-c++filt -a apply = check ']'
+++ '[' apply = apply ']'
++++ tr a-z+-. A-ZX__
++++ echo c++filt
+++ thing=CXXFILT
+++ eval 'oldval=$CXXFILT'
++++ oldval=
+++ '[' -n '' ']'
+++ eval unset '${to}${thing}'
++++ unset CONDA_BACKUP_CXXFILT
+++ '[' -n /nas/ucb/tutrinh/anaconda3/envs/ood/bin/x86_64-conda_cos6-linux-gnu-c++filt ']'
+++ eval export ''\''CXXFILT=/nas/ucb/tutrinh/anaconda3/envs/ood/bin/x86_64-conda_cos6-linux-gnu-c++filt'\'''
++++ export CXXFILT=/nas/ucb/tutrinh/anaconda3/envs/ood/bin/x86_64-conda_cos6-linux-gnu-c++filt
++++ CXXFILT=/nas/ucb/tutrinh/anaconda3/envs/ood/bin/x86_64-conda_cos6-linux-gnu-c++filt
+++ for thing in $tc_nature,$tc_machine "$@"
+++ case "${thing}" in
++++ which /nas/ucb/tutrinh/anaconda3/envs/ood/bin/x86_64-conda_cos6-linux-gnu-elfedit
+++ newval=/nas/ucb/tutrinh/anaconda3/envs/ood/bin/x86_64-conda_cos6-linux-gnu-elfedit
+++ '[' -z /nas/ucb/tutrinh/anaconda3/envs/ood/bin/x86_64-conda_cos6-linux-gnu-elfedit -a apply = check ']'
+++ '[' apply = apply ']'
++++ tr a-z+-. A-ZX__
++++ echo elfedit
+++ thing=ELFEDIT
+++ eval 'oldval=$ELFEDIT'
++++ oldval=
+++ '[' -n '' ']'
+++ eval unset '${to}${thing}'
++++ unset CONDA_BACKUP_ELFEDIT
+++ '[' -n /nas/ucb/tutrinh/anaconda3/envs/ood/bin/x86_64-conda_cos6-linux-gnu-elfedit ']'
+++ eval export ''\''ELFEDIT=/nas/ucb/tutrinh/anaconda3/envs/ood/bin/x86_64-conda_cos6-linux-gnu-elfedit'\'''
++++ export ELFEDIT=/nas/ucb/tutrinh/anaconda3/envs/ood/bin/x86_64-conda_cos6-linux-gnu-elfedit
++++ ELFEDIT=/nas/ucb/tutrinh/anaconda3/envs/ood/bin/x86_64-conda_cos6-linux-gnu-elfedit
+++ for thing in $tc_nature,$tc_machine "$@"
+++ case "${thing}" in
++++ which /nas/ucb/tutrinh/anaconda3/envs/ood/bin/x86_64-conda_cos6-linux-gnu-gprof
+++ newval=/nas/ucb/tutrinh/anaconda3/envs/ood/bin/x86_64-conda_cos6-linux-gnu-gprof
+++ '[' -z /nas/ucb/tutrinh/anaconda3/envs/ood/bin/x86_64-conda_cos6-linux-gnu-gprof -a apply = check ']'
+++ '[' apply = apply ']'
++++ tr a-z+-. A-ZX__
++++ echo gprof
+++ thing=GPROF
+++ eval 'oldval=$GPROF'
++++ oldval=
+++ '[' -n '' ']'
+++ eval unset '${to}${thing}'
++++ unset CONDA_BACKUP_GPROF
+++ '[' -n /nas/ucb/tutrinh/anaconda3/envs/ood/bin/x86_64-conda_cos6-linux-gnu-gprof ']'
+++ eval export ''\''GPROF=/nas/ucb/tutrinh/anaconda3/envs/ood/bin/x86_64-conda_cos6-linux-gnu-gprof'\'''
++++ export GPROF=/nas/ucb/tutrinh/anaconda3/envs/ood/bin/x86_64-conda_cos6-linux-gnu-gprof
++++ GPROF=/nas/ucb/tutrinh/anaconda3/envs/ood/bin/x86_64-conda_cos6-linux-gnu-gprof
+++ for thing in $tc_nature,$tc_machine "$@"
+++ case "${thing}" in
++++ which /nas/ucb/tutrinh/anaconda3/envs/ood/bin/x86_64-conda_cos6-linux-gnu-ld
+++ newval=/nas/ucb/tutrinh/anaconda3/envs/ood/bin/x86_64-conda_cos6-linux-gnu-ld
+++ '[' -z /nas/ucb/tutrinh/anaconda3/envs/ood/bin/x86_64-conda_cos6-linux-gnu-ld -a apply = check ']'
+++ '[' apply = apply ']'
++++ echo ld
++++ tr a-z+-. A-ZX__
+++ thing=LD
+++ eval 'oldval=$LD'
++++ oldval=
+++ '[' -n '' ']'
+++ eval unset '${to}${thing}'
++++ unset CONDA_BACKUP_LD
+++ '[' -n /nas/ucb/tutrinh/anaconda3/envs/ood/bin/x86_64-conda_cos6-linux-gnu-ld ']'
+++ eval export ''\''LD=/nas/ucb/tutrinh/anaconda3/envs/ood/bin/x86_64-conda_cos6-linux-gnu-ld'\'''
++++ export LD=/nas/ucb/tutrinh/anaconda3/envs/ood/bin/x86_64-conda_cos6-linux-gnu-ld
++++ LD=/nas/ucb/tutrinh/anaconda3/envs/ood/bin/x86_64-conda_cos6-linux-gnu-ld
+++ for thing in $tc_nature,$tc_machine "$@"
+++ case "${thing}" in
++++ which /nas/ucb/tutrinh/anaconda3/envs/ood/bin/x86_64-conda_cos6-linux-gnu-ld.gold
+++ newval=/nas/ucb/tutrinh/anaconda3/envs/ood/bin/x86_64-conda_cos6-linux-gnu-ld.gold
+++ '[' -z /nas/ucb/tutrinh/anaconda3/envs/ood/bin/x86_64-conda_cos6-linux-gnu-ld.gold -a apply = check ']'
+++ '[' apply = apply ']'
++++ echo ld.gold
++++ tr a-z+-. A-ZX__
+++ thing=LD_GOLD
+++ eval 'oldval=$LD_GOLD'
++++ oldval=
+++ '[' -n '' ']'
+++ eval unset '${to}${thing}'
++++ unset CONDA_BACKUP_LD_GOLD
+++ '[' -n /nas/ucb/tutrinh/anaconda3/envs/ood/bin/x86_64-conda_cos6-linux-gnu-ld.gold ']'
+++ eval export ''\''LD_GOLD=/nas/ucb/tutrinh/anaconda3/envs/ood/bin/x86_64-conda_cos6-linux-gnu-ld.gold'\'''
++++ export LD_GOLD=/nas/ucb/tutrinh/anaconda3/envs/ood/bin/x86_64-conda_cos6-linux-gnu-ld.gold
++++ LD_GOLD=/nas/ucb/tutrinh/anaconda3/envs/ood/bin/x86_64-conda_cos6-linux-gnu-ld.gold
+++ for thing in $tc_nature,$tc_machine "$@"
+++ case "${thing}" in
++++ which /nas/ucb/tutrinh/anaconda3/envs/ood/bin/x86_64-conda_cos6-linux-gnu-nm
+++ newval=/nas/ucb/tutrinh/anaconda3/envs/ood/bin/x86_64-conda_cos6-linux-gnu-nm
+++ '[' -z /nas/ucb/tutrinh/anaconda3/envs/ood/bin/x86_64-conda_cos6-linux-gnu-nm -a apply = check ']'
+++ '[' apply = apply ']'
++++ tr a-z+-. A-ZX__
++++ echo nm
+++ thing=NM
+++ eval 'oldval=$NM'
++++ oldval=
+++ '[' -n '' ']'
+++ eval unset '${to}${thing}'
++++ unset CONDA_BACKUP_NM
+++ '[' -n /nas/ucb/tutrinh/anaconda3/envs/ood/bin/x86_64-conda_cos6-linux-gnu-nm ']'
+++ eval export ''\''NM=/nas/ucb/tutrinh/anaconda3/envs/ood/bin/x86_64-conda_cos6-linux-gnu-nm'\'''
++++ export NM=/nas/ucb/tutrinh/anaconda3/envs/ood/bin/x86_64-conda_cos6-linux-gnu-nm
++++ NM=/nas/ucb/tutrinh/anaconda3/envs/ood/bin/x86_64-conda_cos6-linux-gnu-nm
+++ for thing in $tc_nature,$tc_machine "$@"
+++ case "${thing}" in
++++ which /nas/ucb/tutrinh/anaconda3/envs/ood/bin/x86_64-conda_cos6-linux-gnu-objcopy
+++ newval=/nas/ucb/tutrinh/anaconda3/envs/ood/bin/x86_64-conda_cos6-linux-gnu-objcopy
+++ '[' -z /nas/ucb/tutrinh/anaconda3/envs/ood/bin/x86_64-conda_cos6-linux-gnu-objcopy -a apply = check ']'
+++ '[' apply = apply ']'
++++ tr a-z+-. A-ZX__
++++ echo objcopy
+++ thing=OBJCOPY
+++ eval 'oldval=$OBJCOPY'
++++ oldval=
+++ '[' -n '' ']'
+++ eval unset '${to}${thing}'
++++ unset CONDA_BACKUP_OBJCOPY
+++ '[' -n /nas/ucb/tutrinh/anaconda3/envs/ood/bin/x86_64-conda_cos6-linux-gnu-objcopy ']'
+++ eval export ''\''OBJCOPY=/nas/ucb/tutrinh/anaconda3/envs/ood/bin/x86_64-conda_cos6-linux-gnu-objcopy'\'''
++++ export OBJCOPY=/nas/ucb/tutrinh/anaconda3/envs/ood/bin/x86_64-conda_cos6-linux-gnu-objcopy
++++ OBJCOPY=/nas/ucb/tutrinh/anaconda3/envs/ood/bin/x86_64-conda_cos6-linux-gnu-objcopy
+++ for thing in $tc_nature,$tc_machine "$@"
+++ case "${thing}" in
++++ which /nas/ucb/tutrinh/anaconda3/envs/ood/bin/x86_64-conda_cos6-linux-gnu-objdump
+++ newval=/nas/ucb/tutrinh/anaconda3/envs/ood/bin/x86_64-conda_cos6-linux-gnu-objdump
+++ '[' -z /nas/ucb/tutrinh/anaconda3/envs/ood/bin/x86_64-conda_cos6-linux-gnu-objdump -a apply = check ']'
+++ '[' apply = apply ']'
++++ echo objdump
++++ tr a-z+-. A-ZX__
+++ thing=OBJDUMP
+++ eval 'oldval=$OBJDUMP'
++++ oldval=
+++ '[' -n '' ']'
+++ eval unset '${to}${thing}'
++++ unset CONDA_BACKUP_OBJDUMP
+++ '[' -n /nas/ucb/tutrinh/anaconda3/envs/ood/bin/x86_64-conda_cos6-linux-gnu-objdump ']'
+++ eval export ''\''OBJDUMP=/nas/ucb/tutrinh/anaconda3/envs/ood/bin/x86_64-conda_cos6-linux-gnu-objdump'\'''
++++ export OBJDUMP=/nas/ucb/tutrinh/anaconda3/envs/ood/bin/x86_64-conda_cos6-linux-gnu-objdump
++++ OBJDUMP=/nas/ucb/tutrinh/anaconda3/envs/ood/bin/x86_64-conda_cos6-linux-gnu-objdump
+++ for thing in $tc_nature,$tc_machine "$@"
+++ case "${thing}" in
++++ which /nas/ucb/tutrinh/anaconda3/envs/ood/bin/x86_64-conda_cos6-linux-gnu-ranlib
+++ newval=/nas/ucb/tutrinh/anaconda3/envs/ood/bin/x86_64-conda_cos6-linux-gnu-ranlib
+++ '[' -z /nas/ucb/tutrinh/anaconda3/envs/ood/bin/x86_64-conda_cos6-linux-gnu-ranlib -a apply = check ']'
+++ '[' apply = apply ']'
++++ tr a-z+-. A-ZX__
++++ echo ranlib
+++ thing=RANLIB
+++ eval 'oldval=$RANLIB'
++++ oldval=
+++ '[' -n '' ']'
+++ eval unset '${to}${thing}'
++++ unset CONDA_BACKUP_RANLIB
+++ '[' -n /nas/ucb/tutrinh/anaconda3/envs/ood/bin/x86_64-conda_cos6-linux-gnu-ranlib ']'
+++ eval export ''\''RANLIB=/nas/ucb/tutrinh/anaconda3/envs/ood/bin/x86_64-conda_cos6-linux-gnu-ranlib'\'''
++++ export RANLIB=/nas/ucb/tutrinh/anaconda3/envs/ood/bin/x86_64-conda_cos6-linux-gnu-ranlib
++++ RANLIB=/nas/ucb/tutrinh/anaconda3/envs/ood/bin/x86_64-conda_cos6-linux-gnu-ranlib
+++ for thing in $tc_nature,$tc_machine "$@"
+++ case "${thing}" in
++++ which /nas/ucb/tutrinh/anaconda3/envs/ood/bin/x86_64-conda_cos6-linux-gnu-readelf
+++ newval=/nas/ucb/tutrinh/anaconda3/envs/ood/bin/x86_64-conda_cos6-linux-gnu-readelf
+++ '[' -z /nas/ucb/tutrinh/anaconda3/envs/ood/bin/x86_64-conda_cos6-linux-gnu-readelf -a apply = check ']'
+++ '[' apply = apply ']'
++++ tr a-z+-. A-ZX__
++++ echo readelf
+++ thing=READELF
+++ eval 'oldval=$READELF'
++++ oldval=
+++ '[' -n '' ']'
+++ eval unset '${to}${thing}'
++++ unset CONDA_BACKUP_READELF
+++ '[' -n /nas/ucb/tutrinh/anaconda3/envs/ood/bin/x86_64-conda_cos6-linux-gnu-readelf ']'
+++ eval export ''\''READELF=/nas/ucb/tutrinh/anaconda3/envs/ood/bin/x86_64-conda_cos6-linux-gnu-readelf'\'''
++++ export READELF=/nas/ucb/tutrinh/anaconda3/envs/ood/bin/x86_64-conda_cos6-linux-gnu-readelf
++++ READELF=/nas/ucb/tutrinh/anaconda3/envs/ood/bin/x86_64-conda_cos6-linux-gnu-readelf
+++ for thing in $tc_nature,$tc_machine "$@"
+++ case "${thing}" in
++++ which /nas/ucb/tutrinh/anaconda3/envs/ood/bin/x86_64-conda_cos6-linux-gnu-size
+++ newval=/nas/ucb/tutrinh/anaconda3/envs/ood/bin/x86_64-conda_cos6-linux-gnu-size
+++ '[' -z /nas/ucb/tutrinh/anaconda3/envs/ood/bin/x86_64-conda_cos6-linux-gnu-size -a apply = check ']'
+++ '[' apply = apply ']'
++++ echo size
++++ tr a-z+-. A-ZX__
+++ thing=SIZE
+++ eval 'oldval=$SIZE'
++++ oldval=
+++ '[' -n '' ']'
+++ eval unset '${to}${thing}'
++++ unset CONDA_BACKUP_SIZE
+++ '[' -n /nas/ucb/tutrinh/anaconda3/envs/ood/bin/x86_64-conda_cos6-linux-gnu-size ']'
+++ eval export ''\''SIZE=/nas/ucb/tutrinh/anaconda3/envs/ood/bin/x86_64-conda_cos6-linux-gnu-size'\'''
++++ export SIZE=/nas/ucb/tutrinh/anaconda3/envs/ood/bin/x86_64-conda_cos6-linux-gnu-size
++++ SIZE=/nas/ucb/tutrinh/anaconda3/envs/ood/bin/x86_64-conda_cos6-linux-gnu-size
+++ for thing in $tc_nature,$tc_machine "$@"
+++ case "${thing}" in
++++ which /nas/ucb/tutrinh/anaconda3/envs/ood/bin/x86_64-conda_cos6-linux-gnu-strings
+++ newval=/nas/ucb/tutrinh/anaconda3/envs/ood/bin/x86_64-conda_cos6-linux-gnu-strings
+++ '[' -z /nas/ucb/tutrinh/anaconda3/envs/ood/bin/x86_64-conda_cos6-linux-gnu-strings -a apply = check ']'
+++ '[' apply = apply ']'
++++ tr a-z+-. A-ZX__
++++ echo strings
+++ thing=STRINGS
+++ eval 'oldval=$STRINGS'
++++ oldval=
+++ '[' -n '' ']'
+++ eval unset '${to}${thing}'
++++ unset CONDA_BACKUP_STRINGS
+++ '[' -n /nas/ucb/tutrinh/anaconda3/envs/ood/bin/x86_64-conda_cos6-linux-gnu-strings ']'
+++ eval export ''\''STRINGS=/nas/ucb/tutrinh/anaconda3/envs/ood/bin/x86_64-conda_cos6-linux-gnu-strings'\'''
++++ export STRINGS=/nas/ucb/tutrinh/anaconda3/envs/ood/bin/x86_64-conda_cos6-linux-gnu-strings
++++ STRINGS=/nas/ucb/tutrinh/anaconda3/envs/ood/bin/x86_64-conda_cos6-linux-gnu-strings
+++ for thing in $tc_nature,$tc_machine "$@"
+++ case "${thing}" in
++++ which /nas/ucb/tutrinh/anaconda3/envs/ood/bin/x86_64-conda_cos6-linux-gnu-strip
+++ newval=/nas/ucb/tutrinh/anaconda3/envs/ood/bin/x86_64-conda_cos6-linux-gnu-strip
+++ '[' -z /nas/ucb/tutrinh/anaconda3/envs/ood/bin/x86_64-conda_cos6-linux-gnu-strip -a apply = check ']'
+++ '[' apply = apply ']'
++++ tr a-z+-. A-ZX__
++++ echo strip
+++ thing=STRIP
+++ eval 'oldval=$STRIP'
++++ oldval=
+++ '[' -n '' ']'
+++ eval unset '${to}${thing}'
++++ unset CONDA_BACKUP_STRIP
+++ '[' -n /nas/ucb/tutrinh/anaconda3/envs/ood/bin/x86_64-conda_cos6-linux-gnu-strip ']'
+++ eval export ''\''STRIP=/nas/ucb/tutrinh/anaconda3/envs/ood/bin/x86_64-conda_cos6-linux-gnu-strip'\'''
++++ export STRIP=/nas/ucb/tutrinh/anaconda3/envs/ood/bin/x86_64-conda_cos6-linux-gnu-strip
++++ STRIP=/nas/ucb/tutrinh/anaconda3/envs/ood/bin/x86_64-conda_cos6-linux-gnu-strip
+++ return 0
+++ '[' 0 -ne 0 ']'
+++ env
++++ _get_sourced_filename
++++ '[' -n /nas/ucb/tutrinh/anaconda3/envs/ood/etc/conda/activate.d/activate-binutils_linux-64.sh ']'
++++ basename /nas/ucb/tutrinh/anaconda3/envs/ood/etc/conda/activate.d/activate-binutils_linux-64.sh
+++ echo 'INFO: activate-binutils_linux-64.sh made the following environmental changes:'
INFO: activate-binutils_linux-64.sh made the following environmental changes:
+++ diff -U 0 -rN /tmp/old-env-2133747.txt /tmp/new-env-2133747.txt
+++ grep '^-.*\|^+.*'
+++ tail -n +4
+++ sort
+++ grep -v CONDA_BACKUP_
+ADDR2LINE=/nas/ucb/tutrinh/anaconda3/envs/ood/bin/x86_64-conda_cos6-linux-gnu-addr2line
+AR=/nas/ucb/tutrinh/anaconda3/envs/ood/bin/x86_64-conda_cos6-linux-gnu-ar
+AS=/nas/ucb/tutrinh/anaconda3/envs/ood/bin/x86_64-conda_cos6-linux-gnu-as
+CXXFILT=/nas/ucb/tutrinh/anaconda3/envs/ood/bin/x86_64-conda_cos6-linux-gnu-c++filt
+ELFEDIT=/nas/ucb/tutrinh/anaconda3/envs/ood/bin/x86_64-conda_cos6-linux-gnu-elfedit
+GPROF=/nas/ucb/tutrinh/anaconda3/envs/ood/bin/x86_64-conda_cos6-linux-gnu-gprof
+HOST=x86_64-conda_cos6-linux-gnu
+LD_GOLD=/nas/ucb/tutrinh/anaconda3/envs/ood/bin/x86_64-conda_cos6-linux-gnu-ld.gold
+LD=/nas/ucb/tutrinh/anaconda3/envs/ood/bin/x86_64-conda_cos6-linux-gnu-ld
+NM=/nas/ucb/tutrinh/anaconda3/envs/ood/bin/x86_64-conda_cos6-linux-gnu-nm
+OBJCOPY=/nas/ucb/tutrinh/anaconda3/envs/ood/bin/x86_64-conda_cos6-linux-gnu-objcopy
+OBJDUMP=/nas/ucb/tutrinh/anaconda3/envs/ood/bin/x86_64-conda_cos6-linux-gnu-objdump
+RANLIB=/nas/ucb/tutrinh/anaconda3/envs/ood/bin/x86_64-conda_cos6-linux-gnu-ranlib
+READELF=/nas/ucb/tutrinh/anaconda3/envs/ood/bin/x86_64-conda_cos6-linux-gnu-readelf
+SIZE=/nas/ucb/tutrinh/anaconda3/envs/ood/bin/x86_64-conda_cos6-linux-gnu-size
+STRINGS=/nas/ucb/tutrinh/anaconda3/envs/ood/bin/x86_64-conda_cos6-linux-gnu-strings
+STRIP=/nas/ucb/tutrinh/anaconda3/envs/ood/bin/x86_64-conda_cos6-linux-gnu-strip
++ . /nas/ucb/tutrinh/anaconda3/envs/ood/etc/conda/activate.d/activate-gcc_linux-64.sh
+++ env
+++ _tc_activation activate host x86_64-conda_cos6-linux-gnu x86_64-conda_cos6-linux-gnu- cc cpp gcc gcc-ar gcc-nm gcc-ranlib 'CPPFLAGS,-D_FORTIFY_SOURCE=2 -O2' 'CFLAGS,-march=nocona -mtune=haswell -ftree-vectorize -fPIC -fstack-protector-strong -fno-plt -O2 -pipe' LDFLAGS,-Wl,-O2,--sort-common,--as-needed,-z,relro,-z,now 'DEBUG_CFLAGS,-march=nocona -mtune=haswell -ftree-vectorize -fPIC -fstack-protector-strong -fno-plt -O2 -pipe -Og -g -Wall -Wextra -fcheck=all -fbacktrace -fimplicit-none -fvar-tracking-assignments'
+++ local act_nature=activate
+++ shift
+++ local tc_nature=host
+++ shift
+++ local tc_machine=x86_64-conda_cos6-linux-gnu
+++ shift
+++ local tc_prefix=x86_64-conda_cos6-linux-gnu-
+++ shift
+++ local thing
+++ local newval
+++ local from
+++ local to
+++ local which
+++ local pass
+++ '[' activate = activate ']'
+++ from=
+++ to=CONDA_BACKUP_
+++ for pass in check apply
+++ for thing in $tc_nature,$tc_machine "$@"
+++ case "${thing}" in
++++ sed 's,^[^\,]*\,\(.*\),\1,'
++++ echo host,x86_64-conda_cos6-linux-gnu
+++ newval=x86_64-conda_cos6-linux-gnu
++++ echo host,x86_64-conda_cos6-linux-gnu
++++ sed 's,^\([^\,]*\)\,.*,\1,'
+++ thing=host
+++ '[' check = apply ']'
+++ for thing in $tc_nature,$tc_machine "$@"
+++ case "${thing}" in
++++ which /nas/ucb/tutrinh/anaconda3/envs/ood/bin/x86_64-conda_cos6-linux-gnu-cc
+++ newval=/nas/ucb/tutrinh/anaconda3/envs/ood/bin/x86_64-conda_cos6-linux-gnu-cc
+++ '[' -z /nas/ucb/tutrinh/anaconda3/envs/ood/bin/x86_64-conda_cos6-linux-gnu-cc -a check = check ']'
+++ '[' check = apply ']'
+++ for thing in $tc_nature,$tc_machine "$@"
+++ case "${thing}" in
++++ which /nas/ucb/tutrinh/anaconda3/envs/ood/bin/x86_64-conda_cos6-linux-gnu-cpp
+++ newval=/nas/ucb/tutrinh/anaconda3/envs/ood/bin/x86_64-conda_cos6-linux-gnu-cpp
+++ '[' -z /nas/ucb/tutrinh/anaconda3/envs/ood/bin/x86_64-conda_cos6-linux-gnu-cpp -a check = check ']'
+++ '[' check = apply ']'
+++ for thing in $tc_nature,$tc_machine "$@"
+++ case "${thing}" in
++++ which /nas/ucb/tutrinh/anaconda3/envs/ood/bin/x86_64-conda_cos6-linux-gnu-gcc
+++ newval=/nas/ucb/tutrinh/anaconda3/envs/ood/bin/x86_64-conda_cos6-linux-gnu-gcc
+++ '[' -z /nas/ucb/tutrinh/anaconda3/envs/ood/bin/x86_64-conda_cos6-linux-gnu-gcc -a check = check ']'
+++ '[' check = apply ']'
+++ for thing in $tc_nature,$tc_machine "$@"
+++ case "${thing}" in
++++ which /nas/ucb/tutrinh/anaconda3/envs/ood/bin/x86_64-conda_cos6-linux-gnu-gcc-ar
+++ newval=/nas/ucb/tutrinh/anaconda3/envs/ood/bin/x86_64-conda_cos6-linux-gnu-gcc-ar
+++ '[' -z /nas/ucb/tutrinh/anaconda3/envs/ood/bin/x86_64-conda_cos6-linux-gnu-gcc-ar -a check = check ']'
+++ '[' check = apply ']'
+++ for thing in $tc_nature,$tc_machine "$@"
+++ case "${thing}" in
++++ which /nas/ucb/tutrinh/anaconda3/envs/ood/bin/x86_64-conda_cos6-linux-gnu-gcc-nm
+++ newval=/nas/ucb/tutrinh/anaconda3/envs/ood/bin/x86_64-conda_cos6-linux-gnu-gcc-nm
+++ '[' -z /nas/ucb/tutrinh/anaconda3/envs/ood/bin/x86_64-conda_cos6-linux-gnu-gcc-nm -a check = check ']'
+++ '[' check = apply ']'
+++ for thing in $tc_nature,$tc_machine "$@"
+++ case "${thing}" in
++++ which /nas/ucb/tutrinh/anaconda3/envs/ood/bin/x86_64-conda_cos6-linux-gnu-gcc-ranlib
+++ newval=/nas/ucb/tutrinh/anaconda3/envs/ood/bin/x86_64-conda_cos6-linux-gnu-gcc-ranlib
+++ '[' -z /nas/ucb/tutrinh/anaconda3/envs/ood/bin/x86_64-conda_cos6-linux-gnu-gcc-ranlib -a check = check ']'
+++ '[' check = apply ']'
+++ for thing in $tc_nature,$tc_machine "$@"
+++ case "${thing}" in
++++ echo 'CPPFLAGS,-D_FORTIFY_SOURCE=2 -O2'
++++ sed 's,^[^\,]*\,\(.*\),\1,'
+++ newval='-D_FORTIFY_SOURCE=2 -O2'
++++ sed 's,^\([^\,]*\)\,.*,\1,'
++++ echo 'CPPFLAGS,-D_FORTIFY_SOURCE=2 -O2'
+++ thing=CPPFLAGS
+++ '[' check = apply ']'
+++ for thing in $tc_nature,$tc_machine "$@"
+++ case "${thing}" in
++++ echo 'CFLAGS,-march=nocona -mtune=haswell -ftree-vectorize -fPIC -fstack-protector-strong -fno-plt -O2 -pipe'
++++ sed 's,^[^\,]*\,\(.*\),\1,'
+++ newval='-march=nocona -mtune=haswell -ftree-vectorize -fPIC -fstack-protector-strong -fno-plt -O2 -pipe'
++++ sed 's,^\([^\,]*\)\,.*,\1,'
++++ echo 'CFLAGS,-march=nocona -mtune=haswell -ftree-vectorize -fPIC -fstack-protector-strong -fno-plt -O2 -pipe'
+++ thing=CFLAGS
+++ '[' check = apply ']'
+++ for thing in $tc_nature,$tc_machine "$@"
+++ case "${thing}" in
++++ echo LDFLAGS,-Wl,-O2,--sort-common,--as-needed,-z,relro,-z,now
++++ sed 's,^[^\,]*\,\(.*\),\1,'
+++ newval=-Wl,-O2,--sort-common,--as-needed,-z,relro,-z,now
++++ echo LDFLAGS,-Wl,-O2,--sort-common,--as-needed,-z,relro,-z,now
++++ sed 's,^\([^\,]*\)\,.*,\1,'
+++ thing=LDFLAGS
+++ '[' check = apply ']'
+++ for thing in $tc_nature,$tc_machine "$@"
+++ case "${thing}" in
++++ sed 's,^[^\,]*\,\(.*\),\1,'
++++ echo 'DEBUG_CFLAGS,-march=nocona -mtune=haswell -ftree-vectorize -fPIC -fstack-protector-strong -fno-plt -O2 -pipe -Og -g -Wall -Wextra -fcheck=all -fbacktrace -fimplicit-none -fvar-tracking-assignments'
+++ newval='-march=nocona -mtune=haswell -ftree-vectorize -fPIC -fstack-protector-strong -fno-plt -O2 -pipe -Og -g -Wall -Wextra -fcheck=all -fbacktrace -fimplicit-none -fvar-tracking-assignments'
++++ sed 's,^\([^\,]*\)\,.*,\1,'
++++ echo 'DEBUG_CFLAGS,-march=nocona -mtune=haswell -ftree-vectorize -fPIC -fstack-protector-strong -fno-plt -O2 -pipe -Og -g -Wall -Wextra -fcheck=all -fbacktrace -fimplicit-none -fvar-tracking-assignments'
+++ thing=DEBUG_CFLAGS
+++ '[' check = apply ']'
+++ for pass in check apply
+++ for thing in $tc_nature,$tc_machine "$@"
+++ case "${thing}" in
++++ echo host,x86_64-conda_cos6-linux-gnu
++++ sed 's,^[^\,]*\,\(.*\),\1,'
+++ newval=x86_64-conda_cos6-linux-gnu
++++ echo host,x86_64-conda_cos6-linux-gnu
++++ sed 's,^\([^\,]*\)\,.*,\1,'
+++ thing=host
+++ '[' apply = apply ']'
++++ tr a-z+- A-ZX_
++++ echo host
+++ thing=HOST
+++ eval 'oldval=$HOST'
++++ oldval=x86_64-conda_cos6-linux-gnu
+++ '[' -n x86_64-conda_cos6-linux-gnu ']'
+++ eval export 'CONDA_BACKUP_'\''HOST'\''="x86_64-conda_cos6-linux-gnu"'
++++ export CONDA_BACKUP_HOST=x86_64-conda_cos6-linux-gnu
++++ CONDA_BACKUP_HOST=x86_64-conda_cos6-linux-gnu
+++ '[' -n x86_64-conda_cos6-linux-gnu ']'
+++ eval export ''\''HOST=x86_64-conda_cos6-linux-gnu'\'''
++++ export HOST=x86_64-conda_cos6-linux-gnu
++++ HOST=x86_64-conda_cos6-linux-gnu
+++ for thing in $tc_nature,$tc_machine "$@"
+++ case "${thing}" in
++++ which /nas/ucb/tutrinh/anaconda3/envs/ood/bin/x86_64-conda_cos6-linux-gnu-cc
+++ newval=/nas/ucb/tutrinh/anaconda3/envs/ood/bin/x86_64-conda_cos6-linux-gnu-cc
+++ '[' -z /nas/ucb/tutrinh/anaconda3/envs/ood/bin/x86_64-conda_cos6-linux-gnu-cc -a apply = check ']'
+++ '[' apply = apply ']'
++++ echo cc
++++ tr a-z+- A-ZX_
+++ thing=CC
+++ eval 'oldval=$CC'
++++ oldval=
+++ '[' -n '' ']'
+++ eval unset '${to}${thing}'
++++ unset CONDA_BACKUP_CC
+++ '[' -n /nas/ucb/tutrinh/anaconda3/envs/ood/bin/x86_64-conda_cos6-linux-gnu-cc ']'
+++ eval export ''\''CC=/nas/ucb/tutrinh/anaconda3/envs/ood/bin/x86_64-conda_cos6-linux-gnu-cc'\'''
++++ export CC=/nas/ucb/tutrinh/anaconda3/envs/ood/bin/x86_64-conda_cos6-linux-gnu-cc
++++ CC=/nas/ucb/tutrinh/anaconda3/envs/ood/bin/x86_64-conda_cos6-linux-gnu-cc
+++ for thing in $tc_nature,$tc_machine "$@"
+++ case "${thing}" in
++++ which /nas/ucb/tutrinh/anaconda3/envs/ood/bin/x86_64-conda_cos6-linux-gnu-cpp
+++ newval=/nas/ucb/tutrinh/anaconda3/envs/ood/bin/x86_64-conda_cos6-linux-gnu-cpp
+++ '[' -z /nas/ucb/tutrinh/anaconda3/envs/ood/bin/x86_64-conda_cos6-linux-gnu-cpp -a apply = check ']'
+++ '[' apply = apply ']'
++++ echo cpp
++++ tr a-z+- A-ZX_
+++ thing=CPP
+++ eval 'oldval=$CPP'
++++ oldval=
+++ '[' -n '' ']'
+++ eval unset '${to}${thing}'
++++ unset CONDA_BACKUP_CPP
+++ '[' -n /nas/ucb/tutrinh/anaconda3/envs/ood/bin/x86_64-conda_cos6-linux-gnu-cpp ']'
+++ eval export ''\''CPP=/nas/ucb/tutrinh/anaconda3/envs/ood/bin/x86_64-conda_cos6-linux-gnu-cpp'\'''
++++ export CPP=/nas/ucb/tutrinh/anaconda3/envs/ood/bin/x86_64-conda_cos6-linux-gnu-cpp
++++ CPP=/nas/ucb/tutrinh/anaconda3/envs/ood/bin/x86_64-conda_cos6-linux-gnu-cpp
+++ for thing in $tc_nature,$tc_machine "$@"
+++ case "${thing}" in
++++ which /nas/ucb/tutrinh/anaconda3/envs/ood/bin/x86_64-conda_cos6-linux-gnu-gcc
+++ newval=/nas/ucb/tutrinh/anaconda3/envs/ood/bin/x86_64-conda_cos6-linux-gnu-gcc
+++ '[' -z /nas/ucb/tutrinh/anaconda3/envs/ood/bin/x86_64-conda_cos6-linux-gnu-gcc -a apply = check ']'
+++ '[' apply = apply ']'
++++ echo gcc
++++ tr a-z+- A-ZX_
+++ thing=GCC
+++ eval 'oldval=$GCC'
++++ oldval=
+++ '[' -n '' ']'
+++ eval unset '${to}${thing}'
++++ unset CONDA_BACKUP_GCC
+++ '[' -n /nas/ucb/tutrinh/anaconda3/envs/ood/bin/x86_64-conda_cos6-linux-gnu-gcc ']'
+++ eval export ''\''GCC=/nas/ucb/tutrinh/anaconda3/envs/ood/bin/x86_64-conda_cos6-linux-gnu-gcc'\'''
++++ export GCC=/nas/ucb/tutrinh/anaconda3/envs/ood/bin/x86_64-conda_cos6-linux-gnu-gcc
++++ GCC=/nas/ucb/tutrinh/anaconda3/envs/ood/bin/x86_64-conda_cos6-linux-gnu-gcc
+++ for thing in $tc_nature,$tc_machine "$@"
+++ case "${thing}" in
++++ which /nas/ucb/tutrinh/anaconda3/envs/ood/bin/x86_64-conda_cos6-linux-gnu-gcc-ar
+++ newval=/nas/ucb/tutrinh/anaconda3/envs/ood/bin/x86_64-conda_cos6-linux-gnu-gcc-ar
+++ '[' -z /nas/ucb/tutrinh/anaconda3/envs/ood/bin/x86_64-conda_cos6-linux-gnu-gcc-ar -a apply = check ']'
+++ '[' apply = apply ']'
++++ echo gcc-ar
++++ tr a-z+- A-ZX_
+++ thing=GCC_AR
+++ eval 'oldval=$GCC_AR'
++++ oldval=
+++ '[' -n '' ']'
+++ eval unset '${to}${thing}'
++++ unset CONDA_BACKUP_GCC_AR
+++ '[' -n /nas/ucb/tutrinh/anaconda3/envs/ood/bin/x86_64-conda_cos6-linux-gnu-gcc-ar ']'
+++ eval export ''\''GCC_AR=/nas/ucb/tutrinh/anaconda3/envs/ood/bin/x86_64-conda_cos6-linux-gnu-gcc-ar'\'''
++++ export GCC_AR=/nas/ucb/tutrinh/anaconda3/envs/ood/bin/x86_64-conda_cos6-linux-gnu-gcc-ar
++++ GCC_AR=/nas/ucb/tutrinh/anaconda3/envs/ood/bin/x86_64-conda_cos6-linux-gnu-gcc-ar
+++ for thing in $tc_nature,$tc_machine "$@"
+++ case "${thing}" in
++++ which /nas/ucb/tutrinh/anaconda3/envs/ood/bin/x86_64-conda_cos6-linux-gnu-gcc-nm
+++ newval=/nas/ucb/tutrinh/anaconda3/envs/ood/bin/x86_64-conda_cos6-linux-gnu-gcc-nm
+++ '[' -z /nas/ucb/tutrinh/anaconda3/envs/ood/bin/x86_64-conda_cos6-linux-gnu-gcc-nm -a apply = check ']'
+++ '[' apply = apply ']'
++++ echo gcc-nm
++++ tr a-z+- A-ZX_
+++ thing=GCC_NM
+++ eval 'oldval=$GCC_NM'
++++ oldval=
+++ '[' -n '' ']'
+++ eval unset '${to}${thing}'
++++ unset CONDA_BACKUP_GCC_NM
+++ '[' -n /nas/ucb/tutrinh/anaconda3/envs/ood/bin/x86_64-conda_cos6-linux-gnu-gcc-nm ']'
+++ eval export ''\''GCC_NM=/nas/ucb/tutrinh/anaconda3/envs/ood/bin/x86_64-conda_cos6-linux-gnu-gcc-nm'\'''
++++ export GCC_NM=/nas/ucb/tutrinh/anaconda3/envs/ood/bin/x86_64-conda_cos6-linux-gnu-gcc-nm
++++ GCC_NM=/nas/ucb/tutrinh/anaconda3/envs/ood/bin/x86_64-conda_cos6-linux-gnu-gcc-nm
+++ for thing in $tc_nature,$tc_machine "$@"
+++ case "${thing}" in
++++ which /nas/ucb/tutrinh/anaconda3/envs/ood/bin/x86_64-conda_cos6-linux-gnu-gcc-ranlib
+++ newval=/nas/ucb/tutrinh/anaconda3/envs/ood/bin/x86_64-conda_cos6-linux-gnu-gcc-ranlib
+++ '[' -z /nas/ucb/tutrinh/anaconda3/envs/ood/bin/x86_64-conda_cos6-linux-gnu-gcc-ranlib -a apply = check ']'
+++ '[' apply = apply ']'
++++ echo gcc-ranlib
++++ tr a-z+- A-ZX_
+++ thing=GCC_RANLIB
+++ eval 'oldval=$GCC_RANLIB'
++++ oldval=
+++ '[' -n '' ']'
+++ eval unset '${to}${thing}'
++++ unset CONDA_BACKUP_GCC_RANLIB
+++ '[' -n /nas/ucb/tutrinh/anaconda3/envs/ood/bin/x86_64-conda_cos6-linux-gnu-gcc-ranlib ']'
+++ eval export ''\''GCC_RANLIB=/nas/ucb/tutrinh/anaconda3/envs/ood/bin/x86_64-conda_cos6-linux-gnu-gcc-ranlib'\'''
++++ export GCC_RANLIB=/nas/ucb/tutrinh/anaconda3/envs/ood/bin/x86_64-conda_cos6-linux-gnu-gcc-ranlib
++++ GCC_RANLIB=/nas/ucb/tutrinh/anaconda3/envs/ood/bin/x86_64-conda_cos6-linux-gnu-gcc-ranlib
+++ for thing in $tc_nature,$tc_machine "$@"
+++ case "${thing}" in
++++ echo 'CPPFLAGS,-D_FORTIFY_SOURCE=2 -O2'
++++ sed 's,^[^\,]*\,\(.*\),\1,'
+++ newval='-D_FORTIFY_SOURCE=2 -O2'
++++ echo 'CPPFLAGS,-D_FORTIFY_SOURCE=2 -O2'
++++ sed 's,^\([^\,]*\)\,.*,\1,'
+++ thing=CPPFLAGS
+++ '[' apply = apply ']'
++++ echo CPPFLAGS
++++ tr a-z+- A-ZX_
+++ thing=CPPFLAGS
+++ eval 'oldval=$CPPFLAGS'
++++ oldval=
+++ '[' -n '' ']'
+++ eval unset '${to}${thing}'
++++ unset CONDA_BACKUP_CPPFLAGS
+++ '[' -n '-D_FORTIFY_SOURCE=2 -O2' ']'
+++ eval export ''\''CPPFLAGS=-D_FORTIFY_SOURCE=2 -O2'\'''
++++ export 'CPPFLAGS=-D_FORTIFY_SOURCE=2 -O2'
++++ CPPFLAGS='-D_FORTIFY_SOURCE=2 -O2'
+++ for thing in $tc_nature,$tc_machine "$@"
+++ case "${thing}" in
++++ echo 'CFLAGS,-march=nocona -mtune=haswell -ftree-vectorize -fPIC -fstack-protector-strong -fno-plt -O2 -pipe'
++++ sed 's,^[^\,]*\,\(.*\),\1,'
+++ newval='-march=nocona -mtune=haswell -ftree-vectorize -fPIC -fstack-protector-strong -fno-plt -O2 -pipe'
++++ echo 'CFLAGS,-march=nocona -mtune=haswell -ftree-vectorize -fPIC -fstack-protector-strong -fno-plt -O2 -pipe'
++++ sed 's,^\([^\,]*\)\,.*,\1,'
+++ thing=CFLAGS
+++ '[' apply = apply ']'
++++ echo CFLAGS
++++ tr a-z+- A-ZX_
+++ thing=CFLAGS
+++ eval 'oldval=$CFLAGS'
++++ oldval=
+++ '[' -n '' ']'
+++ eval unset '${to}${thing}'
++++ unset CONDA_BACKUP_CFLAGS
+++ '[' -n '-march=nocona -mtune=haswell -ftree-vectorize -fPIC -fstack-protector-strong -fno-plt -O2 -pipe' ']'
+++ eval export ''\''CFLAGS=-march=nocona -mtune=haswell -ftree-vectorize -fPIC -fstack-protector-strong -fno-plt -O2 -pipe'\'''
++++ export 'CFLAGS=-march=nocona -mtune=haswell -ftree-vectorize -fPIC -fstack-protector-strong -fno-plt -O2 -pipe'
++++ CFLAGS='-march=nocona -mtune=haswell -ftree-vectorize -fPIC -fstack-protector-strong -fno-plt -O2 -pipe'
+++ for thing in $tc_nature,$tc_machine "$@"
+++ case "${thing}" in
++++ echo LDFLAGS,-Wl,-O2,--sort-common,--as-needed,-z,relro,-z,now
++++ sed 's,^[^\,]*\,\(.*\),\1,'
+++ newval=-Wl,-O2,--sort-common,--as-needed,-z,relro,-z,now
++++ echo LDFLAGS,-Wl,-O2,--sort-common,--as-needed,-z,relro,-z,now
++++ sed 's,^\([^\,]*\)\,.*,\1,'
+++ thing=LDFLAGS
+++ '[' apply = apply ']'
++++ echo LDFLAGS
++++ tr a-z+- A-ZX_
+++ thing=LDFLAGS
+++ eval 'oldval=$LDFLAGS'
++++ oldval=
+++ '[' -n '' ']'
+++ eval unset '${to}${thing}'
++++ unset CONDA_BACKUP_LDFLAGS
+++ '[' -n -Wl,-O2,--sort-common,--as-needed,-z,relro,-z,now ']'
+++ eval export ''\''LDFLAGS=-Wl,-O2,--sort-common,--as-needed,-z,relro,-z,now'\'''
++++ export LDFLAGS=-Wl,-O2,--sort-common,--as-needed,-z,relro,-z,now
++++ LDFLAGS=-Wl,-O2,--sort-common,--as-needed,-z,relro,-z,now
+++ for thing in $tc_nature,$tc_machine "$@"
+++ case "${thing}" in
++++ echo 'DEBUG_CFLAGS,-march=nocona -mtune=haswell -ftree-vectorize -fPIC -fstack-protector-strong -fno-plt -O2 -pipe -Og -g -Wall -Wextra -fcheck=all -fbacktrace -fimplicit-none -fvar-tracking-assignments'
++++ sed 's,^[^\,]*\,\(.*\),\1,'
+++ newval='-march=nocona -mtune=haswell -ftree-vectorize -fPIC -fstack-protector-strong -fno-plt -O2 -pipe -Og -g -Wall -Wextra -fcheck=all -fbacktrace -fimplicit-none -fvar-tracking-assignments'
++++ echo 'DEBUG_CFLAGS,-march=nocona -mtune=haswell -ftree-vectorize -fPIC -fstack-protector-strong -fno-plt -O2 -pipe -Og -g -Wall -Wextra -fcheck=all -fbacktrace -fimplicit-none -fvar-tracking-assignments'
++++ sed 's,^\([^\,]*\)\,.*,\1,'
+++ thing=DEBUG_CFLAGS
+++ '[' apply = apply ']'
++++ echo DEBUG_CFLAGS
++++ tr a-z+- A-ZX_
+++ thing=DEBUG_CFLAGS
+++ eval 'oldval=$DEBUG_CFLAGS'
++++ oldval=
+++ '[' -n '' ']'
+++ eval unset '${to}${thing}'
++++ unset CONDA_BACKUP_DEBUG_CFLAGS
+++ '[' -n '-march=nocona -mtune=haswell -ftree-vectorize -fPIC -fstack-protector-strong -fno-plt -O2 -pipe -Og -g -Wall -Wextra -fcheck=all -fbacktrace -fimplicit-none -fvar-tracking-assignments' ']'
+++ eval export ''\''DEBUG_CFLAGS=-march=nocona -mtune=haswell -ftree-vectorize -fPIC -fstack-protector-strong -fno-plt -O2 -pipe -Og -g -Wall -Wextra -fcheck=all -fbacktrace -fimplicit-none -fvar-tracking-assignments'\'''
++++ export 'DEBUG_CFLAGS=-march=nocona -mtune=haswell -ftree-vectorize -fPIC -fstack-protector-strong -fno-plt -O2 -pipe -Og -g -Wall -Wextra -fcheck=all -fbacktrace -fimplicit-none -fvar-tracking-assignments'
++++ DEBUG_CFLAGS='-march=nocona -mtune=haswell -ftree-vectorize -fPIC -fstack-protector-strong -fno-plt -O2 -pipe -Og -g -Wall -Wextra -fcheck=all -fbacktrace -fimplicit-none -fvar-tracking-assignments'
+++ return 0
+++ '[' 0 -ne 0 ']'
+++ env
++++ _get_sourced_filename
++++ '[' -n /nas/ucb/tutrinh/anaconda3/envs/ood/etc/conda/activate.d/activate-gcc_linux-64.sh ']'
++++ basename /nas/ucb/tutrinh/anaconda3/envs/ood/etc/conda/activate.d/activate-gcc_linux-64.sh
+++ echo 'INFO: activate-gcc_linux-64.sh made the following environmental changes:'
INFO: activate-gcc_linux-64.sh made the following environmental changes:
+++ tail -n +4
+++ sort
+++ grep '^-.*\|^+.*'
+++ diff -U 0 -rN /tmp/old-env-2133747.txt /tmp/new-env-2133747.txt
+++ grep -v CONDA_BACKUP_
+CC=/nas/ucb/tutrinh/anaconda3/envs/ood/bin/x86_64-conda_cos6-linux-gnu-cc
+CFLAGS=-march=nocona -mtune=haswell -ftree-vectorize -fPIC -fstack-protector-strong -fno-plt -O2 -pipe
+CPPFLAGS=-D_FORTIFY_SOURCE=2 -O2
+CPP=/nas/ucb/tutrinh/anaconda3/envs/ood/bin/x86_64-conda_cos6-linux-gnu-cpp
+DEBUG_CFLAGS=-march=nocona -mtune=haswell -ftree-vectorize -fPIC -fstack-protector-strong -fno-plt -O2 -pipe -Og -g -Wall -Wextra -fcheck=all -fbacktrace -fimplicit-none -fvar-tracking-assignments
+GCC_AR=/nas/ucb/tutrinh/anaconda3/envs/ood/bin/x86_64-conda_cos6-linux-gnu-gcc-ar
+GCC=/nas/ucb/tutrinh/anaconda3/envs/ood/bin/x86_64-conda_cos6-linux-gnu-gcc
+GCC_NM=/nas/ucb/tutrinh/anaconda3/envs/ood/bin/x86_64-conda_cos6-linux-gnu-gcc-nm
+GCC_RANLIB=/nas/ucb/tutrinh/anaconda3/envs/ood/bin/x86_64-conda_cos6-linux-gnu-gcc-ranlib
+LDFLAGS=-Wl,-O2,--sort-common,--as-needed,-z,relro,-z,now
++ . /nas/ucb/tutrinh/anaconda3/envs/ood/etc/conda/activate.d/glib_activate.sh
+++ export GSETTINGS_SCHEMA_DIR_CONDA_BACKUP=
+++ GSETTINGS_SCHEMA_DIR_CONDA_BACKUP=
+++ export GSETTINGS_SCHEMA_DIR=/nas/ucb/tutrinh/anaconda3/envs/ood/share/glib-2.0/schemas
+++ GSETTINGS_SCHEMA_DIR=/nas/ucb/tutrinh/anaconda3/envs/ood/share/glib-2.0/schemas
+ __conda_hashr
+ '[' -n '' ']'
+ '[' -n '' ']'
+ hash -r
+ wandb login 4a6017fc91542ffdb82ee3d6213e9cf0c11fd892
wandb: Appending key for api.wandb.ai to your netrc file: /home/tutrinh/.netrc
+ export CUDA_LAUNCH_BLOCKING=1
+ CUDA_LAUNCH_BLOCKING=1
+ cd /nas/ucb/tutrinh/train-procgen-pytorch
+ export PYTHONPATH=:/nas/ucb/tutrinh/train-procgen-pytorch
+ PYTHONPATH=:/nas/ucb/tutrinh/train-procgen-pytorch
+ python3 train.py --env_name maze_redline_yellowgem --exp_name save_obs_throughout --num_levels 100000 --distribution_mode hard --param_name hard-500 --num_timesteps 200000000 --save_timesteps 390625 781250 1562500 3125000 6250000 10000000 12500000 20000000 25000000 30000000 40000000 50000000 60000000 70000000 80000000 90000000 100000000 110000000 120000000 130000000 140000000 150000000 160000000 170000000 180000000 190000000 200000000 --seed 8888 --use_wandb --save_observations
SAVING AT TIMESTEPS: [390625, 781250, 1562500, 3125000, 6250000, 10000000, 12500000, 20000000, 25000000, 30000000, 40000000, 50000000, 60000000, 70000000, 80000000, 90000000, 100000000, 110000000, 120000000, 130000000, 140000000, 150000000, 160000000, 170000000, 180000000, 190000000, 200000000]
[LOADING HYPERPARAMETERS...]
algo : ppo
n_envs : 256
n_steps : 256
epoch : 3
mini_batch_per_epoch : 8
mini_batch_size : 8192
gamma : 0.999
lmbda : 0.95
learning_rate : 0.0005
grad_clip_norm : 0.5
eps_clip : 0.2
value_coef : 0.5
entropy_coef : 0.01
normalize_adv : True
normalize_rew : False
use_gae : True
architecture : impala
recurrent : False
INITIALIZAING ENVIRONMENTS...
building procgen...wandb: Currently logged in as: tu-trinh. Use `wandb login --relogin` to force relogin
wandb: wandb version 0.17.5 is available!  To upgrade, please run:
wandb:  $ pip install wandb --upgrade
wandb: Tracking run with wandb version 0.17.0
wandb: Run data is saved locally in /nas/ucb/tutrinh/train-procgen-pytorch/wandb/run-20240720_035501-h2ge1g8g
wandb: Run `wandb offline` to turn off syncing.
wandb: Syncing run colorful-surf-35
wandb: ⭐️ View project at https://wandb.ai/tu-trinh/chai-internship
wandb: 🚀 View run at https://wandb.ai/tu-trinh/chai-internship/runs/h2ge1g8g
done
INITIALIZING LOGGER...
Logging to /nas/ucb/tutrinh/train-procgen-pytorch/logs/train/maze_redline_yellowgem/save_obs_throughout/2024-07-20__03-55-00__seed_8888
INTIALIZING MODEL...
Using normal action space
INITIALIZING STORAGE...
INTIALIZING AGENT...
START TRAINING...
timesteps                   65536.000000
wall_time                     426.150947
num_episodes                   64.000000
max_episode_rewards            10.000000
mean_episode_rewards           10.000000
min_episode_rewards             0.000000
max_episode_len               249.000000
mean_episode_len               66.050000
min_episode_len                 0.000000
mean_timeouts                   0.000000
val_max_episode_rewards        10.000000
val_mean_episode_rewards       10.000000
val_min_episode_rewards         0.000000
val_max_episode_len             7.000000
val_mean_episode_len            3.000000
val_min_episode_len             0.000000
val_mean_timeouts               0.000000
Name: 0, dtype: float64
timesteps                   131072.000000
wall_time                      867.630041
num_episodes                   300.000000
max_episode_rewards             10.000000
mean_episode_rewards             2.000000
min_episode_rewards              0.000000
max_episode_len                500.000000
mean_episode_len               435.500000
min_episode_len                  0.000000
mean_timeouts                    0.000000
val_max_episode_rewards         10.000000
val_mean_episode_rewards         0.250000
val_min_episode_rewards          0.000000
val_max_episode_len            500.000000
val_mean_episode_len           493.925000
val_min_episode_len              0.000000
val_mean_timeouts                0.000000
Name: 1, dtype: float64
timesteps                   196608.000000
wall_time                     1314.401845
num_episodes                   406.000000
max_episode_rewards             10.000000
mean_episode_rewards             6.750000
min_episode_rewards              0.000000
max_episode_len                500.000000
mean_episode_len               237.850000
min_episode_len                  0.000000
mean_timeouts                    0.000000
val_max_episode_rewards         10.000000
val_mean_episode_rewards         0.750000
val_min_episode_rewards          0.000000
val_max_episode_len            500.000000
val_mean_episode_len           469.600000
val_min_episode_len              0.000000
val_mean_timeouts                0.000000
Name: 2, dtype: float64
timesteps                   262144.000000
wall_time                     1758.925429
num_episodes                   632.000000
max_episode_rewards             10.000000
mean_episode_rewards             3.000000
min_episode_rewards              0.000000
max_episode_len                500.000000
mean_episode_len               387.150000
min_episode_len                  0.000000
mean_timeouts                    0.000000
val_max_episode_rewards         10.000000
val_mean_episode_rewards         0.500000
val_min_episode_rewards          0.000000
val_max_episode_len            500.000000
val_mean_episode_len           481.750000
val_min_episode_len              0.000000
val_mean_timeouts                0.000000
Name: 3, dtype: float64
timesteps                   327680.000000
wall_time                     2189.984264
num_episodes                   754.000000
max_episode_rewards             10.000000
mean_episode_rewards             4.750000
min_episode_rewards              0.000000
max_episode_len                500.000000
mean_episode_len               303.150000
min_episode_len                  0.000000
mean_timeouts                    0.000000
val_max_episode_rewards         10.000000
val_mean_episode_rewards         2.500000
val_min_episode_rewards          0.000000
val_max_episode_len            500.000000
val_mean_episode_len           386.675000
val_min_episode_len              0.000000
val_mean_timeouts                0.025000
Name: 4, dtype: float64
timesteps                   393216.000000
wall_time                     2626.014606
num_episodes                   976.000000
max_episode_rewards             10.000000
mean_episode_rewards             3.250000
min_episode_rewards              0.000000
max_episode_len                500.000000
mean_episode_len               355.625000
min_episode_len                  0.000000
mean_timeouts                    0.000000
val_max_episode_rewards         10.000000
val_mean_episode_rewards         0.250000
val_min_episode_rewards          0.000000
val_max_episode_len            500.000000
val_mean_episode_len           487.525000
val_min_episode_len              0.000000
val_mean_timeouts                0.000000
Name: 5, dtype: float64
Saving model at timestep 393217
timesteps                   458752.000000
wall_time                     3056.130022
num_episodes                  1123.000000
max_episode_rewards             10.000000
mean_episode_rewards             5.250000
min_episode_rewards              0.000000
max_episode_len                500.000000
mean_episode_len               286.900000
min_episode_len                  0.000000
mean_timeouts                    0.000000
val_max_episode_rewards         10.000000
val_mean_episode_rewards         2.250000
val_min_episode_rewards          0.000000
val_max_episode_len            500.000000
val_mean_episode_len           394.400000
val_min_episode_len              0.000000
val_mean_timeouts                0.000000
Name: 6, dtype: float64
timesteps                   524288.000000
wall_time                     3493.717181
num_episodes                  1309.000000
max_episode_rewards             10.000000
mean_episode_rewards             3.750000
min_episode_rewards              0.000000
max_episode_len                500.000000
mean_episode_len               375.300000
min_episode_len                  0.000000
mean_timeouts                    0.000000
val_max_episode_rewards         10.000000
val_mean_episode_rewards         0.250000
val_min_episode_rewards          0.000000
val_max_episode_len            500.000000
val_mean_episode_len           487.550000
val_min_episode_len              0.000000
val_mean_timeouts                0.000000
Name: 7, dtype: float64
timesteps                   589824.000000
wall_time                     3930.380868
num_episodes                  1461.000000
max_episode_rewards             10.000000
mean_episode_rewards             3.000000
min_episode_rewards              0.000000
max_episode_len                500.000000
mean_episode_len               385.575000
min_episode_len                  0.000000
mean_timeouts                    0.000000
val_max_episode_rewards         10.000000
val_mean_episode_rewards         1.500000
val_min_episode_rewards          0.000000
val_max_episode_len            500.000000
val_mean_episode_len           437.075000
val_min_episode_len              0.000000
val_mean_timeouts                0.000000
Name: 8, dtype: float64
timesteps                   655360.000000
wall_time                     4374.639579
num_episodes                  1633.000000
max_episode_rewards             10.000000
mean_episode_rewards             3.500000
min_episode_rewards              0.000000
max_episode_len                500.000000
mean_episode_len               377.675000
min_episode_len                  0.000000
mean_timeouts                    0.025000
val_max_episode_rewards          0.000000
val_mean_episode_rewards         0.000000
val_min_episode_rewards          0.000000
val_max_episode_len            500.000000
val_mean_episode_len           500.000000
val_min_episode_len              0.000000
val_mean_timeouts                0.000000
Name: 9, dtype: float64
timesteps                   720896.000000
wall_time                     4818.174807
num_episodes                  1805.000000
max_episode_rewards             10.000000
mean_episode_rewards             4.000000
min_episode_rewards              0.000000
max_episode_len                500.000000
mean_episode_len               357.525000
min_episode_len                  0.000000
mean_timeouts                    0.000000
val_max_episode_rewards         10.000000
val_mean_episode_rewards         0.500000
val_min_episode_rewards          0.000000
val_max_episode_len            500.000000
val_mean_episode_len           478.150000
val_min_episode_len              0.000000
val_mean_timeouts                0.000000
Name: 10, dtype: float64
timesteps                   786432.000000
wall_time                     5254.765258
num_episodes                  1995.000000
max_episode_rewards             10.000000
mean_episode_rewards             3.250000
min_episode_rewards              0.000000
max_episode_len                500.000000
mean_episode_len               385.450000
min_episode_len                  0.000000
mean_timeouts                    0.025000
val_max_episode_rewards          0.000000
val_mean_episode_rewards         0.000000
val_min_episode_rewards          0.000000
val_max_episode_len            500.000000
val_mean_episode_len           500.000000
val_min_episode_len              0.000000
val_mean_timeouts                0.000000
Name: 11, dtype: float64
Saving model at timestep 786433
timesteps                   851968.000000
wall_time                     5691.530639
num_episodes                  2155.000000
max_episode_rewards             10.000000
mean_episode_rewards             4.000000
min_episode_rewards              0.000000
max_episode_len                500.000000
mean_episode_len               335.150000
min_episode_len                  0.000000
mean_timeouts                    0.000000
val_max_episode_rewards         10.000000
val_mean_episode_rewards         3.000000
val_min_episode_rewards          0.000000
val_max_episode_len            500.000000
val_mean_episode_len           367.600000
val_min_episode_len              0.000000
val_mean_timeouts                0.000000
Name: 12, dtype: float64
timesteps                   917504.00000
wall_time                     6147.15093
num_episodes                  2356.00000
max_episode_rewards             10.00000
mean_episode_rewards             4.75000
min_episode_rewards              0.00000
max_episode_len                500.00000
mean_episode_len               323.60000
min_episode_len                  0.00000
mean_timeouts                    0.00000
val_max_episode_rewards         10.00000
val_mean_episode_rewards         0.50000
val_min_episode_rewards          0.00000
val_max_episode_len            500.00000
val_mean_episode_len           483.32500
val_min_episode_len              0.00000
val_mean_timeouts                0.00000
Name: 13, dtype: float64
timesteps                   983040.000000
wall_time                     6585.568206
num_episodes                  2523.000000
max_episode_rewards             10.000000
mean_episode_rewards             4.250000
min_episode_rewards              0.000000
max_episode_len                500.000000
mean_episode_len               346.250000
min_episode_len                  0.000000
mean_timeouts                    0.050000
val_max_episode_rewards         10.000000
val_mean_episode_rewards         2.000000
val_min_episode_rewards          0.000000
val_max_episode_len            500.000000
val_mean_episode_len           423.525000
val_min_episode_len              0.000000
val_mean_timeouts                0.000000
Name: 14, dtype: float64
timesteps                   1.048576e+06
wall_time                   7.010906e+03
num_episodes                2.716000e+03
max_episode_rewards         1.000000e+01
mean_episode_rewards        3.750000e+00
min_episode_rewards         0.000000e+00
max_episode_len             5.000000e+02
mean_episode_len            3.573000e+02
min_episode_len             0.000000e+00
mean_timeouts               0.000000e+00
val_max_episode_rewards     1.000000e+01
val_mean_episode_rewards    1.250000e+00
val_min_episode_rewards     0.000000e+00
val_max_episode_len         5.000000e+02
val_mean_episode_len        4.546750e+02
val_min_episode_len         0.000000e+00
val_mean_timeouts           0.000000e+00
Name: 15, dtype: float64
timesteps                   1.114112e+06
wall_time                   7.449726e+03
num_episodes                2.909000e+03
max_episode_rewards         1.000000e+01
mean_episode_rewards        3.500000e+00
min_episode_rewards         0.000000e+00
max_episode_len             5.000000e+02
mean_episode_len            3.559750e+02
min_episode_len             0.000000e+00
mean_timeouts               2.500000e-02
val_max_episode_rewards     1.000000e+01
val_mean_episode_rewards    1.750000e+00
val_min_episode_rewards     0.000000e+00
val_max_episode_len         5.000000e+02
val_mean_episode_len        4.235750e+02
val_min_episode_len         0.000000e+00
val_mean_timeouts           0.000000e+00
Name: 16, dtype: float64
timesteps                   1.179648e+06
wall_time                   7.886124e+03
num_episodes                3.081000e+03
max_episode_rewards         1.000000e+01
mean_episode_rewards        3.500000e+00
min_episode_rewards         0.000000e+00
max_episode_len             5.000000e+02
mean_episode_len            3.598750e+02
min_episode_len             0.000000e+00
mean_timeouts               0.000000e+00
val_max_episode_rewards     1.000000e+01
val_mean_episode_rewards    2.500000e-01
val_min_episode_rewards     0.000000e+00
val_max_episode_len         5.000000e+02
val_mean_episode_len        4.963250e+02
val_min_episode_len         0.000000e+00
val_mean_timeouts           0.000000e+00
Name: 17, dtype: float64
timesteps                   1.245184e+06
wall_time                   8.330300e+03
num_episodes                3.252000e+03
max_episode_rewards         1.000000e+01
mean_episode_rewards        3.500000e+00
min_episode_rewards         0.000000e+00
max_episode_len             5.000000e+02
mean_episode_len            3.628250e+02
min_episode_len             0.000000e+00
mean_timeouts               0.000000e+00
val_max_episode_rewards     1.000000e+01
val_mean_episode_rewards    1.500000e+00
val_min_episode_rewards     0.000000e+00
val_max_episode_len         5.000000e+02
val_mean_episode_len        4.403000e+02
val_min_episode_len         0.000000e+00
val_mean_timeouts           0.000000e+00
Name: 18, dtype: float64
timesteps                   1.310720e+06
wall_time                   8.773292e+03
num_episodes                3.418000e+03
max_episode_rewards         1.000000e+01
mean_episode_rewards        2.500000e+00
min_episode_rewards         0.000000e+00
max_episode_len             5.000000e+02
mean_episode_len            3.957750e+02
min_episode_len             0.000000e+00
mean_timeouts               0.000000e+00
val_max_episode_rewards     1.000000e+01
val_mean_episode_rewards    5.000000e-01
val_min_episode_rewards     0.000000e+00
val_max_episode_len         5.000000e+02
val_mean_episode_len        4.751250e+02
val_min_episode_len         0.000000e+00
val_mean_timeouts           0.000000e+00
Name: 19, dtype: float64
timesteps                   1.376256e+06
wall_time                   9.209859e+03
num_episodes                3.592000e+03
max_episode_rewards         1.000000e+01
mean_episode_rewards        4.000000e+00
min_episode_rewards         0.000000e+00
max_episode_len             5.000000e+02
mean_episode_len            3.480000e+02
min_episode_len             0.000000e+00
mean_timeouts               0.000000e+00
val_max_episode_rewards     1.000000e+01
val_mean_episode_rewards    1.500000e+00
val_min_episode_rewards     0.000000e+00
val_max_episode_len         5.000000e+02
val_mean_episode_len        4.406000e+02
val_min_episode_len         0.000000e+00
val_mean_timeouts           0.000000e+00
Name: 20, dtype: float64
timesteps                   1.441792e+06
wall_time                   9.643486e+03
num_episodes                3.754000e+03
max_episode_rewards         1.000000e+01
mean_episode_rewards        2.250000e+00
min_episode_rewards         0.000000e+00
max_episode_len             5.000000e+02
mean_episode_len            4.094750e+02
min_episode_len             0.000000e+00
mean_timeouts               0.000000e+00
val_max_episode_rewards     1.000000e+01
val_mean_episode_rewards    7.500000e-01
val_min_episode_rewards     0.000000e+00
val_max_episode_len         5.000000e+02
val_mean_episode_len        4.815750e+02
val_min_episode_len         0.000000e+00
val_mean_timeouts           0.000000e+00
Name: 21, dtype: float64
timesteps                   1.507328e+06
wall_time                   1.009186e+04
num_episodes                3.948000e+03
max_episode_rewards         1.000000e+01
mean_episode_rewards        4.250000e+00
min_episode_rewards         0.000000e+00
max_episode_len             5.000000e+02
mean_episode_len            3.358250e+02
min_episode_len             0.000000e+00
mean_timeouts               0.000000e+00
val_max_episode_rewards     1.000000e+01
val_mean_episode_rewards    1.000000e+00
val_min_episode_rewards     0.000000e+00
val_max_episode_len         5.000000e+02
val_mean_episode_len        4.654500e+02
val_min_episode_len         0.000000e+00
val_mean_timeouts           0.000000e+00
Name: 22, dtype: float64
timesteps                   1.572864e+06
wall_time                   1.054713e+04
num_episodes                4.112000e+03
max_episode_rewards         1.000000e+01
mean_episode_rewards        3.750000e+00
min_episode_rewards         0.000000e+00
max_episode_len             5.000000e+02
mean_episode_len            3.533250e+02
min_episode_len             0.000000e+00
mean_timeouts               0.000000e+00
val_max_episode_rewards     0.000000e+00
val_mean_episode_rewards    0.000000e+00
val_min_episode_rewards     0.000000e+00
val_max_episode_len         5.000000e+02
val_mean_episode_len        5.000000e+02
val_min_episode_len         0.000000e+00
val_mean_timeouts           0.000000e+00
Name: 23, dtype: float64
Saving model at timestep 1572865
timesteps                   1.638400e+06
wall_time                   1.099574e+04
num_episodes                4.302000e+03
max_episode_rewards         1.000000e+01
mean_episode_rewards        4.250000e+00
min_episode_rewards         0.000000e+00
max_episode_len             5.000000e+02
mean_episode_len            3.137000e+02
min_episode_len             0.000000e+00
mean_timeouts               0.000000e+00
val_max_episode_rewards     1.000000e+01
val_mean_episode_rewards    1.750000e+00
val_min_episode_rewards     0.000000e+00
val_max_episode_len         5.000000e+02
val_mean_episode_len        4.307000e+02
val_min_episode_len         0.000000e+00
val_mean_timeouts           0.000000e+00
Name: 24, dtype: float64
timesteps                   1.703936e+06
wall_time                   1.143495e+04
num_episodes                4.470000e+03
max_episode_rewards         1.000000e+01
mean_episode_rewards        3.750000e+00
min_episode_rewards         0.000000e+00
max_episode_len             5.000000e+02
mean_episode_len            3.505250e+02
min_episode_len             0.000000e+00
mean_timeouts               0.000000e+00
val_max_episode_rewards     1.000000e+01
val_mean_episode_rewards    1.000000e+00
val_min_episode_rewards     0.000000e+00
val_max_episode_len         5.000000e+02
val_mean_episode_len        4.683250e+02
val_min_episode_len         0.000000e+00
val_mean_timeouts           0.000000e+00
Name: 25, dtype: float64
timesteps                   1.769472e+06
wall_time                   1.188036e+04
num_episodes                4.651000e+03
max_episode_rewards         1.000000e+01
mean_episode_rewards        1.750000e+00
min_episode_rewards         0.000000e+00
max_episode_len             5.000000e+02
mean_episode_len            4.321000e+02
min_episode_len             0.000000e+00
mean_timeouts               2.500000e-02
val_max_episode_rewards     1.000000e+01
val_mean_episode_rewards    1.250000e+00
val_min_episode_rewards     0.000000e+00
val_max_episode_len         5.000000e+02
val_mean_episode_len        4.531750e+02
val_min_episode_len         0.000000e+00
val_mean_timeouts           0.000000e+00
Name: 26, dtype: float64
timesteps                   1.835008e+06
wall_time                   1.231884e+04
num_episodes                4.815000e+03
max_episode_rewards         1.000000e+01
mean_episode_rewards        3.250000e+00
min_episode_rewards         0.000000e+00
max_episode_len             5.000000e+02
mean_episode_len            3.900500e+02
min_episode_len             0.000000e+00
mean_timeouts               2.500000e-02
val_max_episode_rewards     1.000000e+01
val_mean_episode_rewards    5.000000e-01
val_min_episode_rewards     0.000000e+00
val_max_episode_len         5.000000e+02
val_mean_episode_len        4.854250e+02
val_min_episode_len         0.000000e+00
val_mean_timeouts           0.000000e+00
Name: 27, dtype: float64
timesteps                   1.900544e+06
wall_time                   1.275886e+04
num_episodes                5.018000e+03
max_episode_rewards         1.000000e+01
mean_episode_rewards        4.750000e+00
min_episode_rewards         0.000000e+00
max_episode_len             5.000000e+02
mean_episode_len            3.075750e+02
min_episode_len             0.000000e+00
mean_timeouts               2.500000e-02
val_max_episode_rewards     1.000000e+01
val_mean_episode_rewards    1.250000e+00
val_min_episode_rewards     0.000000e+00
val_max_episode_len         5.000000e+02
val_mean_episode_len        4.554750e+02
val_min_episode_len         0.000000e+00
val_mean_timeouts           0.000000e+00
Name: 28, dtype: float64
timesteps                   1.966080e+06
wall_time                   1.321635e+04
num_episodes                5.190000e+03
max_episode_rewards         1.000000e+01
mean_episode_rewards        4.500000e+00
min_episode_rewards         0.000000e+00
max_episode_len             5.000000e+02
mean_episode_len            3.155000e+02
min_episode_len             0.000000e+00
mean_timeouts               0.000000e+00
val_max_episode_rewards     1.000000e+01
val_mean_episode_rewards    2.500000e-01
val_min_episode_rewards     0.000000e+00
val_max_episode_len         5.000000e+02
val_mean_episode_len        4.875500e+02
val_min_episode_len         0.000000e+00
val_mean_timeouts           0.000000e+00
Name: 29, dtype: float64
timesteps                   2.031616e+06
wall_time                   1.368039e+04
num_episodes                5.382000e+03
max_episode_rewards         1.000000e+01
mean_episode_rewards        3.500000e+00
min_episode_rewards         0.000000e+00
max_episode_len             5.000000e+02
mean_episode_len            3.424250e+02
min_episode_len             0.000000e+00
mean_timeouts               0.000000e+00
val_max_episode_rewards     1.000000e+01
val_mean_episode_rewards    7.500000e-01
val_min_episode_rewards     0.000000e+00
val_max_episode_len         5.000000e+02
val_mean_episode_len        4.671250e+02
val_min_episode_len         0.000000e+00
val_mean_timeouts           0.000000e+00
Name: 30, dtype: float64
timesteps                   2.097152e+06
wall_time                   1.414819e+04
num_episodes                5.562000e+03
max_episode_rewards         1.000000e+01
mean_episode_rewards        4.250000e+00
min_episode_rewards         0.000000e+00
max_episode_len             5.000000e+02
mean_episode_len            3.318500e+02
min_episode_len             0.000000e+00
mean_timeouts               0.000000e+00
val_max_episode_rewards     0.000000e+00
val_mean_episode_rewards    0.000000e+00
val_min_episode_rewards     0.000000e+00
val_max_episode_len         5.000000e+02
val_mean_episode_len        5.000000e+02
val_min_episode_len         0.000000e+00
val_mean_timeouts           0.000000e+00
Name: 31, dtype: float64
timesteps                   2.162688e+06
wall_time                   1.460586e+04
num_episodes                5.737000e+03
max_episode_rewards         1.000000e+01
mean_episode_rewards        4.000000e+00
min_episode_rewards         0.000000e+00
max_episode_len             5.000000e+02
mean_episode_len            3.521500e+02
min_episode_len             0.000000e+00
mean_timeouts               0.000000e+00
val_max_episode_rewards     1.000000e+01
val_mean_episode_rewards    1.500000e+00
val_min_episode_rewards     0.000000e+00
val_max_episode_len         5.000000e+02
val_mean_episode_len        4.443750e+02
val_min_episode_len         0.000000e+00
val_mean_timeouts           0.000000e+00
Name: 32, dtype: float64
timesteps                   2.228224e+06
wall_time                   1.505568e+04
num_episodes                5.917000e+03
max_episode_rewards         1.000000e+01
mean_episode_rewards        4.000000e+00
min_episode_rewards         0.000000e+00
max_episode_len             5.000000e+02
mean_episode_len            3.401750e+02
min_episode_len             0.000000e+00
mean_timeouts               0.000000e+00
val_max_episode_rewards     1.000000e+01
val_mean_episode_rewards    5.000000e-01
val_min_episode_rewards     0.000000e+00
val_max_episode_len         5.000000e+02
val_mean_episode_len        4.750500e+02
val_min_episode_len         0.000000e+00
val_mean_timeouts           0.000000e+00
Name: 33, dtype: float64
timesteps                   2.293760e+06
wall_time                   1.553003e+04
num_episodes                6.100000e+03
max_episode_rewards         1.000000e+01
mean_episode_rewards        4.250000e+00
min_episode_rewards         0.000000e+00
max_episode_len             5.000000e+02
mean_episode_len            3.553750e+02
min_episode_len             0.000000e+00
mean_timeouts               0.000000e+00
val_max_episode_rewards     1.000000e+01
val_mean_episode_rewards    1.000000e+00
val_min_episode_rewards     0.000000e+00
val_max_episode_len         5.000000e+02
val_mean_episode_len        4.686750e+02
val_min_episode_len         0.000000e+00
val_mean_timeouts           0.000000e+00
Name: 34, dtype: float64
timesteps                   2.359296e+06
wall_time                   1.600045e+04
num_episodes                6.292000e+03
max_episode_rewards         1.000000e+01
mean_episode_rewards        3.500000e+00
min_episode_rewards         0.000000e+00
max_episode_len             5.000000e+02
mean_episode_len            3.680250e+02
min_episode_len             0.000000e+00
mean_timeouts               0.000000e+00
val_max_episode_rewards     1.000000e+01
val_mean_episode_rewards    2.500000e-01
val_min_episode_rewards     0.000000e+00
val_max_episode_len         5.000000e+02
val_mean_episode_len        4.990500e+02
val_min_episode_len         0.000000e+00
val_mean_timeouts           0.000000e+00
Name: 35, dtype: float64
timesteps                   2.424832e+06
wall_time                   1.645614e+04
num_episodes                6.460000e+03
max_episode_rewards         1.000000e+01
mean_episode_rewards        4.500000e+00
min_episode_rewards         0.000000e+00
max_episode_len             5.000000e+02
mean_episode_len            3.378750e+02
min_episode_len             0.000000e+00
mean_timeouts               0.000000e+00
val_max_episode_rewards     1.000000e+01
val_mean_episode_rewards    7.500000e-01
val_min_episode_rewards     0.000000e+00
val_max_episode_len         5.000000e+02
val_mean_episode_len        4.732750e+02
val_min_episode_len         0.000000e+00
val_mean_timeouts           0.000000e+00
Name: 36, dtype: float64
timesteps                   2.490368e+06
wall_time                   1.691252e+04
num_episodes                6.637000e+03
max_episode_rewards         1.000000e+01
mean_episode_rewards        3.250000e+00
min_episode_rewards         0.000000e+00
max_episode_len             5.000000e+02
mean_episode_len            3.687250e+02
min_episode_len             0.000000e+00
mean_timeouts               0.000000e+00
val_max_episode_rewards     1.000000e+01
val_mean_episode_rewards    5.000000e-01
val_min_episode_rewards     0.000000e+00
val_max_episode_len         5.000000e+02
val_mean_episode_len        4.868250e+02
val_min_episode_len         0.000000e+00
val_mean_timeouts           0.000000e+00
Name: 37, dtype: float64
timesteps                   2.555904e+06
wall_time                   1.737195e+04
num_episodes                6.812000e+03
max_episode_rewards         1.000000e+01
mean_episode_rewards        2.500000e+00
min_episode_rewards         0.000000e+00
max_episode_len             5.000000e+02
mean_episode_len            4.094500e+02
min_episode_len             0.000000e+00
mean_timeouts               0.000000e+00
val_max_episode_rewards     1.000000e+01
val_mean_episode_rewards    2.500000e-01
val_min_episode_rewards     0.000000e+00
val_max_episode_len         5.000000e+02
val_mean_episode_len        4.956750e+02
val_min_episode_len         0.000000e+00
val_mean_timeouts           0.000000e+00
Name: 38, dtype: float64
timesteps                   2.621440e+06
wall_time                   1.782300e+04
num_episodes                7.002000e+03
max_episode_rewards         1.000000e+01
mean_episode_rewards        3.750000e+00
min_episode_rewards         0.000000e+00
max_episode_len             5.000000e+02
mean_episode_len            3.552000e+02
min_episode_len             0.000000e+00
mean_timeouts               0.000000e+00
val_max_episode_rewards     1.000000e+01
val_mean_episode_rewards    5.000000e-01
val_min_episode_rewards     0.000000e+00
val_max_episode_len         5.000000e+02
val_mean_episode_len        4.754500e+02
val_min_episode_len         0.000000e+00
val_mean_timeouts           0.000000e+00
Name: 39, dtype: float64
timesteps                   2.686976e+06
wall_time                   1.826766e+04
num_episodes                7.183000e+03
max_episode_rewards         1.000000e+01
mean_episode_rewards        4.750000e+00
min_episode_rewards         0.000000e+00
max_episode_len             5.000000e+02
mean_episode_len            2.927000e+02
min_episode_len             0.000000e+00
mean_timeouts               0.000000e+00
val_max_episode_rewards     1.000000e+01
val_mean_episode_rewards    1.000000e+00
val_min_episode_rewards     0.000000e+00
val_max_episode_len         5.000000e+02
val_mean_episode_len        4.775250e+02
val_min_episode_len         0.000000e+00
val_mean_timeouts           0.000000e+00
Name: 40, dtype: float64
timesteps                   2.752512e+06
wall_time                   1.872000e+04
num_episodes                7.376000e+03
max_episode_rewards         1.000000e+01
mean_episode_rewards        3.500000e+00
min_episode_rewards         0.000000e+00
max_episode_len             5.000000e+02
mean_episode_len            3.712750e+02
min_episode_len             0.000000e+00
mean_timeouts               2.500000e-02
val_max_episode_rewards     1.000000e+01
val_mean_episode_rewards    2.500000e-01
val_min_episode_rewards     0.000000e+00
val_max_episode_len         5.000000e+02
val_mean_episode_len        4.992500e+02
val_min_episode_len         0.000000e+00
val_mean_timeouts           0.000000e+00
Name: 41, dtype: float64
timesteps                   2.818048e+06
wall_time                   1.917610e+04
num_episodes                7.556000e+03
max_episode_rewards         1.000000e+01
mean_episode_rewards        4.250000e+00
min_episode_rewards         0.000000e+00
max_episode_len             5.000000e+02
mean_episode_len            3.361250e+02
min_episode_len             0.000000e+00
mean_timeouts               0.000000e+00
val_max_episode_rewards     1.000000e+01
val_mean_episode_rewards    1.000000e+00
val_min_episode_rewards     0.000000e+00
val_max_episode_len         5.000000e+02
val_mean_episode_len        4.564750e+02
val_min_episode_len         0.000000e+00
val_mean_timeouts           0.000000e+00
Name: 42, dtype: float64
timesteps                   2.883584e+06
wall_time                   1.963282e+04
num_episodes                7.736000e+03
max_episode_rewards         1.000000e+01
mean_episode_rewards        3.250000e+00
min_episode_rewards         0.000000e+00
max_episode_len             5.000000e+02
mean_episode_len            3.810000e+02
min_episode_len             0.000000e+00
mean_timeouts               0.000000e+00
val_max_episode_rewards     1.000000e+01
val_mean_episode_rewards    7.500000e-01
val_min_episode_rewards     0.000000e+00
val_max_episode_len         5.000000e+02
val_mean_episode_len        4.633500e+02
val_min_episode_len         0.000000e+00
val_mean_timeouts           0.000000e+00
Name: 43, dtype: float64
timesteps                   2.949120e+06
wall_time                   2.008628e+04
num_episodes                7.903000e+03
max_episode_rewards         1.000000e+01
mean_episode_rewards        3.750000e+00
min_episode_rewards         0.000000e+00
max_episode_len             5.000000e+02
mean_episode_len            3.674750e+02
min_episode_len             0.000000e+00
mean_timeouts               0.000000e+00
val_max_episode_rewards     1.000000e+01
val_mean_episode_rewards    7.500000e-01
val_min_episode_rewards     0.000000e+00
val_max_episode_len         5.000000e+02
val_mean_episode_len        4.767250e+02
val_min_episode_len         0.000000e+00
val_mean_timeouts           0.000000e+00
Name: 44, dtype: float64
timesteps                   3.014656e+06
wall_time                   2.055646e+04
num_episodes                8.092000e+03
max_episode_rewards         1.000000e+01
mean_episode_rewards        4.500000e+00
min_episode_rewards         0.000000e+00
max_episode_len             5.000000e+02
mean_episode_len            3.393500e+02
min_episode_len             0.000000e+00
mean_timeouts               0.000000e+00
val_max_episode_rewards     1.000000e+01
val_mean_episode_rewards    1.000000e+00
val_min_episode_rewards     0.000000e+00
val_max_episode_len         5.000000e+02
val_mean_episode_len        4.638250e+02
val_min_episode_len         0.000000e+00
val_mean_timeouts           0.000000e+00
Name: 45, dtype: float64
timesteps                   3.080192e+06
wall_time                   2.102568e+04
num_episodes                8.258000e+03
max_episode_rewards         1.000000e+01
mean_episode_rewards        3.500000e+00
min_episode_rewards         0.000000e+00
max_episode_len             5.000000e+02
mean_episode_len            3.627500e+02
min_episode_len             0.000000e+00
mean_timeouts               0.000000e+00
val_max_episode_rewards     1.000000e+01
val_mean_episode_rewards    5.000000e-01
val_min_episode_rewards     0.000000e+00
val_max_episode_len         5.000000e+02
val_mean_episode_len        4.757000e+02
val_min_episode_len         0.000000e+00
val_mean_timeouts           0.000000e+00
Name: 46, dtype: float64
timesteps                   3.145728e+06
wall_time                   2.147412e+04
num_episodes                8.426000e+03
max_episode_rewards         1.000000e+01
mean_episode_rewards        3.750000e+00
min_episode_rewards         0.000000e+00
max_episode_len             5.000000e+02
mean_episode_len            3.518750e+02
min_episode_len             0.000000e+00
mean_timeouts               0.000000e+00
val_max_episode_rewards     1.000000e+01
val_mean_episode_rewards    1.000000e+00
val_min_episode_rewards     0.000000e+00
val_max_episode_len         5.000000e+02
val_mean_episode_len        4.559000e+02
val_min_episode_len         0.000000e+00
val_mean_timeouts           0.000000e+00
Name: 47, dtype: float64
Saving model at timestep 3145729
timesteps                   3.211264e+06
wall_time                   2.193265e+04
num_episodes                8.620000e+03
max_episode_rewards         1.000000e+01
mean_episode_rewards        3.250000e+00
min_episode_rewards         0.000000e+00
max_episode_len             5.000000e+02
mean_episode_len            3.564500e+02
min_episode_len             0.000000e+00
mean_timeouts               0.000000e+00
val_max_episode_rewards     1.000000e+01
val_mean_episode_rewards    2.500000e-01
val_min_episode_rewards     0.000000e+00
val_max_episode_len         5.000000e+02
val_mean_episode_len        4.878000e+02
val_min_episode_len         0.000000e+00
val_mean_timeouts           2.500000e-02
Name: 48, dtype: float64
timesteps                   3.276800e+06
wall_time                   2.240562e+04
num_episodes                8.797000e+03
max_episode_rewards         1.000000e+01
mean_episode_rewards        3.500000e+00
min_episode_rewards         0.000000e+00
max_episode_len             5.000000e+02
mean_episode_len            3.798250e+02
min_episode_len             0.000000e+00
mean_timeouts               0.000000e+00
val_max_episode_rewards     1.000000e+01
val_mean_episode_rewards    2.500000e-01
val_min_episode_rewards     0.000000e+00
val_max_episode_len         5.000000e+02
val_mean_episode_len        4.875250e+02
val_min_episode_len         0.000000e+00
val_mean_timeouts           0.000000e+00
Name: 49, dtype: float64
timesteps                   3.342336e+06
wall_time                   2.287560e+04
num_episodes                8.990000e+03
max_episode_rewards         1.000000e+01
mean_episode_rewards        3.500000e+00
min_episode_rewards         0.000000e+00
max_episode_len             5.000000e+02
mean_episode_len            3.499250e+02
min_episode_len             0.000000e+00
mean_timeouts               0.000000e+00
val_max_episode_rewards     1.000000e+01
val_mean_episode_rewards    5.000000e-01
val_min_episode_rewards     0.000000e+00
val_max_episode_len         5.000000e+02
val_mean_episode_len        4.750750e+02
val_min_episode_len         0.000000e+00
val_mean_timeouts           0.000000e+00
Name: 50, dtype: float64
timesteps                   3.407872e+06
wall_time                   2.332720e+04
num_episodes                9.165000e+03
max_episode_rewards         1.000000e+01
mean_episode_rewards        2.750000e+00
min_episode_rewards         0.000000e+00
max_episode_len             5.000000e+02
mean_episode_len            3.994500e+02
min_episode_len             0.000000e+00
mean_timeouts               0.000000e+00
val_max_episode_rewards     1.000000e+01
val_mean_episode_rewards    1.250000e+00
val_min_episode_rewards     0.000000e+00
val_max_episode_len         5.000000e+02
val_mean_episode_len        4.572000e+02
val_min_episode_len         0.000000e+00
val_mean_timeouts           0.000000e+00
Name: 51, dtype: float64
timesteps                   3.473408e+06
wall_time                   2.376231e+04
num_episodes                9.356000e+03
max_episode_rewards         1.000000e+01
mean_episode_rewards        4.250000e+00
min_episode_rewards         0.000000e+00
max_episode_len             5.000000e+02
mean_episode_len            3.240750e+02
min_episode_len             0.000000e+00
mean_timeouts               0.000000e+00
val_max_episode_rewards     1.000000e+01
val_mean_episode_rewards    5.000000e-01
val_min_episode_rewards     0.000000e+00
val_max_episode_len         5.000000e+02
val_mean_episode_len        4.750750e+02
val_min_episode_len         0.000000e+00
val_mean_timeouts           0.000000e+00
Name: 52, dtype: float64
timesteps                   3.538944e+06
wall_time                   2.419899e+04
num_episodes                9.529000e+03
max_episode_rewards         1.000000e+01
mean_episode_rewards        2.500000e+00
min_episode_rewards         0.000000e+00
max_episode_len             5.000000e+02
mean_episode_len            4.148000e+02
min_episode_len             0.000000e+00
mean_timeouts               0.000000e+00
val_max_episode_rewards     1.000000e+01
val_mean_episode_rewards    1.500000e+00
val_min_episode_rewards     0.000000e+00
val_max_episode_len         5.000000e+02
val_mean_episode_len        4.361500e+02
val_min_episode_len         0.000000e+00
val_mean_timeouts           0.000000e+00
Name: 53, dtype: float64
timesteps                   3.604480e+06
wall_time                   2.466053e+04
num_episodes                9.704000e+03
max_episode_rewards         1.000000e+01
mean_episode_rewards        4.000000e+00
min_episode_rewards         0.000000e+00
max_episode_len             5.000000e+02
mean_episode_len            3.319250e+02
min_episode_len             0.000000e+00
mean_timeouts               0.000000e+00
val_max_episode_rewards     1.000000e+01
val_mean_episode_rewards    7.500000e-01
val_min_episode_rewards     0.000000e+00
val_max_episode_len         5.000000e+02
val_mean_episode_len        4.854750e+02
val_min_episode_len         0.000000e+00
val_mean_timeouts           0.000000e+00
Name: 54, dtype: float64
timesteps                   3.670016e+06
wall_time                   2.511827e+04
num_episodes                9.880000e+03
max_episode_rewards         1.000000e+01
mean_episode_rewards        3.000000e+00
min_episode_rewards         0.000000e+00
max_episode_len             5.000000e+02
mean_episode_len            3.873000e+02
min_episode_len             0.000000e+00
mean_timeouts               0.000000e+00
val_max_episode_rewards     1.000000e+01
val_mean_episode_rewards    5.000000e-01
val_min_episode_rewards     0.000000e+00
val_max_episode_len         5.000000e+02
val_mean_episode_len        4.777750e+02
val_min_episode_len         0.000000e+00
val_mean_timeouts           0.000000e+00
Name: 55, dtype: float64
timesteps                   3.735552e+06
wall_time                   2.558030e+04
num_episodes                1.005100e+04
max_episode_rewards         1.000000e+01
mean_episode_rewards        5.250000e+00
min_episode_rewards         0.000000e+00
max_episode_len             5.000000e+02
mean_episode_len            3.121750e+02
min_episode_len             0.000000e+00
mean_timeouts               0.000000e+00
val_max_episode_rewards     1.000000e+01
val_mean_episode_rewards    2.500000e-01
val_min_episode_rewards     0.000000e+00
val_max_episode_len         5.000000e+02
val_mean_episode_len        4.902250e+02
val_min_episode_len         0.000000e+00
val_mean_timeouts           0.000000e+00
Name: 56, dtype: float64
timesteps                   3.801088e+06
wall_time                   2.605005e+04
num_episodes                1.023600e+04
max_episode_rewards         1.000000e+01
mean_episode_rewards        4.000000e+00
min_episode_rewards         0.000000e+00
max_episode_len             5.000000e+02
mean_episode_len            3.431250e+02
min_episode_len             0.000000e+00
mean_timeouts               0.000000e+00
val_max_episode_rewards     1.000000e+01
val_mean_episode_rewards    2.250000e+00
val_min_episode_rewards     0.000000e+00
val_max_episode_len         5.000000e+02
val_mean_episode_len        4.322500e+02
val_min_episode_len         0.000000e+00
val_mean_timeouts           0.000000e+00
Name: 57, dtype: float64
timesteps                   3.866624e+06
wall_time                   2.651931e+04
num_episodes                1.040100e+04
max_episode_rewards         1.000000e+01
mean_episode_rewards        3.000000e+00
min_episode_rewards         0.000000e+00
max_episode_len             5.000000e+02
mean_episode_len            3.874750e+02
min_episode_len             0.000000e+00
mean_timeouts               0.000000e+00
val_max_episode_rewards     1.000000e+01
val_mean_episode_rewards    5.000000e-01
val_min_episode_rewards     0.000000e+00
val_max_episode_len         5.000000e+02
val_mean_episode_len        4.750750e+02
val_min_episode_len         0.000000e+00
val_mean_timeouts           0.000000e+00
Name: 58, dtype: float64
timesteps                   3.932160e+06
wall_time                   2.698631e+04
num_episodes                1.059500e+04
max_episode_rewards         1.000000e+01
mean_episode_rewards        2.750000e+00
min_episode_rewards         0.000000e+00
max_episode_len             5.000000e+02
mean_episode_len            4.009250e+02
min_episode_len             0.000000e+00
mean_timeouts               0.000000e+00
val_max_episode_rewards     1.000000e+01
val_mean_episode_rewards    7.500000e-01
val_min_episode_rewards     0.000000e+00
val_max_episode_len         5.000000e+02
val_mean_episode_len        4.653250e+02
val_min_episode_len         0.000000e+00
val_mean_timeouts           0.000000e+00
Name: 59, dtype: float64
timesteps                   3.997696e+06
wall_time                   2.744086e+04
num_episodes                1.077300e+04
max_episode_rewards         1.000000e+01
mean_episode_rewards        4.250000e+00
min_episode_rewards         0.000000e+00
max_episode_len             5.000000e+02
mean_episode_len            3.280250e+02
min_episode_len             0.000000e+00
mean_timeouts               0.000000e+00
val_max_episode_rewards     0.000000e+00
val_mean_episode_rewards    0.000000e+00
val_min_episode_rewards     0.000000e+00
val_max_episode_len         5.000000e+02
val_mean_episode_len        5.000000e+02
val_min_episode_len         0.000000e+00
val_mean_timeouts           0.000000e+00
Name: 60, dtype: float64
timesteps                   4.063232e+06
wall_time                   2.791069e+04
num_episodes                1.094400e+04
max_episode_rewards         1.000000e+01
mean_episode_rewards        3.250000e+00
min_episode_rewards         0.000000e+00
max_episode_len             5.000000e+02
mean_episode_len            3.773000e+02
min_episode_len             0.000000e+00
mean_timeouts               0.000000e+00
val_max_episode_rewards     1.000000e+01
val_mean_episode_rewards    1.250000e+00
val_min_episode_rewards     0.000000e+00
val_max_episode_len         5.000000e+02
val_mean_episode_len        4.600500e+02
val_min_episode_len         0.000000e+00
val_mean_timeouts           0.000000e+00
Name: 61, dtype: float64
timesteps                   4.128768e+06
wall_time                   2.836721e+04
num_episodes                1.111300e+04
max_episode_rewards         1.000000e+01
mean_episode_rewards        3.000000e+00
min_episode_rewards         0.000000e+00
max_episode_len             5.000000e+02
mean_episode_len            3.919000e+02
min_episode_len             0.000000e+00
mean_timeouts               0.000000e+00
val_max_episode_rewards     1.000000e+01
val_mean_episode_rewards    5.000000e-01
val_min_episode_rewards     0.000000e+00
val_max_episode_len         5.000000e+02
val_mean_episode_len        4.846750e+02
val_min_episode_len         0.000000e+00
val_mean_timeouts           0.000000e+00
Name: 62, dtype: float64
timesteps                   4.194304e+06
wall_time                   2.881751e+04
num_episodes                1.127600e+04
max_episode_rewards         1.000000e+01
mean_episode_rewards        2.000000e+00
min_episode_rewards         0.000000e+00
max_episode_len             5.000000e+02
mean_episode_len            4.253500e+02
min_episode_len             0.000000e+00
mean_timeouts               0.000000e+00
val_max_episode_rewards     1.000000e+01
val_mean_episode_rewards    7.500000e-01
val_min_episode_rewards     0.000000e+00
val_max_episode_len         5.000000e+02
val_mean_episode_len        4.636750e+02
val_min_episode_len         0.000000e+00
val_mean_timeouts           0.000000e+00
Name: 63, dtype: float64
timesteps                   4.259840e+06
wall_time                   2.926818e+04
num_episodes                1.145600e+04
max_episode_rewards         1.000000e+01
mean_episode_rewards        2.750000e+00
min_episode_rewards         0.000000e+00
max_episode_len             5.000000e+02
mean_episode_len            4.014500e+02
min_episode_len             0.000000e+00
mean_timeouts               0.000000e+00
val_max_episode_rewards     1.000000e+01
val_mean_episode_rewards    2.500000e-01
val_min_episode_rewards     0.000000e+00
val_max_episode_len         5.000000e+02
val_mean_episode_len        4.898500e+02
val_min_episode_len         0.000000e+00
val_mean_timeouts           0.000000e+00
Name: 64, dtype: float64
timesteps                   4.325376e+06
wall_time                   2.971784e+04
num_episodes                1.163300e+04
max_episode_rewards         1.000000e+01
mean_episode_rewards        3.000000e+00
min_episode_rewards         0.000000e+00
max_episode_len             5.000000e+02
mean_episode_len            3.811500e+02
min_episode_len             0.000000e+00
mean_timeouts               2.500000e-02
val_max_episode_rewards     1.000000e+01
val_mean_episode_rewards    1.000000e+00
val_min_episode_rewards     0.000000e+00
val_max_episode_len         5.000000e+02
val_mean_episode_len        4.569250e+02
val_min_episode_len         0.000000e+00
val_mean_timeouts           0.000000e+00
Name: 65, dtype: float64
timesteps                   4.390912e+06
wall_time                   3.016322e+04
num_episodes                1.182600e+04
max_episode_rewards         1.000000e+01
mean_episode_rewards        2.500000e+00
min_episode_rewards         0.000000e+00
max_episode_len             5.000000e+02
mean_episode_len            4.027500e+02
min_episode_len             0.000000e+00
mean_timeouts               0.000000e+00
val_max_episode_rewards     1.000000e+01
val_mean_episode_rewards    7.500000e-01
val_min_episode_rewards     0.000000e+00
val_max_episode_len         5.000000e+02
val_mean_episode_len        4.726000e+02
val_min_episode_len         0.000000e+00
val_mean_timeouts           0.000000e+00
Name: 66, dtype: float64
timesteps                   4.456448e+06
wall_time                   3.061818e+04
num_episodes                1.201200e+04
max_episode_rewards         1.000000e+01
mean_episode_rewards        4.000000e+00
min_episode_rewards         0.000000e+00
max_episode_len             5.000000e+02
mean_episode_len            3.638250e+02
min_episode_len             0.000000e+00
mean_timeouts               0.000000e+00
val_max_episode_rewards     1.000000e+01
val_mean_episode_rewards    7.500000e-01
val_min_episode_rewards     0.000000e+00
val_max_episode_len         5.000000e+02
val_mean_episode_len        4.800750e+02
val_min_episode_len         0.000000e+00
val_mean_timeouts           0.000000e+00
Name: 67, dtype: float64
timesteps                   4.521984e+06
wall_time                   3.106098e+04
num_episodes                1.218300e+04
max_episode_rewards         1.000000e+01
mean_episode_rewards        2.000000e+00
min_episode_rewards         0.000000e+00
max_episode_len             5.000000e+02
mean_episode_len            4.395750e+02
min_episode_len             0.000000e+00
mean_timeouts               0.000000e+00
val_max_episode_rewards     1.000000e+01
val_mean_episode_rewards    2.500000e-01
val_min_episode_rewards     0.000000e+00
val_max_episode_len         5.000000e+02
val_mean_episode_len        4.987500e+02
val_min_episode_len         0.000000e+00
val_mean_timeouts           0.000000e+00
Name: 68, dtype: float64
timesteps                   4.587520e+06
wall_time                   3.150976e+04
num_episodes                1.235900e+04
max_episode_rewards         1.000000e+01
mean_episode_rewards        4.250000e+00
min_episode_rewards         0.000000e+00
max_episode_len             5.000000e+02
mean_episode_len            3.396000e+02
min_episode_len             0.000000e+00
mean_timeouts               0.000000e+00
val_max_episode_rewards     1.000000e+01
val_mean_episode_rewards    1.500000e+00
val_min_episode_rewards     0.000000e+00
val_max_episode_len         5.000000e+02
val_mean_episode_len        4.513750e+02
val_min_episode_len         0.000000e+00
val_mean_timeouts           0.000000e+00
Name: 69, dtype: float64
timesteps                   4.653056e+06
wall_time                   3.198057e+04
num_episodes                1.254800e+04
max_episode_rewards         1.000000e+01
mean_episode_rewards        4.000000e+00
min_episode_rewards         0.000000e+00
max_episode_len             5.000000e+02
mean_episode_len            3.213750e+02
min_episode_len             0.000000e+00
mean_timeouts               0.000000e+00
val_max_episode_rewards     1.000000e+01
val_mean_episode_rewards    2.500000e-01
val_min_episode_rewards     0.000000e+00
val_max_episode_len         5.000000e+02
val_mean_episode_len        4.955500e+02
val_min_episode_len         0.000000e+00
val_mean_timeouts           0.000000e+00
Name: 70, dtype: float64
timesteps                   4.718592e+06
wall_time                   3.245227e+04
num_episodes                1.272200e+04
max_episode_rewards         1.000000e+01
mean_episode_rewards        4.500000e+00
min_episode_rewards         0.000000e+00
max_episode_len             5.000000e+02
mean_episode_len            3.351250e+02
min_episode_len             0.000000e+00
mean_timeouts               0.000000e+00
val_max_episode_rewards     1.000000e+01
val_mean_episode_rewards    5.000000e-01
val_min_episode_rewards     0.000000e+00
val_max_episode_len         5.000000e+02
val_mean_episode_len        4.784250e+02
val_min_episode_len         0.000000e+00
val_mean_timeouts           0.000000e+00
Name: 71, dtype: float64
timesteps                   4.784128e+06
wall_time                   3.291184e+04
num_episodes                1.291200e+04
max_episode_rewards         1.000000e+01
mean_episode_rewards        3.500000e+00
min_episode_rewards         0.000000e+00
max_episode_len             5.000000e+02
mean_episode_len            3.744000e+02
min_episode_len             0.000000e+00
mean_timeouts               0.000000e+00
val_max_episode_rewards     1.000000e+01
val_mean_episode_rewards    1.250000e+00
val_min_episode_rewards     0.000000e+00
val_max_episode_len         5.000000e+02
val_mean_episode_len        4.574250e+02
val_min_episode_len         0.000000e+00
val_mean_timeouts           0.000000e+00
Name: 72, dtype: float64
timesteps                   4.849664e+06
wall_time                   3.336570e+04
num_episodes                1.308600e+04
max_episode_rewards         1.000000e+01
mean_episode_rewards        4.500000e+00
min_episode_rewards         0.000000e+00
max_episode_len             5.000000e+02
mean_episode_len            2.999000e+02
min_episode_len             0.000000e+00
mean_timeouts               0.000000e+00
val_max_episode_rewards     1.000000e+01
val_mean_episode_rewards    7.500000e-01
val_min_episode_rewards     0.000000e+00
val_max_episode_len         5.000000e+02
val_mean_episode_len        4.835500e+02
val_min_episode_len         0.000000e+00
val_mean_timeouts           0.000000e+00
Name: 73, dtype: float64
timesteps                   4.915200e+06
wall_time                   3.382480e+04
num_episodes                1.329600e+04
max_episode_rewards         1.000000e+01
mean_episode_rewards        4.250000e+00
min_episode_rewards         0.000000e+00
max_episode_len             5.000000e+02
mean_episode_len            3.476500e+02
min_episode_len             0.000000e+00
mean_timeouts               0.000000e+00
val_max_episode_rewards     1.000000e+01
val_mean_episode_rewards    5.000000e-01
val_min_episode_rewards     0.000000e+00
val_max_episode_len         5.000000e+02
val_mean_episode_len        4.756750e+02
val_min_episode_len         0.000000e+00
val_mean_timeouts           0.000000e+00
Name: 74, dtype: float64
timesteps                   4.980736e+06
wall_time                   3.427524e+04
num_episodes                1.347500e+04
max_episode_rewards         1.000000e+01
mean_episode_rewards        4.000000e+00
min_episode_rewards         0.000000e+00
max_episode_len             5.000000e+02
mean_episode_len            3.207000e+02
min_episode_len             0.000000e+00
mean_timeouts               0.000000e+00
val_max_episode_rewards     1.000000e+01
val_mean_episode_rewards    7.500000e-01
val_min_episode_rewards     0.000000e+00
val_max_episode_len         5.000000e+02
val_mean_episode_len        4.691500e+02
val_min_episode_len         0.000000e+00
val_mean_timeouts           0.000000e+00
Name: 75, dtype: float64
timesteps                   5.046272e+06
wall_time                   3.471603e+04
num_episodes                1.364500e+04
max_episode_rewards         1.000000e+01
mean_episode_rewards        3.250000e+00
min_episode_rewards         0.000000e+00
max_episode_len             5.000000e+02
mean_episode_len            3.497500e+02
min_episode_len             0.000000e+00
mean_timeouts               0.000000e+00
val_max_episode_rewards     1.000000e+01
val_mean_episode_rewards    5.000000e-01
val_min_episode_rewards     0.000000e+00
val_max_episode_len         5.000000e+02
val_mean_episode_len        4.770000e+02
val_min_episode_len         0.000000e+00
val_mean_timeouts           0.000000e+00
Name: 76, dtype: float64
timesteps                   5.111808e+06
wall_time                   3.516617e+04
num_episodes                1.381400e+04
max_episode_rewards         1.000000e+01
mean_episode_rewards        2.750000e+00
min_episode_rewards         0.000000e+00
max_episode_len             5.000000e+02
mean_episode_len            4.120500e+02
min_episode_len             0.000000e+00
mean_timeouts               2.500000e-02
val_max_episode_rewards     1.000000e+01
val_mean_episode_rewards    7.500000e-01
val_min_episode_rewards     0.000000e+00
val_max_episode_len         5.000000e+02
val_mean_episode_len        4.694750e+02
val_min_episode_len         0.000000e+00
val_mean_timeouts           0.000000e+00
Name: 77, dtype: float64
timesteps                   5.177344e+06
wall_time                   3.561853e+04
num_episodes                1.400300e+04
max_episode_rewards         1.000000e+01
mean_episode_rewards        3.250000e+00
min_episode_rewards         0.000000e+00
max_episode_len             5.000000e+02
mean_episode_len            3.583250e+02
min_episode_len             0.000000e+00
mean_timeouts               0.000000e+00
val_max_episode_rewards     0.000000e+00
val_mean_episode_rewards    0.000000e+00
val_min_episode_rewards     0.000000e+00
val_max_episode_len         5.000000e+02
val_mean_episode_len        5.000000e+02
val_min_episode_len         0.000000e+00
val_mean_timeouts           0.000000e+00
Name: 78, dtype: float64
timesteps                   5.242880e+06
wall_time                   3.606932e+04
num_episodes                1.418100e+04
max_episode_rewards         1.000000e+01
mean_episode_rewards        3.000000e+00
min_episode_rewards         0.000000e+00
max_episode_len             5.000000e+02
mean_episode_len            3.953000e+02
min_episode_len             0.000000e+00
mean_timeouts               0.000000e+00
val_max_episode_rewards     1.000000e+01
val_mean_episode_rewards    2.500000e-01
val_min_episode_rewards     0.000000e+00
val_max_episode_len         5.000000e+02
val_mean_episode_len        4.941500e+02
val_min_episode_len         0.000000e+00
val_mean_timeouts           0.000000e+00
Name: 79, dtype: float64
timesteps                   5.308416e+06
wall_time                   3.651372e+04
num_episodes                1.436800e+04
max_episode_rewards         1.000000e+01
mean_episode_rewards        4.000000e+00
min_episode_rewards         0.000000e+00
max_episode_len             5.000000e+02
mean_episode_len            3.438750e+02
min_episode_len             0.000000e+00
mean_timeouts               0.000000e+00
val_max_episode_rewards     1.000000e+01
val_mean_episode_rewards    2.500000e-01
val_min_episode_rewards     0.000000e+00
val_max_episode_len         5.000000e+02
val_mean_episode_len        4.876250e+02
val_min_episode_len         0.000000e+00
val_mean_timeouts           0.000000e+00
Name: 80, dtype: float64
timesteps                   5.373952e+06
wall_time                   3.696679e+04
num_episodes                1.454900e+04
max_episode_rewards         1.000000e+01
mean_episode_rewards        3.000000e+00
min_episode_rewards         0.000000e+00
max_episode_len             5.000000e+02
mean_episode_len            3.820000e+02
min_episode_len             0.000000e+00
mean_timeouts               0.000000e+00
val_max_episode_rewards     1.000000e+01
val_mean_episode_rewards    1.000000e+00
val_min_episode_rewards     0.000000e+00
val_max_episode_len         5.000000e+02
val_mean_episode_len        4.608500e+02
val_min_episode_len         0.000000e+00
val_mean_timeouts           0.000000e+00
Name: 81, dtype: float64
timesteps                   5.439488e+06
wall_time                   3.741049e+04
num_episodes                1.470900e+04
max_episode_rewards         1.000000e+01
mean_episode_rewards        4.000000e+00
min_episode_rewards         0.000000e+00
max_episode_len             5.000000e+02
mean_episode_len            3.415000e+02
min_episode_len             0.000000e+00
mean_timeouts               0.000000e+00
val_max_episode_rewards     1.000000e+01
val_mean_episode_rewards    1.750000e+00
val_min_episode_rewards     0.000000e+00
val_max_episode_len         5.000000e+02
val_mean_episode_len        4.498250e+02
val_min_episode_len         0.000000e+00
val_mean_timeouts           0.000000e+00
Name: 82, dtype: float64
timesteps                   5.505024e+06
wall_time                   3.787042e+04
num_episodes                1.491300e+04
max_episode_rewards         1.000000e+01
mean_episode_rewards        4.000000e+00
min_episode_rewards         0.000000e+00
max_episode_len             5.000000e+02
mean_episode_len            3.358000e+02
min_episode_len             0.000000e+00
mean_timeouts               0.000000e+00
val_max_episode_rewards     1.000000e+01
val_mean_episode_rewards    5.000000e-01
val_min_episode_rewards     0.000000e+00
val_max_episode_len         5.000000e+02
val_mean_episode_len        4.758000e+02
val_min_episode_len         0.000000e+00
val_mean_timeouts           2.500000e-02
Name: 83, dtype: float64
timesteps                   5.570560e+06
wall_time                   3.833748e+04
num_episodes                1.507100e+04
max_episode_rewards         1.000000e+01
mean_episode_rewards        4.500000e+00
min_episode_rewards         0.000000e+00
max_episode_len             5.000000e+02
mean_episode_len            3.214000e+02
min_episode_len             0.000000e+00
mean_timeouts               0.000000e+00
val_max_episode_rewards     1.000000e+01
val_mean_episode_rewards    7.500000e-01
val_min_episode_rewards     0.000000e+00
val_max_episode_len         5.000000e+02
val_mean_episode_len        4.642000e+02
val_min_episode_len         0.000000e+00
val_mean_timeouts           0.000000e+00
Name: 84, dtype: float64
timesteps                   5.636096e+06
wall_time                   3.877132e+04
num_episodes                1.528800e+04
max_episode_rewards         1.000000e+01
mean_episode_rewards        4.000000e+00
min_episode_rewards         0.000000e+00
max_episode_len             5.000000e+02
mean_episode_len            3.199500e+02
min_episode_len             0.000000e+00
mean_timeouts               0.000000e+00
val_max_episode_rewards     1.000000e+01
val_mean_episode_rewards    2.500000e-01
val_min_episode_rewards     0.000000e+00
val_max_episode_len         5.000000e+02
val_mean_episode_len        4.875250e+02
val_min_episode_len         0.000000e+00
val_mean_timeouts           0.000000e+00
Name: 85, dtype: float64
timesteps                   5.701632e+06
wall_time                   3.921250e+04
num_episodes                1.545500e+04
max_episode_rewards         1.000000e+01
mean_episode_rewards        2.500000e+00
min_episode_rewards         0.000000e+00
max_episode_len             5.000000e+02
mean_episode_len            3.994500e+02
min_episode_len             0.000000e+00
mean_timeouts               0.000000e+00
val_max_episode_rewards     1.000000e+01
val_mean_episode_rewards    2.500000e-01
val_min_episode_rewards     0.000000e+00
val_max_episode_len         5.000000e+02
val_mean_episode_len        4.879250e+02
val_min_episode_len         0.000000e+00
val_mean_timeouts           0.000000e+00
Name: 86, dtype: float64
timesteps                   5.767168e+06
wall_time                   3.966681e+04
num_episodes                1.565700e+04
max_episode_rewards         1.000000e+01
mean_episode_rewards        4.000000e+00
min_episode_rewards         0.000000e+00
max_episode_len             5.000000e+02
mean_episode_len            3.487250e+02
min_episode_len             0.000000e+00
mean_timeouts               0.000000e+00
val_max_episode_rewards     0.000000e+00
val_mean_episode_rewards    0.000000e+00
val_min_episode_rewards     0.000000e+00
val_max_episode_len         5.000000e+02
val_mean_episode_len        5.000000e+02
val_min_episode_len         0.000000e+00
val_mean_timeouts           0.000000e+00
Name: 87, dtype: float64
timesteps                   5.832704e+06
wall_time                   4.013150e+04
num_episodes                1.584700e+04
max_episode_rewards         1.000000e+01
mean_episode_rewards        4.750000e+00
min_episode_rewards         0.000000e+00
max_episode_len             5.000000e+02
mean_episode_len            3.170250e+02
min_episode_len             0.000000e+00
mean_timeouts               0.000000e+00
val_max_episode_rewards     1.000000e+01
val_mean_episode_rewards    2.500000e-01
val_min_episode_rewards     0.000000e+00
val_max_episode_len         5.000000e+02
val_mean_episode_len        4.882500e+02
val_min_episode_len         0.000000e+00
val_mean_timeouts           0.000000e+00
Name: 88, dtype: float64
timesteps                   5.898240e+06
wall_time                   4.059885e+04
num_episodes                1.603800e+04
max_episode_rewards         1.000000e+01
mean_episode_rewards        4.250000e+00
min_episode_rewards         0.000000e+00
max_episode_len             5.000000e+02
mean_episode_len            3.545000e+02
min_episode_len             0.000000e+00
mean_timeouts               0.000000e+00
val_max_episode_rewards     1.000000e+01
val_mean_episode_rewards    2.500000e-01
val_min_episode_rewards     0.000000e+00
val_max_episode_len         5.000000e+02
val_mean_episode_len        4.930250e+02
val_min_episode_len         0.000000e+00
val_mean_timeouts           0.000000e+00
Name: 89, dtype: float64
timesteps                   5.963776e+06
wall_time                   4.106249e+04
num_episodes                1.620300e+04
max_episode_rewards         1.000000e+01
mean_episode_rewards        3.750000e+00
min_episode_rewards         0.000000e+00
max_episode_len             5.000000e+02
mean_episode_len            3.819750e+02
min_episode_len             0.000000e+00
mean_timeouts               0.000000e+00
val_max_episode_rewards     1.000000e+01
val_mean_episode_rewards    1.000000e+00
val_min_episode_rewards     0.000000e+00
val_max_episode_len         5.000000e+02
val_mean_episode_len        4.543750e+02
val_min_episode_len         0.000000e+00
val_mean_timeouts           0.000000e+00
Name: 90, dtype: float64
timesteps                   6.029312e+06
wall_time                   4.151519e+04
num_episodes                1.642200e+04
max_episode_rewards         1.000000e+01
mean_episode_rewards        5.500000e+00
min_episode_rewards         0.000000e+00
max_episode_len             5.000000e+02
mean_episode_len            2.698750e+02
min_episode_len             0.000000e+00
mean_timeouts               0.000000e+00
val_max_episode_rewards     1.000000e+01
val_mean_episode_rewards    5.000000e-01
val_min_episode_rewards     0.000000e+00
val_max_episode_len         5.000000e+02
val_mean_episode_len        4.751250e+02
val_min_episode_len         0.000000e+00
val_mean_timeouts           0.000000e+00
Name: 91, dtype: float64
timesteps                   6.094848e+06
wall_time                   4.195306e+04
num_episodes                1.660200e+04
max_episode_rewards         1.000000e+01
mean_episode_rewards        3.500000e+00
min_episode_rewards         0.000000e+00
max_episode_len             5.000000e+02
mean_episode_len            3.591750e+02
min_episode_len             0.000000e+00
mean_timeouts               0.000000e+00
val_max_episode_rewards     1.000000e+01
val_mean_episode_rewards    5.000000e-01
val_min_episode_rewards     0.000000e+00
val_max_episode_len         5.000000e+02
val_mean_episode_len        4.887750e+02
val_min_episode_len         0.000000e+00
val_mean_timeouts           0.000000e+00
Name: 92, dtype: float64
timesteps                   6.160384e+06
wall_time                   4.238923e+04
num_episodes                1.677900e+04
max_episode_rewards         1.000000e+01
mean_episode_rewards        4.000000e+00
min_episode_rewards         0.000000e+00
max_episode_len             5.000000e+02
mean_episode_len            3.477750e+02
min_episode_len             0.000000e+00
mean_timeouts               2.500000e-02
val_max_episode_rewards     1.000000e+01
val_mean_episode_rewards    5.000000e-01
val_min_episode_rewards     0.000000e+00
val_max_episode_len         5.000000e+02
val_mean_episode_len        4.803250e+02
val_min_episode_len         0.000000e+00
val_mean_timeouts           0.000000e+00
Name: 93, dtype: float64
timesteps                   6.225920e+06
wall_time                   4.284861e+04
num_episodes                1.695100e+04
max_episode_rewards         1.000000e+01
mean_episode_rewards        3.750000e+00
min_episode_rewards         0.000000e+00
max_episode_len             5.000000e+02
mean_episode_len            3.729250e+02
min_episode_len             0.000000e+00
mean_timeouts               0.000000e+00
val_max_episode_rewards     1.000000e+01
val_mean_episode_rewards    7.500000e-01
val_min_episode_rewards     0.000000e+00
val_max_episode_len         5.000000e+02
val_mean_episode_len        4.698500e+02
val_min_episode_len         0.000000e+00
val_mean_timeouts           0.000000e+00
Name: 94, dtype: float64
timesteps                   6.291456e+06
wall_time                   4.330682e+04
num_episodes                1.715600e+04
max_episode_rewards         1.000000e+01
mean_episode_rewards        3.500000e+00
min_episode_rewards         0.000000e+00
max_episode_len             5.000000e+02
mean_episode_len            3.679500e+02
min_episode_len             0.000000e+00
mean_timeouts               0.000000e+00
val_max_episode_rewards     1.000000e+01
val_mean_episode_rewards    1.500000e+00
val_min_episode_rewards     0.000000e+00
val_max_episode_len         5.000000e+02
val_mean_episode_len        4.442500e+02
val_min_episode_len         0.000000e+00
val_mean_timeouts           0.000000e+00
Name: 95, dtype: float64
Saving model at timestep 6291457
timesteps                   6.356992e+06
wall_time                   4.375393e+04
num_episodes                1.733100e+04
max_episode_rewards         1.000000e+01
mean_episode_rewards        3.750000e+00
min_episode_rewards         0.000000e+00
max_episode_len             5.000000e+02
mean_episode_len            3.510500e+02
min_episode_len             0.000000e+00
mean_timeouts               0.000000e+00
val_max_episode_rewards     1.000000e+01
val_mean_episode_rewards    2.500000e-01
val_min_episode_rewards     0.000000e+00
val_max_episode_len         5.000000e+02
val_mean_episode_len        4.883750e+02
val_min_episode_len         0.000000e+00
val_mean_timeouts           0.000000e+00
Name: 96, dtype: float64
timesteps                   6.422528e+06
wall_time                   4.420778e+04
num_episodes                1.751400e+04
max_episode_rewards         1.000000e+01
mean_episode_rewards        3.500000e+00
min_episode_rewards         0.000000e+00
max_episode_len             5.000000e+02
mean_episode_len            3.775500e+02
min_episode_len             0.000000e+00
mean_timeouts               2.500000e-02
val_max_episode_rewards     1.000000e+01
val_mean_episode_rewards    7.500000e-01
val_min_episode_rewards     0.000000e+00
val_max_episode_len         5.000000e+02
val_mean_episode_len        4.789750e+02
val_min_episode_len         0.000000e+00
val_mean_timeouts           0.000000e+00
Name: 97, dtype: float64
timesteps                   6.488064e+06
wall_time                   4.465454e+04
num_episodes                1.767400e+04
max_episode_rewards         1.000000e+01
mean_episode_rewards        2.500000e+00
min_episode_rewards         0.000000e+00
max_episode_len             5.000000e+02
mean_episode_len            3.884750e+02
min_episode_len             0.000000e+00
mean_timeouts               2.500000e-02
val_max_episode_rewards     0.000000e+00
val_mean_episode_rewards    0.000000e+00
val_min_episode_rewards     0.000000e+00
val_max_episode_len         5.000000e+02
val_mean_episode_len        5.000000e+02
val_min_episode_len         0.000000e+00
val_mean_timeouts           0.000000e+00
Name: 98, dtype: float64
timesteps                   6.553600e+06
wall_time                   4.510091e+04
num_episodes                1.786000e+04
max_episode_rewards         1.000000e+01
mean_episode_rewards        3.500000e+00
min_episode_rewards         0.000000e+00
max_episode_len             5.000000e+02
mean_episode_len            3.469750e+02
min_episode_len             0.000000e+00
mean_timeouts               5.000000e-02
val_max_episode_rewards     1.000000e+01
val_mean_episode_rewards    7.500000e-01
val_min_episode_rewards     0.000000e+00
val_max_episode_len         5.000000e+02
val_mean_episode_len        4.862000e+02
val_min_episode_len         0.000000e+00
val_mean_timeouts           0.000000e+00
Name: 99, dtype: float64
timesteps                   6.619136e+06
wall_time                   4.555154e+04
num_episodes                1.802800e+04
max_episode_rewards         1.000000e+01
mean_episode_rewards        2.250000e+00
min_episode_rewards         0.000000e+00
max_episode_len             5.000000e+02
mean_episode_len            4.142250e+02
min_episode_len             0.000000e+00
mean_timeouts               2.500000e-02
val_max_episode_rewards     1.000000e+01
val_mean_episode_rewards    7.500000e-01
val_min_episode_rewards     0.000000e+00
val_max_episode_len         5.000000e+02
val_mean_episode_len        4.745750e+02
val_min_episode_len         0.000000e+00
val_mean_timeouts           0.000000e+00
Name: 100, dtype: float64
timesteps                   6.684672e+06
wall_time                   4.600827e+04
num_episodes                1.821200e+04
max_episode_rewards         1.000000e+01
mean_episode_rewards        3.000000e+00
min_episode_rewards         0.000000e+00
max_episode_len             5.000000e+02
mean_episode_len            3.833750e+02
min_episode_len             0.000000e+00
mean_timeouts               0.000000e+00
val_max_episode_rewards     1.000000e+01
val_mean_episode_rewards    1.000000e+00
val_min_episode_rewards     0.000000e+00
val_max_episode_len         5.000000e+02
val_mean_episode_len        4.632250e+02
val_min_episode_len         0.000000e+00
val_mean_timeouts           0.000000e+00
Name: 101, dtype: float64
timesteps                   6.750208e+06
wall_time                   4.646497e+04
num_episodes                1.838500e+04
max_episode_rewards         1.000000e+01
mean_episode_rewards        4.000000e+00
min_episode_rewards         0.000000e+00
max_episode_len             5.000000e+02
mean_episode_len            3.331500e+02
min_episode_len             0.000000e+00
mean_timeouts               0.000000e+00
val_max_episode_rewards     1.000000e+01
val_mean_episode_rewards    2.500000e-01
val_min_episode_rewards     0.000000e+00
val_max_episode_len         5.000000e+02
val_mean_episode_len        4.948250e+02
val_min_episode_len         0.000000e+00
val_mean_timeouts           0.000000e+00
Name: 102, dtype: float64
timesteps                   6.815744e+06
wall_time                   4.693525e+04
num_episodes                1.856900e+04
max_episode_rewards         1.000000e+01
mean_episode_rewards        2.500000e+00
min_episode_rewards         0.000000e+00
max_episode_len             5.000000e+02
mean_episode_len            3.950750e+02
min_episode_len             0.000000e+00
mean_timeouts               2.500000e-02
val_max_episode_rewards     1.000000e+01
val_mean_episode_rewards    2.500000e-01
val_min_episode_rewards     0.000000e+00
val_max_episode_len         5.000000e+02
val_mean_episode_len        4.875250e+02
val_min_episode_len         0.000000e+00
val_mean_timeouts           0.000000e+00
Name: 103, dtype: float64
timesteps                   6.881280e+06
wall_time                   4.741192e+04
num_episodes                1.873700e+04
max_episode_rewards         1.000000e+01
mean_episode_rewards        3.000000e+00
min_episode_rewards         0.000000e+00
max_episode_len             5.000000e+02
mean_episode_len            4.074250e+02
min_episode_len             0.000000e+00
mean_timeouts               0.000000e+00
val_max_episode_rewards     1.000000e+01
val_mean_episode_rewards    5.000000e-01
val_min_episode_rewards     0.000000e+00
val_max_episode_len         5.000000e+02
val_mean_episode_len        4.750500e+02
val_min_episode_len         0.000000e+00
val_mean_timeouts           0.000000e+00
Name: 104, dtype: float64
timesteps                   6.946816e+06
wall_time                   4.789231e+04
num_episodes                1.890500e+04
max_episode_rewards         1.000000e+01
mean_episode_rewards        3.750000e+00
min_episode_rewards         0.000000e+00
max_episode_len             5.000000e+02
mean_episode_len            3.742750e+02
min_episode_len             0.000000e+00
mean_timeouts               0.000000e+00
val_max_episode_rewards     1.000000e+01
val_mean_episode_rewards    1.000000e+00
val_min_episode_rewards     0.000000e+00
val_max_episode_len         5.000000e+02
val_mean_episode_len        4.501750e+02
val_min_episode_len         0.000000e+00
val_mean_timeouts           0.000000e+00
Name: 105, dtype: float64
timesteps                   7.012352e+06
wall_time                   4.835543e+04
num_episodes                1.909600e+04
max_episode_rewards         1.000000e+01
mean_episode_rewards        3.250000e+00
min_episode_rewards         0.000000e+00
max_episode_len             5.000000e+02
mean_episode_len            3.698500e+02
min_episode_len             0.000000e+00
mean_timeouts               0.000000e+00
val_max_episode_rewards     1.000000e+01
val_mean_episode_rewards    5.000000e-01
val_min_episode_rewards     0.000000e+00
val_max_episode_len         5.000000e+02
val_mean_episode_len        4.819750e+02
val_min_episode_len         0.000000e+00
val_mean_timeouts           0.000000e+00
Name: 106, dtype: float64
timesteps                   7.077888e+06
wall_time                   4.880885e+04
num_episodes                1.926900e+04
max_episode_rewards         1.000000e+01
mean_episode_rewards        4.500000e+00
min_episode_rewards         0.000000e+00
max_episode_len             5.000000e+02
mean_episode_len            3.148000e+02
min_episode_len             0.000000e+00
mean_timeouts               0.000000e+00
val_max_episode_rewards     1.000000e+01
val_mean_episode_rewards    7.500000e-01
val_min_episode_rewards     0.000000e+00
val_max_episode_len         5.000000e+02
val_mean_episode_len        4.737500e+02
val_min_episode_len         0.000000e+00
val_mean_timeouts           0.000000e+00
Name: 107, dtype: float64
timesteps                   7.143424e+06
wall_time                   4.926406e+04
num_episodes                1.944900e+04
max_episode_rewards         1.000000e+01
mean_episode_rewards        1.750000e+00
min_episode_rewards         0.000000e+00
max_episode_len             5.000000e+02
mean_episode_len            4.357750e+02
min_episode_len             0.000000e+00
mean_timeouts               0.000000e+00
val_max_episode_rewards     1.000000e+01
val_mean_episode_rewards    1.000000e+00
val_min_episode_rewards     0.000000e+00
val_max_episode_len         5.000000e+02
val_mean_episode_len        4.656500e+02
val_min_episode_len         0.000000e+00
val_mean_timeouts           5.000000e-02
Name: 108, dtype: float64
timesteps                   7.208960e+06
wall_time                   4.972564e+04
num_episodes                1.962100e+04
max_episode_rewards         1.000000e+01
mean_episode_rewards        3.250000e+00
min_episode_rewards         0.000000e+00
max_episode_len             5.000000e+02
mean_episode_len            3.607500e+02
min_episode_len             0.000000e+00
mean_timeouts               0.000000e+00
val_max_episode_rewards     1.000000e+01
val_mean_episode_rewards    7.500000e-01
val_min_episode_rewards     0.000000e+00
val_max_episode_len         5.000000e+02
val_mean_episode_len        4.759000e+02
val_min_episode_len         0.000000e+00
val_mean_timeouts           0.000000e+00
Name: 109, dtype: float64
timesteps                   7.274496e+06
wall_time                   5.019500e+04
num_episodes                1.981800e+04
max_episode_rewards         1.000000e+01
mean_episode_rewards        3.250000e+00
min_episode_rewards         0.000000e+00
max_episode_len             5.000000e+02
mean_episode_len            3.705750e+02
min_episode_len             0.000000e+00
mean_timeouts               0.000000e+00
val_max_episode_rewards     1.000000e+01
val_mean_episode_rewards    1.250000e+00
val_min_episode_rewards     0.000000e+00
val_max_episode_len         5.000000e+02
val_mean_episode_len        4.393500e+02
val_min_episode_len         0.000000e+00
val_mean_timeouts           0.000000e+00
Name: 110, dtype: float64
timesteps                   7.340032e+06
wall_time                   5.068164e+04
num_episodes                1.997200e+04
max_episode_rewards         1.000000e+01
mean_episode_rewards        2.250000e+00
min_episode_rewards         0.000000e+00
max_episode_len             5.000000e+02
mean_episode_len            4.123500e+02
min_episode_len             0.000000e+00
mean_timeouts               0.000000e+00
val_max_episode_rewards     1.000000e+01
val_mean_episode_rewards    2.500000e-01
val_min_episode_rewards     0.000000e+00
val_max_episode_len         5.000000e+02
val_mean_episode_len        4.875750e+02
val_min_episode_len         0.000000e+00
val_mean_timeouts           0.000000e+00
Name: 111, dtype: float64
timesteps                   7.405568e+06
wall_time                   5.117184e+04
num_episodes                2.016900e+04
max_episode_rewards         1.000000e+01
mean_episode_rewards        3.750000e+00
min_episode_rewards         0.000000e+00
max_episode_len             5.000000e+02
mean_episode_len            3.432250e+02
min_episode_len             0.000000e+00
mean_timeouts               0.000000e+00
val_max_episode_rewards     1.000000e+01
val_mean_episode_rewards    5.000000e-01
val_min_episode_rewards     0.000000e+00
val_max_episode_len         5.000000e+02
val_mean_episode_len        4.751500e+02
val_min_episode_len         0.000000e+00
val_mean_timeouts           2.500000e-02
Name: 112, dtype: float64
timesteps                   7.471104e+06
wall_time                   5.163165e+04
num_episodes                2.034200e+04
max_episode_rewards         1.000000e+01
mean_episode_rewards        5.000000e+00
min_episode_rewards         0.000000e+00
max_episode_len             5.000000e+02
mean_episode_len            3.001750e+02
min_episode_len             0.000000e+00
mean_timeouts               0.000000e+00
val_max_episode_rewards     1.000000e+01
val_mean_episode_rewards    1.250000e+00
val_min_episode_rewards     0.000000e+00
val_max_episode_len         5.000000e+02
val_mean_episode_len        4.487250e+02
val_min_episode_len         0.000000e+00
val_mean_timeouts           0.000000e+00
Name: 113, dtype: float64
timesteps                   7.536640e+06
wall_time                   5.207610e+04
num_episodes                2.055000e+04
max_episode_rewards         1.000000e+01
mean_episode_rewards        3.250000e+00
min_episode_rewards         0.000000e+00
max_episode_len             5.000000e+02
mean_episode_len            3.640250e+02
min_episode_len             0.000000e+00
mean_timeouts               0.000000e+00
val_max_episode_rewards     1.000000e+01
val_mean_episode_rewards    5.000000e-01
val_min_episode_rewards     0.000000e+00
val_max_episode_len         5.000000e+02
val_mean_episode_len        4.783500e+02
val_min_episode_len         0.000000e+00
val_mean_timeouts           0.000000e+00
Name: 114, dtype: float64
timesteps                   7.602176e+06
wall_time                   5.252563e+04
num_episodes                2.071300e+04
max_episode_rewards         1.000000e+01
mean_episode_rewards        4.000000e+00
min_episode_rewards         0.000000e+00
max_episode_len             5.000000e+02
mean_episode_len            3.363250e+02
min_episode_len             0.000000e+00
mean_timeouts               0.000000e+00
val_max_episode_rewards     1.000000e+01
val_mean_episode_rewards    1.000000e+00
val_min_episode_rewards     0.000000e+00
val_max_episode_len         5.000000e+02
val_mean_episode_len        4.622250e+02
val_min_episode_len         0.000000e+00
val_mean_timeouts           0.000000e+00
Name: 115, dtype: float64
timesteps                   7.667712e+06
wall_time                   5.299679e+04
num_episodes                2.091800e+04
max_episode_rewards         1.000000e+01
mean_episode_rewards        4.500000e+00
min_episode_rewards         0.000000e+00
max_episode_len             5.000000e+02
mean_episode_len            3.365250e+02
min_episode_len             0.000000e+00
mean_timeouts               0.000000e+00
val_max_episode_rewards     1.000000e+01
val_mean_episode_rewards    1.250000e+00
val_min_episode_rewards     0.000000e+00
val_max_episode_len         5.000000e+02
val_mean_episode_len        4.676500e+02
val_min_episode_len         0.000000e+00
val_mean_timeouts           0.000000e+00
Name: 116, dtype: float64
timesteps                   7.733248e+06
wall_time                   5.346216e+04
num_episodes                2.107900e+04
max_episode_rewards         1.000000e+01
mean_episode_rewards        3.000000e+00
min_episode_rewards         0.000000e+00
max_episode_len             5.000000e+02
mean_episode_len            3.948750e+02
min_episode_len             0.000000e+00
mean_timeouts               5.000000e-02
val_max_episode_rewards     1.000000e+01
val_mean_episode_rewards    2.500000e-01
val_min_episode_rewards     0.000000e+00
val_max_episode_len         5.000000e+02
val_mean_episode_len        4.906250e+02
val_min_episode_len         0.000000e+00
val_mean_timeouts           0.000000e+00
Name: 117, dtype: float64
timesteps                   7.798784e+06
wall_time                   5.392495e+04
num_episodes                2.127700e+04
max_episode_rewards         1.000000e+01
mean_episode_rewards        3.000000e+00
min_episode_rewards         0.000000e+00
max_episode_len             5.000000e+02
mean_episode_len            3.804000e+02
min_episode_len             0.000000e+00
mean_timeouts               0.000000e+00
val_max_episode_rewards     1.000000e+01
val_mean_episode_rewards    7.500000e-01
val_min_episode_rewards     0.000000e+00
val_max_episode_len         5.000000e+02
val_mean_episode_len        4.744500e+02
val_min_episode_len         0.000000e+00
val_mean_timeouts           0.000000e+00
Name: 118, dtype: float64
timesteps                   7.864320e+06
wall_time                   5.437073e+04
num_episodes                2.146000e+04
max_episode_rewards         1.000000e+01
mean_episode_rewards        4.250000e+00
min_episode_rewards         0.000000e+00
max_episode_len             5.000000e+02
mean_episode_len            3.273250e+02
min_episode_len             0.000000e+00
mean_timeouts               0.000000e+00
val_max_episode_rewards     1.000000e+01
val_mean_episode_rewards    1.000000e+00
val_min_episode_rewards     0.000000e+00
val_max_episode_len         5.000000e+02
val_mean_episode_len        4.707500e+02
val_min_episode_len         0.000000e+00
val_mean_timeouts           0.000000e+00
Name: 119, dtype: float64
timesteps                   7.929856e+06
wall_time                   5.481850e+04
num_episodes                2.164000e+04
max_episode_rewards         1.000000e+01
mean_episode_rewards        4.250000e+00
min_episode_rewards         0.000000e+00
max_episode_len             5.000000e+02
mean_episode_len            3.364750e+02
min_episode_len             0.000000e+00
mean_timeouts               0.000000e+00
val_max_episode_rewards     1.000000e+01
val_mean_episode_rewards    5.000000e-01
val_min_episode_rewards     0.000000e+00
val_max_episode_len         5.000000e+02
val_mean_episode_len        4.761750e+02
val_min_episode_len         0.000000e+00
val_mean_timeouts           0.000000e+00
Name: 120, dtype: float64
timesteps                   7.995392e+06
wall_time                   5.526838e+04
num_episodes                2.184000e+04
max_episode_rewards         1.000000e+01
mean_episode_rewards        4.250000e+00
min_episode_rewards         0.000000e+00
max_episode_len             5.000000e+02
mean_episode_len            3.270250e+02
min_episode_len             0.000000e+00
mean_timeouts               0.000000e+00
val_max_episode_rewards     1.000000e+01
val_mean_episode_rewards    7.500000e-01
val_min_episode_rewards     0.000000e+00
val_max_episode_len         5.000000e+02
val_mean_episode_len        4.813500e+02
val_min_episode_len         0.000000e+00
val_mean_timeouts           0.000000e+00
Name: 121, dtype: float64
timesteps                   8.060928e+06
wall_time                   5.572406e+04
num_episodes                2.202900e+04
max_episode_rewards         1.000000e+01
mean_episode_rewards        3.250000e+00
min_episode_rewards         0.000000e+00
max_episode_len             5.000000e+02
mean_episode_len            3.507250e+02
min_episode_len             0.000000e+00
mean_timeouts               0.000000e+00
val_max_episode_rewards     1.000000e+01
val_mean_episode_rewards    1.250000e+00
val_min_episode_rewards     0.000000e+00
val_max_episode_len         5.000000e+02
val_mean_episode_len        4.660500e+02
val_min_episode_len         0.000000e+00
val_mean_timeouts           0.000000e+00
Name: 122, dtype: float64
timesteps                   8.126464e+06
wall_time                   5.617781e+04
num_episodes                2.220300e+04
max_episode_rewards         1.000000e+01
mean_episode_rewards        3.000000e+00
min_episode_rewards         0.000000e+00
max_episode_len             5.000000e+02
mean_episode_len            3.729500e+02
min_episode_len             0.000000e+00
mean_timeouts               0.000000e+00
val_max_episode_rewards     1.000000e+01
val_mean_episode_rewards    2.500000e-01
val_min_episode_rewards     0.000000e+00
val_max_episode_len         5.000000e+02
val_mean_episode_len        4.893500e+02
val_min_episode_len         0.000000e+00
val_mean_timeouts           0.000000e+00
Name: 123, dtype: float64
timesteps                   8.192000e+06
wall_time                   5.663320e+04
num_episodes                2.240700e+04
max_episode_rewards         1.000000e+01
mean_episode_rewards        3.500000e+00
min_episode_rewards         0.000000e+00
max_episode_len             5.000000e+02
mean_episode_len            3.936250e+02
min_episode_len             0.000000e+00
mean_timeouts               0.000000e+00
val_max_episode_rewards     1.000000e+01
val_mean_episode_rewards    2.500000e-01
val_min_episode_rewards     0.000000e+00
val_max_episode_len         5.000000e+02
val_mean_episode_len        4.919000e+02
val_min_episode_len         0.000000e+00
val_mean_timeouts           5.000000e-02
Name: 124, dtype: float64
timesteps                   8.257536e+06
wall_time                   5.707583e+04
num_episodes                2.259100e+04
max_episode_rewards         1.000000e+01
mean_episode_rewards        3.750000e+00
min_episode_rewards         0.000000e+00
max_episode_len             5.000000e+02
mean_episode_len            3.626000e+02
min_episode_len             0.000000e+00
mean_timeouts               0.000000e+00
val_max_episode_rewards     1.000000e+01
val_mean_episode_rewards    5.000000e-01
val_min_episode_rewards     0.000000e+00
val_max_episode_len         5.000000e+02
val_mean_episode_len        4.823000e+02
val_min_episode_len         0.000000e+00
val_mean_timeouts           0.000000e+00
Name: 125, dtype: float64
timesteps                   8.323072e+06
wall_time                   5.752359e+04
num_episodes                2.279700e+04
max_episode_rewards         1.000000e+01
mean_episode_rewards        3.750000e+00
min_episode_rewards         0.000000e+00
max_episode_len             5.000000e+02
mean_episode_len            3.532000e+02
min_episode_len             0.000000e+00
mean_timeouts               0.000000e+00
val_max_episode_rewards     0.000000e+00
val_mean_episode_rewards    0.000000e+00
val_min_episode_rewards     0.000000e+00
val_max_episode_len         5.000000e+02
val_mean_episode_len        5.000000e+02
val_min_episode_len         0.000000e+00
val_mean_timeouts           0.000000e+00
Name: 126, dtype: float64
timesteps                   8.388608e+06
wall_time                   5.799196e+04
num_episodes                2.297200e+04
max_episode_rewards         1.000000e+01
mean_episode_rewards        5.250000e+00
min_episode_rewards         0.000000e+00
max_episode_len             5.000000e+02
mean_episode_len            2.937500e+02
min_episode_len             0.000000e+00
mean_timeouts               0.000000e+00
val_max_episode_rewards     1.000000e+01
val_mean_episode_rewards    1.000000e+00
val_min_episode_rewards     0.000000e+00
val_max_episode_len         5.000000e+02
val_mean_episode_len        4.624000e+02
val_min_episode_len         0.000000e+00
val_mean_timeouts           0.000000e+00
Name: 127, dtype: float64
timesteps                   8.454144e+06
wall_time                   5.846237e+04
num_episodes                2.317000e+04
max_episode_rewards         1.000000e+01
mean_episode_rewards        3.500000e+00
min_episode_rewards         0.000000e+00
max_episode_len             5.000000e+02
mean_episode_len            3.435250e+02
min_episode_len             0.000000e+00
mean_timeouts               0.000000e+00
val_max_episode_rewards     0.000000e+00
val_mean_episode_rewards    0.000000e+00
val_min_episode_rewards     0.000000e+00
val_max_episode_len         5.000000e+02
val_mean_episode_len        5.000000e+02
val_min_episode_len         0.000000e+00
val_mean_timeouts           0.000000e+00
Name: 128, dtype: float64
timesteps                   8.519680e+06
wall_time                   5.892885e+04
num_episodes                2.334300e+04
max_episode_rewards         1.000000e+01
mean_episode_rewards        4.000000e+00
min_episode_rewards         0.000000e+00
max_episode_len             5.000000e+02
mean_episode_len            3.629750e+02
min_episode_len             0.000000e+00
mean_timeouts               0.000000e+00
val_max_episode_rewards     1.000000e+01
val_mean_episode_rewards    7.500000e-01
val_min_episode_rewards     0.000000e+00
val_max_episode_len         5.000000e+02
val_mean_episode_len        4.826000e+02
val_min_episode_len         0.000000e+00
val_mean_timeouts           0.000000e+00
Name: 129, dtype: float64
timesteps                   8.585216e+06
wall_time                   5.940162e+04
num_episodes                2.355200e+04
max_episode_rewards         1.000000e+01
mean_episode_rewards        4.000000e+00
min_episode_rewards         0.000000e+00
max_episode_len             5.000000e+02
mean_episode_len            3.430750e+02
min_episode_len             0.000000e+00
mean_timeouts               0.000000e+00
val_max_episode_rewards     1.000000e+01
val_mean_episode_rewards    1.000000e+00
val_min_episode_rewards     0.000000e+00
val_max_episode_len         5.000000e+02
val_mean_episode_len        4.682750e+02
val_min_episode_len         0.000000e+00
val_mean_timeouts           0.000000e+00
Name: 130, dtype: float64
timesteps                   8.650752e+06
wall_time                   5.987314e+04
num_episodes                2.371400e+04
max_episode_rewards         1.000000e+01
mean_episode_rewards        4.500000e+00
min_episode_rewards         0.000000e+00
max_episode_len             5.000000e+02
mean_episode_len            3.323250e+02
min_episode_len             0.000000e+00
mean_timeouts               0.000000e+00
val_max_episode_rewards     1.000000e+01
val_mean_episode_rewards    2.500000e-01
val_min_episode_rewards     0.000000e+00
val_max_episode_len         5.000000e+02
val_mean_episode_len        4.957250e+02
val_min_episode_len         0.000000e+00
val_mean_timeouts           0.000000e+00
Name: 131, dtype: float64
timesteps                   8.716288e+06
wall_time                   6.033658e+04
num_episodes                2.392400e+04
max_episode_rewards         1.000000e+01
mean_episode_rewards        3.500000e+00
min_episode_rewards         0.000000e+00
max_episode_len             5.000000e+02
mean_episode_len            3.593750e+02
min_episode_len             0.000000e+00
mean_timeouts               0.000000e+00
val_max_episode_rewards     1.000000e+01
val_mean_episode_rewards    7.500000e-01
val_min_episode_rewards     0.000000e+00
val_max_episode_len         5.000000e+02
val_mean_episode_len        4.739000e+02
val_min_episode_len         0.000000e+00
val_mean_timeouts           0.000000e+00
Name: 132, dtype: float64
timesteps                   8.781824e+06
wall_time                   6.079073e+04
num_episodes                2.409200e+04
max_episode_rewards         1.000000e+01
mean_episode_rewards        3.500000e+00
min_episode_rewards         0.000000e+00
max_episode_len             5.000000e+02
mean_episode_len            3.635250e+02
min_episode_len             0.000000e+00
mean_timeouts               0.000000e+00
val_max_episode_rewards     1.000000e+01
val_mean_episode_rewards    1.500000e+00
val_min_episode_rewards     0.000000e+00
val_max_episode_len         5.000000e+02
val_mean_episode_len        4.350000e+02
val_min_episode_len         0.000000e+00
val_mean_timeouts           0.000000e+00
Name: 133, dtype: float64
timesteps                   8.847360e+06
wall_time                   6.124251e+04
num_episodes                2.429000e+04
max_episode_rewards         1.000000e+01
mean_episode_rewards        4.000000e+00
min_episode_rewards         0.000000e+00
max_episode_len             5.000000e+02
mean_episode_len            3.538500e+02
min_episode_len             0.000000e+00
mean_timeouts               0.000000e+00
val_max_episode_rewards     1.000000e+01
val_mean_episode_rewards    2.500000e-01
val_min_episode_rewards     0.000000e+00
val_max_episode_len         5.000000e+02
val_mean_episode_len        4.929750e+02
val_min_episode_len         0.000000e+00
val_mean_timeouts           0.000000e+00
Name: 134, dtype: float64
timesteps                   8.912896e+06
wall_time                   6.169118e+04
num_episodes                2.447900e+04
max_episode_rewards         1.000000e+01
mean_episode_rewards        4.250000e+00
min_episode_rewards         0.000000e+00
max_episode_len             5.000000e+02
mean_episode_len            3.271000e+02
min_episode_len             0.000000e+00
mean_timeouts               0.000000e+00
val_max_episode_rewards     1.000000e+01
val_mean_episode_rewards    2.500000e-01
val_min_episode_rewards     0.000000e+00
val_max_episode_len         5.000000e+02
val_mean_episode_len        4.941000e+02
val_min_episode_len         0.000000e+00
val_mean_timeouts           0.000000e+00
Name: 135, dtype: float64
timesteps                   8.978432e+06
wall_time                   6.214750e+04
num_episodes                2.465900e+04
max_episode_rewards         1.000000e+01
mean_episode_rewards        4.000000e+00
min_episode_rewards         0.000000e+00
max_episode_len             5.000000e+02
mean_episode_len            3.621500e+02
min_episode_len             0.000000e+00
mean_timeouts               0.000000e+00
val_max_episode_rewards     1.000000e+01
val_mean_episode_rewards    5.000000e-01
val_min_episode_rewards     0.000000e+00
val_max_episode_len         5.000000e+02
val_mean_episode_len        4.755500e+02
val_min_episode_len         0.000000e+00
val_mean_timeouts           0.000000e+00
Name: 136, dtype: float64
timesteps                   9.043968e+06
wall_time                   6.261647e+04
num_episodes                2.484100e+04
max_episode_rewards         1.000000e+01
mean_episode_rewards        4.000000e+00
min_episode_rewards         0.000000e+00
max_episode_len             5.000000e+02
mean_episode_len            3.464250e+02
min_episode_len             0.000000e+00
mean_timeouts               0.000000e+00
val_max_episode_rewards     1.000000e+01
val_mean_episode_rewards    1.000000e+00
val_min_episode_rewards     0.000000e+00
val_max_episode_len         5.000000e+02
val_mean_episode_len        4.532000e+02
val_min_episode_len         0.000000e+00
val_mean_timeouts           0.000000e+00
Name: 137, dtype: float64
timesteps                   9.109504e+06
wall_time                   6.307310e+04
num_episodes                2.502000e+04
max_episode_rewards         1.000000e+01
mean_episode_rewards        3.750000e+00
min_episode_rewards         0.000000e+00
max_episode_len             5.000000e+02
mean_episode_len            3.480000e+02
min_episode_len             0.000000e+00
mean_timeouts               2.500000e-02
val_max_episode_rewards     1.000000e+01
val_mean_episode_rewards    7.500000e-01
val_min_episode_rewards     0.000000e+00
val_max_episode_len         5.000000e+02
val_mean_episode_len        4.659750e+02
val_min_episode_len         0.000000e+00
val_mean_timeouts           0.000000e+00
Name: 138, dtype: float64
timesteps                   9.175040e+06
wall_time                   6.352378e+04
num_episodes                2.520900e+04
max_episode_rewards         1.000000e+01
mean_episode_rewards        3.000000e+00
min_episode_rewards         0.000000e+00
max_episode_len             5.000000e+02
mean_episode_len            3.725000e+02
min_episode_len             0.000000e+00
mean_timeouts               0.000000e+00
val_max_episode_rewards     1.000000e+01
val_mean_episode_rewards    7.500000e-01
val_min_episode_rewards     0.000000e+00
val_max_episode_len         5.000000e+02
val_mean_episode_len        4.781000e+02
val_min_episode_len         0.000000e+00
val_mean_timeouts           0.000000e+00
Name: 139, dtype: float64
timesteps                   9.240576e+06
wall_time                   6.397836e+04
num_episodes                2.538300e+04
max_episode_rewards         1.000000e+01
mean_episode_rewards        3.750000e+00
min_episode_rewards         0.000000e+00
max_episode_len             5.000000e+02
mean_episode_len            3.564500e+02
min_episode_len             0.000000e+00
mean_timeouts               2.500000e-02
val_max_episode_rewards     1.000000e+01
val_mean_episode_rewards    7.500000e-01
val_min_episode_rewards     0.000000e+00
val_max_episode_len         5.000000e+02
val_mean_episode_len        4.626750e+02
val_min_episode_len         0.000000e+00
val_mean_timeouts           0.000000e+00
Name: 140, dtype: float64
timesteps                   9.306112e+06
wall_time                   6.443157e+04
num_episodes                2.556600e+04
max_episode_rewards         1.000000e+01
mean_episode_rewards        2.750000e+00
min_episode_rewards         0.000000e+00
max_episode_len             5.000000e+02
mean_episode_len            3.982750e+02
min_episode_len             0.000000e+00
mean_timeouts               0.000000e+00
val_max_episode_rewards     1.000000e+01
val_mean_episode_rewards    5.000000e-01
val_min_episode_rewards     0.000000e+00
val_max_episode_len         5.000000e+02
val_mean_episode_len        4.751500e+02
val_min_episode_len         0.000000e+00
val_mean_timeouts           0.000000e+00
Name: 141, dtype: float64
timesteps                   9.371648e+06
wall_time                   6.488560e+04
num_episodes                2.573500e+04
max_episode_rewards         1.000000e+01
mean_episode_rewards        3.000000e+00
min_episode_rewards         0.000000e+00
max_episode_len             5.000000e+02
mean_episode_len            3.802250e+02
min_episode_len             0.000000e+00
mean_timeouts               0.000000e+00
val_max_episode_rewards     0.000000e+00
val_mean_episode_rewards    0.000000e+00
val_min_episode_rewards     0.000000e+00
val_max_episode_len         5.000000e+02
val_mean_episode_len        5.000000e+02
val_min_episode_len         0.000000e+00
val_mean_timeouts           0.000000e+00
Name: 142, dtype: float64
timesteps                   9.437184e+06
wall_time                   6.536828e+04
num_episodes                2.591500e+04
max_episode_rewards         1.000000e+01
mean_episode_rewards        3.500000e+00
min_episode_rewards         0.000000e+00
max_episode_len             5.000000e+02
mean_episode_len            3.715000e+02
min_episode_len             0.000000e+00
mean_timeouts               0.000000e+00
val_max_episode_rewards     1.000000e+01
val_mean_episode_rewards    1.000000e+00
val_min_episode_rewards     0.000000e+00
val_max_episode_len         5.000000e+02
val_mean_episode_len        4.646750e+02
val_min_episode_len         0.000000e+00
val_mean_timeouts           0.000000e+00
Name: 143, dtype: float64
timesteps                   9.502720e+06
wall_time                   6.585902e+04
num_episodes                2.609000e+04
max_episode_rewards         1.000000e+01
mean_episode_rewards        4.500000e+00
min_episode_rewards         0.000000e+00
max_episode_len             5.000000e+02
mean_episode_len            3.365750e+02
min_episode_len             0.000000e+00
mean_timeouts               0.000000e+00
val_max_episode_rewards     1.000000e+01
val_mean_episode_rewards    2.500000e-01
val_min_episode_rewards     0.000000e+00
val_max_episode_len         5.000000e+02
val_mean_episode_len        4.876500e+02
val_min_episode_len         0.000000e+00
val_mean_timeouts           0.000000e+00
Name: 144, dtype: float64
timesteps                   9.568256e+06
wall_time                   6.634756e+04
num_episodes                2.627900e+04
max_episode_rewards         1.000000e+01
mean_episode_rewards        2.750000e+00
min_episode_rewards         0.000000e+00
max_episode_len             5.000000e+02
mean_episode_len            3.932250e+02
min_episode_len             0.000000e+00
mean_timeouts               0.000000e+00
val_max_episode_rewards     1.000000e+01
val_mean_episode_rewards    1.000000e+00
val_min_episode_rewards     0.000000e+00
val_max_episode_len         5.000000e+02
val_mean_episode_len        4.601250e+02
val_min_episode_len         0.000000e+00
val_mean_timeouts           0.000000e+00
Name: 145, dtype: float64
timesteps                   9.633792e+06
wall_time                   6.682476e+04
num_episodes                2.644000e+04
max_episode_rewards         1.000000e+01
mean_episode_rewards        3.500000e+00
min_episode_rewards         0.000000e+00
max_episode_len             5.000000e+02
mean_episode_len            3.696250e+02
min_episode_len             0.000000e+00
mean_timeouts               0.000000e+00
val_max_episode_rewards     1.000000e+01
val_mean_episode_rewards    7.500000e-01
val_min_episode_rewards     0.000000e+00
val_max_episode_len         5.000000e+02
val_mean_episode_len        4.732750e+02
val_min_episode_len         0.000000e+00
val_mean_timeouts           0.000000e+00
Name: 146, dtype: float64
timesteps                   9.699328e+06
wall_time                   6.728939e+04
num_episodes                2.663400e+04
max_episode_rewards         1.000000e+01
mean_episode_rewards        3.250000e+00
min_episode_rewards         0.000000e+00
max_episode_len             5.000000e+02
mean_episode_len            3.693250e+02
min_episode_len             0.000000e+00
mean_timeouts               0.000000e+00
val_max_episode_rewards     1.000000e+01
val_mean_episode_rewards    5.000000e-01
val_min_episode_rewards     0.000000e+00
val_max_episode_len         5.000000e+02
val_mean_episode_len        4.905750e+02
val_min_episode_len         0.000000e+00
val_mean_timeouts           0.000000e+00
Name: 147, dtype: float64
timesteps                   9.764864e+06
wall_time                   6.776043e+04
num_episodes                2.680000e+04
max_episode_rewards         1.000000e+01
mean_episode_rewards        3.250000e+00
min_episode_rewards         0.000000e+00
max_episode_len             5.000000e+02
mean_episode_len            3.701000e+02
min_episode_len             0.000000e+00
mean_timeouts               0.000000e+00
val_max_episode_rewards     1.000000e+01
val_mean_episode_rewards    7.500000e-01
val_min_episode_rewards     0.000000e+00
val_max_episode_len         5.000000e+02
val_mean_episode_len        4.702750e+02
val_min_episode_len         0.000000e+00
val_mean_timeouts           0.000000e+00
Name: 148, dtype: float64
timesteps                   9.830400e+06
wall_time                   6.823359e+04
num_episodes                2.699100e+04
max_episode_rewards         1.000000e+01
mean_episode_rewards        2.250000e+00
min_episode_rewards         0.000000e+00
max_episode_len             5.000000e+02
mean_episode_len            4.204500e+02
min_episode_len             0.000000e+00
mean_timeouts               0.000000e+00
val_max_episode_rewards     1.000000e+01
val_mean_episode_rewards    5.000000e-01
val_min_episode_rewards     0.000000e+00
val_max_episode_len         5.000000e+02
val_mean_episode_len        4.865750e+02
val_min_episode_len         0.000000e+00
val_mean_timeouts           0.000000e+00
Name: 149, dtype: float64
timesteps                   9.895936e+06
wall_time                   6.870068e+04
num_episodes                2.715300e+04
max_episode_rewards         1.000000e+01
mean_episode_rewards        4.000000e+00
min_episode_rewards         0.000000e+00
max_episode_len             5.000000e+02
mean_episode_len            3.450000e+02
min_episode_len             0.000000e+00
mean_timeouts               0.000000e+00
val_max_episode_rewards     1.000000e+01
val_mean_episode_rewards    2.500000e-01
val_min_episode_rewards     0.000000e+00
val_max_episode_len         5.000000e+02
val_mean_episode_len        4.875250e+02
val_min_episode_len         0.000000e+00
val_mean_timeouts           0.000000e+00
Name: 150, dtype: float64
timesteps                   9.961472e+06
wall_time                   6.914904e+04
num_episodes                2.734700e+04
max_episode_rewards         1.000000e+01
mean_episode_rewards        3.000000e+00
min_episode_rewards         0.000000e+00
max_episode_len             5.000000e+02
mean_episode_len            3.768750e+02
min_episode_len             0.000000e+00
mean_timeouts               0.000000e+00
val_max_episode_rewards     1.000000e+01
val_mean_episode_rewards    5.000000e-01
val_min_episode_rewards     0.000000e+00
val_max_episode_len         5.000000e+02
val_mean_episode_len        4.926250e+02
val_min_episode_len         0.000000e+00
val_mean_timeouts           0.000000e+00
Name: 151, dtype: float64
timesteps                   1.002701e+07
wall_time                   6.960120e+04
num_episodes                2.751600e+04
max_episode_rewards         1.000000e+01
mean_episode_rewards        4.250000e+00
min_episode_rewards         0.000000e+00
max_episode_len             5.000000e+02
mean_episode_len            3.243250e+02
min_episode_len             0.000000e+00
mean_timeouts               0.000000e+00
val_max_episode_rewards     1.000000e+01
val_mean_episode_rewards    2.500000e-01
val_min_episode_rewards     0.000000e+00
val_max_episode_len         5.000000e+02
val_mean_episode_len        4.894750e+02
val_min_episode_len         0.000000e+00
val_mean_timeouts           0.000000e+00
Name: 152, dtype: float64
Saving model at timestep 10027009
timesteps                   1.009254e+07
wall_time                   7.006501e+04
num_episodes                2.769300e+04
max_episode_rewards         1.000000e+01
mean_episode_rewards        3.000000e+00
min_episode_rewards         0.000000e+00
max_episode_len             5.000000e+02
mean_episode_len            3.678000e+02
min_episode_len             0.000000e+00
mean_timeouts               0.000000e+00
val_max_episode_rewards     1.000000e+01
val_mean_episode_rewards    7.500000e-01
val_min_episode_rewards     0.000000e+00
val_max_episode_len         5.000000e+02
val_mean_episode_len        4.676500e+02
val_min_episode_len         0.000000e+00
val_mean_timeouts           0.000000e+00
Name: 153, dtype: float64
timesteps                   1.015808e+07
wall_time                   7.053133e+04
num_episodes                2.787100e+04
max_episode_rewards         1.000000e+01
mean_episode_rewards        2.000000e+00
min_episode_rewards         0.000000e+00
max_episode_len             5.000000e+02
mean_episode_len            4.245250e+02
min_episode_len             0.000000e+00
mean_timeouts               0.000000e+00
val_max_episode_rewards     1.000000e+01
val_mean_episode_rewards    1.000000e+00
val_min_episode_rewards     0.000000e+00
val_max_episode_len         5.000000e+02
val_mean_episode_len        4.661500e+02
val_min_episode_len         0.000000e+00
val_mean_timeouts           0.000000e+00
Name: 154, dtype: float64
timesteps                   1.022362e+07
wall_time                   7.100396e+04
num_episodes                2.804500e+04
max_episode_rewards         1.000000e+01
mean_episode_rewards        4.250000e+00
min_episode_rewards         0.000000e+00
max_episode_len             5.000000e+02
mean_episode_len            3.423750e+02
min_episode_len             0.000000e+00
mean_timeouts               0.000000e+00
val_max_episode_rewards     1.000000e+01
val_mean_episode_rewards    2.500000e-01
val_min_episode_rewards     0.000000e+00
val_max_episode_len         5.000000e+02
val_mean_episode_len        4.900500e+02
val_min_episode_len         0.000000e+00
val_mean_timeouts           0.000000e+00
Name: 155, dtype: float64
timesteps                   1.028915e+07
wall_time                   7.147507e+04
num_episodes                2.824000e+04
max_episode_rewards         1.000000e+01
mean_episode_rewards        5.000000e+00
min_episode_rewards         0.000000e+00
max_episode_len             5.000000e+02
mean_episode_len            2.990250e+02
min_episode_len             0.000000e+00
mean_timeouts               0.000000e+00
val_max_episode_rewards     1.000000e+01
val_mean_episode_rewards    1.000000e+00
val_min_episode_rewards     0.000000e+00
val_max_episode_len         5.000000e+02
val_mean_episode_len        4.671500e+02
val_min_episode_len         0.000000e+00
val_mean_timeouts           0.000000e+00
Name: 156, dtype: float64
timesteps                   1.035469e+07
wall_time                   7.193708e+04
num_episodes                2.841300e+04
max_episode_rewards         1.000000e+01
mean_episode_rewards        4.250000e+00
min_episode_rewards         0.000000e+00
max_episode_len             5.000000e+02
mean_episode_len            3.206250e+02
min_episode_len             0.000000e+00
mean_timeouts               0.000000e+00
val_max_episode_rewards     1.000000e+01
val_mean_episode_rewards    7.500000e-01
val_min_episode_rewards     0.000000e+00
val_max_episode_len         5.000000e+02
val_mean_episode_len        4.738750e+02
val_min_episode_len         0.000000e+00
val_mean_timeouts           0.000000e+00
Name: 157, dtype: float64
timesteps                   1.042022e+07
wall_time                   7.239396e+04
num_episodes                2.860400e+04
max_episode_rewards         1.000000e+01
mean_episode_rewards        3.500000e+00
min_episode_rewards         0.000000e+00
max_episode_len             5.000000e+02
mean_episode_len            3.531500e+02
min_episode_len             0.000000e+00
mean_timeouts               0.000000e+00
val_max_episode_rewards     1.000000e+01
val_mean_episode_rewards    2.500000e-01
val_min_episode_rewards     0.000000e+00
val_max_episode_len         5.000000e+02
val_mean_episode_len        4.875250e+02
val_min_episode_len         0.000000e+00
val_mean_timeouts           2.500000e-02
Name: 158, dtype: float64
timesteps                   1.048576e+07
wall_time                   7.285268e+04
num_episodes                2.877000e+04
max_episode_rewards         1.000000e+01
mean_episode_rewards        4.750000e+00
min_episode_rewards         0.000000e+00
max_episode_len             5.000000e+02
mean_episode_len            3.182250e+02
min_episode_len             0.000000e+00
mean_timeouts               0.000000e+00
val_max_episode_rewards     1.000000e+01
val_mean_episode_rewards    1.000000e+00
val_min_episode_rewards     0.000000e+00
val_max_episode_len         5.000000e+02
val_mean_episode_len        4.506500e+02
val_min_episode_len         0.000000e+00
val_mean_timeouts           0.000000e+00
Name: 159, dtype: float64
timesteps                   1.055130e+07
wall_time                   7.329939e+04
num_episodes                2.894900e+04
max_episode_rewards         1.000000e+01
mean_episode_rewards        3.500000e+00
min_episode_rewards         0.000000e+00
max_episode_len             5.000000e+02
mean_episode_len            3.888250e+02
min_episode_len             0.000000e+00
mean_timeouts               0.000000e+00
val_max_episode_rewards     1.000000e+01
val_mean_episode_rewards    2.500000e-01
val_min_episode_rewards     0.000000e+00
val_max_episode_len         5.000000e+02
val_mean_episode_len        4.979250e+02
val_min_episode_len         0.000000e+00
val_mean_timeouts           0.000000e+00
Name: 160, dtype: float64
timesteps                   1.061683e+07
wall_time                   7.375165e+04
num_episodes                2.915600e+04
max_episode_rewards         1.000000e+01
mean_episode_rewards        5.250000e+00
min_episode_rewards         0.000000e+00
max_episode_len             5.000000e+02
mean_episode_len            2.892000e+02
min_episode_len             0.000000e+00
mean_timeouts               0.000000e+00
val_max_episode_rewards     1.000000e+01
val_mean_episode_rewards    7.500000e-01
val_min_episode_rewards     0.000000e+00
val_max_episode_len         5.000000e+02
val_mean_episode_len        4.738750e+02
val_min_episode_len         0.000000e+00
val_mean_timeouts           0.000000e+00
Name: 161, dtype: float64
timesteps                   1.068237e+07
wall_time                   7.422275e+04
num_episodes                2.931500e+04
max_episode_rewards         1.000000e+01
mean_episode_rewards        2.500000e+00
min_episode_rewards         0.000000e+00
max_episode_len             5.000000e+02
mean_episode_len            4.105750e+02
min_episode_len             0.000000e+00
mean_timeouts               0.000000e+00
val_max_episode_rewards     1.000000e+01
val_mean_episode_rewards    2.500000e-01
val_min_episode_rewards     0.000000e+00
val_max_episode_len         5.000000e+02
val_mean_episode_len        4.911500e+02
val_min_episode_len         0.000000e+00
val_mean_timeouts           0.000000e+00
Name: 162, dtype: float64
timesteps                   1.074790e+07
wall_time                   7.466966e+04
num_episodes                2.951200e+04
max_episode_rewards         1.000000e+01
mean_episode_rewards        3.750000e+00
min_episode_rewards         0.000000e+00
max_episode_len             5.000000e+02
mean_episode_len            3.571500e+02
min_episode_len             0.000000e+00
mean_timeouts               0.000000e+00
val_max_episode_rewards     1.000000e+01
val_mean_episode_rewards    2.500000e-01
val_min_episode_rewards     0.000000e+00
val_max_episode_len         5.000000e+02
val_mean_episode_len        4.875250e+02
val_min_episode_len         0.000000e+00
val_mean_timeouts           0.000000e+00
Name: 163, dtype: float64
timesteps                   1.081344e+07
wall_time                   7.510846e+04
num_episodes                2.969500e+04
max_episode_rewards         1.000000e+01
mean_episode_rewards        3.250000e+00
min_episode_rewards         0.000000e+00
max_episode_len             5.000000e+02
mean_episode_len            3.745500e+02
min_episode_len             0.000000e+00
mean_timeouts               0.000000e+00
val_max_episode_rewards     0.000000e+00
val_mean_episode_rewards    0.000000e+00
val_min_episode_rewards     0.000000e+00
val_max_episode_len         5.000000e+02
val_mean_episode_len        5.000000e+02
val_min_episode_len         0.000000e+00
val_mean_timeouts           2.500000e-02
Name: 164, dtype: float64
timesteps                   1.087898e+07
wall_time                   7.557031e+04
num_episodes                2.987000e+04
max_episode_rewards         1.000000e+01
mean_episode_rewards        3.750000e+00
min_episode_rewards         0.000000e+00
max_episode_len             5.000000e+02
mean_episode_len            3.507750e+02
min_episode_len             0.000000e+00
mean_timeouts               0.000000e+00
val_max_episode_rewards     1.000000e+01
val_mean_episode_rewards    5.000000e-01
val_min_episode_rewards     0.000000e+00
val_max_episode_len         5.000000e+02
val_mean_episode_len        4.751250e+02
val_min_episode_len         0.000000e+00
val_mean_timeouts           2.500000e-02
Name: 165, dtype: float64
timesteps                   1.094451e+07
wall_time                   7.603787e+04
num_episodes                3.005500e+04
max_episode_rewards         1.000000e+01
mean_episode_rewards        3.750000e+00
min_episode_rewards         0.000000e+00
max_episode_len             5.000000e+02
mean_episode_len            3.482000e+02
min_episode_len             0.000000e+00
mean_timeouts               0.000000e+00
val_max_episode_rewards     1.000000e+01
val_mean_episode_rewards    2.500000e-01
val_min_episode_rewards     0.000000e+00
val_max_episode_len         5.000000e+02
val_mean_episode_len        4.875750e+02
val_min_episode_len         0.000000e+00
val_mean_timeouts           0.000000e+00
Name: 166, dtype: float64
timesteps                   1.101005e+07
wall_time                   7.649096e+04
num_episodes                3.022600e+04
max_episode_rewards         1.000000e+01
mean_episode_rewards        4.250000e+00
min_episode_rewards         0.000000e+00
max_episode_len             5.000000e+02
mean_episode_len            3.557250e+02
min_episode_len             0.000000e+00
mean_timeouts               0.000000e+00
val_max_episode_rewards     1.000000e+01
val_mean_episode_rewards    5.000000e-01
val_min_episode_rewards     0.000000e+00
val_max_episode_len         5.000000e+02
val_mean_episode_len        4.800750e+02
val_min_episode_len         0.000000e+00
val_mean_timeouts           2.500000e-02
Name: 167, dtype: float64
timesteps                   1.107558e+07
wall_time                   7.694893e+04
num_episodes                3.041400e+04
max_episode_rewards         1.000000e+01
mean_episode_rewards        4.250000e+00
min_episode_rewards         0.000000e+00
max_episode_len             5.000000e+02
mean_episode_len            3.554000e+02
min_episode_len             0.000000e+00
mean_timeouts               0.000000e+00
val_max_episode_rewards     1.000000e+01
val_mean_episode_rewards    1.000000e+00
val_min_episode_rewards     0.000000e+00
val_max_episode_len         5.000000e+02
val_mean_episode_len        4.524250e+02
val_min_episode_len         0.000000e+00
val_mean_timeouts           0.000000e+00
Name: 168, dtype: float64
timesteps                   1.114112e+07
wall_time                   7.739826e+04
num_episodes                3.058600e+04
max_episode_rewards         1.000000e+01
mean_episode_rewards        3.750000e+00
min_episode_rewards         0.000000e+00
max_episode_len             5.000000e+02
mean_episode_len            3.702250e+02
min_episode_len             0.000000e+00
mean_timeouts               0.000000e+00
val_max_episode_rewards     1.000000e+01
val_mean_episode_rewards    1.000000e+00
val_min_episode_rewards     0.000000e+00
val_max_episode_len         5.000000e+02
val_mean_episode_len        4.777250e+02
val_min_episode_len         0.000000e+00
val_mean_timeouts           0.000000e+00
Name: 169, dtype: float64
timesteps                   1.120666e+07
wall_time                   7.784482e+04
num_episodes                3.076400e+04
max_episode_rewards         1.000000e+01
mean_episode_rewards        4.250000e+00
min_episode_rewards         0.000000e+00
max_episode_len             5.000000e+02
mean_episode_len            3.292250e+02
min_episode_len             0.000000e+00
mean_timeouts               0.000000e+00
val_max_episode_rewards     1.000000e+01
val_mean_episode_rewards    5.000000e-01
val_min_episode_rewards     0.000000e+00
val_max_episode_len         5.000000e+02
val_mean_episode_len        4.775500e+02
val_min_episode_len         0.000000e+00
val_mean_timeouts           0.000000e+00
Name: 170, dtype: float64
timesteps                   1.127219e+07
wall_time                   7.829766e+04
num_episodes                3.096900e+04
max_episode_rewards         1.000000e+01
mean_episode_rewards        4.750000e+00
min_episode_rewards         0.000000e+00
max_episode_len             5.000000e+02
mean_episode_len            2.878750e+02
min_episode_len             0.000000e+00
mean_timeouts               0.000000e+00
val_max_episode_rewards     1.000000e+01
val_mean_episode_rewards    2.500000e-01
val_min_episode_rewards     0.000000e+00
val_max_episode_len         5.000000e+02
val_mean_episode_len        4.920750e+02
val_min_episode_len         0.000000e+00
val_mean_timeouts           0.000000e+00
Name: 171, dtype: float64
timesteps                   1.133773e+07
wall_time                   7.877738e+04
num_episodes                3.117000e+04
max_episode_rewards         1.000000e+01
mean_episode_rewards        3.250000e+00
min_episode_rewards         0.000000e+00
max_episode_len             5.000000e+02
mean_episode_len            3.669750e+02
min_episode_len             0.000000e+00
mean_timeouts               0.000000e+00
val_max_episode_rewards     1.000000e+01
val_mean_episode_rewards    7.500000e-01
val_min_episode_rewards     0.000000e+00
val_max_episode_len         5.000000e+02
val_mean_episode_len        4.754750e+02
val_min_episode_len         0.000000e+00
val_mean_timeouts           0.000000e+00
Name: 172, dtype: float64
timesteps                   1.140326e+07
wall_time                   7.924282e+04
num_episodes                3.132000e+04
max_episode_rewards         1.000000e+01
mean_episode_rewards        1.750000e+00
min_episode_rewards         0.000000e+00
max_episode_len             5.000000e+02
mean_episode_len            4.205750e+02
min_episode_len             0.000000e+00
mean_timeouts               2.500000e-02
val_max_episode_rewards     1.000000e+01
val_mean_episode_rewards    1.000000e+00
val_min_episode_rewards     0.000000e+00
val_max_episode_len         5.000000e+02
val_mean_episode_len        4.600500e+02
val_min_episode_len         0.000000e+00
val_mean_timeouts           0.000000e+00
Name: 173, dtype: float64
timesteps                   1.146880e+07
wall_time                   7.969976e+04
num_episodes                3.154400e+04
max_episode_rewards         1.000000e+01
mean_episode_rewards        3.250000e+00
min_episode_rewards         0.000000e+00
max_episode_len             5.000000e+02
mean_episode_len            3.757000e+02
min_episode_len             0.000000e+00
mean_timeouts               0.000000e+00
val_max_episode_rewards     1.000000e+01
val_mean_episode_rewards    7.500000e-01
val_min_episode_rewards     0.000000e+00
val_max_episode_len         5.000000e+02
val_mean_episode_len        4.743000e+02
val_min_episode_len         0.000000e+00
val_mean_timeouts           0.000000e+00
Name: 174, dtype: float64
timesteps                   1.153434e+07
wall_time                   8.016883e+04
num_episodes                3.171600e+04
max_episode_rewards         1.000000e+01
mean_episode_rewards        4.250000e+00
min_episode_rewards         0.000000e+00
max_episode_len             5.000000e+02
mean_episode_len            3.389250e+02
min_episode_len             0.000000e+00
mean_timeouts               2.500000e-02
val_max_episode_rewards     1.000000e+01
val_mean_episode_rewards    2.500000e-01
val_min_episode_rewards     0.000000e+00
val_max_episode_len         5.000000e+02
val_mean_episode_len        4.943750e+02
val_min_episode_len         0.000000e+00
val_mean_timeouts           0.000000e+00
Name: 175, dtype: float64
timesteps                   1.159987e+07
wall_time                   8.062809e+04
num_episodes                3.192100e+04
max_episode_rewards         1.000000e+01
mean_episode_rewards        3.500000e+00
min_episode_rewards         0.000000e+00
max_episode_len             5.000000e+02
mean_episode_len            3.646750e+02
min_episode_len             0.000000e+00
mean_timeouts               0.000000e+00
val_max_episode_rewards     1.000000e+01
val_mean_episode_rewards    5.000000e-01
val_min_episode_rewards     0.000000e+00
val_max_episode_len         5.000000e+02
val_mean_episode_len        4.760750e+02
val_min_episode_len         0.000000e+00
val_mean_timeouts           0.000000e+00
Name: 176, dtype: float64
timesteps                   1.166541e+07
wall_time                   8.109387e+04
num_episodes                3.211400e+04
max_episode_rewards         1.000000e+01
mean_episode_rewards        4.500000e+00
min_episode_rewards         0.000000e+00
max_episode_len             5.000000e+02
mean_episode_len            3.164500e+02
min_episode_len             0.000000e+00
mean_timeouts               2.500000e-02
val_max_episode_rewards     1.000000e+01
val_mean_episode_rewards    2.500000e-01
val_min_episode_rewards     0.000000e+00
val_max_episode_len         5.000000e+02
val_mean_episode_len        4.951500e+02
val_min_episode_len         0.000000e+00
val_mean_timeouts           0.000000e+00
Name: 177, dtype: float64
timesteps                   1.173094e+07
wall_time                   8.155498e+04
num_episodes                3.229200e+04
max_episode_rewards         1.000000e+01
mean_episode_rewards        3.500000e+00
min_episode_rewards         0.000000e+00
max_episode_len             5.000000e+02
mean_episode_len            3.513500e+02
min_episode_len             0.000000e+00
mean_timeouts               0.000000e+00
val_max_episode_rewards     1.000000e+01
val_mean_episode_rewards    5.000000e-01
val_min_episode_rewards     0.000000e+00
val_max_episode_len         5.000000e+02
val_mean_episode_len        4.838000e+02
val_min_episode_len         0.000000e+00
val_mean_timeouts           0.000000e+00
Name: 178, dtype: float64
timesteps                   1.179648e+07
wall_time                   8.200977e+04
num_episodes                3.245600e+04
max_episode_rewards         1.000000e+01
mean_episode_rewards        4.000000e+00
min_episode_rewards         0.000000e+00
max_episode_len             5.000000e+02
mean_episode_len            3.420250e+02
min_episode_len             0.000000e+00
mean_timeouts               0.000000e+00
val_max_episode_rewards     0.000000e+00
val_mean_episode_rewards    0.000000e+00
val_min_episode_rewards     0.000000e+00
val_max_episode_len         5.000000e+02
val_mean_episode_len        5.000000e+02
val_min_episode_len         0.000000e+00
val_mean_timeouts           0.000000e+00
Name: 179, dtype: float64
timesteps                   1.186202e+07
wall_time                   8.246130e+04
num_episodes                3.264400e+04
max_episode_rewards         1.000000e+01
mean_episode_rewards        4.500000e+00
min_episode_rewards         0.000000e+00
max_episode_len             5.000000e+02
mean_episode_len            3.255750e+02
min_episode_len             0.000000e+00
mean_timeouts               0.000000e+00
val_max_episode_rewards     1.000000e+01
val_mean_episode_rewards    5.000000e-01
val_min_episode_rewards     0.000000e+00
val_max_episode_len         5.000000e+02
val_mean_episode_len        4.797500e+02
val_min_episode_len         0.000000e+00
val_mean_timeouts           0.000000e+00
Name: 180, dtype: float64
timesteps                   1.192755e+07
wall_time                   8.291263e+04
num_episodes                3.280900e+04
max_episode_rewards         1.000000e+01
mean_episode_rewards        3.000000e+00
min_episode_rewards         0.000000e+00
max_episode_len             5.000000e+02
mean_episode_len            3.913000e+02
min_episode_len             0.000000e+00
mean_timeouts               0.000000e+00
val_max_episode_rewards     1.000000e+01
val_mean_episode_rewards    2.500000e-01
val_min_episode_rewards     0.000000e+00
val_max_episode_len         5.000000e+02
val_mean_episode_len        4.875250e+02
val_min_episode_len         0.000000e+00
val_mean_timeouts           0.000000e+00
Name: 181, dtype: float64
timesteps                   1.199309e+07
wall_time                   8.337180e+04
num_episodes                3.301100e+04
max_episode_rewards         1.000000e+01
mean_episode_rewards        4.750000e+00
min_episode_rewards         0.000000e+00
max_episode_len             5.000000e+02
mean_episode_len            3.165750e+02
min_episode_len             0.000000e+00
mean_timeouts               0.000000e+00
val_max_episode_rewards     1.000000e+01
val_mean_episode_rewards    7.500000e-01
val_min_episode_rewards     0.000000e+00
val_max_episode_len         5.000000e+02
val_mean_episode_len        4.687500e+02
val_min_episode_len         0.000000e+00
val_mean_timeouts           0.000000e+00
Name: 182, dtype: float64
timesteps                   1.205862e+07
wall_time                   8.382617e+04
num_episodes                3.320500e+04
max_episode_rewards         1.000000e+01
mean_episode_rewards        3.500000e+00
min_episode_rewards         0.000000e+00
max_episode_len             5.000000e+02
mean_episode_len            3.512500e+02
min_episode_len             0.000000e+00
mean_timeouts               0.000000e+00
val_max_episode_rewards     1.000000e+01
val_mean_episode_rewards    2.500000e-01
val_min_episode_rewards     0.000000e+00
val_max_episode_len         5.000000e+02
val_mean_episode_len        4.875750e+02
val_min_episode_len         0.000000e+00
val_mean_timeouts           0.000000e+00
Name: 183, dtype: float64
timesteps                   1.212416e+07
wall_time                   8.429081e+04
num_episodes                3.341100e+04
max_episode_rewards         1.000000e+01
mean_episode_rewards        5.500000e+00
min_episode_rewards         0.000000e+00
max_episode_len             5.000000e+02
mean_episode_len            2.810750e+02
min_episode_len             0.000000e+00
mean_timeouts               0.000000e+00
val_max_episode_rewards     1.000000e+01
val_mean_episode_rewards    5.000000e-01
val_min_episode_rewards     0.000000e+00
val_max_episode_len         5.000000e+02
val_mean_episode_len        4.893250e+02
val_min_episode_len         0.000000e+00
val_mean_timeouts           0.000000e+00
Name: 184, dtype: float64
timesteps                   1.218970e+07
wall_time                   8.476732e+04
num_episodes                3.358100e+04
max_episode_rewards         1.000000e+01
mean_episode_rewards        3.750000e+00
min_episode_rewards         0.000000e+00
max_episode_len             5.000000e+02
mean_episode_len            3.438750e+02
min_episode_len             0.000000e+00
mean_timeouts               0.000000e+00
val_max_episode_rewards     1.000000e+01
val_mean_episode_rewards    2.500000e-01
val_min_episode_rewards     0.000000e+00
val_max_episode_len         5.000000e+02
val_mean_episode_len        4.897000e+02
val_min_episode_len         0.000000e+00
val_mean_timeouts           0.000000e+00
Name: 185, dtype: float64
timesteps                   1.225523e+07
wall_time                   8.523266e+04
num_episodes                3.377700e+04
max_episode_rewards         1.000000e+01
mean_episode_rewards        5.500000e+00
min_episode_rewards         0.000000e+00
max_episode_len             5.000000e+02
mean_episode_len            2.618000e+02
min_episode_len             0.000000e+00
mean_timeouts               0.000000e+00
val_max_episode_rewards     1.000000e+01
val_mean_episode_rewards    2.500000e-01
val_min_episode_rewards     0.000000e+00
val_max_episode_len         5.000000e+02
val_mean_episode_len        4.956250e+02
val_min_episode_len         0.000000e+00
val_mean_timeouts           0.000000e+00
Name: 186, dtype: float64
timesteps                   1.232077e+07
wall_time                   8.568909e+04
num_episodes                3.396100e+04
max_episode_rewards         1.000000e+01
mean_episode_rewards        4.500000e+00
min_episode_rewards         0.000000e+00
max_episode_len             5.000000e+02
mean_episode_len            3.000000e+02
min_episode_len             0.000000e+00
mean_timeouts               0.000000e+00
val_max_episode_rewards     1.000000e+01
val_mean_episode_rewards    7.500000e-01
val_min_episode_rewards     0.000000e+00
val_max_episode_len         5.000000e+02
val_mean_episode_len        4.698250e+02
val_min_episode_len         0.000000e+00
val_mean_timeouts           0.000000e+00
Name: 187, dtype: float64
timesteps                   1.238630e+07
wall_time                   8.614514e+04
num_episodes                3.415800e+04
max_episode_rewards         1.000000e+01
mean_episode_rewards        4.250000e+00
min_episode_rewards         0.000000e+00
max_episode_len             5.000000e+02
mean_episode_len            3.272000e+02
min_episode_len             0.000000e+00
mean_timeouts               0.000000e+00
val_max_episode_rewards     1.000000e+01
val_mean_episode_rewards    5.000000e-01
val_min_episode_rewards     0.000000e+00
val_max_episode_len         5.000000e+02
val_mean_episode_len        4.801750e+02
val_min_episode_len         0.000000e+00
val_mean_timeouts           0.000000e+00
Name: 188, dtype: float64
timesteps                   1.245184e+07
wall_time                   8.660248e+04
num_episodes                3.433000e+04
max_episode_rewards         1.000000e+01
mean_episode_rewards        3.000000e+00
min_episode_rewards         0.000000e+00
max_episode_len             5.000000e+02
mean_episode_len            3.912000e+02
min_episode_len             0.000000e+00
mean_timeouts               2.500000e-02
val_max_episode_rewards     1.000000e+01
val_mean_episode_rewards    2.500000e-01
val_min_episode_rewards     0.000000e+00
val_max_episode_len         5.000000e+02
val_mean_episode_len        4.904250e+02
val_min_episode_len         0.000000e+00
val_mean_timeouts           0.000000e+00
Name: 189, dtype: float64
timesteps                   1.251738e+07
wall_time                   8.704113e+04
num_episodes                3.452700e+04
max_episode_rewards         1.000000e+01
mean_episode_rewards        3.500000e+00
min_episode_rewards         0.000000e+00
max_episode_len             5.000000e+02
mean_episode_len            3.672500e+02
min_episode_len             0.000000e+00
mean_timeouts               0.000000e+00
val_max_episode_rewards     1.000000e+01
val_mean_episode_rewards    1.250000e+00
val_min_episode_rewards     0.000000e+00
val_max_episode_len         5.000000e+02
val_mean_episode_len        4.660000e+02
val_min_episode_len         0.000000e+00
val_mean_timeouts           0.000000e+00
Name: 190, dtype: float64
Saving model at timestep 12517377
timesteps                   1.258291e+07
wall_time                   8.746842e+04
num_episodes                3.468900e+04
max_episode_rewards         1.000000e+01
mean_episode_rewards        3.500000e+00
min_episode_rewards         0.000000e+00
max_episode_len             5.000000e+02
mean_episode_len            3.684750e+02
min_episode_len             0.000000e+00
mean_timeouts               0.000000e+00
val_max_episode_rewards     1.000000e+01
val_mean_episode_rewards    2.500000e-01
val_min_episode_rewards     0.000000e+00
val_max_episode_len         5.000000e+02
val_mean_episode_len        4.945250e+02
val_min_episode_len         0.000000e+00
val_mean_timeouts           0.000000e+00
Name: 191, dtype: float64
timesteps                   1.264845e+07
wall_time                   8.790978e+04
num_episodes                3.489100e+04
max_episode_rewards         1.000000e+01
mean_episode_rewards        3.750000e+00
min_episode_rewards         0.000000e+00
max_episode_len             5.000000e+02
mean_episode_len            3.585750e+02
min_episode_len             0.000000e+00
mean_timeouts               0.000000e+00
val_max_episode_rewards     1.000000e+01
val_mean_episode_rewards    2.500000e-01
val_min_episode_rewards     0.000000e+00
val_max_episode_len         5.000000e+02
val_mean_episode_len        4.925500e+02
val_min_episode_len         0.000000e+00
val_mean_timeouts           2.500000e-02
Name: 192, dtype: float64
timesteps                   1.271398e+07
wall_time                   8.836189e+04
num_episodes                3.505800e+04
max_episode_rewards         1.000000e+01
mean_episode_rewards        3.500000e+00
min_episode_rewards         0.000000e+00
max_episode_len             5.000000e+02
mean_episode_len            3.660000e+02
min_episode_len             0.000000e+00
mean_timeouts               0.000000e+00
val_max_episode_rewards     1.000000e+01
val_mean_episode_rewards    1.000000e+00
val_min_episode_rewards     0.000000e+00
val_max_episode_len         5.000000e+02
val_mean_episode_len        4.754750e+02
val_min_episode_len         0.000000e+00
val_mean_timeouts           0.000000e+00
Name: 193, dtype: float64
timesteps                   1.277952e+07
wall_time                   8.881861e+04
num_episodes                3.524400e+04
max_episode_rewards         1.000000e+01
mean_episode_rewards        3.250000e+00
min_episode_rewards         0.000000e+00
max_episode_len             5.000000e+02
mean_episode_len            3.575250e+02
min_episode_len             0.000000e+00
mean_timeouts               0.000000e+00
val_max_episode_rewards     0.000000e+00
val_mean_episode_rewards    0.000000e+00
val_min_episode_rewards     0.000000e+00
val_max_episode_len         5.000000e+02
val_mean_episode_len        5.000000e+02
val_min_episode_len         0.000000e+00
val_mean_timeouts           0.000000e+00
Name: 194, dtype: float64
timesteps                   1.284506e+07
wall_time                   8.927048e+04
num_episodes                3.542900e+04
max_episode_rewards         1.000000e+01
mean_episode_rewards        4.500000e+00
min_episode_rewards         0.000000e+00
max_episode_len             5.000000e+02
mean_episode_len            3.223000e+02
min_episode_len             0.000000e+00
mean_timeouts               0.000000e+00
val_max_episode_rewards     1.000000e+01
val_mean_episode_rewards    5.000000e-01
val_min_episode_rewards     0.000000e+00
val_max_episode_len         5.000000e+02
val_mean_episode_len        4.874000e+02
val_min_episode_len         0.000000e+00
val_mean_timeouts           0.000000e+00
Name: 195, dtype: float64
timesteps                   1.291059e+07
wall_time                   8.974804e+04
num_episodes                3.562800e+04
max_episode_rewards         1.000000e+01
mean_episode_rewards        4.750000e+00
min_episode_rewards         0.000000e+00
max_episode_len             5.000000e+02
mean_episode_len            2.861000e+02
min_episode_len             0.000000e+00
mean_timeouts               0.000000e+00
val_max_episode_rewards     1.000000e+01
val_mean_episode_rewards    7.500000e-01
val_min_episode_rewards     0.000000e+00
val_max_episode_len         5.000000e+02
val_mean_episode_len        4.727500e+02
val_min_episode_len         0.000000e+00
val_mean_timeouts           0.000000e+00
Name: 196, dtype: float64
timesteps                   1.297613e+07
wall_time                   9.021587e+04
num_episodes                3.580800e+04
max_episode_rewards         1.000000e+01
mean_episode_rewards        2.750000e+00
min_episode_rewards         0.000000e+00
max_episode_len             5.000000e+02
mean_episode_len            3.895500e+02
min_episode_len             0.000000e+00
mean_timeouts               0.000000e+00
val_max_episode_rewards     1.000000e+01
val_mean_episode_rewards    5.000000e-01
val_min_episode_rewards     0.000000e+00
val_max_episode_len         5.000000e+02
val_mean_episode_len        4.853250e+02
val_min_episode_len         0.000000e+00
val_mean_timeouts           0.000000e+00
Name: 197, dtype: float64
timesteps                   1.304166e+07
wall_time                   9.068498e+04
num_episodes                3.599900e+04
max_episode_rewards         1.000000e+01
mean_episode_rewards        3.500000e+00
min_episode_rewards         0.000000e+00
max_episode_len             5.000000e+02
mean_episode_len            3.459000e+02
min_episode_len             0.000000e+00
mean_timeouts               2.500000e-02
val_max_episode_rewards     1.000000e+01
val_mean_episode_rewards    7.500000e-01
val_min_episode_rewards     0.000000e+00
val_max_episode_len         5.000000e+02
val_mean_episode_len        4.714750e+02
val_min_episode_len         0.000000e+00
val_mean_timeouts           0.000000e+00
Name: 198, dtype: float64
timesteps                   1.310720e+07
wall_time                   9.115636e+04
num_episodes                3.618000e+04
max_episode_rewards         1.000000e+01
mean_episode_rewards        3.250000e+00
min_episode_rewards         0.000000e+00
max_episode_len             5.000000e+02
mean_episode_len            3.735000e+02
min_episode_len             0.000000e+00
mean_timeouts               0.000000e+00
val_max_episode_rewards     1.000000e+01
val_mean_episode_rewards    1.000000e+00
val_min_episode_rewards     0.000000e+00
val_max_episode_len         5.000000e+02
val_mean_episode_len        4.681750e+02
val_min_episode_len         0.000000e+00
val_mean_timeouts           0.000000e+00
Name: 199, dtype: float64
timesteps                   1.317274e+07
wall_time                   9.161628e+04
num_episodes                3.636900e+04
max_episode_rewards         1.000000e+01
mean_episode_rewards        3.250000e+00
min_episode_rewards         0.000000e+00
max_episode_len             5.000000e+02
mean_episode_len            3.921250e+02
min_episode_len             0.000000e+00
mean_timeouts               0.000000e+00
val_max_episode_rewards     1.000000e+01
val_mean_episode_rewards    1.500000e+00
val_min_episode_rewards     0.000000e+00
val_max_episode_len         5.000000e+02
val_mean_episode_len        4.444000e+02
val_min_episode_len         0.000000e+00
val_mean_timeouts           0.000000e+00
Name: 200, dtype: float64
timesteps                   1.323827e+07
wall_time                   9.205200e+04
num_episodes                3.654900e+04
max_episode_rewards         1.000000e+01
mean_episode_rewards        3.750000e+00
min_episode_rewards         0.000000e+00
max_episode_len             5.000000e+02
mean_episode_len            3.520500e+02
min_episode_len             0.000000e+00
mean_timeouts               0.000000e+00
val_max_episode_rewards     1.000000e+01
val_mean_episode_rewards    2.500000e-01
val_min_episode_rewards     0.000000e+00
val_max_episode_len         5.000000e+02
val_mean_episode_len        4.875500e+02
val_min_episode_len         0.000000e+00
val_mean_timeouts           0.000000e+00
Name: 201, dtype: float64
timesteps                   1.330381e+07
wall_time                   9.249487e+04
num_episodes                3.672900e+04
max_episode_rewards         1.000000e+01
mean_episode_rewards        4.250000e+00
min_episode_rewards         0.000000e+00
max_episode_len             5.000000e+02
mean_episode_len            3.267500e+02
min_episode_len             0.000000e+00
mean_timeouts               0.000000e+00
val_max_episode_rewards     1.000000e+01
val_mean_episode_rewards    1.000000e+00
val_min_episode_rewards     0.000000e+00
val_max_episode_len         5.000000e+02
val_mean_episode_len        4.619750e+02
val_min_episode_len         0.000000e+00
val_mean_timeouts           0.000000e+00
Name: 202, dtype: float64
timesteps                   1.336934e+07
wall_time                   9.294735e+04
num_episodes                3.690800e+04
max_episode_rewards         1.000000e+01
mean_episode_rewards        2.250000e+00
min_episode_rewards         0.000000e+00
max_episode_len             5.000000e+02
mean_episode_len            4.048750e+02
min_episode_len             0.000000e+00
mean_timeouts               0.000000e+00
val_max_episode_rewards     1.000000e+01
val_mean_episode_rewards    2.500000e-01
val_min_episode_rewards     0.000000e+00
val_max_episode_len         5.000000e+02
val_mean_episode_len        4.898750e+02
val_min_episode_len         0.000000e+00
val_mean_timeouts           0.000000e+00
Name: 203, dtype: float64
timesteps                   1.343488e+07
wall_time                   9.339540e+04
num_episodes                3.708500e+04
max_episode_rewards         1.000000e+01
mean_episode_rewards        4.000000e+00
min_episode_rewards         0.000000e+00
max_episode_len             5.000000e+02
mean_episode_len            3.278250e+02
min_episode_len             0.000000e+00
mean_timeouts               0.000000e+00
val_max_episode_rewards     1.000000e+01
val_mean_episode_rewards    1.000000e+00
val_min_episode_rewards     0.000000e+00
val_max_episode_len         5.000000e+02
val_mean_episode_len        4.504250e+02
val_min_episode_len         0.000000e+00
val_mean_timeouts           0.000000e+00
Name: 204, dtype: float64
timesteps                   1.350042e+07
wall_time                   9.383904e+04
num_episodes                3.725700e+04
max_episode_rewards         1.000000e+01
mean_episode_rewards        3.000000e+00
min_episode_rewards         0.000000e+00
max_episode_len             5.000000e+02
mean_episode_len            3.805500e+02
min_episode_len             0.000000e+00
mean_timeouts               0.000000e+00
val_max_episode_rewards     1.000000e+01
val_mean_episode_rewards    1.000000e+00
val_min_episode_rewards     0.000000e+00
val_max_episode_len         5.000000e+02
val_mean_episode_len        4.596500e+02
val_min_episode_len         0.000000e+00
val_mean_timeouts           0.000000e+00
Name: 205, dtype: float64
timesteps                   1.356595e+07
wall_time                   9.428945e+04
num_episodes                3.746200e+04
max_episode_rewards         1.000000e+01
mean_episode_rewards        4.250000e+00
min_episode_rewards         0.000000e+00
max_episode_len             5.000000e+02
mean_episode_len            3.433500e+02
min_episode_len             0.000000e+00
mean_timeouts               0.000000e+00
val_max_episode_rewards     1.000000e+01
val_mean_episode_rewards    7.500000e-01
val_min_episode_rewards     0.000000e+00
val_max_episode_len         5.000000e+02
val_mean_episode_len        4.664750e+02
val_min_episode_len         0.000000e+00
val_mean_timeouts           0.000000e+00
Name: 206, dtype: float64
timesteps                   1.363149e+07
wall_time                   9.475399e+04
num_episodes                3.764600e+04
max_episode_rewards         1.000000e+01
mean_episode_rewards        3.000000e+00
min_episode_rewards         0.000000e+00
max_episode_len             5.000000e+02
mean_episode_len            3.859750e+02
min_episode_len             0.000000e+00
mean_timeouts               0.000000e+00
val_max_episode_rewards     1.000000e+01
val_mean_episode_rewards    2.500000e-01
val_min_episode_rewards     0.000000e+00
val_max_episode_len         5.000000e+02
val_mean_episode_len        4.876750e+02
val_min_episode_len         0.000000e+00
val_mean_timeouts           0.000000e+00
Name: 207, dtype: float64
timesteps                   1.369702e+07
wall_time                   9.521941e+04
num_episodes                3.782000e+04
max_episode_rewards         1.000000e+01
mean_episode_rewards        3.500000e+00
min_episode_rewards         0.000000e+00
max_episode_len             5.000000e+02
mean_episode_len            3.618500e+02
min_episode_len             0.000000e+00
mean_timeouts               0.000000e+00
val_max_episode_rewards     1.000000e+01
val_mean_episode_rewards    5.000000e-01
val_min_episode_rewards     0.000000e+00
val_max_episode_len         5.000000e+02
val_mean_episode_len        4.766000e+02
val_min_episode_len         0.000000e+00
val_mean_timeouts           0.000000e+00
Name: 208, dtype: float64
timesteps                   1.376256e+07
wall_time                   9.567220e+04
num_episodes                3.798900e+04
max_episode_rewards         1.000000e+01
mean_episode_rewards        3.000000e+00
min_episode_rewards         0.000000e+00
max_episode_len             5.000000e+02
mean_episode_len            3.692000e+02
min_episode_len             0.000000e+00
mean_timeouts               0.000000e+00
val_max_episode_rewards     1.000000e+01
val_mean_episode_rewards    5.000000e-01
val_min_episode_rewards     0.000000e+00
val_max_episode_len         5.000000e+02
val_mean_episode_len        4.827250e+02
val_min_episode_len         0.000000e+00
val_mean_timeouts           0.000000e+00
Name: 209, dtype: float64
timesteps                   1.382810e+07
wall_time                   9.613096e+04
num_episodes                3.818800e+04
max_episode_rewards         1.000000e+01
mean_episode_rewards        2.750000e+00
min_episode_rewards         0.000000e+00
max_episode_len             5.000000e+02
mean_episode_len            3.924000e+02
min_episode_len             0.000000e+00
mean_timeouts               0.000000e+00
val_max_episode_rewards     1.000000e+01
val_mean_episode_rewards    5.000000e-01
val_min_episode_rewards     0.000000e+00
val_max_episode_len         5.000000e+02
val_mean_episode_len        4.770500e+02
val_min_episode_len         0.000000e+00
val_mean_timeouts           0.000000e+00
Name: 210, dtype: float64
timesteps                   1.389363e+07
wall_time                   9.660008e+04
num_episodes                3.835600e+04
max_episode_rewards         1.000000e+01
mean_episode_rewards        3.250000e+00
min_episode_rewards         0.000000e+00
max_episode_len             5.000000e+02
mean_episode_len            3.599000e+02
min_episode_len             0.000000e+00
mean_timeouts               0.000000e+00
val_max_episode_rewards     1.000000e+01
val_mean_episode_rewards    2.500000e-01
val_min_episode_rewards     0.000000e+00
val_max_episode_len         5.000000e+02
val_mean_episode_len        4.995500e+02
val_min_episode_len         0.000000e+00
val_mean_timeouts           2.500000e-02
Name: 211, dtype: float64
timesteps                   1.395917e+07
wall_time                   9.705930e+04
num_episodes                3.855600e+04
max_episode_rewards         1.000000e+01
mean_episode_rewards        3.250000e+00
min_episode_rewards         0.000000e+00
max_episode_len             5.000000e+02
mean_episode_len            3.781250e+02
min_episode_len             0.000000e+00
mean_timeouts               0.000000e+00
val_max_episode_rewards     1.000000e+01
val_mean_episode_rewards    1.500000e+00
val_min_episode_rewards     0.000000e+00
val_max_episode_len         5.000000e+02
val_mean_episode_len        4.479750e+02
val_min_episode_len         0.000000e+00
val_mean_timeouts           0.000000e+00
Name: 212, dtype: float64
timesteps                   1.402470e+07
wall_time                   9.752835e+04
num_episodes                3.872000e+04
max_episode_rewards         1.000000e+01
mean_episode_rewards        3.750000e+00
min_episode_rewards         0.000000e+00
max_episode_len             5.000000e+02
mean_episode_len            3.401750e+02
min_episode_len             0.000000e+00
mean_timeouts               0.000000e+00
val_max_episode_rewards     1.000000e+01
val_mean_episode_rewards    5.000000e-01
val_min_episode_rewards     0.000000e+00
val_max_episode_len         5.000000e+02
val_mean_episode_len        4.772250e+02
val_min_episode_len         0.000000e+00
val_mean_timeouts           0.000000e+00
Name: 213, dtype: float64
timesteps                   1.409024e+07
wall_time                   9.799760e+04
num_episodes                3.892100e+04
max_episode_rewards         1.000000e+01
mean_episode_rewards        3.750000e+00
min_episode_rewards         0.000000e+00
max_episode_len             5.000000e+02
mean_episode_len            3.507750e+02
min_episode_len             0.000000e+00
mean_timeouts               0.000000e+00
val_max_episode_rewards     1.000000e+01
val_mean_episode_rewards    5.000000e-01
val_min_episode_rewards     0.000000e+00
val_max_episode_len         5.000000e+02
val_mean_episode_len        4.921250e+02
val_min_episode_len         0.000000e+00
val_mean_timeouts           0.000000e+00
Name: 214, dtype: float64
timesteps                   1.415578e+07
wall_time                   9.845475e+04
num_episodes                3.908400e+04
max_episode_rewards         1.000000e+01
mean_episode_rewards        4.000000e+00
min_episode_rewards         0.000000e+00
max_episode_len             5.000000e+02
mean_episode_len            3.320500e+02
min_episode_len             0.000000e+00
mean_timeouts               0.000000e+00
val_max_episode_rewards     1.000000e+01
val_mean_episode_rewards    5.000000e-01
val_min_episode_rewards     0.000000e+00
val_max_episode_len         5.000000e+02
val_mean_episode_len        4.768000e+02
val_min_episode_len         0.000000e+00
val_mean_timeouts           0.000000e+00
Name: 215, dtype: float64
timesteps                   1.422131e+07
wall_time                   9.891952e+04
num_episodes                3.928000e+04
max_episode_rewards         1.000000e+01
mean_episode_rewards        3.500000e+00
min_episode_rewards         0.000000e+00
max_episode_len             5.000000e+02
mean_episode_len            3.512250e+02
min_episode_len             0.000000e+00
mean_timeouts               0.000000e+00
val_max_episode_rewards     1.000000e+01
val_mean_episode_rewards    7.500000e-01
val_min_episode_rewards     0.000000e+00
val_max_episode_len         5.000000e+02
val_mean_episode_len        4.741750e+02
val_min_episode_len         0.000000e+00
val_mean_timeouts           0.000000e+00
Name: 216, dtype: float64
timesteps                   1.428685e+07
wall_time                   9.938355e+04
num_episodes                3.945200e+04
max_episode_rewards         1.000000e+01
mean_episode_rewards        4.750000e+00
min_episode_rewards         0.000000e+00
max_episode_len             5.000000e+02
mean_episode_len            3.084750e+02
min_episode_len             0.000000e+00
mean_timeouts               0.000000e+00
val_max_episode_rewards     1.000000e+01
val_mean_episode_rewards    7.500000e-01
val_min_episode_rewards     0.000000e+00
val_max_episode_len         5.000000e+02
val_mean_episode_len        4.740000e+02
val_min_episode_len         0.000000e+00
val_mean_timeouts           2.500000e-02
Name: 217, dtype: float64
timesteps                   1.435238e+07
wall_time                   9.985445e+04
num_episodes                3.966600e+04
max_episode_rewards         1.000000e+01
mean_episode_rewards        6.000000e+00
min_episode_rewards         0.000000e+00
max_episode_len             5.000000e+02
mean_episode_len            2.538750e+02
min_episode_len             0.000000e+00
mean_timeouts               0.000000e+00
val_max_episode_rewards     1.000000e+01
val_mean_episode_rewards    5.000000e-01
val_min_episode_rewards     0.000000e+00
val_max_episode_len         5.000000e+02
val_mean_episode_len        4.758000e+02
val_min_episode_len         0.000000e+00
val_mean_timeouts           0.000000e+00
Name: 218, dtype: float64
timesteps                   1.441792e+07
wall_time                   1.003172e+05
num_episodes                3.982600e+04
max_episode_rewards         1.000000e+01
mean_episode_rewards        3.000000e+00
min_episode_rewards         0.000000e+00
max_episode_len             5.000000e+02
mean_episode_len            3.770500e+02
min_episode_len             0.000000e+00
mean_timeouts               0.000000e+00
val_max_episode_rewards     1.000000e+01
val_mean_episode_rewards    5.000000e-01
val_min_episode_rewards     0.000000e+00
val_max_episode_len         5.000000e+02
val_mean_episode_len        4.834750e+02
val_min_episode_len         0.000000e+00
val_mean_timeouts           2.500000e-02
Name: 219, dtype: float64
timesteps                   1.448346e+07
wall_time                   1.007658e+05
num_episodes                4.002200e+04
max_episode_rewards         1.000000e+01
mean_episode_rewards        3.250000e+00
min_episode_rewards         0.000000e+00
max_episode_len             5.000000e+02
mean_episode_len            3.659500e+02
min_episode_len             0.000000e+00
mean_timeouts               0.000000e+00
val_max_episode_rewards     1.000000e+01
val_mean_episode_rewards    5.000000e-01
val_min_episode_rewards     0.000000e+00
val_max_episode_len         5.000000e+02
val_mean_episode_len        4.771500e+02
val_min_episode_len         0.000000e+00
val_mean_timeouts           0.000000e+00
Name: 220, dtype: float64
timesteps                   1.454899e+07
wall_time                   1.012295e+05
num_episodes                4.019000e+04
max_episode_rewards         1.000000e+01
mean_episode_rewards        2.250000e+00
min_episode_rewards         0.000000e+00
max_episode_len             5.000000e+02
mean_episode_len            4.107500e+02
min_episode_len             0.000000e+00
mean_timeouts               0.000000e+00
val_max_episode_rewards     1.000000e+01
val_mean_episode_rewards    5.000000e-01
val_min_episode_rewards     0.000000e+00
val_max_episode_len         5.000000e+02
val_mean_episode_len        4.859000e+02
val_min_episode_len         0.000000e+00
val_mean_timeouts           0.000000e+00
Name: 221, dtype: float64
timesteps                   1.461453e+07
wall_time                   1.016961e+05
num_episodes                4.039100e+04
max_episode_rewards         1.000000e+01
mean_episode_rewards        4.750000e+00
min_episode_rewards         0.000000e+00
max_episode_len             5.000000e+02
mean_episode_len            3.344750e+02
min_episode_len             0.000000e+00
mean_timeouts               0.000000e+00
val_max_episode_rewards     1.000000e+01
val_mean_episode_rewards    1.000000e+00
val_min_episode_rewards     0.000000e+00
val_max_episode_len         5.000000e+02
val_mean_episode_len        4.657000e+02
val_min_episode_len         0.000000e+00
val_mean_timeouts           0.000000e+00
Name: 222, dtype: float64
timesteps                   1.468006e+07
wall_time                   1.021589e+05
num_episodes                4.055500e+04
max_episode_rewards         1.000000e+01
mean_episode_rewards        3.500000e+00
min_episode_rewards         0.000000e+00
max_episode_len             5.000000e+02
mean_episode_len            3.684250e+02
min_episode_len             0.000000e+00
mean_timeouts               0.000000e+00
val_max_episode_rewards     1.000000e+01
val_mean_episode_rewards    1.000000e+00
val_min_episode_rewards     0.000000e+00
val_max_episode_len         5.000000e+02
val_mean_episode_len        4.568750e+02
val_min_episode_len         0.000000e+00
val_mean_timeouts           0.000000e+00
Name: 223, dtype: float64
timesteps                   1.474560e+07
wall_time                   1.026221e+05
num_episodes                4.076800e+04
max_episode_rewards         1.000000e+01
mean_episode_rewards        5.250000e+00
min_episode_rewards         0.000000e+00
max_episode_len             5.000000e+02
mean_episode_len            2.795250e+02
min_episode_len             0.000000e+00
mean_timeouts               0.000000e+00
val_max_episode_rewards     1.000000e+01
val_mean_episode_rewards    5.000000e-01
val_min_episode_rewards     0.000000e+00
val_max_episode_len         5.000000e+02
val_mean_episode_len        4.835000e+02
val_min_episode_len         0.000000e+00
val_mean_timeouts           0.000000e+00
Name: 224, dtype: float64
timesteps                   1.481114e+07
wall_time                   1.030790e+05
num_episodes                4.093300e+04
max_episode_rewards         1.000000e+01
mean_episode_rewards        3.000000e+00
min_episode_rewards         0.000000e+00
max_episode_len             5.000000e+02
mean_episode_len            3.780750e+02
min_episode_len             0.000000e+00
mean_timeouts               0.000000e+00
val_max_episode_rewards     1.000000e+01
val_mean_episode_rewards    5.000000e-01
val_min_episode_rewards     0.000000e+00
val_max_episode_len         5.000000e+02
val_mean_episode_len        4.916750e+02
val_min_episode_len         0.000000e+00
val_mean_timeouts           0.000000e+00
Name: 225, dtype: float64
timesteps                   1.487667e+07
wall_time                   1.035337e+05
num_episodes                4.113600e+04
max_episode_rewards         1.000000e+01
mean_episode_rewards        3.750000e+00
min_episode_rewards         0.000000e+00
max_episode_len             5.000000e+02
mean_episode_len            3.518250e+02
min_episode_len             0.000000e+00
mean_timeouts               2.500000e-02
val_max_episode_rewards     1.000000e+01
val_mean_episode_rewards    2.500000e-01
val_min_episode_rewards     0.000000e+00
val_max_episode_len         5.000000e+02
val_mean_episode_len        4.995000e+02
val_min_episode_len         0.000000e+00
val_mean_timeouts           0.000000e+00
Name: 226, dtype: float64
timesteps                   1.494221e+07
wall_time                   1.039857e+05
num_episodes                4.131500e+04
max_episode_rewards         1.000000e+01
mean_episode_rewards        4.250000e+00
min_episode_rewards         0.000000e+00
max_episode_len             5.000000e+02
mean_episode_len            3.354500e+02
min_episode_len             0.000000e+00
mean_timeouts               0.000000e+00
val_max_episode_rewards     0.000000e+00
val_mean_episode_rewards    0.000000e+00
val_min_episode_rewards     0.000000e+00
val_max_episode_len         5.000000e+02
val_mean_episode_len        5.000000e+02
val_min_episode_len         0.000000e+00
val_mean_timeouts           0.000000e+00
Name: 227, dtype: float64
timesteps                   1.500774e+07
wall_time                   1.044442e+05
num_episodes                4.149500e+04
max_episode_rewards         1.000000e+01
mean_episode_rewards        3.250000e+00
min_episode_rewards         0.000000e+00
max_episode_len             5.000000e+02
mean_episode_len            3.783000e+02
min_episode_len             0.000000e+00
mean_timeouts               0.000000e+00
val_max_episode_rewards     0.000000e+00
val_mean_episode_rewards    0.000000e+00
val_min_episode_rewards     0.000000e+00
val_max_episode_len         5.000000e+02
val_mean_episode_len        5.000000e+02
val_min_episode_len         0.000000e+00
val_mean_timeouts           0.000000e+00
Name: 228, dtype: float64
timesteps                   1.507328e+07
wall_time                   1.049066e+05
num_episodes                4.167200e+04
max_episode_rewards         1.000000e+01
mean_episode_rewards        4.750000e+00
min_episode_rewards         0.000000e+00
max_episode_len             5.000000e+02
mean_episode_len            3.034500e+02
min_episode_len             0.000000e+00
mean_timeouts               0.000000e+00
val_max_episode_rewards     1.000000e+01
val_mean_episode_rewards    5.000000e-01
val_min_episode_rewards     0.000000e+00
val_max_episode_len         5.000000e+02
val_mean_episode_len        4.751000e+02
val_min_episode_len         0.000000e+00
val_mean_timeouts           2.500000e-02
Name: 229, dtype: float64
timesteps                   1.513882e+07
wall_time                   1.053586e+05
num_episodes                4.187200e+04
max_episode_rewards         1.000000e+01
mean_episode_rewards        3.250000e+00
min_episode_rewards         0.000000e+00
max_episode_len             5.000000e+02
mean_episode_len            3.785250e+02
min_episode_len             0.000000e+00
mean_timeouts               0.000000e+00
val_max_episode_rewards     1.000000e+01
val_mean_episode_rewards    5.000000e-01
val_min_episode_rewards     0.000000e+00
val_max_episode_len         5.000000e+02
val_mean_episode_len        4.751000e+02
val_min_episode_len         0.000000e+00
val_mean_timeouts           0.000000e+00
Name: 230, dtype: float64
timesteps                   1.520435e+07
wall_time                   1.058226e+05
num_episodes                4.205300e+04
max_episode_rewards         1.000000e+01
mean_episode_rewards        3.250000e+00
min_episode_rewards         0.000000e+00
max_episode_len             5.000000e+02
mean_episode_len            3.909500e+02
min_episode_len             0.000000e+00
mean_timeouts               0.000000e+00
val_max_episode_rewards     1.000000e+01
val_mean_episode_rewards    1.000000e+00
val_min_episode_rewards     0.000000e+00
val_max_episode_len         5.000000e+02
val_mean_episode_len        4.695750e+02
val_min_episode_len         0.000000e+00
val_mean_timeouts           0.000000e+00
Name: 231, dtype: float64
timesteps                   1.526989e+07
wall_time                   1.062857e+05
num_episodes                4.224500e+04
max_episode_rewards         1.000000e+01
mean_episode_rewards        3.750000e+00
min_episode_rewards         0.000000e+00
max_episode_len             5.000000e+02
mean_episode_len            3.577500e+02
min_episode_len             0.000000e+00
mean_timeouts               0.000000e+00
val_max_episode_rewards     1.000000e+01
val_mean_episode_rewards    5.000000e-01
val_min_episode_rewards     0.000000e+00
val_max_episode_len         5.000000e+02
val_mean_episode_len        4.871500e+02
val_min_episode_len         0.000000e+00
val_mean_timeouts           0.000000e+00
Name: 232, dtype: float64
timesteps                   1.533542e+07
wall_time                   1.067515e+05
num_episodes                4.243700e+04
max_episode_rewards         1.000000e+01
mean_episode_rewards        4.500000e+00
min_episode_rewards         0.000000e+00
max_episode_len             5.000000e+02
mean_episode_len            3.138250e+02
min_episode_len             0.000000e+00
mean_timeouts               0.000000e+00
val_max_episode_rewards     1.000000e+01
val_mean_episode_rewards    1.000000e+00
val_min_episode_rewards     0.000000e+00
val_max_episode_len         5.000000e+02
val_mean_episode_len        4.672500e+02
val_min_episode_len         0.000000e+00
val_mean_timeouts           0.000000e+00
Name: 233, dtype: float64
timesteps                   1.540096e+07
wall_time                   1.072154e+05
num_episodes                4.261700e+04
max_episode_rewards         1.000000e+01
mean_episode_rewards        3.250000e+00
min_episode_rewards         0.000000e+00
max_episode_len             5.000000e+02
mean_episode_len            3.694750e+02
min_episode_len             0.000000e+00
mean_timeouts               2.500000e-02
val_max_episode_rewards     1.000000e+01
val_mean_episode_rewards    5.000000e-01
val_min_episode_rewards     0.000000e+00
val_max_episode_len         5.000000e+02
val_mean_episode_len        4.776750e+02
val_min_episode_len         0.000000e+00
val_mean_timeouts           0.000000e+00
Name: 234, dtype: float64
timesteps                   1.546650e+07
wall_time                   1.076848e+05
num_episodes                4.279800e+04
max_episode_rewards         1.000000e+01
mean_episode_rewards        4.250000e+00
min_episode_rewards         0.000000e+00
max_episode_len             5.000000e+02
mean_episode_len            3.243250e+02
min_episode_len             0.000000e+00
mean_timeouts               0.000000e+00
val_max_episode_rewards     0.000000e+00
val_mean_episode_rewards    0.000000e+00
val_min_episode_rewards     0.000000e+00
val_max_episode_len         5.000000e+02
val_mean_episode_len        5.000000e+02
val_min_episode_len         0.000000e+00
val_mean_timeouts           0.000000e+00
Name: 235, dtype: float64
timesteps                   1.553203e+07
wall_time                   1.081567e+05
num_episodes                4.297900e+04
max_episode_rewards         1.000000e+01
mean_episode_rewards        4.000000e+00
min_episode_rewards         0.000000e+00
max_episode_len             5.000000e+02
mean_episode_len            3.295000e+02
min_episode_len             0.000000e+00
mean_timeouts               0.000000e+00
val_max_episode_rewards     1.000000e+01
val_mean_episode_rewards    5.000000e-01
val_min_episode_rewards     0.000000e+00
val_max_episode_len         5.000000e+02
val_mean_episode_len        4.798750e+02
val_min_episode_len         0.000000e+00
val_mean_timeouts           0.000000e+00
Name: 236, dtype: float64
timesteps                   1.559757e+07
wall_time                   1.086305e+05
num_episodes                4.316600e+04
max_episode_rewards         1.000000e+01
mean_episode_rewards        3.000000e+00
min_episode_rewards         0.000000e+00
max_episode_len             5.000000e+02
mean_episode_len            3.858250e+02
min_episode_len             0.000000e+00
mean_timeouts               0.000000e+00
val_max_episode_rewards     1.000000e+01
val_mean_episode_rewards    5.000000e-01
val_min_episode_rewards     0.000000e+00
val_max_episode_len         5.000000e+02
val_mean_episode_len        4.842000e+02
val_min_episode_len         0.000000e+00
val_mean_timeouts           0.000000e+00
Name: 237, dtype: float64
timesteps                   1.566310e+07
wall_time                   1.090965e+05
num_episodes                4.336300e+04
max_episode_rewards         1.000000e+01
mean_episode_rewards        3.750000e+00
min_episode_rewards         0.000000e+00
max_episode_len             5.000000e+02
mean_episode_len            3.350750e+02
min_episode_len             0.000000e+00
mean_timeouts               0.000000e+00
val_max_episode_rewards     1.000000e+01
val_mean_episode_rewards    1.750000e+00
val_min_episode_rewards     0.000000e+00
val_max_episode_len         5.000000e+02
val_mean_episode_len        4.237000e+02
val_min_episode_len         0.000000e+00
val_mean_timeouts           0.000000e+00
Name: 238, dtype: float64
timesteps                   1.572864e+07
wall_time                   1.095729e+05
num_episodes                4.354900e+04
max_episode_rewards         1.000000e+01
mean_episode_rewards        4.500000e+00
min_episode_rewards         0.000000e+00
max_episode_len             5.000000e+02
mean_episode_len            3.187500e+02
min_episode_len             0.000000e+00
mean_timeouts               2.500000e-02
val_max_episode_rewards     1.000000e+01
val_mean_episode_rewards    1.250000e+00
val_min_episode_rewards     0.000000e+00
val_max_episode_len         5.000000e+02
val_mean_episode_len        4.578750e+02
val_min_episode_len         0.000000e+00
val_mean_timeouts           0.000000e+00
Name: 239, dtype: float64
timesteps                   1.579418e+07
wall_time                   1.100428e+05
num_episodes                4.373000e+04
max_episode_rewards         1.000000e+01
mean_episode_rewards        3.000000e+00
min_episode_rewards         0.000000e+00
max_episode_len             5.000000e+02
mean_episode_len            3.982750e+02
min_episode_len             0.000000e+00
mean_timeouts               0.000000e+00
val_max_episode_rewards     1.000000e+01
val_mean_episode_rewards    2.500000e-01
val_min_episode_rewards     0.000000e+00
val_max_episode_len         5.000000e+02
val_mean_episode_len        4.882750e+02
val_min_episode_len         0.000000e+00
val_mean_timeouts           0.000000e+00
Name: 240, dtype: float64
timesteps                   1.585971e+07
wall_time                   1.104979e+05
num_episodes                4.392100e+04
max_episode_rewards         1.000000e+01
mean_episode_rewards        4.250000e+00
min_episode_rewards         0.000000e+00
max_episode_len             5.000000e+02
mean_episode_len            3.304250e+02
min_episode_len             0.000000e+00
mean_timeouts               0.000000e+00
val_max_episode_rewards     1.000000e+01
val_mean_episode_rewards    1.000000e+00
val_min_episode_rewards     0.000000e+00
val_max_episode_len         5.000000e+02
val_mean_episode_len        4.711000e+02
val_min_episode_len         0.000000e+00
val_mean_timeouts           0.000000e+00
Name: 241, dtype: float64
timesteps                   1.592525e+07
wall_time                   1.109510e+05
num_episodes                4.409600e+04
max_episode_rewards         1.000000e+01
mean_episode_rewards        3.750000e+00
min_episode_rewards         0.000000e+00
max_episode_len             5.000000e+02
mean_episode_len            3.425500e+02
min_episode_len             0.000000e+00
mean_timeouts               0.000000e+00
val_max_episode_rewards     1.000000e+01
val_mean_episode_rewards    2.500000e-01
val_min_episode_rewards     0.000000e+00
val_max_episode_len         5.000000e+02
val_mean_episode_len        4.993250e+02
val_min_episode_len         0.000000e+00
val_mean_timeouts           0.000000e+00
Name: 242, dtype: float64
timesteps                   1.599078e+07
wall_time                   1.114101e+05
num_episodes                4.429100e+04
max_episode_rewards         1.000000e+01
mean_episode_rewards        2.750000e+00
min_episode_rewards         0.000000e+00
max_episode_len             5.000000e+02
mean_episode_len            3.767500e+02
min_episode_len             0.000000e+00
mean_timeouts               0.000000e+00
val_max_episode_rewards     1.000000e+01
val_mean_episode_rewards    7.500000e-01
val_min_episode_rewards     0.000000e+00
val_max_episode_len         5.000000e+02
val_mean_episode_len        4.697750e+02
val_min_episode_len         0.000000e+00
val_mean_timeouts           0.000000e+00
Name: 243, dtype: float64
timesteps                   1.605632e+07
wall_time                   1.118800e+05
num_episodes                4.447500e+04
max_episode_rewards         1.000000e+01
mean_episode_rewards        4.500000e+00
min_episode_rewards         0.000000e+00
max_episode_len             5.000000e+02
mean_episode_len            3.221000e+02
min_episode_len             0.000000e+00
mean_timeouts               0.000000e+00
val_max_episode_rewards     0.000000e+00
val_mean_episode_rewards    0.000000e+00
val_min_episode_rewards     0.000000e+00
val_max_episode_len         5.000000e+02
val_mean_episode_len        5.000000e+02
val_min_episode_len         0.000000e+00
val_mean_timeouts           0.000000e+00
Name: 244, dtype: float64
timesteps                   1.612186e+07
wall_time                   1.123426e+05
num_episodes                4.465000e+04
max_episode_rewards         1.000000e+01
mean_episode_rewards        3.500000e+00
min_episode_rewards         0.000000e+00
max_episode_len             5.000000e+02
mean_episode_len            3.513250e+02
min_episode_len             0.000000e+00
mean_timeouts               0.000000e+00
val_max_episode_rewards     1.000000e+01
val_mean_episode_rewards    5.000000e-01
val_min_episode_rewards     0.000000e+00
val_max_episode_len         5.000000e+02
val_mean_episode_len        4.873500e+02
val_min_episode_len         0.000000e+00
val_mean_timeouts           0.000000e+00
Name: 245, dtype: float64
timesteps                   1.618739e+07
wall_time                   1.128093e+05
num_episodes                4.483800e+04
max_episode_rewards         1.000000e+01
mean_episode_rewards        3.500000e+00
min_episode_rewards         0.000000e+00
max_episode_len             5.000000e+02
mean_episode_len            3.779000e+02
min_episode_len             0.000000e+00
mean_timeouts               2.500000e-02
val_max_episode_rewards     1.000000e+01
val_mean_episode_rewards    7.500000e-01
val_min_episode_rewards     0.000000e+00
val_max_episode_len         5.000000e+02
val_mean_episode_len        4.627750e+02
val_min_episode_len         0.000000e+00
val_mean_timeouts           0.000000e+00
Name: 246, dtype: float64
timesteps                   1.625293e+07
wall_time                   1.132829e+05
num_episodes                4.501500e+04
max_episode_rewards         1.000000e+01
mean_episode_rewards        2.250000e+00
min_episode_rewards         0.000000e+00
max_episode_len             5.000000e+02
mean_episode_len            4.052500e+02
min_episode_len             0.000000e+00
mean_timeouts               0.000000e+00
val_max_episode_rewards     1.000000e+01
val_mean_episode_rewards    1.000000e+00
val_min_episode_rewards     0.000000e+00
val_max_episode_len         5.000000e+02
val_mean_episode_len        4.595750e+02
val_min_episode_len         0.000000e+00
val_mean_timeouts           0.000000e+00
Name: 247, dtype: float64
timesteps                   1.631846e+07
wall_time                   1.137406e+05
num_episodes                4.521100e+04
max_episode_rewards         1.000000e+01
mean_episode_rewards        3.000000e+00
min_episode_rewards         0.000000e+00
max_episode_len             5.000000e+02
mean_episode_len            3.951500e+02
min_episode_len             0.000000e+00
mean_timeouts               0.000000e+00
val_max_episode_rewards     1.000000e+01
val_mean_episode_rewards    2.500000e-01
val_min_episode_rewards     0.000000e+00
val_max_episode_len         5.000000e+02
val_mean_episode_len        4.875250e+02
val_min_episode_len         0.000000e+00
val_mean_timeouts           0.000000e+00
Name: 248, dtype: float64
timesteps                   1.638400e+07
wall_time                   1.141950e+05
num_episodes                4.539200e+04
max_episode_rewards         1.000000e+01
mean_episode_rewards        4.250000e+00
min_episode_rewards         0.000000e+00
max_episode_len             5.000000e+02
mean_episode_len            3.307750e+02
min_episode_len             0.000000e+00
mean_timeouts               0.000000e+00
val_max_episode_rewards     1.000000e+01
val_mean_episode_rewards    5.000000e-01
val_min_episode_rewards     0.000000e+00
val_max_episode_len         5.000000e+02
val_mean_episode_len        4.772000e+02
val_min_episode_len         0.000000e+00
val_mean_timeouts           0.000000e+00
Name: 249, dtype: float64
timesteps                   1.644954e+07
wall_time                   1.146624e+05
num_episodes                4.558700e+04
max_episode_rewards         1.000000e+01
mean_episode_rewards        3.000000e+00
min_episode_rewards         0.000000e+00
max_episode_len             5.000000e+02
mean_episode_len            3.838500e+02
min_episode_len             0.000000e+00
mean_timeouts               0.000000e+00
val_max_episode_rewards     1.000000e+01
val_mean_episode_rewards    5.000000e-01
val_min_episode_rewards     0.000000e+00
val_max_episode_len         5.000000e+02
val_mean_episode_len        4.750750e+02
val_min_episode_len         0.000000e+00
val_mean_timeouts           0.000000e+00
Name: 250, dtype: float64
timesteps                   1.651507e+07
wall_time                   1.151087e+05
num_episodes                4.577400e+04
max_episode_rewards         1.000000e+01
mean_episode_rewards        3.250000e+00
min_episode_rewards         0.000000e+00
max_episode_len             5.000000e+02
mean_episode_len            3.826250e+02
min_episode_len             0.000000e+00
mean_timeouts               0.000000e+00
val_max_episode_rewards     1.000000e+01
val_mean_episode_rewards    5.000000e-01
val_min_episode_rewards     0.000000e+00
val_max_episode_len         5.000000e+02
val_mean_episode_len        4.765750e+02
val_min_episode_len         0.000000e+00
val_mean_timeouts           0.000000e+00
Name: 251, dtype: float64
timesteps                   1.658061e+07
wall_time                   1.155430e+05
num_episodes                4.597600e+04
max_episode_rewards         1.000000e+01
mean_episode_rewards        3.250000e+00
min_episode_rewards         0.000000e+00
max_episode_len             5.000000e+02
mean_episode_len            3.613000e+02
min_episode_len             0.000000e+00
mean_timeouts               0.000000e+00
val_max_episode_rewards     0.000000e+00
val_mean_episode_rewards    0.000000e+00
val_min_episode_rewards     0.000000e+00
val_max_episode_len         5.000000e+02
val_mean_episode_len        5.000000e+02
val_min_episode_len         0.000000e+00
val_mean_timeouts           0.000000e+00
Name: 252, dtype: float64
timesteps                   1.664614e+07
wall_time                   1.160001e+05
num_episodes                4.615500e+04
max_episode_rewards         1.000000e+01
mean_episode_rewards        4.500000e+00
min_episode_rewards         0.000000e+00
max_episode_len             5.000000e+02
mean_episode_len            3.383000e+02
min_episode_len             0.000000e+00
mean_timeouts               2.500000e-02
val_max_episode_rewards     1.000000e+01
val_mean_episode_rewards    5.000000e-01
val_min_episode_rewards     0.000000e+00
val_max_episode_len         5.000000e+02
val_mean_episode_len        4.757250e+02
val_min_episode_len         0.000000e+00
val_mean_timeouts           0.000000e+00
Name: 253, dtype: float64
timesteps                   1.671168e+07
wall_time                   1.164727e+05
num_episodes                4.635300e+04
max_episode_rewards         1.000000e+01
mean_episode_rewards        4.500000e+00
min_episode_rewards         0.000000e+00
max_episode_len             5.000000e+02
mean_episode_len            3.147250e+02
min_episode_len             0.000000e+00
mean_timeouts               0.000000e+00
val_max_episode_rewards     1.000000e+01
val_mean_episode_rewards    7.500000e-01
val_min_episode_rewards     0.000000e+00
val_max_episode_len         5.000000e+02
val_mean_episode_len        4.783500e+02
val_min_episode_len         0.000000e+00
val_mean_timeouts           0.000000e+00
Name: 254, dtype: float64
timesteps                   1.677722e+07
wall_time                   1.169534e+05
num_episodes                4.652500e+04
max_episode_rewards         1.000000e+01
mean_episode_rewards        2.750000e+00
min_episode_rewards         0.000000e+00
max_episode_len             5.000000e+02
mean_episode_len            3.876250e+02
min_episode_len             0.000000e+00
mean_timeouts               0.000000e+00
val_max_episode_rewards     1.000000e+01
val_mean_episode_rewards    7.500000e-01
val_min_episode_rewards     0.000000e+00
val_max_episode_len         5.000000e+02
val_mean_episode_len        4.643250e+02
val_min_episode_len         0.000000e+00
val_mean_timeouts           2.500000e-02
Name: 255, dtype: float64
timesteps                   1.684275e+07
wall_time                   1.174285e+05
num_episodes                4.672800e+04
max_episode_rewards         1.000000e+01
mean_episode_rewards        4.500000e+00
min_episode_rewards         0.000000e+00
max_episode_len             5.000000e+02
mean_episode_len            3.115750e+02
min_episode_len             0.000000e+00
mean_timeouts               0.000000e+00
val_max_episode_rewards     1.000000e+01
val_mean_episode_rewards    1.000000e+00
val_min_episode_rewards     0.000000e+00
val_max_episode_len         5.000000e+02
val_mean_episode_len        4.656250e+02
val_min_episode_len         0.000000e+00
val_mean_timeouts           0.000000e+00
Name: 256, dtype: float64
timesteps                   1.690829e+07
wall_time                   1.179005e+05
num_episodes                4.688400e+04
max_episode_rewards         1.000000e+01
mean_episode_rewards        4.250000e+00
min_episode_rewards         0.000000e+00
max_episode_len             5.000000e+02
mean_episode_len            3.502250e+02
min_episode_len             0.000000e+00
mean_timeouts               0.000000e+00
val_max_episode_rewards     1.000000e+01
val_mean_episode_rewards    7.500000e-01
val_min_episode_rewards     0.000000e+00
val_max_episode_len         5.000000e+02
val_mean_episode_len        4.700750e+02
val_min_episode_len         0.000000e+00
val_mean_timeouts           0.000000e+00
Name: 257, dtype: float64
timesteps                   1.697382e+07
wall_time                   1.183708e+05
num_episodes                4.708400e+04
max_episode_rewards         1.000000e+01
mean_episode_rewards        2.750000e+00
min_episode_rewards         0.000000e+00
max_episode_len             5.000000e+02
mean_episode_len            3.764250e+02
min_episode_len             0.000000e+00
mean_timeouts               0.000000e+00
val_max_episode_rewards     1.000000e+01
val_mean_episode_rewards    7.500000e-01
val_min_episode_rewards     0.000000e+00
val_max_episode_len         5.000000e+02
val_mean_episode_len        4.786000e+02
val_min_episode_len         0.000000e+00
val_mean_timeouts           0.000000e+00
Name: 258, dtype: float64
timesteps                   1.703936e+07
wall_time                   1.188438e+05
num_episodes                4.724900e+04
max_episode_rewards         1.000000e+01
mean_episode_rewards        2.750000e+00
min_episode_rewards         0.000000e+00
max_episode_len             5.000000e+02
mean_episode_len            3.983500e+02
min_episode_len             0.000000e+00
mean_timeouts               0.000000e+00
val_max_episode_rewards     0.000000e+00
val_mean_episode_rewards    0.000000e+00
val_min_episode_rewards     0.000000e+00
val_max_episode_len         5.000000e+02
val_mean_episode_len        5.000000e+02
val_min_episode_len         0.000000e+00
val_mean_timeouts           0.000000e+00
Name: 259, dtype: float64
timesteps                   1.710490e+07
wall_time                   1.193016e+05
num_episodes                4.743100e+04
max_episode_rewards         1.000000e+01
mean_episode_rewards        3.250000e+00
min_episode_rewards         0.000000e+00
max_episode_len             5.000000e+02
mean_episode_len            3.656000e+02
min_episode_len             0.000000e+00
mean_timeouts               0.000000e+00
val_max_episode_rewards     1.000000e+01
val_mean_episode_rewards    5.000000e-01
val_min_episode_rewards     0.000000e+00
val_max_episode_len         5.000000e+02
val_mean_episode_len        4.789250e+02
val_min_episode_len         0.000000e+00
val_mean_timeouts           0.000000e+00
Name: 260, dtype: float64
timesteps                   1.717043e+07
wall_time                   1.197631e+05
num_episodes                4.760300e+04
max_episode_rewards         1.000000e+01
mean_episode_rewards        3.500000e+00
min_episode_rewards         0.000000e+00
max_episode_len             5.000000e+02
mean_episode_len            3.603500e+02
min_episode_len             0.000000e+00
mean_timeouts               0.000000e+00
val_max_episode_rewards     1.000000e+01
val_mean_episode_rewards    1.250000e+00
val_min_episode_rewards     0.000000e+00
val_max_episode_len         5.000000e+02
val_mean_episode_len        4.577750e+02
val_min_episode_len         0.000000e+00
val_mean_timeouts           0.000000e+00
Name: 261, dtype: float64
timesteps                   1.723597e+07
wall_time                   1.202289e+05
num_episodes                4.780100e+04
max_episode_rewards         1.000000e+01
mean_episode_rewards        3.500000e+00
min_episode_rewards         0.000000e+00
max_episode_len             5.000000e+02
mean_episode_len            3.622000e+02
min_episode_len             0.000000e+00
mean_timeouts               0.000000e+00
val_max_episode_rewards     1.000000e+01
val_mean_episode_rewards    2.500000e-01
val_min_episode_rewards     0.000000e+00
val_max_episode_len         5.000000e+02
val_mean_episode_len        4.944750e+02
val_min_episode_len         0.000000e+00
val_mean_timeouts           0.000000e+00
Name: 262, dtype: float64
timesteps                   1.730150e+07
wall_time                   1.206970e+05
num_episodes                4.797300e+04
max_episode_rewards         1.000000e+01
mean_episode_rewards        3.500000e+00
min_episode_rewards         0.000000e+00
max_episode_len             5.000000e+02
mean_episode_len            3.594000e+02
min_episode_len             0.000000e+00
mean_timeouts               0.000000e+00
val_max_episode_rewards     0.000000e+00
val_mean_episode_rewards    0.000000e+00
val_min_episode_rewards     0.000000e+00
val_max_episode_len         5.000000e+02
val_mean_episode_len        5.000000e+02
val_min_episode_len         0.000000e+00
val_mean_timeouts           2.500000e-02
Name: 263, dtype: float64
timesteps                   1.736704e+07
wall_time                   1.211671e+05
num_episodes                4.818400e+04
max_episode_rewards         1.000000e+01
mean_episode_rewards        4.000000e+00
min_episode_rewards         0.000000e+00
max_episode_len             5.000000e+02
mean_episode_len            3.421500e+02
min_episode_len             0.000000e+00
mean_timeouts               0.000000e+00
val_max_episode_rewards     1.000000e+01
val_mean_episode_rewards    5.000000e-01
val_min_episode_rewards     0.000000e+00
val_max_episode_len         5.000000e+02
val_mean_episode_len        4.879000e+02
val_min_episode_len         0.000000e+00
val_mean_timeouts           0.000000e+00
Name: 264, dtype: float64
timesteps                   1.743258e+07
wall_time                   1.216229e+05
num_episodes                4.835800e+04
max_episode_rewards         1.000000e+01
mean_episode_rewards        4.750000e+00
min_episode_rewards         0.000000e+00
max_episode_len             5.000000e+02
mean_episode_len            3.066000e+02
min_episode_len             0.000000e+00
mean_timeouts               2.500000e-02
val_max_episode_rewards     1.000000e+01
val_mean_episode_rewards    7.500000e-01
val_min_episode_rewards     0.000000e+00
val_max_episode_len         5.000000e+02
val_mean_episode_len        4.739500e+02
val_min_episode_len         0.000000e+00
val_mean_timeouts           0.000000e+00
Name: 265, dtype: float64
timesteps                   1.749811e+07
wall_time                   1.220688e+05
num_episodes                4.855200e+04
max_episode_rewards         1.000000e+01
mean_episode_rewards        3.500000e+00
min_episode_rewards         0.000000e+00
max_episode_len             5.000000e+02
mean_episode_len            3.546250e+02
min_episode_len             0.000000e+00
mean_timeouts               0.000000e+00
val_max_episode_rewards     1.000000e+01
val_mean_episode_rewards    5.000000e-01
val_min_episode_rewards     0.000000e+00
val_max_episode_len         5.000000e+02
val_mean_episode_len        4.760750e+02
val_min_episode_len         0.000000e+00
val_mean_timeouts           0.000000e+00
Name: 266, dtype: float64
timesteps                   1.756365e+07
wall_time                   1.225157e+05
num_episodes                4.871700e+04
max_episode_rewards         1.000000e+01
mean_episode_rewards        2.250000e+00
min_episode_rewards         0.000000e+00
max_episode_len             5.000000e+02
mean_episode_len            4.033000e+02
min_episode_len             0.000000e+00
mean_timeouts               0.000000e+00
val_max_episode_rewards     1.000000e+01
val_mean_episode_rewards    2.500000e-01
val_min_episode_rewards     0.000000e+00
val_max_episode_len         5.000000e+02
val_mean_episode_len        4.977000e+02
val_min_episode_len         0.000000e+00
val_mean_timeouts           0.000000e+00
Name: 267, dtype: float64
timesteps                   1.762918e+07
wall_time                   1.229701e+05
num_episodes                4.890400e+04
max_episode_rewards         1.000000e+01
mean_episode_rewards        2.750000e+00
min_episode_rewards         0.000000e+00
max_episode_len             5.000000e+02
mean_episode_len            3.878250e+02
min_episode_len             0.000000e+00
mean_timeouts               0.000000e+00
val_max_episode_rewards     1.000000e+01
val_mean_episode_rewards    7.500000e-01
val_min_episode_rewards     0.000000e+00
val_max_episode_len         5.000000e+02
val_mean_episode_len        4.801000e+02
val_min_episode_len         0.000000e+00
val_mean_timeouts           0.000000e+00
Name: 268, dtype: float64
timesteps                   1.769472e+07
wall_time                   1.234280e+05
num_episodes                4.907100e+04
max_episode_rewards         1.000000e+01
mean_episode_rewards        4.000000e+00
min_episode_rewards         0.000000e+00
max_episode_len             5.000000e+02
mean_episode_len            3.446500e+02
min_episode_len             0.000000e+00
mean_timeouts               0.000000e+00
val_max_episode_rewards     1.000000e+01
val_mean_episode_rewards    2.500000e-01
val_min_episode_rewards     0.000000e+00
val_max_episode_len         5.000000e+02
val_mean_episode_len        4.875250e+02
val_min_episode_len         0.000000e+00
val_mean_timeouts           0.000000e+00
Name: 269, dtype: float64
timesteps                   1.776026e+07
wall_time                   1.238832e+05
num_episodes                4.926000e+04
max_episode_rewards         1.000000e+01
mean_episode_rewards        3.750000e+00
min_episode_rewards         0.000000e+00
max_episode_len             5.000000e+02
mean_episode_len            3.727500e+02
min_episode_len             0.000000e+00
mean_timeouts               0.000000e+00
val_max_episode_rewards     1.000000e+01
val_mean_episode_rewards    5.000000e-01
val_min_episode_rewards     0.000000e+00
val_max_episode_len         5.000000e+02
val_mean_episode_len        4.862750e+02
val_min_episode_len         0.000000e+00
val_mean_timeouts           0.000000e+00
Name: 270, dtype: float64
timesteps                   1.782579e+07
wall_time                   1.243413e+05
num_episodes                4.944100e+04
max_episode_rewards         1.000000e+01
mean_episode_rewards        3.500000e+00
min_episode_rewards         0.000000e+00
max_episode_len             5.000000e+02
mean_episode_len            3.596750e+02
min_episode_len             0.000000e+00
mean_timeouts               2.500000e-02
val_max_episode_rewards     1.000000e+01
val_mean_episode_rewards    7.500000e-01
val_min_episode_rewards     0.000000e+00
val_max_episode_len         5.000000e+02
val_mean_episode_len        4.796500e+02
val_min_episode_len         0.000000e+00
val_mean_timeouts           0.000000e+00
Name: 271, dtype: float64
timesteps                   1.789133e+07
wall_time                   1.247999e+05
num_episodes                4.964300e+04
max_episode_rewards         1.000000e+01
mean_episode_rewards        3.750000e+00
min_episode_rewards         0.000000e+00
max_episode_len             5.000000e+02
mean_episode_len            3.652750e+02
min_episode_len             0.000000e+00
mean_timeouts               0.000000e+00
val_max_episode_rewards     1.000000e+01
val_mean_episode_rewards    7.500000e-01
val_min_episode_rewards     0.000000e+00
val_max_episode_len         5.000000e+02
val_mean_episode_len        4.690250e+02
val_min_episode_len         0.000000e+00
val_mean_timeouts           0.000000e+00
Name: 272, dtype: float64
timesteps                   1.795686e+07
wall_time                   1.252397e+05
num_episodes                4.982000e+04
max_episode_rewards         1.000000e+01
mean_episode_rewards        3.500000e+00
min_episode_rewards         0.000000e+00
max_episode_len             5.000000e+02
mean_episode_len            3.718250e+02
min_episode_len             0.000000e+00
mean_timeouts               0.000000e+00
val_max_episode_rewards     1.000000e+01
val_mean_episode_rewards    1.000000e+00
val_min_episode_rewards     0.000000e+00
val_max_episode_len         5.000000e+02
val_mean_episode_len        4.583000e+02
val_min_episode_len         0.000000e+00
val_mean_timeouts           0.000000e+00
Name: 273, dtype: float64
timesteps                   1.802240e+07
wall_time                   1.257000e+05
num_episodes                5.000600e+04
max_episode_rewards         1.000000e+01
mean_episode_rewards        3.750000e+00
min_episode_rewards         0.000000e+00
max_episode_len             5.000000e+02
mean_episode_len            3.484250e+02
min_episode_len             0.000000e+00
mean_timeouts               0.000000e+00
val_max_episode_rewards     1.000000e+01
val_mean_episode_rewards    2.500000e-01
val_min_episode_rewards     0.000000e+00
val_max_episode_len         5.000000e+02
val_mean_episode_len        4.875750e+02
val_min_episode_len         0.000000e+00
val_mean_timeouts           2.500000e-02
Name: 274, dtype: float64
timesteps                   1.808794e+07
wall_time                   1.261621e+05
num_episodes                5.017600e+04
max_episode_rewards         1.000000e+01
mean_episode_rewards        2.750000e+00
min_episode_rewards         0.000000e+00
max_episode_len             5.000000e+02
mean_episode_len            3.895500e+02
min_episode_len             0.000000e+00
mean_timeouts               0.000000e+00
val_max_episode_rewards     1.000000e+01
val_mean_episode_rewards    2.500000e-01
val_min_episode_rewards     0.000000e+00
val_max_episode_len         5.000000e+02
val_mean_episode_len        4.875250e+02
val_min_episode_len         0.000000e+00
val_mean_timeouts           0.000000e+00
Name: 275, dtype: float64
timesteps                   1.815347e+07
wall_time                   1.266176e+05
num_episodes                5.036300e+04
max_episode_rewards         1.000000e+01
mean_episode_rewards        5.000000e+00
min_episode_rewards         0.000000e+00
max_episode_len             5.000000e+02
mean_episode_len            2.937750e+02
min_episode_len             0.000000e+00
mean_timeouts               0.000000e+00
val_max_episode_rewards     1.000000e+01
val_mean_episode_rewards    5.000000e-01
val_min_episode_rewards     0.000000e+00
val_max_episode_len         5.000000e+02
val_mean_episode_len        4.751000e+02
val_min_episode_len         0.000000e+00
val_mean_timeouts           0.000000e+00
Name: 276, dtype: float64
timesteps                   1.821901e+07
wall_time                   1.270783e+05
num_episodes                5.054200e+04
max_episode_rewards         1.000000e+01
mean_episode_rewards        3.750000e+00
min_episode_rewards         0.000000e+00
max_episode_len             5.000000e+02
mean_episode_len            3.494250e+02
min_episode_len             0.000000e+00
mean_timeouts               0.000000e+00
val_max_episode_rewards     1.000000e+01
val_mean_episode_rewards    5.000000e-01
val_min_episode_rewards     0.000000e+00
val_max_episode_len         5.000000e+02
val_mean_episode_len        4.928000e+02
val_min_episode_len         0.000000e+00
val_mean_timeouts           0.000000e+00
Name: 277, dtype: float64
timesteps                   1.828454e+07
wall_time                   1.275486e+05
num_episodes                5.072700e+04
max_episode_rewards         1.000000e+01
mean_episode_rewards        2.250000e+00
min_episode_rewards         0.000000e+00
max_episode_len             5.000000e+02
mean_episode_len            4.244750e+02
min_episode_len             0.000000e+00
mean_timeouts               0.000000e+00
val_max_episode_rewards     0.000000e+00
val_mean_episode_rewards    0.000000e+00
val_min_episode_rewards     0.000000e+00
val_max_episode_len         5.000000e+02
val_mean_episode_len        5.000000e+02
val_min_episode_len         0.000000e+00
val_mean_timeouts           0.000000e+00
Name: 278, dtype: float64
timesteps                   1.835008e+07
wall_time                   1.280288e+05
num_episodes                5.089900e+04
max_episode_rewards         1.000000e+01
mean_episode_rewards        4.000000e+00
min_episode_rewards         0.000000e+00
max_episode_len             5.000000e+02
mean_episode_len            3.281500e+02
min_episode_len             0.000000e+00
mean_timeouts               0.000000e+00
val_max_episode_rewards     1.000000e+01
val_mean_episode_rewards    2.500000e-01
val_min_episode_rewards     0.000000e+00
val_max_episode_len         5.000000e+02
val_mean_episode_len        4.875250e+02
val_min_episode_len         0.000000e+00
val_mean_timeouts           0.000000e+00
Name: 279, dtype: float64
timesteps                   1.841562e+07
wall_time                   1.285057e+05
num_episodes                5.109200e+04
max_episode_rewards         1.000000e+01
mean_episode_rewards        3.250000e+00
min_episode_rewards         0.000000e+00
max_episode_len             5.000000e+02
mean_episode_len            3.731250e+02
min_episode_len             0.000000e+00
mean_timeouts               2.500000e-02
val_max_episode_rewards     1.000000e+01
val_mean_episode_rewards    7.500000e-01
val_min_episode_rewards     0.000000e+00
val_max_episode_len         5.000000e+02
val_mean_episode_len        4.798750e+02
val_min_episode_len         0.000000e+00
val_mean_timeouts           0.000000e+00
Name: 280, dtype: float64
timesteps                   1.848115e+07
wall_time                   1.289812e+05
num_episodes                5.125800e+04
max_episode_rewards         1.000000e+01
mean_episode_rewards        4.000000e+00
min_episode_rewards         0.000000e+00
max_episode_len             5.000000e+02
mean_episode_len            3.623750e+02
min_episode_len             0.000000e+00
mean_timeouts               0.000000e+00
val_max_episode_rewards     1.000000e+01
val_mean_episode_rewards    1.000000e+00
val_min_episode_rewards     0.000000e+00
val_max_episode_len         5.000000e+02
val_mean_episode_len        4.501500e+02
val_min_episode_len         0.000000e+00
val_mean_timeouts           0.000000e+00
Name: 281, dtype: float64
timesteps                   1.854669e+07
wall_time                   1.294381e+05
num_episodes                5.145600e+04
max_episode_rewards         1.000000e+01
mean_episode_rewards        3.500000e+00
min_episode_rewards         0.000000e+00
max_episode_len             5.000000e+02
mean_episode_len            3.640500e+02
min_episode_len             0.000000e+00
mean_timeouts               2.500000e-02
val_max_episode_rewards     1.000000e+01
val_mean_episode_rewards    1.000000e+00
val_min_episode_rewards     0.000000e+00
val_max_episode_len         5.000000e+02
val_mean_episode_len        4.705250e+02
val_min_episode_len         0.000000e+00
val_mean_timeouts           0.000000e+00
Name: 282, dtype: float64
timesteps                   1.861222e+07
wall_time                   1.298938e+05
num_episodes                5.162700e+04
max_episode_rewards         1.000000e+01
mean_episode_rewards        3.500000e+00
min_episode_rewards         0.000000e+00
max_episode_len             5.000000e+02
mean_episode_len            3.510000e+02
min_episode_len             0.000000e+00
mean_timeouts               5.000000e-02
val_max_episode_rewards     1.000000e+01
val_mean_episode_rewards    5.000000e-01
val_min_episode_rewards     0.000000e+00
val_max_episode_len         5.000000e+02
val_mean_episode_len        4.832500e+02
val_min_episode_len         0.000000e+00
val_mean_timeouts           0.000000e+00
Name: 283, dtype: float64
timesteps                   1.867776e+07
wall_time                   1.303538e+05
num_episodes                5.180300e+04
max_episode_rewards         1.000000e+01
mean_episode_rewards        3.750000e+00
min_episode_rewards         0.000000e+00
max_episode_len             5.000000e+02
mean_episode_len            3.648000e+02
min_episode_len             0.000000e+00
mean_timeouts               0.000000e+00
val_max_episode_rewards     1.000000e+01
val_mean_episode_rewards    2.500000e-01
val_min_episode_rewards     0.000000e+00
val_max_episode_len         5.000000e+02
val_mean_episode_len        4.954000e+02
val_min_episode_len         0.000000e+00
val_mean_timeouts           0.000000e+00
Name: 284, dtype: float64
timesteps                   1.874330e+07
wall_time                   1.308179e+05
num_episodes                5.199200e+04
max_episode_rewards         1.000000e+01
mean_episode_rewards        2.500000e+00
min_episode_rewards         0.000000e+00
max_episode_len             5.000000e+02
mean_episode_len            3.951750e+02
min_episode_len             0.000000e+00
mean_timeouts               0.000000e+00
val_max_episode_rewards     1.000000e+01
val_mean_episode_rewards    1.500000e+00
val_min_episode_rewards     0.000000e+00
val_max_episode_len         5.000000e+02
val_mean_episode_len        4.481250e+02
val_min_episode_len         0.000000e+00
val_mean_timeouts           0.000000e+00
Name: 285, dtype: float64
timesteps                   1.880883e+07
wall_time                   1.312711e+05
num_episodes                5.215800e+04
max_episode_rewards         1.000000e+01
mean_episode_rewards        3.500000e+00
min_episode_rewards         0.000000e+00
max_episode_len             5.000000e+02
mean_episode_len            3.733750e+02
min_episode_len             0.000000e+00
mean_timeouts               0.000000e+00
val_max_episode_rewards     1.000000e+01
val_mean_episode_rewards    7.500000e-01
val_min_episode_rewards     0.000000e+00
val_max_episode_len         5.000000e+02
val_mean_episode_len        4.770000e+02
val_min_episode_len         0.000000e+00
val_mean_timeouts           0.000000e+00
Name: 286, dtype: float64
timesteps                   1.887437e+07
wall_time                   1.317202e+05
num_episodes                5.232600e+04
max_episode_rewards         1.000000e+01
mean_episode_rewards        2.500000e+00
min_episode_rewards         0.000000e+00
max_episode_len             5.000000e+02
mean_episode_len            3.909750e+02
min_episode_len             0.000000e+00
mean_timeouts               0.000000e+00
val_max_episode_rewards     1.000000e+01
val_mean_episode_rewards    7.500000e-01
val_min_episode_rewards     0.000000e+00
val_max_episode_len         5.000000e+02
val_mean_episode_len        4.709750e+02
val_min_episode_len         0.000000e+00
val_mean_timeouts           0.000000e+00
Name: 287, dtype: float64
timesteps                   1.893990e+07
wall_time                   1.321750e+05
num_episodes                5.251700e+04
max_episode_rewards         1.000000e+01
mean_episode_rewards        4.500000e+00
min_episode_rewards         0.000000e+00
max_episode_len             5.000000e+02
mean_episode_len            3.154000e+02
min_episode_len             0.000000e+00
mean_timeouts               0.000000e+00
val_max_episode_rewards     1.000000e+01
val_mean_episode_rewards    1.000000e+00
val_min_episode_rewards     0.000000e+00
val_max_episode_len         5.000000e+02
val_mean_episode_len        4.748000e+02
val_min_episode_len         0.000000e+00
val_mean_timeouts           0.000000e+00
Name: 288, dtype: float64
timesteps                   1.900544e+07
wall_time                   1.326322e+05
num_episodes                5.270000e+04
max_episode_rewards         1.000000e+01
mean_episode_rewards        3.750000e+00
min_episode_rewards         0.000000e+00
max_episode_len             5.000000e+02
mean_episode_len            3.661750e+02
min_episode_len             0.000000e+00
mean_timeouts               0.000000e+00
val_max_episode_rewards     1.000000e+01
val_mean_episode_rewards    1.000000e+00
val_min_episode_rewards     0.000000e+00
val_max_episode_len         5.000000e+02
val_mean_episode_len        4.616500e+02
val_min_episode_len         0.000000e+00
val_mean_timeouts           0.000000e+00
Name: 289, dtype: float64
timesteps                   1.907098e+07
wall_time                   1.330954e+05
num_episodes                5.288500e+04
max_episode_rewards         1.000000e+01
mean_episode_rewards        3.250000e+00
min_episode_rewards         0.000000e+00
max_episode_len             5.000000e+02
mean_episode_len            3.747000e+02
min_episode_len             0.000000e+00
mean_timeouts               5.000000e-02
val_max_episode_rewards     1.000000e+01
val_mean_episode_rewards    7.500000e-01
val_min_episode_rewards     0.000000e+00
val_max_episode_len         5.000000e+02
val_mean_episode_len        4.730250e+02
val_min_episode_len         0.000000e+00
val_mean_timeouts           0.000000e+00
Name: 290, dtype: float64
timesteps                   1.913651e+07
wall_time                   1.335670e+05
num_episodes                5.305400e+04
max_episode_rewards         1.000000e+01
mean_episode_rewards        4.250000e+00
min_episode_rewards         0.000000e+00
max_episode_len             5.000000e+02
mean_episode_len            3.722250e+02
min_episode_len             0.000000e+00
mean_timeouts               0.000000e+00
val_max_episode_rewards     1.000000e+01
val_mean_episode_rewards    5.000000e-01
val_min_episode_rewards     0.000000e+00
val_max_episode_len         5.000000e+02
val_mean_episode_len        4.752000e+02
val_min_episode_len         0.000000e+00
val_mean_timeouts           0.000000e+00
Name: 291, dtype: float64
timesteps                   1.920205e+07
wall_time                   1.340332e+05
num_episodes                5.323800e+04
max_episode_rewards         1.000000e+01
mean_episode_rewards        3.500000e+00
min_episode_rewards         0.000000e+00
max_episode_len             5.000000e+02
mean_episode_len            3.629750e+02
min_episode_len             0.000000e+00
mean_timeouts               0.000000e+00
val_max_episode_rewards     1.000000e+01
val_mean_episode_rewards    1.000000e+00
val_min_episode_rewards     0.000000e+00
val_max_episode_len         5.000000e+02
val_mean_episode_len        4.595250e+02
val_min_episode_len         0.000000e+00
val_mean_timeouts           0.000000e+00
Name: 292, dtype: float64
timesteps                   1.926758e+07
wall_time                   1.344917e+05
num_episodes                5.340300e+04
max_episode_rewards         1.000000e+01
mean_episode_rewards        3.250000e+00
min_episode_rewards         0.000000e+00
max_episode_len             5.000000e+02
mean_episode_len            3.902250e+02
min_episode_len             0.000000e+00
mean_timeouts               0.000000e+00
val_max_episode_rewards     1.000000e+01
val_mean_episode_rewards    7.500000e-01
val_min_episode_rewards     0.000000e+00
val_max_episode_len         5.000000e+02
val_mean_episode_len        4.698750e+02
val_min_episode_len         0.000000e+00
val_mean_timeouts           0.000000e+00
Name: 293, dtype: float64
timesteps                   1.933312e+07
wall_time                   1.349427e+05
num_episodes                5.360100e+04
max_episode_rewards         1.000000e+01
mean_episode_rewards        3.750000e+00
min_episode_rewards         0.000000e+00
max_episode_len             5.000000e+02
mean_episode_len            3.491500e+02
min_episode_len             0.000000e+00
mean_timeouts               2.500000e-02
val_max_episode_rewards     1.000000e+01
val_mean_episode_rewards    2.500000e-01
val_min_episode_rewards     0.000000e+00
val_max_episode_len         5.000000e+02
val_mean_episode_len        4.945000e+02
val_min_episode_len         0.000000e+00
val_mean_timeouts           0.000000e+00
Name: 294, dtype: float64
timesteps                   1.939866e+07
wall_time                   1.354008e+05
num_episodes                5.377600e+04
max_episode_rewards         1.000000e+01
mean_episode_rewards        3.250000e+00
min_episode_rewards         0.000000e+00
max_episode_len             5.000000e+02
mean_episode_len            3.867250e+02
min_episode_len             0.000000e+00
mean_timeouts               2.500000e-02
val_max_episode_rewards     1.000000e+01
val_mean_episode_rewards    2.500000e-01
val_min_episode_rewards     0.000000e+00
val_max_episode_len         5.000000e+02
val_mean_episode_len        4.992500e+02
val_min_episode_len         0.000000e+00
val_mean_timeouts           0.000000e+00
Name: 295, dtype: float64
timesteps                   1.946419e+07
wall_time                   1.358685e+05
num_episodes                5.395800e+04
max_episode_rewards         1.000000e+01
mean_episode_rewards        3.000000e+00
min_episode_rewards         0.000000e+00
max_episode_len             5.000000e+02
mean_episode_len            3.786000e+02
min_episode_len             0.000000e+00
mean_timeouts               0.000000e+00
val_max_episode_rewards     1.000000e+01
val_mean_episode_rewards    1.000000e+00
val_min_episode_rewards     0.000000e+00
val_max_episode_len         5.000000e+02
val_mean_episode_len        4.536250e+02
val_min_episode_len         0.000000e+00
val_mean_timeouts           0.000000e+00
Name: 296, dtype: float64
timesteps                   1.952973e+07
wall_time                   1.363409e+05
num_episodes                5.411900e+04
max_episode_rewards         1.000000e+01
mean_episode_rewards        2.250000e+00
min_episode_rewards         0.000000e+00
max_episode_len             5.000000e+02
mean_episode_len            4.069000e+02
min_episode_len             0.000000e+00
mean_timeouts               0.000000e+00
val_max_episode_rewards     1.000000e+01
val_mean_episode_rewards    2.500000e-01
val_min_episode_rewards     0.000000e+00
val_max_episode_len         5.000000e+02
val_mean_episode_len        4.875500e+02
val_min_episode_len         0.000000e+00
val_mean_timeouts           0.000000e+00
Name: 297, dtype: float64
timesteps                   1.959526e+07
wall_time                   1.367941e+05
num_episodes                5.431900e+04
max_episode_rewards         1.000000e+01
mean_episode_rewards        2.750000e+00
min_episode_rewards         0.000000e+00
max_episode_len             5.000000e+02
mean_episode_len            3.866500e+02
min_episode_len             0.000000e+00
mean_timeouts               0.000000e+00
val_max_episode_rewards     1.000000e+01
val_mean_episode_rewards    5.000000e-01
val_min_episode_rewards     0.000000e+00
val_max_episode_len         5.000000e+02
val_mean_episode_len        4.860250e+02
val_min_episode_len         0.000000e+00
val_mean_timeouts           0.000000e+00
Name: 298, dtype: float64
timesteps                   1.966080e+07
wall_time                   1.372442e+05
num_episodes                5.450900e+04
max_episode_rewards         1.000000e+01
mean_episode_rewards        4.500000e+00
min_episode_rewards         0.000000e+00
max_episode_len             5.000000e+02
mean_episode_len            3.076000e+02
min_episode_len             0.000000e+00
mean_timeouts               0.000000e+00
val_max_episode_rewards     1.000000e+01
val_mean_episode_rewards    2.500000e-01
val_min_episode_rewards     0.000000e+00
val_max_episode_len         5.000000e+02
val_mean_episode_len        4.875500e+02
val_min_episode_len         0.000000e+00
val_mean_timeouts           0.000000e+00
Name: 299, dtype: float64
timesteps                   1.972634e+07
wall_time                   1.376794e+05
num_episodes                5.470500e+04
max_episode_rewards         1.000000e+01
mean_episode_rewards        4.000000e+00
min_episode_rewards         0.000000e+00
max_episode_len             5.000000e+02
mean_episode_len            3.217750e+02
min_episode_len             0.000000e+00
mean_timeouts               0.000000e+00
val_max_episode_rewards     1.000000e+01
val_mean_episode_rewards    1.500000e+00
val_min_episode_rewards     0.000000e+00
val_max_episode_len         5.000000e+02
val_mean_episode_len        4.519500e+02
val_min_episode_len         0.000000e+00
val_mean_timeouts           2.500000e-02
Name: 300, dtype: float64
timesteps                   1.979187e+07
wall_time                   1.381306e+05
num_episodes                5.488200e+04
max_episode_rewards         1.000000e+01
mean_episode_rewards        3.250000e+00
min_episode_rewards         0.000000e+00
max_episode_len             5.000000e+02
mean_episode_len            3.572250e+02
min_episode_len             0.000000e+00
mean_timeouts               2.500000e-02
val_max_episode_rewards     0.000000e+00
val_mean_episode_rewards    0.000000e+00
val_min_episode_rewards     0.000000e+00
val_max_episode_len         5.000000e+02
val_mean_episode_len        5.000000e+02
val_min_episode_len         0.000000e+00
val_mean_timeouts           0.000000e+00
Name: 301, dtype: float64
timesteps                   1.985741e+07
wall_time                   1.385976e+05
num_episodes                5.506000e+04
max_episode_rewards         1.000000e+01
mean_episode_rewards        3.250000e+00
min_episode_rewards         0.000000e+00
max_episode_len             5.000000e+02
mean_episode_len            3.749750e+02
min_episode_len             0.000000e+00
mean_timeouts               0.000000e+00
val_max_episode_rewards     1.000000e+01
val_mean_episode_rewards    1.000000e+00
val_min_episode_rewards     0.000000e+00
val_max_episode_len         5.000000e+02
val_mean_episode_len        4.783750e+02
val_min_episode_len         0.000000e+00
val_mean_timeouts           0.000000e+00
Name: 302, dtype: float64
timesteps                   1.992294e+07
wall_time                   1.390548e+05
num_episodes                5.525400e+04
max_episode_rewards         1.000000e+01
mean_episode_rewards        4.000000e+00
min_episode_rewards         0.000000e+00
max_episode_len             5.000000e+02
mean_episode_len            3.261250e+02
min_episode_len             0.000000e+00
mean_timeouts               2.500000e-02
val_max_episode_rewards     1.000000e+01
val_mean_episode_rewards    5.000000e-01
val_min_episode_rewards     0.000000e+00
val_max_episode_len         5.000000e+02
val_mean_episode_len        4.873000e+02
val_min_episode_len         0.000000e+00
val_mean_timeouts           0.000000e+00
Name: 303, dtype: float64
timesteps                   1.998848e+07
wall_time                   1.395115e+05
num_episodes                5.543200e+04
max_episode_rewards         1.000000e+01
mean_episode_rewards        3.500000e+00
min_episode_rewards         0.000000e+00
max_episode_len             5.000000e+02
mean_episode_len            3.653000e+02
min_episode_len             0.000000e+00
mean_timeouts               0.000000e+00
val_max_episode_rewards     0.000000e+00
val_mean_episode_rewards    0.000000e+00
val_min_episode_rewards     0.000000e+00
val_max_episode_len         5.000000e+02
val_mean_episode_len        5.000000e+02
val_min_episode_len         0.000000e+00
val_mean_timeouts           0.000000e+00
Name: 304, dtype: float64
timesteps                   2.005402e+07
wall_time                   1.399606e+05
num_episodes                5.561100e+04
max_episode_rewards         1.000000e+01
mean_episode_rewards        3.000000e+00
min_episode_rewards         0.000000e+00
max_episode_len             5.000000e+02
mean_episode_len            3.858000e+02
min_episode_len             0.000000e+00
mean_timeouts               0.000000e+00
val_max_episode_rewards     1.000000e+01
val_mean_episode_rewards    7.500000e-01
val_min_episode_rewards     0.000000e+00
val_max_episode_len         5.000000e+02
val_mean_episode_len        4.680250e+02
val_min_episode_len         0.000000e+00
val_mean_timeouts           0.000000e+00
Name: 305, dtype: float64
Saving model at timestep 20054017
timesteps                   2.011955e+07
wall_time                   1.404015e+05
num_episodes                5.578800e+04
max_episode_rewards         1.000000e+01
mean_episode_rewards        4.000000e+00
min_episode_rewards         0.000000e+00
max_episode_len             5.000000e+02
mean_episode_len            3.485000e+02
min_episode_len             0.000000e+00
mean_timeouts               0.000000e+00
val_max_episode_rewards     1.000000e+01
val_mean_episode_rewards    7.500000e-01
val_min_episode_rewards     0.000000e+00
val_max_episode_len         5.000000e+02
val_mean_episode_len        4.729500e+02
val_min_episode_len         0.000000e+00
val_mean_timeouts           0.000000e+00
Name: 306, dtype: float64
timesteps                   2.018509e+07
wall_time                   1.408480e+05
num_episodes                5.597900e+04
max_episode_rewards         1.000000e+01
mean_episode_rewards        3.500000e+00
min_episode_rewards         0.000000e+00
max_episode_len             5.000000e+02
mean_episode_len            3.447500e+02
min_episode_len             0.000000e+00
mean_timeouts               0.000000e+00
val_max_episode_rewards     1.000000e+01
val_mean_episode_rewards    1.250000e+00
val_min_episode_rewards     0.000000e+00
val_max_episode_len         5.000000e+02
val_mean_episode_len        4.501500e+02
val_min_episode_len         0.000000e+00
val_mean_timeouts           0.000000e+00
Name: 307, dtype: float64
timesteps                   2.025062e+07
wall_time                   1.413161e+05
num_episodes                5.615200e+04
max_episode_rewards         1.000000e+01
mean_episode_rewards        3.000000e+00
min_episode_rewards         0.000000e+00
max_episode_len             5.000000e+02
mean_episode_len            3.821000e+02
min_episode_len             0.000000e+00
mean_timeouts               7.500000e-02
val_max_episode_rewards     1.000000e+01
val_mean_episode_rewards    2.500000e-01
val_min_episode_rewards     0.000000e+00
val_max_episode_len         5.000000e+02
val_mean_episode_len        4.884000e+02
val_min_episode_len         0.000000e+00
val_mean_timeouts           2.500000e-02
Name: 308, dtype: float64
timesteps                   2.031616e+07
wall_time                   1.417881e+05
num_episodes                5.633100e+04
max_episode_rewards         1.000000e+01
mean_episode_rewards        4.000000e+00
min_episode_rewards         0.000000e+00
max_episode_len             5.000000e+02
mean_episode_len            3.424750e+02
min_episode_len             0.000000e+00
mean_timeouts               0.000000e+00
val_max_episode_rewards     1.000000e+01
val_mean_episode_rewards    7.500000e-01
val_min_episode_rewards     0.000000e+00
val_max_episode_len         5.000000e+02
val_mean_episode_len        4.694500e+02
val_min_episode_len         0.000000e+00
val_mean_timeouts           0.000000e+00
Name: 309, dtype: float64
timesteps                   2.038170e+07
wall_time                   1.422458e+05
num_episodes                5.650700e+04
max_episode_rewards         1.000000e+01
mean_episode_rewards        2.750000e+00
min_episode_rewards         0.000000e+00
max_episode_len             5.000000e+02
mean_episode_len            4.173250e+02
min_episode_len             0.000000e+00
mean_timeouts               0.000000e+00
val_max_episode_rewards     1.000000e+01
val_mean_episode_rewards    2.500000e-01
val_min_episode_rewards     0.000000e+00
val_max_episode_len         5.000000e+02
val_mean_episode_len        4.877000e+02
val_min_episode_len         0.000000e+00
val_mean_timeouts           0.000000e+00
Name: 310, dtype: float64
timesteps                   2.044723e+07
wall_time                   1.426944e+05
num_episodes                5.668800e+04
max_episode_rewards         1.000000e+01
mean_episode_rewards        3.250000e+00
min_episode_rewards         0.000000e+00
max_episode_len             5.000000e+02
mean_episode_len            3.874250e+02
min_episode_len             0.000000e+00
mean_timeouts               0.000000e+00
val_max_episode_rewards     1.000000e+01
val_mean_episode_rewards    2.500000e-01
val_min_episode_rewards     0.000000e+00
val_max_episode_len         5.000000e+02
val_mean_episode_len        4.883500e+02
val_min_episode_len         0.000000e+00
val_mean_timeouts           0.000000e+00
Name: 311, dtype: float64
timesteps                   2.051277e+07
wall_time                   1.431508e+05
num_episodes                5.686300e+04
max_episode_rewards         1.000000e+01
mean_episode_rewards        4.000000e+00
min_episode_rewards         0.000000e+00
max_episode_len             5.000000e+02
mean_episode_len            3.339750e+02
min_episode_len             0.000000e+00
mean_timeouts               0.000000e+00
val_max_episode_rewards     1.000000e+01
val_mean_episode_rewards    2.500000e-01
val_min_episode_rewards     0.000000e+00
val_max_episode_len         5.000000e+02
val_mean_episode_len        4.919000e+02
val_min_episode_len         0.000000e+00
val_mean_timeouts           0.000000e+00
Name: 312, dtype: float64
timesteps                   2.057830e+07
wall_time                   1.436001e+05
num_episodes                5.705900e+04
max_episode_rewards         1.000000e+01
mean_episode_rewards        3.750000e+00
min_episode_rewards         0.000000e+00
max_episode_len             5.000000e+02
mean_episode_len            3.592000e+02
min_episode_len             0.000000e+00
mean_timeouts               2.500000e-02
val_max_episode_rewards     1.000000e+01
val_mean_episode_rewards    7.500000e-01
val_min_episode_rewards     0.000000e+00
val_max_episode_len         5.000000e+02
val_mean_episode_len        4.691750e+02
val_min_episode_len         0.000000e+00
val_mean_timeouts           0.000000e+00
Name: 313, dtype: float64
timesteps                   2.064384e+07
wall_time                   1.440496e+05
num_episodes                5.721400e+04
max_episode_rewards         1.000000e+01
mean_episode_rewards        3.750000e+00
min_episode_rewards         0.000000e+00
max_episode_len             5.000000e+02
mean_episode_len            3.550500e+02
min_episode_len             0.000000e+00
mean_timeouts               0.000000e+00
val_max_episode_rewards     1.000000e+01
val_mean_episode_rewards    7.500000e-01
val_min_episode_rewards     0.000000e+00
val_max_episode_len         5.000000e+02
val_mean_episode_len        4.798000e+02
val_min_episode_len         0.000000e+00
val_mean_timeouts           0.000000e+00
Name: 314, dtype: float64
timesteps                   2.070938e+07
wall_time                   1.444943e+05
num_episodes                5.740500e+04
max_episode_rewards         1.000000e+01
mean_episode_rewards        4.500000e+00
min_episode_rewards         0.000000e+00
max_episode_len             5.000000e+02
mean_episode_len            3.241500e+02
min_episode_len             0.000000e+00
mean_timeouts               2.500000e-02
val_max_episode_rewards     1.000000e+01
val_mean_episode_rewards    2.500000e-01
val_min_episode_rewards     0.000000e+00
val_max_episode_len         5.000000e+02
val_mean_episode_len        4.978000e+02
val_min_episode_len         0.000000e+00
val_mean_timeouts           0.000000e+00
Name: 315, dtype: float64
timesteps                   2.077491e+07
wall_time                   1.449375e+05
num_episodes                5.757000e+04
max_episode_rewards         1.000000e+01
mean_episode_rewards        3.500000e+00
min_episode_rewards         0.000000e+00
max_episode_len             5.000000e+02
mean_episode_len            3.698000e+02
min_episode_len             0.000000e+00
mean_timeouts               0.000000e+00
val_max_episode_rewards     1.000000e+01
val_mean_episode_rewards    1.000000e+00
val_min_episode_rewards     0.000000e+00
val_max_episode_len         5.000000e+02
val_mean_episode_len        4.681250e+02
val_min_episode_len         0.000000e+00
val_mean_timeouts           0.000000e+00
Name: 316, dtype: float64
timesteps                   2.084045e+07
wall_time                   1.453858e+05
num_episodes                5.776400e+04
max_episode_rewards         1.000000e+01
mean_episode_rewards        3.500000e+00
min_episode_rewards         0.000000e+00
max_episode_len             5.000000e+02
mean_episode_len            3.678000e+02
min_episode_len             0.000000e+00
mean_timeouts               0.000000e+00
val_max_episode_rewards     1.000000e+01
val_mean_episode_rewards    7.500000e-01
val_min_episode_rewards     0.000000e+00
val_max_episode_len         5.000000e+02
val_mean_episode_len        4.666500e+02
val_min_episode_len         0.000000e+00
val_mean_timeouts           0.000000e+00
Name: 317, dtype: float64
timesteps                   2.090598e+07
wall_time                   1.458423e+05
num_episodes                5.793200e+04
max_episode_rewards         1.000000e+01
mean_episode_rewards        2.750000e+00
min_episode_rewards         0.000000e+00
max_episode_len             5.000000e+02
mean_episode_len            4.010750e+02
min_episode_len             0.000000e+00
mean_timeouts               0.000000e+00
val_max_episode_rewards     1.000000e+01
val_mean_episode_rewards    5.000000e-01
val_min_episode_rewards     0.000000e+00
val_max_episode_len         5.000000e+02
val_mean_episode_len        4.776750e+02
val_min_episode_len         0.000000e+00
val_mean_timeouts           0.000000e+00
Name: 318, dtype: float64
timesteps                   2.097152e+07
wall_time                   1.463002e+05
num_episodes                5.813000e+04
max_episode_rewards         1.000000e+01
mean_episode_rewards        4.750000e+00
min_episode_rewards         0.000000e+00
max_episode_len             5.000000e+02
mean_episode_len            3.108500e+02
min_episode_len             0.000000e+00
mean_timeouts               0.000000e+00
val_max_episode_rewards     1.000000e+01
val_mean_episode_rewards    2.500000e-01
val_min_episode_rewards     0.000000e+00
val_max_episode_len         5.000000e+02
val_mean_episode_len        4.875500e+02
val_min_episode_len         0.000000e+00
val_mean_timeouts           0.000000e+00
Name: 319, dtype: float64
timesteps                   2.103706e+07
wall_time                   1.467502e+05
num_episodes                5.831600e+04
max_episode_rewards         1.000000e+01
mean_episode_rewards        3.500000e+00
min_episode_rewards         0.000000e+00
max_episode_len             5.000000e+02
mean_episode_len            3.527500e+02
min_episode_len             0.000000e+00
mean_timeouts               0.000000e+00
val_max_episode_rewards     1.000000e+01
val_mean_episode_rewards    5.000000e-01
val_min_episode_rewards     0.000000e+00
val_max_episode_len         5.000000e+02
val_mean_episode_len        4.782000e+02
val_min_episode_len         0.000000e+00
val_mean_timeouts           0.000000e+00
Name: 320, dtype: float64
timesteps                   2.110259e+07
wall_time                   1.471920e+05
num_episodes                5.852100e+04
max_episode_rewards         1.000000e+01
mean_episode_rewards        5.250000e+00
min_episode_rewards         0.000000e+00
max_episode_len             5.000000e+02
mean_episode_len            3.026000e+02
min_episode_len             0.000000e+00
mean_timeouts               0.000000e+00
val_max_episode_rewards     1.000000e+01
val_mean_episode_rewards    2.500000e-01
val_min_episode_rewards     0.000000e+00
val_max_episode_len         5.000000e+02
val_mean_episode_len        4.875500e+02
val_min_episode_len         0.000000e+00
val_mean_timeouts           0.000000e+00
Name: 321, dtype: float64
timesteps                   2.116813e+07
wall_time                   1.476518e+05
num_episodes                5.868700e+04
max_episode_rewards         1.000000e+01
mean_episode_rewards        4.750000e+00
min_episode_rewards         0.000000e+00
max_episode_len             5.000000e+02
mean_episode_len            3.143750e+02
min_episode_len             0.000000e+00
mean_timeouts               0.000000e+00
val_max_episode_rewards     1.000000e+01
val_mean_episode_rewards    5.000000e-01
val_min_episode_rewards     0.000000e+00
val_max_episode_len         5.000000e+02
val_mean_episode_len        4.850000e+02
val_min_episode_len         0.000000e+00
val_mean_timeouts           0.000000e+00
Name: 322, dtype: float64
timesteps                   2.123366e+07
wall_time                   1.481238e+05
num_episodes                5.888300e+04
max_episode_rewards         1.000000e+01
mean_episode_rewards        3.500000e+00
min_episode_rewards         0.000000e+00
max_episode_len             5.000000e+02
mean_episode_len            3.621250e+02
min_episode_len             0.000000e+00
mean_timeouts               0.000000e+00
val_max_episode_rewards     1.000000e+01
val_mean_episode_rewards    7.500000e-01
val_min_episode_rewards     0.000000e+00
val_max_episode_len         5.000000e+02
val_mean_episode_len        4.852250e+02
val_min_episode_len         0.000000e+00
val_mean_timeouts           2.500000e-02
Name: 323, dtype: float64
timesteps                   2.129920e+07
wall_time                   1.485815e+05
num_episodes                5.904100e+04
max_episode_rewards         1.000000e+01
mean_episode_rewards        2.750000e+00
min_episode_rewards         0.000000e+00
max_episode_len             5.000000e+02
mean_episode_len            3.830500e+02
min_episode_len             0.000000e+00
mean_timeouts               2.500000e-02
val_max_episode_rewards     1.000000e+01
val_mean_episode_rewards    7.500000e-01
val_min_episode_rewards     0.000000e+00
val_max_episode_len         5.000000e+02
val_mean_episode_len        4.675250e+02
val_min_episode_len         0.000000e+00
val_mean_timeouts           2.500000e-02
Name: 324, dtype: float64
timesteps                   2.136474e+07
wall_time                   1.490242e+05
num_episodes                5.925000e+04
max_episode_rewards         1.000000e+01
mean_episode_rewards        3.250000e+00
min_episode_rewards         0.000000e+00
max_episode_len             5.000000e+02
mean_episode_len            3.783000e+02
min_episode_len             0.000000e+00
mean_timeouts               2.500000e-02
val_max_episode_rewards     1.000000e+01
val_mean_episode_rewards    2.500000e-01
val_min_episode_rewards     0.000000e+00
val_max_episode_len         5.000000e+02
val_mean_episode_len        4.908000e+02
val_min_episode_len         0.000000e+00
val_mean_timeouts           0.000000e+00
Name: 325, dtype: float64
timesteps                   2.143027e+07
wall_time                   1.494745e+05
num_episodes                5.942300e+04
max_episode_rewards         1.000000e+01
mean_episode_rewards        4.500000e+00
min_episode_rewards         0.000000e+00
max_episode_len             5.000000e+02
mean_episode_len            3.228000e+02
min_episode_len             0.000000e+00
mean_timeouts               0.000000e+00
val_max_episode_rewards     1.000000e+01
val_mean_episode_rewards    2.500000e-01
val_min_episode_rewards     0.000000e+00
val_max_episode_len         5.000000e+02
val_mean_episode_len        4.923000e+02
val_min_episode_len         0.000000e+00
val_mean_timeouts           0.000000e+00
Name: 326, dtype: float64
timesteps                   2.149581e+07
wall_time                   1.499392e+05
num_episodes                5.960800e+04
max_episode_rewards         1.000000e+01
mean_episode_rewards        2.500000e+00
min_episode_rewards         0.000000e+00
max_episode_len             5.000000e+02
mean_episode_len            3.867250e+02
min_episode_len             0.000000e+00
mean_timeouts               0.000000e+00
val_max_episode_rewards     0.000000e+00
val_mean_episode_rewards    0.000000e+00
val_min_episode_rewards     0.000000e+00
val_max_episode_len         5.000000e+02
val_mean_episode_len        5.000000e+02
val_min_episode_len         0.000000e+00
val_mean_timeouts           0.000000e+00
Name: 327, dtype: float64
timesteps                   2.156134e+07
wall_time                   1.503968e+05
num_episodes                5.978300e+04
max_episode_rewards         1.000000e+01
mean_episode_rewards        5.250000e+00
min_episode_rewards         0.000000e+00
max_episode_len             5.000000e+02
mean_episode_len            2.935500e+02
min_episode_len             0.000000e+00
mean_timeouts               0.000000e+00
val_max_episode_rewards     1.000000e+01
val_mean_episode_rewards    5.000000e-01
val_min_episode_rewards     0.000000e+00
val_max_episode_len         5.000000e+02
val_mean_episode_len        4.792500e+02
val_min_episode_len         0.000000e+00
val_mean_timeouts           0.000000e+00
Name: 328, dtype: float64
timesteps                   2.162688e+07
wall_time                   1.508714e+05
num_episodes                5.995000e+04
max_episode_rewards         1.000000e+01
mean_episode_rewards        3.250000e+00
min_episode_rewards         0.000000e+00
max_episode_len             5.000000e+02
mean_episode_len            3.737000e+02
min_episode_len             0.000000e+00
mean_timeouts               0.000000e+00
val_max_episode_rewards     1.000000e+01
val_mean_episode_rewards    1.000000e+00
val_min_episode_rewards     0.000000e+00
val_max_episode_len         5.000000e+02
val_mean_episode_len        4.566250e+02
val_min_episode_len         0.000000e+00
val_mean_timeouts           0.000000e+00
Name: 329, dtype: float64
timesteps                   2.169242e+07
wall_time                   1.513361e+05
num_episodes                6.012000e+04
max_episode_rewards         1.000000e+01
mean_episode_rewards        3.000000e+00
min_episode_rewards         0.000000e+00
max_episode_len             5.000000e+02
mean_episode_len            3.833750e+02
min_episode_len             0.000000e+00
mean_timeouts               0.000000e+00
val_max_episode_rewards     1.000000e+01
val_mean_episode_rewards    5.000000e-01
val_min_episode_rewards     0.000000e+00
val_max_episode_len         5.000000e+02
val_mean_episode_len        4.792750e+02
val_min_episode_len         0.000000e+00
val_mean_timeouts           0.000000e+00
Name: 330, dtype: float64
timesteps                   2.175795e+07
wall_time                   1.517834e+05
num_episodes                6.029900e+04
max_episode_rewards         1.000000e+01
mean_episode_rewards        2.750000e+00
min_episode_rewards         0.000000e+00
max_episode_len             5.000000e+02
mean_episode_len            3.834250e+02
min_episode_len             0.000000e+00
mean_timeouts               0.000000e+00
val_max_episode_rewards     1.000000e+01
val_mean_episode_rewards    1.000000e+00
val_min_episode_rewards     0.000000e+00
val_max_episode_len         5.000000e+02
val_mean_episode_len        4.502250e+02
val_min_episode_len         0.000000e+00
val_mean_timeouts           0.000000e+00
Name: 331, dtype: float64
timesteps                   2.182349e+07
wall_time                   1.522323e+05
num_episodes                6.047600e+04
max_episode_rewards         1.000000e+01
mean_episode_rewards        4.000000e+00
min_episode_rewards         0.000000e+00
max_episode_len             5.000000e+02
mean_episode_len            3.389750e+02
min_episode_len             0.000000e+00
mean_timeouts               0.000000e+00
val_max_episode_rewards     1.000000e+01
val_mean_episode_rewards    5.000000e-01
val_min_episode_rewards     0.000000e+00
val_max_episode_len         5.000000e+02
val_mean_episode_len        4.768000e+02
val_min_episode_len         0.000000e+00
val_mean_timeouts           0.000000e+00
Name: 332, dtype: float64
timesteps                   2.188902e+07
wall_time                   1.526945e+05
num_episodes                6.065900e+04
max_episode_rewards         1.000000e+01
mean_episode_rewards        3.750000e+00
min_episode_rewards         0.000000e+00
max_episode_len             5.000000e+02
mean_episode_len            3.909500e+02
min_episode_len             0.000000e+00
mean_timeouts               0.000000e+00
val_max_episode_rewards     1.000000e+01
val_mean_episode_rewards    5.000000e-01
val_min_episode_rewards     0.000000e+00
val_max_episode_len         5.000000e+02
val_mean_episode_len        4.784750e+02
val_min_episode_len         0.000000e+00
val_mean_timeouts           0.000000e+00
Name: 333, dtype: float64
timesteps                   2.195456e+07
wall_time                   1.531603e+05
num_episodes                6.084400e+04
max_episode_rewards         1.000000e+01
mean_episode_rewards        4.500000e+00
min_episode_rewards         0.000000e+00
max_episode_len             5.000000e+02
mean_episode_len            3.095750e+02
min_episode_len             0.000000e+00
mean_timeouts               0.000000e+00
val_max_episode_rewards     1.000000e+01
val_mean_episode_rewards    5.000000e-01
val_min_episode_rewards     0.000000e+00
val_max_episode_len         5.000000e+02
val_mean_episode_len        4.750500e+02
val_min_episode_len         0.000000e+00
val_mean_timeouts           0.000000e+00
Name: 334, dtype: float64
timesteps                   2.202010e+07
wall_time                   1.536360e+05
num_episodes                6.102100e+04
max_episode_rewards         1.000000e+01
mean_episode_rewards        3.750000e+00
min_episode_rewards         0.000000e+00
max_episode_len             5.000000e+02
mean_episode_len            3.530500e+02
min_episode_len             0.000000e+00
mean_timeouts               0.000000e+00
val_max_episode_rewards     1.000000e+01
val_mean_episode_rewards    1.000000e+00
val_min_episode_rewards     0.000000e+00
val_max_episode_len         5.000000e+02
val_mean_episode_len        4.623750e+02
val_min_episode_len         0.000000e+00
val_mean_timeouts           0.000000e+00
Name: 335, dtype: float64
timesteps                   2.208563e+07
wall_time                   1.541083e+05
num_episodes                6.120200e+04
max_episode_rewards         1.000000e+01
mean_episode_rewards        4.750000e+00
min_episode_rewards         0.000000e+00
max_episode_len             5.000000e+02
mean_episode_len            2.977250e+02
min_episode_len             0.000000e+00
mean_timeouts               0.000000e+00
val_max_episode_rewards     1.000000e+01
val_mean_episode_rewards    5.000000e-01
val_min_episode_rewards     0.000000e+00
val_max_episode_len         5.000000e+02
val_mean_episode_len        4.845000e+02
val_min_episode_len         0.000000e+00
val_mean_timeouts           0.000000e+00
Name: 336, dtype: float64
timesteps                   2.215117e+07
wall_time                   1.545743e+05
num_episodes                6.138200e+04
max_episode_rewards         1.000000e+01
mean_episode_rewards        4.250000e+00
min_episode_rewards         0.000000e+00
max_episode_len             5.000000e+02
mean_episode_len            3.585750e+02
min_episode_len             0.000000e+00
mean_timeouts               0.000000e+00
val_max_episode_rewards     0.000000e+00
val_mean_episode_rewards    0.000000e+00
val_min_episode_rewards     0.000000e+00
val_max_episode_len         5.000000e+02
val_mean_episode_len        5.000000e+02
val_min_episode_len         0.000000e+00
val_mean_timeouts           0.000000e+00
Name: 337, dtype: float64
timesteps                   2.221670e+07
wall_time                   1.550283e+05
num_episodes                6.155700e+04
max_episode_rewards         1.000000e+01
mean_episode_rewards        4.000000e+00
min_episode_rewards         0.000000e+00
max_episode_len             5.000000e+02
mean_episode_len            3.510250e+02
min_episode_len             0.000000e+00
mean_timeouts               0.000000e+00
val_max_episode_rewards     0.000000e+00
val_mean_episode_rewards    0.000000e+00
val_min_episode_rewards     0.000000e+00
val_max_episode_len         5.000000e+02
val_mean_episode_len        5.000000e+02
val_min_episode_len         0.000000e+00
val_mean_timeouts           0.000000e+00
Name: 338, dtype: float64
timesteps                   2.228224e+07
wall_time                   1.554765e+05
num_episodes                6.173400e+04
max_episode_rewards         1.000000e+01
mean_episode_rewards        3.250000e+00
min_episode_rewards         0.000000e+00
max_episode_len             5.000000e+02
mean_episode_len            3.706750e+02
min_episode_len             0.000000e+00
mean_timeouts               2.500000e-02
val_max_episode_rewards     1.000000e+01
val_mean_episode_rewards    5.000000e-01
val_min_episode_rewards     0.000000e+00
val_max_episode_len         5.000000e+02
val_mean_episode_len        4.785250e+02
val_min_episode_len         0.000000e+00
val_mean_timeouts           0.000000e+00
Name: 339, dtype: float64
timesteps                   2.234778e+07
wall_time                   1.559423e+05
num_episodes                6.193000e+04
max_episode_rewards         1.000000e+01
mean_episode_rewards        4.250000e+00
min_episode_rewards         0.000000e+00
max_episode_len             5.000000e+02
mean_episode_len            3.299750e+02
min_episode_len             0.000000e+00
mean_timeouts               0.000000e+00
val_max_episode_rewards     0.000000e+00
val_mean_episode_rewards    0.000000e+00
val_min_episode_rewards     0.000000e+00
val_max_episode_len         5.000000e+02
val_mean_episode_len        5.000000e+02
val_min_episode_len         0.000000e+00
val_mean_timeouts           0.000000e+00
Name: 340, dtype: float64
timesteps                   2.241331e+07
wall_time                   1.564186e+05
num_episodes                6.210000e+04
max_episode_rewards         1.000000e+01
mean_episode_rewards        2.750000e+00
min_episode_rewards         0.000000e+00
max_episode_len             5.000000e+02
mean_episode_len            3.896000e+02
min_episode_len             0.000000e+00
mean_timeouts               0.000000e+00
val_max_episode_rewards     1.000000e+01
val_mean_episode_rewards    5.000000e-01
val_min_episode_rewards     0.000000e+00
val_max_episode_len         5.000000e+02
val_mean_episode_len        4.859000e+02
val_min_episode_len         0.000000e+00
val_mean_timeouts           5.000000e-02
Name: 341, dtype: float64
timesteps                   2.247885e+07
wall_time                   1.568838e+05
num_episodes                6.230000e+04
max_episode_rewards         1.000000e+01
mean_episode_rewards        3.500000e+00
min_episode_rewards         0.000000e+00
max_episode_len             5.000000e+02
mean_episode_len            3.542750e+02
min_episode_len             0.000000e+00
mean_timeouts               0.000000e+00
val_max_episode_rewards     0.000000e+00
val_mean_episode_rewards    0.000000e+00
val_min_episode_rewards     0.000000e+00
val_max_episode_len         5.000000e+02
val_mean_episode_len        5.000000e+02
val_min_episode_len         0.000000e+00
val_mean_timeouts           0.000000e+00
Name: 342, dtype: float64
timesteps                   2.254438e+07
wall_time                   1.573286e+05
num_episodes                6.247700e+04
max_episode_rewards         1.000000e+01
mean_episode_rewards        4.250000e+00
min_episode_rewards         0.000000e+00
max_episode_len             5.000000e+02
mean_episode_len            3.202500e+02
min_episode_len             0.000000e+00
mean_timeouts               5.000000e-02
val_max_episode_rewards     1.000000e+01
val_mean_episode_rewards    7.500000e-01
val_min_episode_rewards     0.000000e+00
val_max_episode_len         5.000000e+02
val_mean_episode_len        4.696500e+02
val_min_episode_len         0.000000e+00
val_mean_timeouts           0.000000e+00
Name: 343, dtype: float64
timesteps                   2.260992e+07
wall_time                   1.577845e+05
num_episodes                6.268000e+04
max_episode_rewards         1.000000e+01
mean_episode_rewards        4.250000e+00
min_episode_rewards         0.000000e+00
max_episode_len             5.000000e+02
mean_episode_len            3.161000e+02
min_episode_len             0.000000e+00
mean_timeouts               0.000000e+00
val_max_episode_rewards     1.000000e+01
val_mean_episode_rewards    2.500000e-01
val_min_episode_rewards     0.000000e+00
val_max_episode_len         5.000000e+02
val_mean_episode_len        4.961500e+02
val_min_episode_len         0.000000e+00
val_mean_timeouts           0.000000e+00
Name: 344, dtype: float64
timesteps                   2.267546e+07
wall_time                   1.582493e+05
num_episodes                6.285800e+04
max_episode_rewards         1.000000e+01
mean_episode_rewards        3.500000e+00
min_episode_rewards         0.000000e+00
max_episode_len             5.000000e+02
mean_episode_len            3.535250e+02
min_episode_len             0.000000e+00
mean_timeouts               2.500000e-02
val_max_episode_rewards     1.000000e+01
val_mean_episode_rewards    5.000000e-01
val_min_episode_rewards     0.000000e+00
val_max_episode_len         5.000000e+02
val_mean_episode_len        4.756000e+02
val_min_episode_len         0.000000e+00
val_mean_timeouts           0.000000e+00
Name: 345, dtype: float64
timesteps                   2.274099e+07
wall_time                   1.587081e+05
num_episodes                6.304600e+04
max_episode_rewards         1.000000e+01
mean_episode_rewards        3.750000e+00
min_episode_rewards         0.000000e+00
max_episode_len             5.000000e+02
mean_episode_len            3.499500e+02
min_episode_len             0.000000e+00
mean_timeouts               0.000000e+00
val_max_episode_rewards     1.000000e+01
val_mean_episode_rewards    5.000000e-01
val_min_episode_rewards     0.000000e+00
val_max_episode_len         5.000000e+02
val_mean_episode_len        4.776500e+02
val_min_episode_len         0.000000e+00
val_mean_timeouts           0.000000e+00
Name: 346, dtype: float64
timesteps                   2.280653e+07
wall_time                   1.591719e+05
num_episodes                6.322400e+04
max_episode_rewards         1.000000e+01
mean_episode_rewards        3.500000e+00
min_episode_rewards         0.000000e+00
max_episode_len             5.000000e+02
mean_episode_len            3.459750e+02
min_episode_len             0.000000e+00
mean_timeouts               0.000000e+00
val_max_episode_rewards     1.000000e+01
val_mean_episode_rewards    5.000000e-01
val_min_episode_rewards     0.000000e+00
val_max_episode_len         5.000000e+02
val_mean_episode_len        4.844000e+02
val_min_episode_len         0.000000e+00
val_mean_timeouts           0.000000e+00
Name: 347, dtype: float64
timesteps                   2.287206e+07
wall_time                   1.596360e+05
num_episodes                6.341200e+04
max_episode_rewards         1.000000e+01
mean_episode_rewards        3.250000e+00
min_episode_rewards         0.000000e+00
max_episode_len             5.000000e+02
mean_episode_len            3.653250e+02
min_episode_len             0.000000e+00
mean_timeouts               0.000000e+00
val_max_episode_rewards     1.000000e+01
val_mean_episode_rewards    5.000000e-01
val_min_episode_rewards     0.000000e+00
val_max_episode_len         5.000000e+02
val_mean_episode_len        4.931750e+02
val_min_episode_len         0.000000e+00
val_mean_timeouts           0.000000e+00
Name: 348, dtype: float64
timesteps                   2.293760e+07
wall_time                   1.600885e+05
num_episodes                6.358900e+04
max_episode_rewards         1.000000e+01
mean_episode_rewards        4.250000e+00
min_episode_rewards         0.000000e+00
max_episode_len             5.000000e+02
mean_episode_len            3.281000e+02
min_episode_len             0.000000e+00
mean_timeouts               0.000000e+00
val_max_episode_rewards     1.000000e+01
val_mean_episode_rewards    7.500000e-01
val_min_episode_rewards     0.000000e+00
val_max_episode_len         5.000000e+02
val_mean_episode_len        4.789750e+02
val_min_episode_len         0.000000e+00
val_mean_timeouts           0.000000e+00
Name: 349, dtype: float64
timesteps                   2.300314e+07
wall_time                   1.605637e+05
num_episodes                6.377300e+04
max_episode_rewards         1.000000e+01
mean_episode_rewards        4.000000e+00
min_episode_rewards         0.000000e+00
max_episode_len             5.000000e+02
mean_episode_len            3.416250e+02
min_episode_len             0.000000e+00
mean_timeouts               0.000000e+00
val_max_episode_rewards     1.000000e+01
val_mean_episode_rewards    2.500000e-01
val_min_episode_rewards     0.000000e+00
val_max_episode_len         5.000000e+02
val_mean_episode_len        4.875250e+02
val_min_episode_len         0.000000e+00
val_mean_timeouts           0.000000e+00
Name: 350, dtype: float64
timesteps                   2.306867e+07
wall_time                   1.610246e+05
num_episodes                6.395500e+04
max_episode_rewards         1.000000e+01
mean_episode_rewards        4.250000e+00
min_episode_rewards         0.000000e+00
max_episode_len             5.000000e+02
mean_episode_len            3.461750e+02
min_episode_len             0.000000e+00
mean_timeouts               0.000000e+00
val_max_episode_rewards     1.000000e+01
val_mean_episode_rewards    5.000000e-01
val_min_episode_rewards     0.000000e+00
val_max_episode_len         5.000000e+02
val_mean_episode_len        4.812750e+02
val_min_episode_len         0.000000e+00
val_mean_timeouts           0.000000e+00
Name: 351, dtype: float64
timesteps                   2.313421e+07
wall_time                   1.614685e+05
num_episodes                6.413800e+04
max_episode_rewards         1.000000e+01
mean_episode_rewards        4.000000e+00
min_episode_rewards         0.000000e+00
max_episode_len             5.000000e+02
mean_episode_len            3.385500e+02
min_episode_len             0.000000e+00
mean_timeouts               0.000000e+00
val_max_episode_rewards     1.000000e+01
val_mean_episode_rewards    1.250000e+00
val_min_episode_rewards     0.000000e+00
val_max_episode_len         5.000000e+02
val_mean_episode_len        4.527750e+02
val_min_episode_len         0.000000e+00
val_mean_timeouts           0.000000e+00
Name: 352, dtype: float64
timesteps                   2.319974e+07
wall_time                   1.619058e+05
num_episodes                6.430500e+04
max_episode_rewards         1.000000e+01
mean_episode_rewards        4.250000e+00
min_episode_rewards         0.000000e+00
max_episode_len             5.000000e+02
mean_episode_len            3.298250e+02
min_episode_len             0.000000e+00
mean_timeouts               2.500000e-02
val_max_episode_rewards     1.000000e+01
val_mean_episode_rewards    5.000000e-01
val_min_episode_rewards     0.000000e+00
val_max_episode_len         5.000000e+02
val_mean_episode_len        4.863500e+02
val_min_episode_len         0.000000e+00
val_mean_timeouts           0.000000e+00
Name: 353, dtype: float64
timesteps                   2.326528e+07
wall_time                   1.623505e+05
num_episodes                6.449900e+04
max_episode_rewards         1.000000e+01
mean_episode_rewards        3.500000e+00
min_episode_rewards         0.000000e+00
max_episode_len             5.000000e+02
mean_episode_len            3.516500e+02
min_episode_len             0.000000e+00
mean_timeouts               2.500000e-02
val_max_episode_rewards     1.000000e+01
val_mean_episode_rewards    1.000000e+00
val_min_episode_rewards     0.000000e+00
val_max_episode_len         5.000000e+02
val_mean_episode_len        4.577250e+02
val_min_episode_len         0.000000e+00
val_mean_timeouts           0.000000e+00
Name: 354, dtype: float64
timesteps                   2.333082e+07
wall_time                   1.628021e+05
num_episodes                6.468100e+04
max_episode_rewards         1.000000e+01
mean_episode_rewards        4.750000e+00
min_episode_rewards         0.000000e+00
max_episode_len             5.000000e+02
mean_episode_len            2.866500e+02
min_episode_len             0.000000e+00
mean_timeouts               0.000000e+00
val_max_episode_rewards     1.000000e+01
val_mean_episode_rewards    5.000000e-01
val_min_episode_rewards     0.000000e+00
val_max_episode_len         5.000000e+02
val_mean_episode_len        4.888000e+02
val_min_episode_len         0.000000e+00
val_mean_timeouts           0.000000e+00
Name: 355, dtype: float64
timesteps                   2.339635e+07
wall_time                   1.632611e+05
num_episodes                6.485100e+04
max_episode_rewards         1.000000e+01
mean_episode_rewards        3.250000e+00
min_episode_rewards         0.000000e+00
max_episode_len             5.000000e+02
mean_episode_len            3.549500e+02
min_episode_len             0.000000e+00
mean_timeouts               0.000000e+00
val_max_episode_rewards     1.000000e+01
val_mean_episode_rewards    5.000000e-01
val_min_episode_rewards     0.000000e+00
val_max_episode_len         5.000000e+02
val_mean_episode_len        4.753000e+02
val_min_episode_len         0.000000e+00
val_mean_timeouts           0.000000e+00
Name: 356, dtype: float64
timesteps                   2.346189e+07
wall_time                   1.637104e+05
num_episodes                6.503100e+04
max_episode_rewards         1.000000e+01
mean_episode_rewards        3.250000e+00
min_episode_rewards         0.000000e+00
max_episode_len             5.000000e+02
mean_episode_len            3.658000e+02
min_episode_len             0.000000e+00
mean_timeouts               2.500000e-02
val_max_episode_rewards     1.000000e+01
val_mean_episode_rewards    2.500000e-01
val_min_episode_rewards     0.000000e+00
val_max_episode_len         5.000000e+02
val_mean_episode_len        4.997500e+02
val_min_episode_len         0.000000e+00
val_mean_timeouts           0.000000e+00
Name: 357, dtype: float64
timesteps                   2.352742e+07
wall_time                   1.641787e+05
num_episodes                6.520000e+04
max_episode_rewards         1.000000e+01
mean_episode_rewards        3.000000e+00
min_episode_rewards         0.000000e+00
max_episode_len             5.000000e+02
mean_episode_len            3.961000e+02
min_episode_len             0.000000e+00
mean_timeouts               0.000000e+00
val_max_episode_rewards     1.000000e+01
val_mean_episode_rewards    7.500000e-01
val_min_episode_rewards     0.000000e+00
val_max_episode_len         5.000000e+02
val_mean_episode_len        4.736500e+02
val_min_episode_len         0.000000e+00
val_mean_timeouts           0.000000e+00
Name: 358, dtype: float64
timesteps                   2.359296e+07
wall_time                   1.646528e+05
num_episodes                6.538000e+04
max_episode_rewards         1.000000e+01
mean_episode_rewards        3.750000e+00
min_episode_rewards         0.000000e+00
max_episode_len             5.000000e+02
mean_episode_len            3.430000e+02
min_episode_len             0.000000e+00
mean_timeouts               0.000000e+00
val_max_episode_rewards     1.000000e+01
val_mean_episode_rewards    2.500000e-01
val_min_episode_rewards     0.000000e+00
val_max_episode_len         5.000000e+02
val_mean_episode_len        4.948000e+02
val_min_episode_len         0.000000e+00
val_mean_timeouts           0.000000e+00
Name: 359, dtype: float64
timesteps                   2.365850e+07
wall_time                   1.651165e+05
num_episodes                6.555100e+04
max_episode_rewards         1.000000e+01
mean_episode_rewards        3.250000e+00
min_episode_rewards         0.000000e+00
max_episode_len             5.000000e+02
mean_episode_len            3.681750e+02
min_episode_len             0.000000e+00
mean_timeouts               0.000000e+00
val_max_episode_rewards     1.000000e+01
val_mean_episode_rewards    2.500000e-01
val_min_episode_rewards     0.000000e+00
val_max_episode_len         5.000000e+02
val_mean_episode_len        4.954750e+02
val_min_episode_len         0.000000e+00
val_mean_timeouts           0.000000e+00
Name: 360, dtype: float64
timesteps                   2.372403e+07
wall_time                   1.655871e+05
num_episodes                6.574300e+04
max_episode_rewards         1.000000e+01
mean_episode_rewards        3.750000e+00
min_episode_rewards         0.000000e+00
max_episode_len             5.000000e+02
mean_episode_len            3.560250e+02
min_episode_len             0.000000e+00
mean_timeouts               0.000000e+00
val_max_episode_rewards     1.000000e+01
val_mean_episode_rewards    2.500000e-01
val_min_episode_rewards     0.000000e+00
val_max_episode_len         5.000000e+02
val_mean_episode_len        4.901500e+02
val_min_episode_len         0.000000e+00
val_mean_timeouts           0.000000e+00
Name: 361, dtype: float64
timesteps                   2.378957e+07
wall_time                   1.660400e+05
num_episodes                6.593200e+04
max_episode_rewards         1.000000e+01
mean_episode_rewards        5.000000e+00
min_episode_rewards         0.000000e+00
max_episode_len             5.000000e+02
mean_episode_len            3.045000e+02
min_episode_len             0.000000e+00
mean_timeouts               0.000000e+00
val_max_episode_rewards     0.000000e+00
val_mean_episode_rewards    0.000000e+00
val_min_episode_rewards     0.000000e+00
val_max_episode_len         5.000000e+02
val_mean_episode_len        5.000000e+02
val_min_episode_len         0.000000e+00
val_mean_timeouts           0.000000e+00
Name: 362, dtype: float64
timesteps                   2.385510e+07
wall_time                   1.664868e+05
num_episodes                6.609800e+04
max_episode_rewards         1.000000e+01
mean_episode_rewards        4.000000e+00
min_episode_rewards         0.000000e+00
max_episode_len             5.000000e+02
mean_episode_len            3.432000e+02
min_episode_len             0.000000e+00
mean_timeouts               2.500000e-02
val_max_episode_rewards     1.000000e+01
val_mean_episode_rewards    7.500000e-01
val_min_episode_rewards     0.000000e+00
val_max_episode_len         5.000000e+02
val_mean_episode_len        4.908500e+02
val_min_episode_len         0.000000e+00
val_mean_timeouts           0.000000e+00
Name: 363, dtype: float64
timesteps                   2.392064e+07
wall_time                   1.669430e+05
num_episodes                6.629700e+04
max_episode_rewards         1.000000e+01
mean_episode_rewards        4.000000e+00
min_episode_rewards         0.000000e+00
max_episode_len             5.000000e+02
mean_episode_len            3.355250e+02
min_episode_len             0.000000e+00
mean_timeouts               0.000000e+00
val_max_episode_rewards     0.000000e+00
val_mean_episode_rewards    0.000000e+00
val_min_episode_rewards     0.000000e+00
val_max_episode_len         5.000000e+02
val_mean_episode_len        5.000000e+02
val_min_episode_len         0.000000e+00
val_mean_timeouts           0.000000e+00
Name: 364, dtype: float64
timesteps                   2.398618e+07
wall_time                   1.674050e+05
num_episodes                6.648400e+04
max_episode_rewards         1.000000e+01
mean_episode_rewards        3.250000e+00
min_episode_rewards         0.000000e+00
max_episode_len             5.000000e+02
mean_episode_len            3.707500e+02
min_episode_len             0.000000e+00
mean_timeouts               0.000000e+00
val_max_episode_rewards     1.000000e+01
val_mean_episode_rewards    7.500000e-01
val_min_episode_rewards     0.000000e+00
val_max_episode_len         5.000000e+02
val_mean_episode_len        4.727500e+02
val_min_episode_len         0.000000e+00
val_mean_timeouts           0.000000e+00
Name: 365, dtype: float64
timesteps                   2.405171e+07
wall_time                   1.678714e+05
num_episodes                6.665100e+04
max_episode_rewards         1.000000e+01
mean_episode_rewards        3.500000e+00
min_episode_rewards         0.000000e+00
max_episode_len             5.000000e+02
mean_episode_len            3.501000e+02
min_episode_len             0.000000e+00
mean_timeouts               0.000000e+00
val_max_episode_rewards     1.000000e+01
val_mean_episode_rewards    5.000000e-01
val_min_episode_rewards     0.000000e+00
val_max_episode_len         5.000000e+02
val_mean_episode_len        4.822500e+02
val_min_episode_len         0.000000e+00
val_mean_timeouts           0.000000e+00
Name: 366, dtype: float64
timesteps                   2.411725e+07
wall_time                   1.683356e+05
num_episodes                6.682200e+04
max_episode_rewards         1.000000e+01
mean_episode_rewards        3.250000e+00
min_episode_rewards         0.000000e+00
max_episode_len             5.000000e+02
mean_episode_len            3.637750e+02
min_episode_len             0.000000e+00
mean_timeouts               0.000000e+00
val_max_episode_rewards     1.000000e+01
val_mean_episode_rewards    5.000000e-01
val_min_episode_rewards     0.000000e+00
val_max_episode_len         5.000000e+02
val_mean_episode_len        4.880000e+02
val_min_episode_len         0.000000e+00
val_mean_timeouts           0.000000e+00
Name: 367, dtype: float64
timesteps                   2.418278e+07
wall_time                   1.687913e+05
num_episodes                6.699600e+04
max_episode_rewards         1.000000e+01
mean_episode_rewards        2.750000e+00
min_episode_rewards         0.000000e+00
max_episode_len             5.000000e+02
mean_episode_len            3.817250e+02
min_episode_len             0.000000e+00
mean_timeouts               2.500000e-02
val_max_episode_rewards     1.000000e+01
val_mean_episode_rewards    1.500000e+00
val_min_episode_rewards     0.000000e+00
val_max_episode_len         5.000000e+02
val_mean_episode_len        4.546750e+02
val_min_episode_len         0.000000e+00
val_mean_timeouts           0.000000e+00
Name: 368, dtype: float64
timesteps                   2.424832e+07
wall_time                   1.692473e+05
num_episodes                6.716200e+04
max_episode_rewards         1.000000e+01
mean_episode_rewards        1.750000e+00
min_episode_rewards         0.000000e+00
max_episode_len             5.000000e+02
mean_episode_len            4.396000e+02
min_episode_len             0.000000e+00
mean_timeouts               0.000000e+00
val_max_episode_rewards     1.000000e+01
val_mean_episode_rewards    5.000000e-01
val_min_episode_rewards     0.000000e+00
val_max_episode_len         5.000000e+02
val_mean_episode_len        4.908750e+02
val_min_episode_len         0.000000e+00
val_mean_timeouts           0.000000e+00
Name: 369, dtype: float64
timesteps                   2.431386e+07
wall_time                   1.697232e+05
num_episodes                6.734700e+04
max_episode_rewards         1.000000e+01
mean_episode_rewards        3.750000e+00
min_episode_rewards         0.000000e+00
max_episode_len             5.000000e+02
mean_episode_len            3.350250e+02
min_episode_len             0.000000e+00
mean_timeouts               0.000000e+00
val_max_episode_rewards     1.000000e+01
val_mean_episode_rewards    2.500000e-01
val_min_episode_rewards     0.000000e+00
val_max_episode_len         5.000000e+02
val_mean_episode_len        4.878250e+02
val_min_episode_len         0.000000e+00
val_mean_timeouts           0.000000e+00
Name: 370, dtype: float64
timesteps                   2.437939e+07
wall_time                   1.702004e+05
num_episodes                6.751500e+04
max_episode_rewards         1.000000e+01
mean_episode_rewards        3.250000e+00
min_episode_rewards         0.000000e+00
max_episode_len             5.000000e+02
mean_episode_len            3.681750e+02
min_episode_len             0.000000e+00
mean_timeouts               0.000000e+00
val_max_episode_rewards     1.000000e+01
val_mean_episode_rewards    2.500000e-01
val_min_episode_rewards     0.000000e+00
val_max_episode_len         5.000000e+02
val_mean_episode_len        4.888000e+02
val_min_episode_len         0.000000e+00
val_mean_timeouts           0.000000e+00
Name: 371, dtype: float64
timesteps                   2.444493e+07
wall_time                   1.706670e+05
num_episodes                6.769300e+04
max_episode_rewards         1.000000e+01
mean_episode_rewards        2.000000e+00
min_episode_rewards         0.000000e+00
max_episode_len             5.000000e+02
mean_episode_len            4.192250e+02
min_episode_len             0.000000e+00
mean_timeouts               0.000000e+00
val_max_episode_rewards     1.000000e+01
val_mean_episode_rewards    7.500000e-01
val_min_episode_rewards     0.000000e+00
val_max_episode_len         5.000000e+02
val_mean_episode_len        4.805000e+02
val_min_episode_len         0.000000e+00
val_mean_timeouts           0.000000e+00
Name: 372, dtype: float64
timesteps                   2.451046e+07
wall_time                   1.711400e+05
num_episodes                6.787000e+04
max_episode_rewards         1.000000e+01
mean_episode_rewards        3.750000e+00
min_episode_rewards         0.000000e+00
max_episode_len             5.000000e+02
mean_episode_len            3.564250e+02
min_episode_len             0.000000e+00
mean_timeouts               0.000000e+00
val_max_episode_rewards     0.000000e+00
val_mean_episode_rewards    0.000000e+00
val_min_episode_rewards     0.000000e+00
val_max_episode_len         5.000000e+02
val_mean_episode_len        5.000000e+02
val_min_episode_len         0.000000e+00
val_mean_timeouts           0.000000e+00
Name: 373, dtype: float64
timesteps                   2.457600e+07
wall_time                   1.716063e+05
num_episodes                6.805400e+04
max_episode_rewards         1.000000e+01
mean_episode_rewards        3.750000e+00
min_episode_rewards         0.000000e+00
max_episode_len             5.000000e+02
mean_episode_len            3.670250e+02
min_episode_len             0.000000e+00
mean_timeouts               0.000000e+00
val_max_episode_rewards     0.000000e+00
val_mean_episode_rewards    0.000000e+00
val_min_episode_rewards     0.000000e+00
val_max_episode_len         5.000000e+02
val_mean_episode_len        5.000000e+02
val_min_episode_len         0.000000e+00
val_mean_timeouts           0.000000e+00
Name: 374, dtype: float64
timesteps                   2.464154e+07
wall_time                   1.720539e+05
num_episodes                6.822600e+04
max_episode_rewards         1.000000e+01
mean_episode_rewards        4.750000e+00
min_episode_rewards         0.000000e+00
max_episode_len             5.000000e+02
mean_episode_len            3.085250e+02
min_episode_len             0.000000e+00
mean_timeouts               0.000000e+00
val_max_episode_rewards     1.000000e+01
val_mean_episode_rewards    2.500000e-01
val_min_episode_rewards     0.000000e+00
val_max_episode_len         5.000000e+02
val_mean_episode_len        4.982250e+02
val_min_episode_len         0.000000e+00
val_mean_timeouts           2.500000e-02
Name: 375, dtype: float64
timesteps                   2.470707e+07
wall_time                   1.725020e+05
num_episodes                6.840900e+04
max_episode_rewards         1.000000e+01
mean_episode_rewards        3.500000e+00
min_episode_rewards         0.000000e+00
max_episode_len             5.000000e+02
mean_episode_len            3.601250e+02
min_episode_len             0.000000e+00
mean_timeouts               0.000000e+00
val_max_episode_rewards     1.000000e+01
val_mean_episode_rewards    1.000000e+00
val_min_episode_rewards     0.000000e+00
val_max_episode_len         5.000000e+02
val_mean_episode_len        4.608500e+02
val_min_episode_len         0.000000e+00
val_mean_timeouts           0.000000e+00
Name: 376, dtype: float64
timesteps                   2.477261e+07
wall_time                   1.729651e+05
num_episodes                6.858200e+04
max_episode_rewards         1.000000e+01
mean_episode_rewards        3.750000e+00
min_episode_rewards         0.000000e+00
max_episode_len             5.000000e+02
mean_episode_len            3.846500e+02
min_episode_len             0.000000e+00
mean_timeouts               2.500000e-02
val_max_episode_rewards     1.000000e+01
val_mean_episode_rewards    5.000000e-01
val_min_episode_rewards     0.000000e+00
val_max_episode_len         5.000000e+02
val_mean_episode_len        4.779750e+02
val_min_episode_len         0.000000e+00
val_mean_timeouts           0.000000e+00
Name: 377, dtype: float64
timesteps                   2.483814e+07
wall_time                   1.734382e+05
num_episodes                6.878300e+04
max_episode_rewards         1.000000e+01
mean_episode_rewards        5.750000e+00
min_episode_rewards         0.000000e+00
max_episode_len             5.000000e+02
mean_episode_len            2.614750e+02
min_episode_len             0.000000e+00
mean_timeouts               0.000000e+00
val_max_episode_rewards     0.000000e+00
val_mean_episode_rewards    0.000000e+00
val_min_episode_rewards     0.000000e+00
val_max_episode_len         5.000000e+02
val_mean_episode_len        5.000000e+02
val_min_episode_len         0.000000e+00
val_mean_timeouts           0.000000e+00
Name: 378, dtype: float64
timesteps                   2.490368e+07
wall_time                   1.739119e+05
num_episodes                6.894900e+04
max_episode_rewards         1.000000e+01
mean_episode_rewards        3.500000e+00
min_episode_rewards         0.000000e+00
max_episode_len             5.000000e+02
mean_episode_len            3.701250e+02
min_episode_len             0.000000e+00
mean_timeouts               0.000000e+00
val_max_episode_rewards     1.000000e+01
val_mean_episode_rewards    2.500000e-01
val_min_episode_rewards     0.000000e+00
val_max_episode_len         5.000000e+02
val_mean_episode_len        4.885000e+02
val_min_episode_len         0.000000e+00
val_mean_timeouts           0.000000e+00
Name: 379, dtype: float64
timesteps                   2.496922e+07
wall_time                   1.743822e+05
num_episodes                6.912400e+04
max_episode_rewards         1.000000e+01
mean_episode_rewards        4.750000e+00
min_episode_rewards         0.000000e+00
max_episode_len             5.000000e+02
mean_episode_len            2.976750e+02
min_episode_len             0.000000e+00
mean_timeouts               0.000000e+00
val_max_episode_rewards     1.000000e+01
val_mean_episode_rewards    2.500000e-01
val_min_episode_rewards     0.000000e+00
val_max_episode_len         5.000000e+02
val_mean_episode_len        4.876000e+02
val_min_episode_len         0.000000e+00
val_mean_timeouts           0.000000e+00
Name: 380, dtype: float64
timesteps                   2.503475e+07
wall_time                   1.748497e+05
num_episodes                6.930200e+04
max_episode_rewards         1.000000e+01
mean_episode_rewards        3.000000e+00
min_episode_rewards         0.000000e+00
max_episode_len             5.000000e+02
mean_episode_len            3.763500e+02
min_episode_len             0.000000e+00
mean_timeouts               0.000000e+00
val_max_episode_rewards     1.000000e+01
val_mean_episode_rewards    7.500000e-01
val_min_episode_rewards     0.000000e+00
val_max_episode_len         5.000000e+02
val_mean_episode_len        4.708000e+02
val_min_episode_len         0.000000e+00
val_mean_timeouts           0.000000e+00
Name: 381, dtype: float64
Saving model at timestep 25034753
timesteps                   2.510029e+07
wall_time                   1.753208e+05
num_episodes                6.948600e+04
max_episode_rewards         1.000000e+01
mean_episode_rewards        2.500000e+00
min_episode_rewards         0.000000e+00
max_episode_len             5.000000e+02
mean_episode_len            4.011750e+02
min_episode_len             0.000000e+00
mean_timeouts               0.000000e+00
val_max_episode_rewards     1.000000e+01
val_mean_episode_rewards    5.000000e-01
val_min_episode_rewards     0.000000e+00
val_max_episode_len         5.000000e+02
val_mean_episode_len        4.750750e+02
val_min_episode_len         0.000000e+00
val_mean_timeouts           0.000000e+00
Name: 382, dtype: float64
timesteps                   2.516582e+07
wall_time                   1.757708e+05
num_episodes                6.966800e+04
max_episode_rewards         1.000000e+01
mean_episode_rewards        3.000000e+00
min_episode_rewards         0.000000e+00
max_episode_len             5.000000e+02
mean_episode_len            3.932750e+02
min_episode_len             0.000000e+00
mean_timeouts               0.000000e+00
val_max_episode_rewards     1.000000e+01
val_mean_episode_rewards    2.500000e-01
val_min_episode_rewards     0.000000e+00
val_max_episode_len         5.000000e+02
val_mean_episode_len        4.875250e+02
val_min_episode_len         0.000000e+00
val_mean_timeouts           0.000000e+00
Name: 383, dtype: float64
timesteps                   2.523136e+07
wall_time                   1.762131e+05
num_episodes                6.985600e+04
max_episode_rewards         1.000000e+01
mean_episode_rewards        3.500000e+00
min_episode_rewards         0.000000e+00
max_episode_len             5.000000e+02
mean_episode_len            3.658750e+02
min_episode_len             0.000000e+00
mean_timeouts               0.000000e+00
val_max_episode_rewards     1.000000e+01
val_mean_episode_rewards    1.000000e+00
val_min_episode_rewards     0.000000e+00
val_max_episode_len         5.000000e+02
val_mean_episode_len        4.590750e+02
val_min_episode_len         0.000000e+00
val_mean_timeouts           0.000000e+00
Name: 384, dtype: float64
timesteps                   2.529690e+07
wall_time                   1.766744e+05
num_episodes                7.002400e+04
max_episode_rewards         1.000000e+01
mean_episode_rewards        2.000000e+00
min_episode_rewards         0.000000e+00
max_episode_len             5.000000e+02
mean_episode_len            4.437000e+02
min_episode_len             0.000000e+00
mean_timeouts               2.500000e-02
val_max_episode_rewards     1.000000e+01
val_mean_episode_rewards    1.000000e+00
val_min_episode_rewards     0.000000e+00
val_max_episode_len         5.000000e+02
val_mean_episode_len        4.693750e+02
val_min_episode_len         0.000000e+00
val_mean_timeouts           0.000000e+00
Name: 385, dtype: float64
timesteps                   2.536243e+07
wall_time                   1.771318e+05
num_episodes                7.019600e+04
max_episode_rewards         1.000000e+01
mean_episode_rewards        3.750000e+00
min_episode_rewards         0.000000e+00
max_episode_len             5.000000e+02
mean_episode_len            3.393500e+02
min_episode_len             0.000000e+00
mean_timeouts               0.000000e+00
val_max_episode_rewards     1.000000e+01
val_mean_episode_rewards    1.250000e+00
val_min_episode_rewards     0.000000e+00
val_max_episode_len         5.000000e+02
val_mean_episode_len        4.584250e+02
val_min_episode_len         0.000000e+00
val_mean_timeouts           0.000000e+00
Name: 386, dtype: float64
timesteps                   2.542797e+07
wall_time                   1.775803e+05
num_episodes                7.037000e+04
max_episode_rewards         1.000000e+01
mean_episode_rewards        3.750000e+00
min_episode_rewards         0.000000e+00
max_episode_len             5.000000e+02
mean_episode_len            3.566750e+02
min_episode_len             0.000000e+00
mean_timeouts               2.500000e-02
val_max_episode_rewards     1.000000e+01
val_mean_episode_rewards    2.500000e-01
val_min_episode_rewards     0.000000e+00
val_max_episode_len         5.000000e+02
val_mean_episode_len        4.875250e+02
val_min_episode_len         0.000000e+00
val_mean_timeouts           0.000000e+00
Name: 387, dtype: float64
timesteps                   2.549350e+07
wall_time                   1.780275e+05
num_episodes                7.054000e+04
max_episode_rewards         1.000000e+01
mean_episode_rewards        3.500000e+00
min_episode_rewards         0.000000e+00
max_episode_len             5.000000e+02
mean_episode_len            3.596750e+02
min_episode_len             0.000000e+00
mean_timeouts               2.500000e-02
val_max_episode_rewards     1.000000e+01
val_mean_episode_rewards    2.500000e-01
val_min_episode_rewards     0.000000e+00
val_max_episode_len         5.000000e+02
val_mean_episode_len        4.875500e+02
val_min_episode_len         0.000000e+00
val_mean_timeouts           2.500000e-02
Name: 388, dtype: float64
timesteps                   2.555904e+07
wall_time                   1.784814e+05
num_episodes                7.073100e+04
max_episode_rewards         1.000000e+01
mean_episode_rewards        4.250000e+00
min_episode_rewards         0.000000e+00
max_episode_len             5.000000e+02
mean_episode_len            3.319250e+02
min_episode_len             0.000000e+00
mean_timeouts               0.000000e+00
val_max_episode_rewards     0.000000e+00
val_mean_episode_rewards    0.000000e+00
val_min_episode_rewards     0.000000e+00
val_max_episode_len         5.000000e+02
val_mean_episode_len        5.000000e+02
val_min_episode_len         0.000000e+00
val_mean_timeouts           0.000000e+00
Name: 389, dtype: float64
timesteps                   2.562458e+07
wall_time                   1.789504e+05
num_episodes                7.091000e+04
max_episode_rewards         1.000000e+01
mean_episode_rewards        3.000000e+00
min_episode_rewards         0.000000e+00
max_episode_len             5.000000e+02
mean_episode_len            3.699000e+02
min_episode_len             0.000000e+00
mean_timeouts               0.000000e+00
val_max_episode_rewards     1.000000e+01
val_mean_episode_rewards    2.500000e-01
val_min_episode_rewards     0.000000e+00
val_max_episode_len         5.000000e+02
val_mean_episode_len        4.875500e+02
val_min_episode_len         0.000000e+00
val_mean_timeouts           0.000000e+00
Name: 390, dtype: float64
timesteps                   2.569011e+07
wall_time                   1.794077e+05
num_episodes                7.107500e+04
max_episode_rewards         1.000000e+01
mean_episode_rewards        3.500000e+00
min_episode_rewards         0.000000e+00
max_episode_len             5.000000e+02
mean_episode_len            3.728000e+02
min_episode_len             0.000000e+00
mean_timeouts               0.000000e+00
val_max_episode_rewards     1.000000e+01
val_mean_episode_rewards    2.500000e-01
val_min_episode_rewards     0.000000e+00
val_max_episode_len         5.000000e+02
val_mean_episode_len        4.970500e+02
val_min_episode_len         0.000000e+00
val_mean_timeouts           0.000000e+00
Name: 391, dtype: float64
timesteps                   2.575565e+07
wall_time                   1.798702e+05
num_episodes                7.125600e+04
max_episode_rewards         1.000000e+01
mean_episode_rewards        3.750000e+00
min_episode_rewards         0.000000e+00
max_episode_len             5.000000e+02
mean_episode_len            3.613500e+02
min_episode_len             0.000000e+00
mean_timeouts               0.000000e+00
val_max_episode_rewards     1.000000e+01
val_mean_episode_rewards    2.500000e-01
val_min_episode_rewards     0.000000e+00
val_max_episode_len         5.000000e+02
val_mean_episode_len        4.875500e+02
val_min_episode_len         0.000000e+00
val_mean_timeouts           0.000000e+00
Name: 392, dtype: float64
timesteps                   2.582118e+07
wall_time                   1.803445e+05
num_episodes                7.142500e+04
max_episode_rewards         1.000000e+01
mean_episode_rewards        2.500000e+00
min_episode_rewards         0.000000e+00
max_episode_len             5.000000e+02
mean_episode_len            3.960500e+02
min_episode_len             0.000000e+00
mean_timeouts               0.000000e+00
val_max_episode_rewards     1.000000e+01
val_mean_episode_rewards    5.000000e-01
val_min_episode_rewards     0.000000e+00
val_max_episode_len         5.000000e+02
val_mean_episode_len        4.792750e+02
val_min_episode_len         0.000000e+00
val_mean_timeouts           0.000000e+00
Name: 393, dtype: float64
timesteps                   2.588672e+07
wall_time                   1.808088e+05
num_episodes                7.160100e+04
max_episode_rewards         1.000000e+01
mean_episode_rewards        4.000000e+00
min_episode_rewards         0.000000e+00
max_episode_len             5.000000e+02
mean_episode_len            3.259250e+02
min_episode_len             0.000000e+00
mean_timeouts               0.000000e+00
val_max_episode_rewards     1.000000e+01
val_mean_episode_rewards    5.000000e-01
val_min_episode_rewards     0.000000e+00
val_max_episode_len         5.000000e+02
val_mean_episode_len        4.929750e+02
val_min_episode_len         0.000000e+00
val_mean_timeouts           0.000000e+00
Name: 394, dtype: float64
timesteps                   2.595226e+07
wall_time                   1.812607e+05
num_episodes                7.177300e+04
max_episode_rewards         1.000000e+01
mean_episode_rewards        4.000000e+00
min_episode_rewards         0.000000e+00
max_episode_len             5.000000e+02
mean_episode_len            3.266500e+02
min_episode_len             0.000000e+00
mean_timeouts               0.000000e+00
val_max_episode_rewards     1.000000e+01
val_mean_episode_rewards    1.000000e+00
val_min_episode_rewards     0.000000e+00
val_max_episode_len         5.000000e+02
val_mean_episode_len        4.702500e+02
val_min_episode_len         0.000000e+00
val_mean_timeouts           0.000000e+00
Name: 395, dtype: float64
timesteps                   2.601779e+07
wall_time                   1.817123e+05
num_episodes                7.195500e+04
max_episode_rewards         1.000000e+01
mean_episode_rewards        3.250000e+00
min_episode_rewards         0.000000e+00
max_episode_len             5.000000e+02
mean_episode_len            3.656000e+02
min_episode_len             0.000000e+00
mean_timeouts               0.000000e+00
val_max_episode_rewards     1.000000e+01
val_mean_episode_rewards    5.000000e-01
val_min_episode_rewards     0.000000e+00
val_max_episode_len         5.000000e+02
val_mean_episode_len        4.822500e+02
val_min_episode_len         0.000000e+00
val_mean_timeouts           2.500000e-02
Name: 396, dtype: float64
timesteps                   2.608333e+07
wall_time                   1.821616e+05
num_episodes                7.215600e+04
max_episode_rewards         1.000000e+01
mean_episode_rewards        3.000000e+00
min_episode_rewards         0.000000e+00
max_episode_len             5.000000e+02
mean_episode_len            3.743000e+02
min_episode_len             0.000000e+00
mean_timeouts               0.000000e+00
val_max_episode_rewards     1.000000e+01
val_mean_episode_rewards    5.000000e-01
val_min_episode_rewards     0.000000e+00
val_max_episode_len         5.000000e+02
val_mean_episode_len        4.956500e+02
val_min_episode_len         0.000000e+00
val_mean_timeouts           0.000000e+00
Name: 397, dtype: float64
timesteps                   2.614886e+07
wall_time                   1.826149e+05
num_episodes                7.235000e+04
max_episode_rewards         1.000000e+01
mean_episode_rewards        3.250000e+00
min_episode_rewards         0.000000e+00
max_episode_len             5.000000e+02
mean_episode_len            3.489750e+02
min_episode_len             0.000000e+00
mean_timeouts               2.500000e-02
val_max_episode_rewards     1.000000e+01
val_mean_episode_rewards    2.500000e-01
val_min_episode_rewards     0.000000e+00
val_max_episode_len         5.000000e+02
val_mean_episode_len        4.875500e+02
val_min_episode_len         0.000000e+00
val_mean_timeouts           0.000000e+00
Name: 398, dtype: float64
timesteps                   2.621440e+07
wall_time                   1.830683e+05
num_episodes                7.252800e+04
max_episode_rewards         1.000000e+01
mean_episode_rewards        2.750000e+00
min_episode_rewards         0.000000e+00
max_episode_len             5.000000e+02
mean_episode_len            3.861750e+02
min_episode_len             0.000000e+00
mean_timeouts               0.000000e+00
val_max_episode_rewards     1.000000e+01
val_mean_episode_rewards    1.250000e+00
val_min_episode_rewards     0.000000e+00
val_max_episode_len         5.000000e+02
val_mean_episode_len        4.549250e+02
val_min_episode_len         0.000000e+00
val_mean_timeouts           2.500000e-02
Name: 399, dtype: float64
timesteps                   2.627994e+07
wall_time                   1.835158e+05
num_episodes                7.271600e+04
max_episode_rewards         1.000000e+01
mean_episode_rewards        4.250000e+00
min_episode_rewards         0.000000e+00
max_episode_len             5.000000e+02
mean_episode_len            3.245000e+02
min_episode_len             0.000000e+00
mean_timeouts               0.000000e+00
val_max_episode_rewards     1.000000e+01
val_mean_episode_rewards    5.000000e-01
val_min_episode_rewards     0.000000e+00
val_max_episode_len         5.000000e+02
val_mean_episode_len        4.846750e+02
val_min_episode_len         0.000000e+00
val_mean_timeouts           0.000000e+00
Name: 400, dtype: float64
timesteps                   2.634547e+07
wall_time                   1.839740e+05
num_episodes                7.287500e+04
max_episode_rewards         1.000000e+01
mean_episode_rewards        2.750000e+00
min_episode_rewards         0.000000e+00
max_episode_len             5.000000e+02
mean_episode_len            3.942000e+02
min_episode_len             0.000000e+00
mean_timeouts               2.500000e-02
val_max_episode_rewards     1.000000e+01
val_mean_episode_rewards    1.000000e+00
val_min_episode_rewards     0.000000e+00
val_max_episode_len         5.000000e+02
val_mean_episode_len        4.555750e+02
val_min_episode_len         0.000000e+00
val_mean_timeouts           0.000000e+00
Name: 401, dtype: float64
timesteps                   2.641101e+07
wall_time                   1.844434e+05
num_episodes                7.306500e+04
max_episode_rewards         1.000000e+01
mean_episode_rewards        3.750000e+00
min_episode_rewards         0.000000e+00
max_episode_len             5.000000e+02
mean_episode_len            3.601250e+02
min_episode_len             0.000000e+00
mean_timeouts               0.000000e+00
val_max_episode_rewards     1.000000e+01
val_mean_episode_rewards    7.500000e-01
val_min_episode_rewards     0.000000e+00
val_max_episode_len         5.000000e+02
val_mean_episode_len        4.751750e+02
val_min_episode_len         0.000000e+00
val_mean_timeouts           0.000000e+00
Name: 402, dtype: float64
timesteps                   2.647654e+07
wall_time                   1.848836e+05
num_episodes                7.326900e+04
max_episode_rewards         1.000000e+01
mean_episode_rewards        4.750000e+00
min_episode_rewards         0.000000e+00
max_episode_len             5.000000e+02
mean_episode_len            3.101750e+02
min_episode_len             0.000000e+00
mean_timeouts               0.000000e+00
val_max_episode_rewards     1.000000e+01
val_mean_episode_rewards    1.000000e+00
val_min_episode_rewards     0.000000e+00
val_max_episode_len         5.000000e+02
val_mean_episode_len        4.623750e+02
val_min_episode_len         0.000000e+00
val_mean_timeouts           2.500000e-02
Name: 403, dtype: float64
timesteps                   2.654208e+07
wall_time                   1.853325e+05
num_episodes                7.343300e+04
max_episode_rewards         1.000000e+01
mean_episode_rewards        3.000000e+00
min_episode_rewards         0.000000e+00
max_episode_len             5.000000e+02
mean_episode_len            3.714250e+02
min_episode_len             0.000000e+00
mean_timeouts               0.000000e+00
val_max_episode_rewards     1.000000e+01
val_mean_episode_rewards    7.500000e-01
val_min_episode_rewards     0.000000e+00
val_max_episode_len         5.000000e+02
val_mean_episode_len        4.627250e+02
val_min_episode_len         0.000000e+00
val_mean_timeouts           0.000000e+00
Name: 404, dtype: float64
timesteps                   2.660762e+07
wall_time                   1.857805e+05
num_episodes                7.362000e+04
max_episode_rewards         1.000000e+01
mean_episode_rewards        3.750000e+00
min_episode_rewards         0.000000e+00
max_episode_len             5.000000e+02
mean_episode_len            3.541000e+02
min_episode_len             0.000000e+00
mean_timeouts               0.000000e+00
val_max_episode_rewards     1.000000e+01
val_mean_episode_rewards    1.000000e+00
val_min_episode_rewards     0.000000e+00
val_max_episode_len         5.000000e+02
val_mean_episode_len        4.509000e+02
val_min_episode_len         0.000000e+00
val_mean_timeouts           0.000000e+00
Name: 405, dtype: float64
timesteps                   2.667315e+07
wall_time                   1.862524e+05
num_episodes                7.379800e+04
max_episode_rewards         1.000000e+01
mean_episode_rewards        4.500000e+00
min_episode_rewards         0.000000e+00
max_episode_len             5.000000e+02
mean_episode_len            3.151250e+02
min_episode_len             0.000000e+00
mean_timeouts               0.000000e+00
val_max_episode_rewards     1.000000e+01
val_mean_episode_rewards    7.500000e-01
val_min_episode_rewards     0.000000e+00
val_max_episode_len         5.000000e+02
val_mean_episode_len        4.627250e+02
val_min_episode_len         0.000000e+00
val_mean_timeouts           0.000000e+00
Name: 406, dtype: float64
timesteps                   2.673869e+07
wall_time                   1.867066e+05
num_episodes                7.400000e+04
max_episode_rewards         1.000000e+01
mean_episode_rewards        4.000000e+00
min_episode_rewards         0.000000e+00
max_episode_len             5.000000e+02
mean_episode_len            3.425250e+02
min_episode_len             0.000000e+00
mean_timeouts               0.000000e+00
val_max_episode_rewards     1.000000e+01
val_mean_episode_rewards    7.500000e-01
val_min_episode_rewards     0.000000e+00
val_max_episode_len         5.000000e+02
val_mean_episode_len        4.629250e+02
val_min_episode_len         0.000000e+00
val_mean_timeouts           0.000000e+00
Name: 407, dtype: float64
timesteps                   2.680422e+07
wall_time                   1.871508e+05
num_episodes                7.415800e+04
max_episode_rewards         1.000000e+01
mean_episode_rewards        5.000000e+00
min_episode_rewards         0.000000e+00
max_episode_len             5.000000e+02
mean_episode_len            3.153500e+02
min_episode_len             0.000000e+00
mean_timeouts               2.500000e-02
val_max_episode_rewards     1.000000e+01
val_mean_episode_rewards    1.000000e+00
val_min_episode_rewards     0.000000e+00
val_max_episode_len         5.000000e+02
val_mean_episode_len        4.643750e+02
val_min_episode_len         0.000000e+00
val_mean_timeouts           0.000000e+00
Name: 408, dtype: float64
timesteps                   2.686976e+07
wall_time                   1.875928e+05
num_episodes                7.436000e+04
max_episode_rewards         1.000000e+01
mean_episode_rewards        2.750000e+00
min_episode_rewards         0.000000e+00
max_episode_len             5.000000e+02
mean_episode_len            3.978500e+02
min_episode_len             0.000000e+00
mean_timeouts               0.000000e+00
val_max_episode_rewards     1.000000e+01
val_mean_episode_rewards    1.000000e+00
val_min_episode_rewards     0.000000e+00
val_max_episode_len         5.000000e+02
val_mean_episode_len        4.734250e+02
val_min_episode_len         0.000000e+00
val_mean_timeouts           0.000000e+00
Name: 409, dtype: float64
timesteps                   2.693530e+07
wall_time                   1.880411e+05
num_episodes                7.452200e+04
max_episode_rewards         1.000000e+01
mean_episode_rewards        4.000000e+00
min_episode_rewards         0.000000e+00
max_episode_len             5.000000e+02
mean_episode_len            3.591250e+02
min_episode_len             0.000000e+00
mean_timeouts               2.500000e-02
val_max_episode_rewards     1.000000e+01
val_mean_episode_rewards    1.250000e+00
val_min_episode_rewards     0.000000e+00
val_max_episode_len         5.000000e+02
val_mean_episode_len        4.574750e+02
val_min_episode_len         0.000000e+00
val_mean_timeouts           0.000000e+00
Name: 410, dtype: float64
timesteps                   2.700083e+07
wall_time                   1.885146e+05
num_episodes                7.471200e+04
max_episode_rewards         1.000000e+01
mean_episode_rewards        3.000000e+00
min_episode_rewards         0.000000e+00
max_episode_len             5.000000e+02
mean_episode_len            3.827250e+02
min_episode_len             0.000000e+00
mean_timeouts               0.000000e+00
val_max_episode_rewards     1.000000e+01
val_mean_episode_rewards    1.000000e+00
val_min_episode_rewards     0.000000e+00
val_max_episode_len         5.000000e+02
val_mean_episode_len        4.705000e+02
val_min_episode_len         0.000000e+00
val_mean_timeouts           0.000000e+00
Name: 411, dtype: float64
timesteps                   2.706637e+07
wall_time                   1.889835e+05
num_episodes                7.488800e+04
max_episode_rewards         1.000000e+01
mean_episode_rewards        3.000000e+00
min_episode_rewards         0.000000e+00
max_episode_len             5.000000e+02
mean_episode_len            3.873000e+02
min_episode_len             0.000000e+00
mean_timeouts               0.000000e+00
val_max_episode_rewards     1.000000e+01
val_mean_episode_rewards    5.000000e-01
val_min_episode_rewards     0.000000e+00
val_max_episode_len         5.000000e+02
val_mean_episode_len        4.753000e+02
val_min_episode_len         0.000000e+00
val_mean_timeouts           0.000000e+00
Name: 412, dtype: float64
timesteps                   2.713190e+07
wall_time                   1.894499e+05
num_episodes                7.508200e+04
max_episode_rewards         1.000000e+01
mean_episode_rewards        3.250000e+00
min_episode_rewards         0.000000e+00
max_episode_len             5.000000e+02
mean_episode_len            3.733000e+02
min_episode_len             0.000000e+00
mean_timeouts               0.000000e+00
val_max_episode_rewards     1.000000e+01
val_mean_episode_rewards    2.500000e-01
val_min_episode_rewards     0.000000e+00
val_max_episode_len         5.000000e+02
val_mean_episode_len        4.875250e+02
val_min_episode_len         0.000000e+00
val_mean_timeouts           0.000000e+00
Name: 413, dtype: float64
timesteps                   2.719744e+07
wall_time                   1.899085e+05
num_episodes                7.526900e+04
max_episode_rewards         1.000000e+01
mean_episode_rewards        5.250000e+00
min_episode_rewards         0.000000e+00
max_episode_len             5.000000e+02
mean_episode_len            2.635750e+02
min_episode_len             0.000000e+00
mean_timeouts               0.000000e+00
val_max_episode_rewards     1.000000e+01
val_mean_episode_rewards    7.500000e-01
val_min_episode_rewards     0.000000e+00
val_max_episode_len         5.000000e+02
val_mean_episode_len        4.644500e+02
val_min_episode_len         0.000000e+00
val_mean_timeouts           0.000000e+00
Name: 414, dtype: float64
timesteps                   2.726298e+07
wall_time                   1.903670e+05
num_episodes                7.543200e+04
max_episode_rewards         1.000000e+01
mean_episode_rewards        4.500000e+00
min_episode_rewards         0.000000e+00
max_episode_len             5.000000e+02
mean_episode_len            3.341250e+02
min_episode_len             0.000000e+00
mean_timeouts               0.000000e+00
val_max_episode_rewards     1.000000e+01
val_mean_episode_rewards    5.000000e-01
val_min_episode_rewards     0.000000e+00
val_max_episode_len         5.000000e+02
val_mean_episode_len        4.761750e+02
val_min_episode_len         0.000000e+00
val_mean_timeouts           0.000000e+00
Name: 415, dtype: float64
timesteps                   2.732851e+07
wall_time                   1.908295e+05
num_episodes                7.561800e+04
max_episode_rewards         1.000000e+01
mean_episode_rewards        3.250000e+00
min_episode_rewards         0.000000e+00
max_episode_len             5.000000e+02
mean_episode_len            3.779750e+02
min_episode_len             0.000000e+00
mean_timeouts               0.000000e+00
val_max_episode_rewards     1.000000e+01
val_mean_episode_rewards    7.500000e-01
val_min_episode_rewards     0.000000e+00
val_max_episode_len         5.000000e+02
val_mean_episode_len        4.886000e+02
val_min_episode_len         0.000000e+00
val_mean_timeouts           0.000000e+00
Name: 416, dtype: float64
timesteps                   2.739405e+07
wall_time                   1.912936e+05
num_episodes                7.581200e+04
max_episode_rewards         1.000000e+01
mean_episode_rewards        4.750000e+00
min_episode_rewards         0.000000e+00
max_episode_len             5.000000e+02
mean_episode_len            3.019000e+02
min_episode_len             0.000000e+00
mean_timeouts               0.000000e+00
val_max_episode_rewards     1.000000e+01
val_mean_episode_rewards    7.500000e-01
val_min_episode_rewards     0.000000e+00
val_max_episode_len         5.000000e+02
val_mean_episode_len        4.719750e+02
val_min_episode_len         0.000000e+00
val_mean_timeouts           0.000000e+00
Name: 417, dtype: float64
timesteps                   2.745958e+07
wall_time                   1.917518e+05
num_episodes                7.599600e+04
max_episode_rewards         1.000000e+01
mean_episode_rewards        2.250000e+00
min_episode_rewards         0.000000e+00
max_episode_len             5.000000e+02
mean_episode_len            4.379750e+02
min_episode_len             0.000000e+00
mean_timeouts               2.500000e-02
val_max_episode_rewards     1.000000e+01
val_mean_episode_rewards    5.000000e-01
val_min_episode_rewards     0.000000e+00
val_max_episode_len         5.000000e+02
val_mean_episode_len        4.819750e+02
val_min_episode_len         0.000000e+00
val_mean_timeouts           0.000000e+00
Name: 418, dtype: float64
timesteps                   2.752512e+07
wall_time                   1.922192e+05
num_episodes                7.618000e+04
max_episode_rewards         1.000000e+01
mean_episode_rewards        3.250000e+00
min_episode_rewards         0.000000e+00
max_episode_len             5.000000e+02
mean_episode_len            3.623500e+02
min_episode_len             0.000000e+00
mean_timeouts               0.000000e+00
val_max_episode_rewards     1.000000e+01
val_mean_episode_rewards    7.500000e-01
val_min_episode_rewards     0.000000e+00
val_max_episode_len         5.000000e+02
val_mean_episode_len        4.705000e+02
val_min_episode_len         0.000000e+00
val_mean_timeouts           0.000000e+00
Name: 419, dtype: float64
timesteps                   2.759066e+07
wall_time                   1.926939e+05
num_episodes                7.635100e+04
max_episode_rewards         1.000000e+01
mean_episode_rewards        3.250000e+00
min_episode_rewards         0.000000e+00
max_episode_len             5.000000e+02
mean_episode_len            3.795750e+02
min_episode_len             0.000000e+00
mean_timeouts               0.000000e+00
val_max_episode_rewards     1.000000e+01
val_mean_episode_rewards    5.000000e-01
val_min_episode_rewards     0.000000e+00
val_max_episode_len         5.000000e+02
val_mean_episode_len        4.817000e+02
val_min_episode_len         0.000000e+00
val_mean_timeouts           0.000000e+00
Name: 420, dtype: float64
timesteps                   2.765619e+07
wall_time                   1.931638e+05
num_episodes                7.652700e+04
max_episode_rewards         1.000000e+01
mean_episode_rewards        4.000000e+00
min_episode_rewards         0.000000e+00
max_episode_len             5.000000e+02
mean_episode_len            3.473250e+02
min_episode_len             0.000000e+00
mean_timeouts               2.500000e-02
val_max_episode_rewards     1.000000e+01
val_mean_episode_rewards    2.500000e-01
val_min_episode_rewards     0.000000e+00
val_max_episode_len         5.000000e+02
val_mean_episode_len        4.875250e+02
val_min_episode_len         0.000000e+00
val_mean_timeouts           0.000000e+00
Name: 421, dtype: float64
timesteps                   2.772173e+07
wall_time                   1.936236e+05
num_episodes                7.670500e+04
max_episode_rewards         1.000000e+01
mean_episode_rewards        3.000000e+00
min_episode_rewards         0.000000e+00
max_episode_len             5.000000e+02
mean_episode_len            3.950500e+02
min_episode_len             0.000000e+00
mean_timeouts               2.500000e-02
val_max_episode_rewards     1.000000e+01
val_mean_episode_rewards    7.500000e-01
val_min_episode_rewards     0.000000e+00
val_max_episode_len         5.000000e+02
val_mean_episode_len        4.753000e+02
val_min_episode_len         0.000000e+00
val_mean_timeouts           0.000000e+00
Name: 422, dtype: float64
timesteps                   2.778726e+07
wall_time                   1.940727e+05
num_episodes                7.690800e+04
max_episode_rewards         1.000000e+01
mean_episode_rewards        4.750000e+00
min_episode_rewards         0.000000e+00
max_episode_len             5.000000e+02
mean_episode_len            3.091750e+02
min_episode_len             0.000000e+00
mean_timeouts               2.500000e-02
val_max_episode_rewards     1.000000e+01
val_mean_episode_rewards    7.500000e-01
val_min_episode_rewards     0.000000e+00
val_max_episode_len         5.000000e+02
val_mean_episode_len        4.811500e+02
val_min_episode_len         0.000000e+00
val_mean_timeouts           0.000000e+00
Name: 423, dtype: float64
timesteps                   2.785280e+07
wall_time                   1.945203e+05
num_episodes                7.709800e+04
max_episode_rewards         1.000000e+01
mean_episode_rewards        4.250000e+00
min_episode_rewards         0.000000e+00
max_episode_len             5.000000e+02
mean_episode_len            3.416000e+02
min_episode_len             0.000000e+00
mean_timeouts               0.000000e+00
val_max_episode_rewards     1.000000e+01
val_mean_episode_rewards    5.000000e-01
val_min_episode_rewards     0.000000e+00
val_max_episode_len         5.000000e+02
val_mean_episode_len        4.756000e+02
val_min_episode_len         0.000000e+00
val_mean_timeouts           0.000000e+00
Name: 424, dtype: float64
timesteps                   2.791834e+07
wall_time                   1.949692e+05
num_episodes                7.727300e+04
max_episode_rewards         1.000000e+01
mean_episode_rewards        3.750000e+00
min_episode_rewards         0.000000e+00
max_episode_len             5.000000e+02
mean_episode_len            3.579500e+02
min_episode_len             0.000000e+00
mean_timeouts               0.000000e+00
val_max_episode_rewards     1.000000e+01
val_mean_episode_rewards    2.500000e-01
val_min_episode_rewards     0.000000e+00
val_max_episode_len         5.000000e+02
val_mean_episode_len        4.875250e+02
val_min_episode_len         0.000000e+00
val_mean_timeouts           0.000000e+00
Name: 425, dtype: float64
timesteps                   2.798387e+07
wall_time                   1.954205e+05
num_episodes                7.746400e+04
max_episode_rewards         1.000000e+01
mean_episode_rewards        3.250000e+00
min_episode_rewards         0.000000e+00
max_episode_len             5.000000e+02
mean_episode_len            3.728250e+02
min_episode_len             0.000000e+00
mean_timeouts               5.000000e-02
val_max_episode_rewards     1.000000e+01
val_mean_episode_rewards    1.000000e+00
val_min_episode_rewards     0.000000e+00
val_max_episode_len         5.000000e+02
val_mean_episode_len        4.725500e+02
val_min_episode_len         0.000000e+00
val_mean_timeouts           0.000000e+00
Name: 426, dtype: float64
timesteps                   2.804941e+07
wall_time                   1.958685e+05
num_episodes                7.764800e+04
max_episode_rewards         1.000000e+01
mean_episode_rewards        3.250000e+00
min_episode_rewards         0.000000e+00
max_episode_len             5.000000e+02
mean_episode_len            3.696250e+02
min_episode_len             0.000000e+00
mean_timeouts               2.500000e-02
val_max_episode_rewards     1.000000e+01
val_mean_episode_rewards    2.500000e-01
val_min_episode_rewards     0.000000e+00
val_max_episode_len         5.000000e+02
val_mean_episode_len        4.962000e+02
val_min_episode_len         0.000000e+00
val_mean_timeouts           0.000000e+00
Name: 427, dtype: float64
timesteps                   2.811494e+07
wall_time                   1.963256e+05
num_episodes                7.783400e+04
max_episode_rewards         1.000000e+01
mean_episode_rewards        4.250000e+00
min_episode_rewards         0.000000e+00
max_episode_len             5.000000e+02
mean_episode_len            3.504000e+02
min_episode_len             0.000000e+00
mean_timeouts               0.000000e+00
val_max_episode_rewards     1.000000e+01
val_mean_episode_rewards    7.500000e-01
val_min_episode_rewards     0.000000e+00
val_max_episode_len         5.000000e+02
val_mean_episode_len        4.654250e+02
val_min_episode_len         0.000000e+00
val_mean_timeouts           0.000000e+00
Name: 428, dtype: float64
timesteps                   2.818048e+07
wall_time                   1.967847e+05
num_episodes                7.802000e+04
max_episode_rewards         1.000000e+01
mean_episode_rewards        3.250000e+00
min_episode_rewards         0.000000e+00
max_episode_len             5.000000e+02
mean_episode_len            3.575250e+02
min_episode_len             0.000000e+00
mean_timeouts               0.000000e+00
val_max_episode_rewards     1.000000e+01
val_mean_episode_rewards    5.000000e-01
val_min_episode_rewards     0.000000e+00
val_max_episode_len         5.000000e+02
val_mean_episode_len        4.914500e+02
val_min_episode_len         0.000000e+00
val_mean_timeouts           0.000000e+00
Name: 429, dtype: float64
timesteps                   2.824602e+07
wall_time                   1.972494e+05
num_episodes                7.820800e+04
max_episode_rewards         1.000000e+01
mean_episode_rewards        3.750000e+00
min_episode_rewards         0.000000e+00
max_episode_len             5.000000e+02
mean_episode_len            3.541000e+02
min_episode_len             0.000000e+00
mean_timeouts               0.000000e+00
val_max_episode_rewards     1.000000e+01
val_mean_episode_rewards    5.000000e-01
val_min_episode_rewards     0.000000e+00
val_max_episode_len         5.000000e+02
val_mean_episode_len        4.796750e+02
val_min_episode_len         0.000000e+00
val_mean_timeouts           2.500000e-02
Name: 430, dtype: float64
timesteps                   2.831155e+07
wall_time                   1.977129e+05
num_episodes                7.837500e+04
max_episode_rewards         1.000000e+01
mean_episode_rewards        3.500000e+00
min_episode_rewards         0.000000e+00
max_episode_len             5.000000e+02
mean_episode_len            3.550500e+02
min_episode_len             0.000000e+00
mean_timeouts               2.500000e-02
val_max_episode_rewards     0.000000e+00
val_mean_episode_rewards    0.000000e+00
val_min_episode_rewards     0.000000e+00
val_max_episode_len         5.000000e+02
val_mean_episode_len        5.000000e+02
val_min_episode_len         0.000000e+00
val_mean_timeouts           0.000000e+00
Name: 431, dtype: float64
timesteps                   2.837709e+07
wall_time                   1.981766e+05
num_episodes                7.857300e+04
max_episode_rewards         1.000000e+01
mean_episode_rewards        3.500000e+00
min_episode_rewards         0.000000e+00
max_episode_len             5.000000e+02
mean_episode_len            3.487000e+02
min_episode_len             0.000000e+00
mean_timeouts               0.000000e+00
val_max_episode_rewards     1.000000e+01
val_mean_episode_rewards    7.500000e-01
val_min_episode_rewards     0.000000e+00
val_max_episode_len         5.000000e+02
val_mean_episode_len        4.892500e+02
val_min_episode_len         0.000000e+00
val_mean_timeouts           0.000000e+00
Name: 432, dtype: float64
timesteps                   2.844262e+07
wall_time                   1.986462e+05
num_episodes                7.876400e+04
max_episode_rewards         1.000000e+01
mean_episode_rewards        4.000000e+00
min_episode_rewards         0.000000e+00
max_episode_len             5.000000e+02
mean_episode_len            3.408500e+02
min_episode_len             0.000000e+00
mean_timeouts               0.000000e+00
val_max_episode_rewards     1.000000e+01
val_mean_episode_rewards    1.000000e+00
val_min_episode_rewards     0.000000e+00
val_max_episode_len         5.000000e+02
val_mean_episode_len        4.593000e+02
val_min_episode_len         0.000000e+00
val_mean_timeouts           0.000000e+00
Name: 433, dtype: float64
timesteps                   2.850816e+07
wall_time                   1.991112e+05
num_episodes                7.893500e+04
max_episode_rewards         1.000000e+01
mean_episode_rewards        2.500000e+00
min_episode_rewards         0.000000e+00
max_episode_len             5.000000e+02
mean_episode_len            3.992750e+02
min_episode_len             0.000000e+00
mean_timeouts               0.000000e+00
val_max_episode_rewards     1.000000e+01
val_mean_episode_rewards    5.000000e-01
val_min_episode_rewards     0.000000e+00
val_max_episode_len         5.000000e+02
val_mean_episode_len        4.750750e+02
val_min_episode_len         0.000000e+00
val_mean_timeouts           0.000000e+00
Name: 434, dtype: float64
timesteps                   2.857370e+07
wall_time                   1.995861e+05
num_episodes                7.912200e+04
max_episode_rewards         1.000000e+01
mean_episode_rewards        3.250000e+00
min_episode_rewards         0.000000e+00
max_episode_len             5.000000e+02
mean_episode_len            3.788000e+02
min_episode_len             0.000000e+00
mean_timeouts               0.000000e+00
val_max_episode_rewards     1.000000e+01
val_mean_episode_rewards    2.500000e-01
val_min_episode_rewards     0.000000e+00
val_max_episode_len         5.000000e+02
val_mean_episode_len        4.875500e+02
val_min_episode_len         0.000000e+00
val_mean_timeouts           0.000000e+00
Name: 435, dtype: float64
timesteps                   2.863923e+07
wall_time                   2.000686e+05
num_episodes                7.929600e+04
max_episode_rewards         1.000000e+01
mean_episode_rewards        2.000000e+00
min_episode_rewards         0.000000e+00
max_episode_len             5.000000e+02
mean_episode_len            4.204250e+02
min_episode_len             0.000000e+00
mean_timeouts               2.500000e-02
val_max_episode_rewards     1.000000e+01
val_mean_episode_rewards    1.500000e+00
val_min_episode_rewards     0.000000e+00
val_max_episode_len         5.000000e+02
val_mean_episode_len        4.405500e+02
val_min_episode_len         0.000000e+00
val_mean_timeouts           0.000000e+00
Name: 436, dtype: float64
timesteps                   2.870477e+07
wall_time                   2.005466e+05
num_episodes                7.948300e+04
max_episode_rewards         1.000000e+01
mean_episode_rewards        3.500000e+00
min_episode_rewards         0.000000e+00
max_episode_len             5.000000e+02
mean_episode_len            3.473500e+02
min_episode_len             0.000000e+00
mean_timeouts               2.500000e-02
val_max_episode_rewards     0.000000e+00
val_mean_episode_rewards    0.000000e+00
val_min_episode_rewards     0.000000e+00
val_max_episode_len         5.000000e+02
val_mean_episode_len        5.000000e+02
val_min_episode_len         0.000000e+00
val_mean_timeouts           0.000000e+00
Name: 437, dtype: float64
timesteps                   2.877030e+07
wall_time                   2.010063e+05
num_episodes                7.964600e+04
max_episode_rewards         1.000000e+01
mean_episode_rewards        2.750000e+00
min_episode_rewards         0.000000e+00
max_episode_len             5.000000e+02
mean_episode_len            3.978250e+02
min_episode_len             0.000000e+00
mean_timeouts               0.000000e+00
val_max_episode_rewards     1.000000e+01
val_mean_episode_rewards    2.500000e-01
val_min_episode_rewards     0.000000e+00
val_max_episode_len         5.000000e+02
val_mean_episode_len        4.875500e+02
val_min_episode_len         0.000000e+00
val_mean_timeouts           0.000000e+00
Name: 438, dtype: float64
timesteps                   2.883584e+07
wall_time                   2.014589e+05
num_episodes                7.983800e+04
max_episode_rewards         1.000000e+01
mean_episode_rewards        3.500000e+00
min_episode_rewards         0.000000e+00
max_episode_len             5.000000e+02
mean_episode_len            3.702500e+02
min_episode_len             0.000000e+00
mean_timeouts               2.500000e-02
val_max_episode_rewards     1.000000e+01
val_mean_episode_rewards    2.500000e-01
val_min_episode_rewards     0.000000e+00
val_max_episode_len         5.000000e+02
val_mean_episode_len        4.875500e+02
val_min_episode_len         0.000000e+00
val_mean_timeouts           0.000000e+00
Name: 439, dtype: float64
timesteps                   2.890138e+07
wall_time                   2.019140e+05
num_episodes                8.000600e+04
max_episode_rewards         1.000000e+01
mean_episode_rewards        3.750000e+00
min_episode_rewards         0.000000e+00
max_episode_len             5.000000e+02
mean_episode_len            3.515250e+02
min_episode_len             0.000000e+00
mean_timeouts               0.000000e+00
val_max_episode_rewards     1.000000e+01
val_mean_episode_rewards    1.000000e+00
val_min_episode_rewards     0.000000e+00
val_max_episode_len         5.000000e+02
val_mean_episode_len        4.656250e+02
val_min_episode_len         0.000000e+00
val_mean_timeouts           0.000000e+00
Name: 440, dtype: float64
timesteps                   2.896691e+07
wall_time                   2.023620e+05
num_episodes                8.019600e+04
max_episode_rewards         1.000000e+01
mean_episode_rewards        3.750000e+00
min_episode_rewards         0.000000e+00
max_episode_len             5.000000e+02
mean_episode_len            3.516000e+02
min_episode_len             0.000000e+00
mean_timeouts               0.000000e+00
val_max_episode_rewards     1.000000e+01
val_mean_episode_rewards    5.000000e-01
val_min_episode_rewards     0.000000e+00
val_max_episode_len         5.000000e+02
val_mean_episode_len        4.764500e+02
val_min_episode_len         0.000000e+00
val_mean_timeouts           0.000000e+00
Name: 441, dtype: float64
timesteps                   2.903245e+07
wall_time                   2.028352e+05
num_episodes                8.038500e+04
max_episode_rewards         1.000000e+01
mean_episode_rewards        4.250000e+00
min_episode_rewards         0.000000e+00
max_episode_len             5.000000e+02
mean_episode_len            3.044250e+02
min_episode_len             0.000000e+00
mean_timeouts               0.000000e+00
val_max_episode_rewards     1.000000e+01
val_mean_episode_rewards    2.500000e-01
val_min_episode_rewards     0.000000e+00
val_max_episode_len         5.000000e+02
val_mean_episode_len        4.875500e+02
val_min_episode_len         0.000000e+00
val_mean_timeouts           2.500000e-02
Name: 442, dtype: float64
timesteps                   2.909798e+07
wall_time                   2.033045e+05
num_episodes                8.056600e+04
max_episode_rewards         1.000000e+01
mean_episode_rewards        3.000000e+00
min_episode_rewards         0.000000e+00
max_episode_len             5.000000e+02
mean_episode_len            3.645000e+02
min_episode_len             0.000000e+00
mean_timeouts               0.000000e+00
val_max_episode_rewards     1.000000e+01
val_mean_episode_rewards    7.500000e-01
val_min_episode_rewards     0.000000e+00
val_max_episode_len         5.000000e+02
val_mean_episode_len        4.779000e+02
val_min_episode_len         0.000000e+00
val_mean_timeouts           0.000000e+00
Name: 443, dtype: float64
timesteps                   2.916352e+07
wall_time                   2.037649e+05
num_episodes                8.073700e+04
max_episode_rewards         1.000000e+01
mean_episode_rewards        2.250000e+00
min_episode_rewards         0.000000e+00
max_episode_len             5.000000e+02
mean_episode_len            4.037750e+02
min_episode_len             0.000000e+00
mean_timeouts               0.000000e+00
val_max_episode_rewards     1.000000e+01
val_mean_episode_rewards    2.500000e-01
val_min_episode_rewards     0.000000e+00
val_max_episode_len         5.000000e+02
val_mean_episode_len        4.895000e+02
val_min_episode_len         0.000000e+00
val_mean_timeouts           2.500000e-02
Name: 444, dtype: float64
timesteps                   2.922906e+07
wall_time                   2.042310e+05
num_episodes                8.092700e+04
max_episode_rewards         1.000000e+01
mean_episode_rewards        2.500000e+00
min_episode_rewards         0.000000e+00
max_episode_len             5.000000e+02
mean_episode_len            4.001500e+02
min_episode_len             0.000000e+00
mean_timeouts               0.000000e+00
val_max_episode_rewards     0.000000e+00
val_mean_episode_rewards    0.000000e+00
val_min_episode_rewards     0.000000e+00
val_max_episode_len         5.000000e+02
val_mean_episode_len        5.000000e+02
val_min_episode_len         0.000000e+00
val_mean_timeouts           0.000000e+00
Name: 445, dtype: float64
timesteps                   2.929459e+07
wall_time                   2.046967e+05
num_episodes                8.110800e+04
max_episode_rewards         1.000000e+01
mean_episode_rewards        2.250000e+00
min_episode_rewards         0.000000e+00
max_episode_len             5.000000e+02
mean_episode_len            4.199750e+02
min_episode_len             0.000000e+00
mean_timeouts               0.000000e+00
val_max_episode_rewards     1.000000e+01
val_mean_episode_rewards    5.000000e-01
val_min_episode_rewards     0.000000e+00
val_max_episode_len         5.000000e+02
val_mean_episode_len        4.867750e+02
val_min_episode_len         0.000000e+00
val_mean_timeouts           0.000000e+00
Name: 446, dtype: float64
timesteps                   2.936013e+07
wall_time                   2.051509e+05
num_episodes                8.129500e+04
max_episode_rewards         1.000000e+01
mean_episode_rewards        4.000000e+00
min_episode_rewards         0.000000e+00
max_episode_len             5.000000e+02
mean_episode_len            3.598000e+02
min_episode_len             0.000000e+00
mean_timeouts               0.000000e+00
val_max_episode_rewards     0.000000e+00
val_mean_episode_rewards    0.000000e+00
val_min_episode_rewards     0.000000e+00
val_max_episode_len         5.000000e+02
val_mean_episode_len        5.000000e+02
val_min_episode_len         0.000000e+00
val_mean_timeouts           0.000000e+00
Name: 447, dtype: float64
timesteps                   2.942566e+07
wall_time                   2.056026e+05
num_episodes                8.146200e+04
max_episode_rewards         1.000000e+01
mean_episode_rewards        4.250000e+00
min_episode_rewards         0.000000e+00
max_episode_len             5.000000e+02
mean_episode_len            3.369000e+02
min_episode_len             0.000000e+00
mean_timeouts               0.000000e+00
val_max_episode_rewards     1.000000e+01
val_mean_episode_rewards    7.500000e-01
val_min_episode_rewards     0.000000e+00
val_max_episode_len         5.000000e+02
val_mean_episode_len        4.702250e+02
val_min_episode_len         0.000000e+00
val_mean_timeouts           0.000000e+00
Name: 448, dtype: float64
timesteps                   2.949120e+07
wall_time                   2.060645e+05
num_episodes                8.166400e+04
max_episode_rewards         1.000000e+01
mean_episode_rewards        2.750000e+00
min_episode_rewards         0.000000e+00
max_episode_len             5.000000e+02
mean_episode_len            3.838000e+02
min_episode_len             0.000000e+00
mean_timeouts               0.000000e+00
val_max_episode_rewards     1.000000e+01
val_mean_episode_rewards    5.000000e-01
val_min_episode_rewards     0.000000e+00
val_max_episode_len         5.000000e+02
val_mean_episode_len        4.872500e+02
val_min_episode_len         0.000000e+00
val_mean_timeouts           0.000000e+00
Name: 449, dtype: float64
timesteps                   2.955674e+07
wall_time                   2.065296e+05
num_episodes                8.182700e+04
max_episode_rewards         1.000000e+01
mean_episode_rewards        3.500000e+00
min_episode_rewards         0.000000e+00
max_episode_len             5.000000e+02
mean_episode_len            3.666000e+02
min_episode_len             0.000000e+00
mean_timeouts               0.000000e+00
val_max_episode_rewards     1.000000e+01
val_mean_episode_rewards    1.000000e+00
val_min_episode_rewards     0.000000e+00
val_max_episode_len         5.000000e+02
val_mean_episode_len        4.545000e+02
val_min_episode_len         0.000000e+00
val_mean_timeouts           0.000000e+00
Name: 450, dtype: float64
timesteps                   2.962227e+07
wall_time                   2.069937e+05
num_episodes                8.203100e+04
max_episode_rewards         1.000000e+01
mean_episode_rewards        4.500000e+00
min_episode_rewards         0.000000e+00
max_episode_len             5.000000e+02
mean_episode_len            3.211750e+02
min_episode_len             0.000000e+00
mean_timeouts               0.000000e+00
val_max_episode_rewards     1.000000e+01
val_mean_episode_rewards    5.000000e-01
val_min_episode_rewards     0.000000e+00
val_max_episode_len         5.000000e+02
val_mean_episode_len        4.751000e+02
val_min_episode_len         0.000000e+00
val_mean_timeouts           0.000000e+00
Name: 451, dtype: float64
timesteps                   2.968781e+07
wall_time                   2.074555e+05
num_episodes                8.220800e+04
max_episode_rewards         1.000000e+01
mean_episode_rewards        4.500000e+00
min_episode_rewards         0.000000e+00
max_episode_len             5.000000e+02
mean_episode_len            3.091750e+02
min_episode_len             0.000000e+00
mean_timeouts               0.000000e+00
val_max_episode_rewards     1.000000e+01
val_mean_episode_rewards    7.500000e-01
val_min_episode_rewards     0.000000e+00
val_max_episode_len         5.000000e+02
val_mean_episode_len        4.765000e+02
val_min_episode_len         0.000000e+00
val_mean_timeouts           0.000000e+00
Name: 452, dtype: float64
timesteps                   2.975334e+07
wall_time                   2.079291e+05
num_episodes                8.239800e+04
max_episode_rewards         1.000000e+01
mean_episode_rewards        2.500000e+00
min_episode_rewards         0.000000e+00
max_episode_len             5.000000e+02
mean_episode_len            3.949500e+02
min_episode_len             0.000000e+00
mean_timeouts               0.000000e+00
val_max_episode_rewards     1.000000e+01
val_mean_episode_rewards    5.000000e-01
val_min_episode_rewards     0.000000e+00
val_max_episode_len         5.000000e+02
val_mean_episode_len        4.751750e+02
val_min_episode_len         0.000000e+00
val_mean_timeouts           0.000000e+00
Name: 453, dtype: float64
timesteps                   2.981888e+07
wall_time                   2.083885e+05
num_episodes                8.256900e+04
max_episode_rewards         1.000000e+01
mean_episode_rewards        3.750000e+00
min_episode_rewards         0.000000e+00
max_episode_len             5.000000e+02
mean_episode_len            3.579250e+02
min_episode_len             0.000000e+00
mean_timeouts               0.000000e+00
val_max_episode_rewards     1.000000e+01
val_mean_episode_rewards    7.500000e-01
val_min_episode_rewards     0.000000e+00
val_max_episode_len         5.000000e+02
val_mean_episode_len        4.700250e+02
val_min_episode_len         0.000000e+00
val_mean_timeouts           0.000000e+00
Name: 454, dtype: float64
timesteps                   2.988442e+07
wall_time                   2.088441e+05
num_episodes                8.275000e+04
max_episode_rewards         1.000000e+01
mean_episode_rewards        3.500000e+00
min_episode_rewards         0.000000e+00
max_episode_len             5.000000e+02
mean_episode_len            3.490000e+02
min_episode_len             0.000000e+00
mean_timeouts               0.000000e+00
val_max_episode_rewards     0.000000e+00
val_mean_episode_rewards    0.000000e+00
val_min_episode_rewards     0.000000e+00
val_max_episode_len         5.000000e+02
val_mean_episode_len        5.000000e+02
val_min_episode_len         0.000000e+00
val_mean_timeouts           0.000000e+00
Name: 455, dtype: float64
timesteps                   2.994995e+07
wall_time                   2.093062e+05
num_episodes                8.292700e+04
max_episode_rewards         1.000000e+01
mean_episode_rewards        2.750000e+00
min_episode_rewards         0.000000e+00
max_episode_len             5.000000e+02
mean_episode_len            3.846000e+02
min_episode_len             0.000000e+00
mean_timeouts               0.000000e+00
val_max_episode_rewards     1.000000e+01
val_mean_episode_rewards    7.500000e-01
val_min_episode_rewards     0.000000e+00
val_max_episode_len         5.000000e+02
val_mean_episode_len        4.765750e+02
val_min_episode_len         0.000000e+00
val_mean_timeouts           0.000000e+00
Name: 456, dtype: float64
timesteps                   3.001549e+07
wall_time                   2.097913e+05
num_episodes                8.309500e+04
max_episode_rewards         1.000000e+01
mean_episode_rewards        3.500000e+00
min_episode_rewards         0.000000e+00
max_episode_len             5.000000e+02
mean_episode_len            3.709000e+02
min_episode_len             0.000000e+00
mean_timeouts               0.000000e+00
val_max_episode_rewards     0.000000e+00
val_mean_episode_rewards    0.000000e+00
val_min_episode_rewards     0.000000e+00
val_max_episode_len         5.000000e+02
val_mean_episode_len        5.000000e+02
val_min_episode_len         0.000000e+00
val_mean_timeouts           0.000000e+00
Name: 457, dtype: float64
Saving model at timestep 30015489
timesteps                   3.008102e+07
wall_time                   2.102651e+05
num_episodes                8.326400e+04
max_episode_rewards         1.000000e+01
mean_episode_rewards        2.750000e+00
min_episode_rewards         0.000000e+00
max_episode_len             5.000000e+02
mean_episode_len            3.863000e+02
min_episode_len             0.000000e+00
mean_timeouts               2.500000e-02
val_max_episode_rewards     1.000000e+01
val_mean_episode_rewards    7.500000e-01
val_min_episode_rewards     0.000000e+00
val_max_episode_len         5.000000e+02
val_mean_episode_len        4.668750e+02
val_min_episode_len         0.000000e+00
val_mean_timeouts           0.000000e+00
Name: 458, dtype: float64
timesteps                   3.014656e+07
wall_time                   2.107144e+05
num_episodes                8.343800e+04
max_episode_rewards         1.000000e+01
mean_episode_rewards        4.000000e+00
min_episode_rewards         0.000000e+00
max_episode_len             5.000000e+02
mean_episode_len            3.317000e+02
min_episode_len             0.000000e+00
mean_timeouts               0.000000e+00
val_max_episode_rewards     1.000000e+01
val_mean_episode_rewards    7.500000e-01
val_min_episode_rewards     0.000000e+00
val_max_episode_len         5.000000e+02
val_mean_episode_len        4.723000e+02
val_min_episode_len         0.000000e+00
val_mean_timeouts           0.000000e+00
Name: 459, dtype: float64
timesteps                   3.021210e+07
wall_time                   2.111504e+05
num_episodes                8.361600e+04
max_episode_rewards         1.000000e+01
mean_episode_rewards        3.750000e+00
min_episode_rewards         0.000000e+00
max_episode_len             5.000000e+02
mean_episode_len            3.631500e+02
min_episode_len             0.000000e+00
mean_timeouts               0.000000e+00
val_max_episode_rewards     1.000000e+01
val_mean_episode_rewards    5.000000e-01
val_min_episode_rewards     0.000000e+00
val_max_episode_len         5.000000e+02
val_mean_episode_len        4.776750e+02
val_min_episode_len         0.000000e+00
val_mean_timeouts           2.500000e-02
Name: 460, dtype: float64
timesteps                   3.027763e+07
wall_time                   2.115810e+05
num_episodes                8.379000e+04
max_episode_rewards         1.000000e+01
mean_episode_rewards        3.250000e+00
min_episode_rewards         0.000000e+00
max_episode_len             5.000000e+02
mean_episode_len            3.488250e+02
min_episode_len             0.000000e+00
mean_timeouts               0.000000e+00
val_max_episode_rewards     1.000000e+01
val_mean_episode_rewards    2.500000e-01
val_min_episode_rewards     0.000000e+00
val_max_episode_len         5.000000e+02
val_mean_episode_len        4.991500e+02
val_min_episode_len         0.000000e+00
val_mean_timeouts           0.000000e+00
Name: 461, dtype: float64
timesteps                   3.034317e+07
wall_time                   2.120154e+05
num_episodes                8.396300e+04
max_episode_rewards         1.000000e+01
mean_episode_rewards        3.500000e+00
min_episode_rewards         0.000000e+00
max_episode_len             5.000000e+02
mean_episode_len            3.475250e+02
min_episode_len             0.000000e+00
mean_timeouts               0.000000e+00
val_max_episode_rewards     1.000000e+01
val_mean_episode_rewards    5.000000e-01
val_min_episode_rewards     0.000000e+00
val_max_episode_len         5.000000e+02
val_mean_episode_len        4.830750e+02
val_min_episode_len         0.000000e+00
val_mean_timeouts           0.000000e+00
Name: 462, dtype: float64
timesteps                   3.040870e+07
wall_time                   2.124647e+05
num_episodes                8.413900e+04
max_episode_rewards         1.000000e+01
mean_episode_rewards        2.500000e+00
min_episode_rewards         0.000000e+00
max_episode_len             5.000000e+02
mean_episode_len            3.932500e+02
min_episode_len             0.000000e+00
mean_timeouts               0.000000e+00
val_max_episode_rewards     1.000000e+01
val_mean_episode_rewards    2.500000e-01
val_min_episode_rewards     0.000000e+00
val_max_episode_len         5.000000e+02
val_mean_episode_len        4.891500e+02
val_min_episode_len         0.000000e+00
val_mean_timeouts           0.000000e+00
Name: 463, dtype: float64
timesteps                   3.047424e+07
wall_time                   2.129215e+05
num_episodes                8.433200e+04
max_episode_rewards         1.000000e+01
mean_episode_rewards        3.250000e+00
min_episode_rewards         0.000000e+00
max_episode_len             5.000000e+02
mean_episode_len            3.841500e+02
min_episode_len             0.000000e+00
mean_timeouts               0.000000e+00
val_max_episode_rewards     1.000000e+01
val_mean_episode_rewards    5.000000e-01
val_min_episode_rewards     0.000000e+00
val_max_episode_len         5.000000e+02
val_mean_episode_len        4.767750e+02
val_min_episode_len         0.000000e+00
val_mean_timeouts           0.000000e+00
Name: 464, dtype: float64
timesteps                   3.053978e+07
wall_time                   2.133761e+05
num_episodes                8.450200e+04
max_episode_rewards         1.000000e+01
mean_episode_rewards        3.000000e+00
min_episode_rewards         0.000000e+00
max_episode_len             5.000000e+02
mean_episode_len            3.784500e+02
min_episode_len             0.000000e+00
mean_timeouts               0.000000e+00
val_max_episode_rewards     1.000000e+01
val_mean_episode_rewards    7.500000e-01
val_min_episode_rewards     0.000000e+00
val_max_episode_len         5.000000e+02
val_mean_episode_len        4.666250e+02
val_min_episode_len         0.000000e+00
val_mean_timeouts           2.500000e-02
Name: 465, dtype: float64
timesteps                   3.060531e+07
wall_time                   2.138445e+05
num_episodes                8.468100e+04
max_episode_rewards         1.000000e+01
mean_episode_rewards        1.250000e+00
min_episode_rewards         0.000000e+00
max_episode_len             5.000000e+02
mean_episode_len            4.622750e+02
min_episode_len             0.000000e+00
mean_timeouts               0.000000e+00
val_max_episode_rewards     1.000000e+01
val_mean_episode_rewards    5.000000e-01
val_min_episode_rewards     0.000000e+00
val_max_episode_len         5.000000e+02
val_mean_episode_len        4.765250e+02
val_min_episode_len         0.000000e+00
val_mean_timeouts           0.000000e+00
Name: 466, dtype: float64
timesteps                   3.067085e+07
wall_time                   2.143135e+05
num_episodes                8.484000e+04
max_episode_rewards         1.000000e+01
mean_episode_rewards        2.750000e+00
min_episode_rewards         0.000000e+00
max_episode_len             5.000000e+02
mean_episode_len            3.727500e+02
min_episode_len             0.000000e+00
mean_timeouts               0.000000e+00
val_max_episode_rewards     1.000000e+01
val_mean_episode_rewards    5.000000e-01
val_min_episode_rewards     0.000000e+00
val_max_episode_len         5.000000e+02
val_mean_episode_len        4.856000e+02
val_min_episode_len         0.000000e+00
val_mean_timeouts           0.000000e+00
Name: 467, dtype: float64
timesteps                   3.073638e+07
wall_time                   2.147767e+05
num_episodes                8.503600e+04
max_episode_rewards         1.000000e+01
mean_episode_rewards        3.750000e+00
min_episode_rewards         0.000000e+00
max_episode_len             5.000000e+02
mean_episode_len            3.574500e+02
min_episode_len             0.000000e+00
mean_timeouts               0.000000e+00
val_max_episode_rewards     0.000000e+00
val_mean_episode_rewards    0.000000e+00
val_min_episode_rewards     0.000000e+00
val_max_episode_len         5.000000e+02
val_mean_episode_len        5.000000e+02
val_min_episode_len         0.000000e+00
val_mean_timeouts           0.000000e+00
Name: 468, dtype: float64
timesteps                   3.080192e+07
wall_time                   2.152315e+05
num_episodes                8.520100e+04
max_episode_rewards         1.000000e+01
mean_episode_rewards        3.000000e+00
min_episode_rewards         0.000000e+00
max_episode_len             5.000000e+02
mean_episode_len            3.821000e+02
min_episode_len             0.000000e+00
mean_timeouts               0.000000e+00
val_max_episode_rewards     1.000000e+01
val_mean_episode_rewards    5.000000e-01
val_min_episode_rewards     0.000000e+00
val_max_episode_len         5.000000e+02
val_mean_episode_len        4.751250e+02
val_min_episode_len         0.000000e+00
val_mean_timeouts           0.000000e+00
Name: 469, dtype: float64
timesteps                   3.086746e+07
wall_time                   2.156750e+05
num_episodes                8.541000e+04
max_episode_rewards         1.000000e+01
mean_episode_rewards        4.000000e+00
min_episode_rewards         0.000000e+00
max_episode_len             5.000000e+02
mean_episode_len            3.371250e+02
min_episode_len             0.000000e+00
mean_timeouts               0.000000e+00
val_max_episode_rewards     1.000000e+01
val_mean_episode_rewards    5.000000e-01
val_min_episode_rewards     0.000000e+00
val_max_episode_len         5.000000e+02
val_mean_episode_len        4.750750e+02
val_min_episode_len         0.000000e+00
val_mean_timeouts           0.000000e+00
Name: 470, dtype: float64
timesteps                   3.093299e+07
wall_time                   2.161153e+05
num_episodes                8.557300e+04
max_episode_rewards         1.000000e+01
mean_episode_rewards        2.750000e+00
min_episode_rewards         0.000000e+00
max_episode_len             5.000000e+02
mean_episode_len            3.930750e+02
min_episode_len             0.000000e+00
mean_timeouts               0.000000e+00
val_max_episode_rewards     1.000000e+01
val_mean_episode_rewards    2.500000e-01
val_min_episode_rewards     0.000000e+00
val_max_episode_len         5.000000e+02
val_mean_episode_len        4.876250e+02
val_min_episode_len         0.000000e+00
val_mean_timeouts           0.000000e+00
Name: 471, dtype: float64
timesteps                   3.099853e+07
wall_time                   2.165699e+05
num_episodes                8.575900e+04
max_episode_rewards         1.000000e+01
mean_episode_rewards        2.750000e+00
min_episode_rewards         0.000000e+00
max_episode_len             5.000000e+02
mean_episode_len            3.977500e+02
min_episode_len             0.000000e+00
mean_timeouts               0.000000e+00
val_max_episode_rewards     1.000000e+01
val_mean_episode_rewards    1.000000e+00
val_min_episode_rewards     0.000000e+00
val_max_episode_len         5.000000e+02
val_mean_episode_len        4.658000e+02
val_min_episode_len         0.000000e+00
val_mean_timeouts           0.000000e+00
Name: 472, dtype: float64
timesteps                   3.106406e+07
wall_time                   2.170283e+05
num_episodes                8.591700e+04
max_episode_rewards         1.000000e+01
mean_episode_rewards        3.250000e+00
min_episode_rewards         0.000000e+00
max_episode_len             5.000000e+02
mean_episode_len            3.644750e+02
min_episode_len             0.000000e+00
mean_timeouts               0.000000e+00
val_max_episode_rewards     1.000000e+01
val_mean_episode_rewards    5.000000e-01
val_min_episode_rewards     0.000000e+00
val_max_episode_len         5.000000e+02
val_mean_episode_len        4.826750e+02
val_min_episode_len         0.000000e+00
val_mean_timeouts           0.000000e+00
Name: 473, dtype: float64
timesteps                   3.112960e+07
wall_time                   2.174739e+05
num_episodes                8.614400e+04
max_episode_rewards         1.000000e+01
mean_episode_rewards        3.000000e+00
min_episode_rewards         0.000000e+00
max_episode_len             5.000000e+02
mean_episode_len            3.776000e+02
min_episode_len             0.000000e+00
mean_timeouts               0.000000e+00
val_max_episode_rewards     1.000000e+01
val_mean_episode_rewards    7.500000e-01
val_min_episode_rewards     0.000000e+00
val_max_episode_len         5.000000e+02
val_mean_episode_len        4.859000e+02
val_min_episode_len         0.000000e+00
val_mean_timeouts           0.000000e+00
Name: 474, dtype: float64
timesteps                   3.119514e+07
wall_time                   2.179149e+05
num_episodes                8.630000e+04
max_episode_rewards         1.000000e+01
mean_episode_rewards        4.250000e+00
min_episode_rewards         0.000000e+00
max_episode_len             5.000000e+02
mean_episode_len            3.255000e+02
min_episode_len             0.000000e+00
mean_timeouts               0.000000e+00
val_max_episode_rewards     1.000000e+01
val_mean_episode_rewards    7.500000e-01
val_min_episode_rewards     0.000000e+00
val_max_episode_len         5.000000e+02
val_mean_episode_len        4.627000e+02
val_min_episode_len         0.000000e+00
val_mean_timeouts           0.000000e+00
Name: 475, dtype: float64
timesteps                   3.126067e+07
wall_time                   2.183611e+05
num_episodes                8.650800e+04
max_episode_rewards         1.000000e+01
mean_episode_rewards        2.750000e+00
min_episode_rewards         0.000000e+00
max_episode_len             5.000000e+02
mean_episode_len            3.855250e+02
min_episode_len             0.000000e+00
mean_timeouts               0.000000e+00
val_max_episode_rewards     1.000000e+01
val_mean_episode_rewards    5.000000e-01
val_min_episode_rewards     0.000000e+00
val_max_episode_len         5.000000e+02
val_mean_episode_len        4.752000e+02
val_min_episode_len         0.000000e+00
val_mean_timeouts           0.000000e+00
Name: 476, dtype: float64
timesteps                   3.132621e+07
wall_time                   2.188147e+05
num_episodes                8.667000e+04
max_episode_rewards         1.000000e+01
mean_episode_rewards        4.750000e+00
min_episode_rewards         0.000000e+00
max_episode_len             5.000000e+02
mean_episode_len            3.441000e+02
min_episode_len             0.000000e+00
mean_timeouts               0.000000e+00
val_max_episode_rewards     1.000000e+01
val_mean_episode_rewards    7.500000e-01
val_min_episode_rewards     0.000000e+00
val_max_episode_len         5.000000e+02
val_mean_episode_len        4.750750e+02
val_min_episode_len         0.000000e+00
val_mean_timeouts           0.000000e+00
Name: 477, dtype: float64
timesteps                   3.139174e+07
wall_time                   2.192676e+05
num_episodes                8.686100e+04
max_episode_rewards         1.000000e+01
mean_episode_rewards        3.250000e+00
min_episode_rewards         0.000000e+00
max_episode_len             5.000000e+02
mean_episode_len            3.762250e+02
min_episode_len             0.000000e+00
mean_timeouts               0.000000e+00
val_max_episode_rewards     1.000000e+01
val_mean_episode_rewards    5.000000e-01
val_min_episode_rewards     0.000000e+00
val_max_episode_len         5.000000e+02
val_mean_episode_len        4.813500e+02
val_min_episode_len         0.000000e+00
val_mean_timeouts           0.000000e+00
Name: 478, dtype: float64
timesteps                   3.145728e+07
wall_time                   2.197289e+05
num_episodes                8.703100e+04
max_episode_rewards         1.000000e+01
mean_episode_rewards        2.750000e+00
min_episode_rewards         0.000000e+00
max_episode_len             5.000000e+02
mean_episode_len            3.805250e+02
min_episode_len             0.000000e+00
mean_timeouts               0.000000e+00
val_max_episode_rewards     1.000000e+01
val_mean_episode_rewards    5.000000e-01
val_min_episode_rewards     0.000000e+00
val_max_episode_len         5.000000e+02
val_mean_episode_len        4.826250e+02
val_min_episode_len         0.000000e+00
val_mean_timeouts           0.000000e+00
Name: 479, dtype: float64
timesteps                   3.152282e+07
wall_time                   2.201839e+05
num_episodes                8.720900e+04
max_episode_rewards         1.000000e+01
mean_episode_rewards        2.000000e+00
min_episode_rewards         0.000000e+00
max_episode_len             5.000000e+02
mean_episode_len            4.192250e+02
min_episode_len             0.000000e+00
mean_timeouts               2.500000e-02
val_max_episode_rewards     0.000000e+00
val_mean_episode_rewards    0.000000e+00
val_min_episode_rewards     0.000000e+00
val_max_episode_len         5.000000e+02
val_mean_episode_len        5.000000e+02
val_min_episode_len         0.000000e+00
val_mean_timeouts           0.000000e+00
Name: 480, dtype: float64
timesteps                   3.158835e+07
wall_time                   2.206283e+05
num_episodes                8.740300e+04
max_episode_rewards         1.000000e+01
mean_episode_rewards        5.500000e+00
min_episode_rewards         0.000000e+00
max_episode_len             5.000000e+02
mean_episode_len            2.678250e+02
min_episode_len             0.000000e+00
mean_timeouts               2.500000e-02
val_max_episode_rewards     1.000000e+01
val_mean_episode_rewards    1.000000e+00
val_min_episode_rewards     0.000000e+00
val_max_episode_len         5.000000e+02
val_mean_episode_len        4.553000e+02
val_min_episode_len         0.000000e+00
val_mean_timeouts           0.000000e+00
Name: 481, dtype: float64
timesteps                   3.165389e+07
wall_time                   2.210793e+05
num_episodes                8.757300e+04
max_episode_rewards         1.000000e+01
mean_episode_rewards        2.250000e+00
min_episode_rewards         0.000000e+00
max_episode_len             5.000000e+02
mean_episode_len            4.067000e+02
min_episode_len             0.000000e+00
mean_timeouts               0.000000e+00
val_max_episode_rewards     0.000000e+00
val_mean_episode_rewards    0.000000e+00
val_min_episode_rewards     0.000000e+00
val_max_episode_len         5.000000e+02
val_mean_episode_len        5.000000e+02
val_min_episode_len         0.000000e+00
val_mean_timeouts           0.000000e+00
Name: 482, dtype: float64
timesteps                   3.171942e+07
wall_time                   2.215396e+05
num_episodes                8.775100e+04
max_episode_rewards         1.000000e+01
mean_episode_rewards        3.750000e+00
min_episode_rewards         0.000000e+00
max_episode_len             5.000000e+02
mean_episode_len            3.365750e+02
min_episode_len             0.000000e+00
mean_timeouts               0.000000e+00
val_max_episode_rewards     1.000000e+01
val_mean_episode_rewards    2.500000e-01
val_min_episode_rewards     0.000000e+00
val_max_episode_len         5.000000e+02
val_mean_episode_len        4.898250e+02
val_min_episode_len         0.000000e+00
val_mean_timeouts           0.000000e+00
Name: 483, dtype: float64
timesteps                   3.178496e+07
wall_time                   2.219799e+05
num_episodes                8.793400e+04
max_episode_rewards         1.000000e+01
mean_episode_rewards        4.250000e+00
min_episode_rewards         0.000000e+00
max_episode_len             5.000000e+02
mean_episode_len            3.185750e+02
min_episode_len             0.000000e+00
mean_timeouts               0.000000e+00
val_max_episode_rewards     1.000000e+01
val_mean_episode_rewards    5.000000e-01
val_min_episode_rewards     0.000000e+00
val_max_episode_len         5.000000e+02
val_mean_episode_len        4.873000e+02
val_min_episode_len         0.000000e+00
val_mean_timeouts           0.000000e+00
Name: 484, dtype: float64
timesteps                   3.185050e+07
wall_time                   2.224179e+05
num_episodes                8.810600e+04
max_episode_rewards         1.000000e+01
mean_episode_rewards        2.500000e+00
min_episode_rewards         0.000000e+00
max_episode_len             5.000000e+02
mean_episode_len            4.060500e+02
min_episode_len             0.000000e+00
mean_timeouts               0.000000e+00
val_max_episode_rewards     1.000000e+01
val_mean_episode_rewards    5.000000e-01
val_min_episode_rewards     0.000000e+00
val_max_episode_len         5.000000e+02
val_mean_episode_len        4.875250e+02
val_min_episode_len         0.000000e+00
val_mean_timeouts           0.000000e+00
Name: 485, dtype: float64
timesteps                   3.191603e+07
wall_time                   2.228638e+05
num_episodes                8.828200e+04
max_episode_rewards         1.000000e+01
mean_episode_rewards        2.500000e+00
min_episode_rewards         0.000000e+00
max_episode_len             5.000000e+02
mean_episode_len            3.958250e+02
min_episode_len             0.000000e+00
mean_timeouts               0.000000e+00
val_max_episode_rewards     0.000000e+00
val_mean_episode_rewards    0.000000e+00
val_min_episode_rewards     0.000000e+00
val_max_episode_len         5.000000e+02
val_mean_episode_len        5.000000e+02
val_min_episode_len         0.000000e+00
val_mean_timeouts           0.000000e+00
Name: 486, dtype: float64
timesteps                   3.198157e+07
wall_time                   2.233192e+05
num_episodes                8.847600e+04
max_episode_rewards         1.000000e+01
mean_episode_rewards        4.250000e+00
min_episode_rewards         0.000000e+00
max_episode_len             5.000000e+02
mean_episode_len            3.199000e+02
min_episode_len             0.000000e+00
mean_timeouts               0.000000e+00
val_max_episode_rewards     1.000000e+01
val_mean_episode_rewards    2.500000e-01
val_min_episode_rewards     0.000000e+00
val_max_episode_len         5.000000e+02
val_mean_episode_len        4.932000e+02
val_min_episode_len         0.000000e+00
val_mean_timeouts           0.000000e+00
Name: 487, dtype: float64
timesteps                   3.204710e+07
wall_time                   2.237860e+05
num_episodes                8.866000e+04
max_episode_rewards         1.000000e+01
mean_episode_rewards        3.500000e+00
min_episode_rewards         0.000000e+00
max_episode_len             5.000000e+02
mean_episode_len            3.464250e+02
min_episode_len             0.000000e+00
mean_timeouts               0.000000e+00
val_max_episode_rewards     0.000000e+00
val_mean_episode_rewards    0.000000e+00
val_min_episode_rewards     0.000000e+00
val_max_episode_len         5.000000e+02
val_mean_episode_len        5.000000e+02
val_min_episode_len         0.000000e+00
val_mean_timeouts           0.000000e+00
Name: 488, dtype: float64
timesteps                   3.211264e+07
wall_time                   2.242427e+05
num_episodes                8.883400e+04
max_episode_rewards         1.000000e+01
mean_episode_rewards        3.250000e+00
min_episode_rewards         0.000000e+00
max_episode_len             5.000000e+02
mean_episode_len            3.736000e+02
min_episode_len             0.000000e+00
mean_timeouts               2.500000e-02
val_max_episode_rewards     1.000000e+01
val_mean_episode_rewards    5.000000e-01
val_min_episode_rewards     0.000000e+00
val_max_episode_len         5.000000e+02
val_mean_episode_len        4.853750e+02
val_min_episode_len         0.000000e+00
val_mean_timeouts           0.000000e+00
Name: 489, dtype: float64
timesteps                   3.217818e+07
wall_time                   2.246794e+05
num_episodes                8.901700e+04
max_episode_rewards         1.000000e+01
mean_episode_rewards        3.250000e+00
min_episode_rewards         0.000000e+00
max_episode_len             5.000000e+02
mean_episode_len            3.751000e+02
min_episode_len             0.000000e+00
mean_timeouts               2.500000e-02
val_max_episode_rewards     1.000000e+01
val_mean_episode_rewards    5.000000e-01
val_min_episode_rewards     0.000000e+00
val_max_episode_len         5.000000e+02
val_mean_episode_len        4.751500e+02
val_min_episode_len         0.000000e+00
val_mean_timeouts           0.000000e+00
Name: 490, dtype: float64
timesteps                   3.224371e+07
wall_time                   2.251147e+05
num_episodes                8.921000e+04
max_episode_rewards         1.000000e+01
mean_episode_rewards        3.500000e+00
min_episode_rewards         0.000000e+00
max_episode_len             5.000000e+02
mean_episode_len            3.431750e+02
min_episode_len             0.000000e+00
mean_timeouts               0.000000e+00
val_max_episode_rewards     1.000000e+01
val_mean_episode_rewards    1.000000e+00
val_min_episode_rewards     0.000000e+00
val_max_episode_len         5.000000e+02
val_mean_episode_len        4.502500e+02
val_min_episode_len         0.000000e+00
val_mean_timeouts           0.000000e+00
Name: 491, dtype: float64
timesteps                   3.230925e+07
wall_time                   2.255608e+05
num_episodes                8.939400e+04
max_episode_rewards         1.000000e+01
mean_episode_rewards        3.500000e+00
min_episode_rewards         0.000000e+00
max_episode_len             5.000000e+02
mean_episode_len            3.639750e+02
min_episode_len             0.000000e+00
mean_timeouts               0.000000e+00
val_max_episode_rewards     1.000000e+01
val_mean_episode_rewards    7.500000e-01
val_min_episode_rewards     0.000000e+00
val_max_episode_len         5.000000e+02
val_mean_episode_len        4.703750e+02
val_min_episode_len         0.000000e+00
val_mean_timeouts           0.000000e+00
Name: 492, dtype: float64
timesteps                   3.237478e+07
wall_time                   2.260077e+05
num_episodes                8.956900e+04
max_episode_rewards         1.000000e+01
mean_episode_rewards        2.500000e+00
min_episode_rewards         0.000000e+00
max_episode_len             5.000000e+02
mean_episode_len            3.937250e+02
min_episode_len             0.000000e+00
mean_timeouts               2.500000e-02
val_max_episode_rewards     1.000000e+01
val_mean_episode_rewards    7.500000e-01
val_min_episode_rewards     0.000000e+00
val_max_episode_len         5.000000e+02
val_mean_episode_len        4.715250e+02
val_min_episode_len         0.000000e+00
val_mean_timeouts           0.000000e+00
Name: 493, dtype: float64
timesteps                   3.244032e+07
wall_time                   2.264451e+05
num_episodes                8.975500e+04
max_episode_rewards         1.000000e+01
mean_episode_rewards        3.000000e+00
min_episode_rewards         0.000000e+00
max_episode_len             5.000000e+02
mean_episode_len            3.752250e+02
min_episode_len             0.000000e+00
mean_timeouts               0.000000e+00
val_max_episode_rewards     1.000000e+01
val_mean_episode_rewards    1.250000e+00
val_min_episode_rewards     0.000000e+00
val_max_episode_len         5.000000e+02
val_mean_episode_len        4.462500e+02
val_min_episode_len         0.000000e+00
val_mean_timeouts           0.000000e+00
Name: 494, dtype: float64
timesteps                   3.250586e+07
wall_time                   2.268880e+05
num_episodes                8.991400e+04
max_episode_rewards         1.000000e+01
mean_episode_rewards        3.250000e+00
min_episode_rewards         0.000000e+00
max_episode_len             5.000000e+02
mean_episode_len            3.701750e+02
min_episode_len             0.000000e+00
mean_timeouts               0.000000e+00
val_max_episode_rewards     1.000000e+01
val_mean_episode_rewards    1.250000e+00
val_min_episode_rewards     0.000000e+00
val_max_episode_len         5.000000e+02
val_mean_episode_len        4.437750e+02
val_min_episode_len         0.000000e+00
val_mean_timeouts           0.000000e+00
Name: 495, dtype: float64
timesteps                   3.257139e+07
wall_time                   2.273460e+05
num_episodes                9.011300e+04
max_episode_rewards         1.000000e+01
mean_episode_rewards        4.000000e+00
min_episode_rewards         0.000000e+00
max_episode_len             5.000000e+02
mean_episode_len            3.403250e+02
min_episode_len             0.000000e+00
mean_timeouts               0.000000e+00
val_max_episode_rewards     1.000000e+01
val_mean_episode_rewards    7.500000e-01
val_min_episode_rewards     0.000000e+00
val_max_episode_len         5.000000e+02
val_mean_episode_len        4.707250e+02
val_min_episode_len         0.000000e+00
val_mean_timeouts           0.000000e+00
Name: 496, dtype: float64
timesteps                   3.263693e+07
wall_time                   2.278092e+05
num_episodes                9.026100e+04
max_episode_rewards         1.000000e+01
mean_episode_rewards        3.000000e+00
min_episode_rewards         0.000000e+00
max_episode_len             5.000000e+02
mean_episode_len            3.802500e+02
min_episode_len             0.000000e+00
mean_timeouts               2.500000e-02
val_max_episode_rewards     1.000000e+01
val_mean_episode_rewards    5.000000e-01
val_min_episode_rewards     0.000000e+00
val_max_episode_len         5.000000e+02
val_mean_episode_len        4.911000e+02
val_min_episode_len         0.000000e+00
val_mean_timeouts           0.000000e+00
Name: 497, dtype: float64
timesteps                   3.270246e+07
wall_time                   2.282710e+05
num_episodes                9.047800e+04
max_episode_rewards         1.000000e+01
mean_episode_rewards        4.500000e+00
min_episode_rewards         0.000000e+00
max_episode_len             5.000000e+02
mean_episode_len            3.212000e+02
min_episode_len             0.000000e+00
mean_timeouts               0.000000e+00
val_max_episode_rewards     1.000000e+01
val_mean_episode_rewards    5.000000e-01
val_min_episode_rewards     0.000000e+00
val_max_episode_len         5.000000e+02
val_mean_episode_len        4.761000e+02
val_min_episode_len         0.000000e+00
val_mean_timeouts           0.000000e+00
Name: 498, dtype: float64
timesteps                   3.276800e+07
wall_time                   2.287422e+05
num_episodes                9.063800e+04
max_episode_rewards         1.000000e+01
mean_episode_rewards        4.250000e+00
min_episode_rewards         0.000000e+00
max_episode_len             5.000000e+02
mean_episode_len            3.315250e+02
min_episode_len             0.000000e+00
mean_timeouts               0.000000e+00
val_max_episode_rewards     1.000000e+01
val_mean_episode_rewards    1.000000e+00
val_min_episode_rewards     0.000000e+00
val_max_episode_len         5.000000e+02
val_mean_episode_len        4.600000e+02
val_min_episode_len         0.000000e+00
val_mean_timeouts           0.000000e+00
Name: 499, dtype: float64
timesteps                   3.283354e+07
wall_time                   2.291995e+05
num_episodes                9.083900e+04
max_episode_rewards         1.000000e+01
mean_episode_rewards        3.000000e+00
min_episode_rewards         0.000000e+00
max_episode_len             5.000000e+02
mean_episode_len            3.764750e+02
min_episode_len             0.000000e+00
mean_timeouts               0.000000e+00
val_max_episode_rewards     1.000000e+01
val_mean_episode_rewards    5.000000e-01
val_min_episode_rewards     0.000000e+00
val_max_episode_len         5.000000e+02
val_mean_episode_len        4.814750e+02
val_min_episode_len         0.000000e+00
val_mean_timeouts           0.000000e+00
Name: 500, dtype: float64
timesteps                   3.289907e+07
wall_time                   2.296471e+05
num_episodes                9.099000e+04
max_episode_rewards         1.000000e+01
mean_episode_rewards        2.250000e+00
min_episode_rewards         0.000000e+00
max_episode_len             5.000000e+02
mean_episode_len            4.019000e+02
min_episode_len             0.000000e+00
mean_timeouts               0.000000e+00
val_max_episode_rewards     1.000000e+01
val_mean_episode_rewards    5.000000e-01
val_min_episode_rewards     0.000000e+00
val_max_episode_len         5.000000e+02
val_mean_episode_len        4.858750e+02
val_min_episode_len         0.000000e+00
val_mean_timeouts           0.000000e+00
Name: 501, dtype: float64
timesteps                   3.296461e+07
wall_time                   2.301082e+05
num_episodes                9.121700e+04
max_episode_rewards         1.000000e+01
mean_episode_rewards        2.500000e+00
min_episode_rewards         0.000000e+00
max_episode_len             5.000000e+02
mean_episode_len            4.132000e+02
min_episode_len             0.000000e+00
mean_timeouts               0.000000e+00
val_max_episode_rewards     1.000000e+01
val_mean_episode_rewards    1.000000e+00
val_min_episode_rewards     0.000000e+00
val_max_episode_len         5.000000e+02
val_mean_episode_len        4.585750e+02
val_min_episode_len         0.000000e+00
val_mean_timeouts           0.000000e+00
Name: 502, dtype: float64
timesteps                   3.303014e+07
wall_time                   2.305773e+05
num_episodes                9.136500e+04
max_episode_rewards         1.000000e+01
mean_episode_rewards        3.250000e+00
min_episode_rewards         0.000000e+00
max_episode_len             5.000000e+02
mean_episode_len            3.619750e+02
min_episode_len             0.000000e+00
mean_timeouts               0.000000e+00
val_max_episode_rewards     1.000000e+01
val_mean_episode_rewards    7.500000e-01
val_min_episode_rewards     0.000000e+00
val_max_episode_len         5.000000e+02
val_mean_episode_len        4.770500e+02
val_min_episode_len         0.000000e+00
val_mean_timeouts           0.000000e+00
Name: 503, dtype: float64
timesteps                   3.309568e+07
wall_time                   2.310360e+05
num_episodes                9.159200e+04
max_episode_rewards         1.000000e+01
mean_episode_rewards        3.250000e+00
min_episode_rewards         0.000000e+00
max_episode_len             5.000000e+02
mean_episode_len            3.544250e+02
min_episode_len             0.000000e+00
mean_timeouts               0.000000e+00
val_max_episode_rewards     1.000000e+01
val_mean_episode_rewards    5.000000e-01
val_min_episode_rewards     0.000000e+00
val_max_episode_len         5.000000e+02
val_mean_episode_len        4.937000e+02
val_min_episode_len         0.000000e+00
val_mean_timeouts           0.000000e+00
Name: 504, dtype: float64
timesteps                   3.316122e+07
wall_time                   2.314970e+05
num_episodes                9.175100e+04
max_episode_rewards         1.000000e+01
mean_episode_rewards        3.750000e+00
min_episode_rewards         0.000000e+00
max_episode_len             5.000000e+02
mean_episode_len            3.525750e+02
min_episode_len             0.000000e+00
mean_timeouts               2.500000e-02
val_max_episode_rewards     1.000000e+01
val_mean_episode_rewards    5.000000e-01
val_min_episode_rewards     0.000000e+00
val_max_episode_len         5.000000e+02
val_mean_episode_len        4.808500e+02
val_min_episode_len         0.000000e+00
val_mean_timeouts           0.000000e+00
Name: 505, dtype: float64
timesteps                   3.322675e+07
wall_time                   2.319505e+05
num_episodes                9.195700e+04
max_episode_rewards         1.000000e+01
mean_episode_rewards        4.000000e+00
min_episode_rewards         0.000000e+00
max_episode_len             5.000000e+02
mean_episode_len            3.396000e+02
min_episode_len             0.000000e+00
mean_timeouts               0.000000e+00
val_max_episode_rewards     1.000000e+01
val_mean_episode_rewards    7.500000e-01
val_min_episode_rewards     0.000000e+00
val_max_episode_len         5.000000e+02
val_mean_episode_len        4.822000e+02
val_min_episode_len         0.000000e+00
val_mean_timeouts           0.000000e+00
Name: 506, dtype: float64
timesteps                   3.329229e+07
wall_time                   2.324030e+05
num_episodes                9.213100e+04
max_episode_rewards         1.000000e+01
mean_episode_rewards        3.750000e+00
min_episode_rewards         0.000000e+00
max_episode_len             5.000000e+02
mean_episode_len            3.472750e+02
min_episode_len             0.000000e+00
mean_timeouts               0.000000e+00
val_max_episode_rewards     0.000000e+00
val_mean_episode_rewards    0.000000e+00
val_min_episode_rewards     0.000000e+00
val_max_episode_len         5.000000e+02
val_mean_episode_len        5.000000e+02
val_min_episode_len         0.000000e+00
val_mean_timeouts           2.500000e-02
Name: 507, dtype: float64
timesteps                   3.335782e+07
wall_time                   2.328620e+05
num_episodes                9.233600e+04
max_episode_rewards         1.000000e+01
mean_episode_rewards        3.750000e+00
min_episode_rewards         0.000000e+00
max_episode_len             5.000000e+02
mean_episode_len            3.270750e+02
min_episode_len             0.000000e+00
mean_timeouts               0.000000e+00
val_max_episode_rewards     1.000000e+01
val_mean_episode_rewards    5.000000e-01
val_min_episode_rewards     0.000000e+00
val_max_episode_len         5.000000e+02
val_mean_episode_len        4.932500e+02
val_min_episode_len         0.000000e+00
val_mean_timeouts           0.000000e+00
Name: 508, dtype: float64
timesteps                   3.342336e+07
wall_time                   2.333145e+05
num_episodes                9.251200e+04
max_episode_rewards         1.000000e+01
mean_episode_rewards        3.250000e+00
min_episode_rewards         0.000000e+00
max_episode_len             5.000000e+02
mean_episode_len            3.696750e+02
min_episode_len             0.000000e+00
mean_timeouts               0.000000e+00
val_max_episode_rewards     1.000000e+01
val_mean_episode_rewards    2.500000e-01
val_min_episode_rewards     0.000000e+00
val_max_episode_len         5.000000e+02
val_mean_episode_len        4.948250e+02
val_min_episode_len         0.000000e+00
val_mean_timeouts           0.000000e+00
Name: 509, dtype: float64
timesteps                   3.348890e+07
wall_time                   2.337506e+05
num_episodes                9.272300e+04
max_episode_rewards         1.000000e+01
mean_episode_rewards        4.250000e+00
min_episode_rewards         0.000000e+00
max_episode_len             5.000000e+02
mean_episode_len            3.168250e+02
min_episode_len             0.000000e+00
mean_timeouts               0.000000e+00
val_max_episode_rewards     1.000000e+01
val_mean_episode_rewards    7.500000e-01
val_min_episode_rewards     0.000000e+00
val_max_episode_len         5.000000e+02
val_mean_episode_len        4.628250e+02
val_min_episode_len         0.000000e+00
val_mean_timeouts           0.000000e+00
Name: 510, dtype: float64
timesteps                   3.355443e+07
wall_time                   2.341963e+05
num_episodes                9.289200e+04
max_episode_rewards         1.000000e+01
mean_episode_rewards        4.000000e+00
min_episode_rewards         0.000000e+00
max_episode_len             5.000000e+02
mean_episode_len            3.480250e+02
min_episode_len             0.000000e+00
mean_timeouts               0.000000e+00
val_max_episode_rewards     1.000000e+01
val_mean_episode_rewards    5.000000e-01
val_min_episode_rewards     0.000000e+00
val_max_episode_len         5.000000e+02
val_mean_episode_len        4.801000e+02
val_min_episode_len         0.000000e+00
val_mean_timeouts           0.000000e+00
Name: 511, dtype: float64
timesteps                   3.361997e+07
wall_time                   2.346421e+05
num_episodes                9.308700e+04
max_episode_rewards         1.000000e+01
mean_episode_rewards        3.500000e+00
min_episode_rewards         0.000000e+00
max_episode_len             5.000000e+02
mean_episode_len            3.568500e+02
min_episode_len             0.000000e+00
mean_timeouts               0.000000e+00
val_max_episode_rewards     1.000000e+01
val_mean_episode_rewards    7.500000e-01
val_min_episode_rewards     0.000000e+00
val_max_episode_len         5.000000e+02
val_mean_episode_len        4.636500e+02
val_min_episode_len         0.000000e+00
val_mean_timeouts           0.000000e+00
Name: 512, dtype: float64
timesteps                   3.368550e+07
wall_time                   2.350794e+05
num_episodes                9.325500e+04
max_episode_rewards         1.000000e+01
mean_episode_rewards        3.000000e+00
min_episode_rewards         0.000000e+00
max_episode_len             5.000000e+02
mean_episode_len            3.787250e+02
min_episode_len             0.000000e+00
mean_timeouts               2.500000e-02
val_max_episode_rewards     1.000000e+01
val_mean_episode_rewards    5.000000e-01
val_min_episode_rewards     0.000000e+00
val_max_episode_len         5.000000e+02
val_mean_episode_len        4.855500e+02
val_min_episode_len         0.000000e+00
val_mean_timeouts           0.000000e+00
Name: 513, dtype: float64
timesteps                   3.375104e+07
wall_time                   2.355137e+05
num_episodes                9.343800e+04
max_episode_rewards         1.000000e+01
mean_episode_rewards        3.750000e+00
min_episode_rewards         0.000000e+00
max_episode_len             5.000000e+02
mean_episode_len            3.466000e+02
min_episode_len             0.000000e+00
mean_timeouts               0.000000e+00
val_max_episode_rewards     1.000000e+01
val_mean_episode_rewards    7.500000e-01
val_min_episode_rewards     0.000000e+00
val_max_episode_len         5.000000e+02
val_mean_episode_len        4.755750e+02
val_min_episode_len         0.000000e+00
val_mean_timeouts           0.000000e+00
Name: 514, dtype: float64
timesteps                   3.381658e+07
wall_time                   2.359538e+05
num_episodes                9.361900e+04
max_episode_rewards         1.000000e+01
mean_episode_rewards        2.750000e+00
min_episode_rewards         0.000000e+00
max_episode_len             5.000000e+02
mean_episode_len            4.021500e+02
min_episode_len             0.000000e+00
mean_timeouts               0.000000e+00
val_max_episode_rewards     1.000000e+01
val_mean_episode_rewards    5.000000e-01
val_min_episode_rewards     0.000000e+00
val_max_episode_len         5.000000e+02
val_mean_episode_len        4.751500e+02
val_min_episode_len         0.000000e+00
val_mean_timeouts           0.000000e+00
Name: 515, dtype: float64
timesteps                   3.388211e+07
wall_time                   2.363976e+05
num_episodes                9.380500e+04
max_episode_rewards         1.000000e+01
mean_episode_rewards        3.500000e+00
min_episode_rewards         0.000000e+00
max_episode_len             5.000000e+02
mean_episode_len            3.507000e+02
min_episode_len             0.000000e+00
mean_timeouts               0.000000e+00
val_max_episode_rewards     1.000000e+01
val_mean_episode_rewards    5.000000e-01
val_min_episode_rewards     0.000000e+00
val_max_episode_len         5.000000e+02
val_mean_episode_len        4.797250e+02
val_min_episode_len         0.000000e+00
val_mean_timeouts           0.000000e+00
Name: 516, dtype: float64
timesteps                   3.394765e+07
wall_time                   2.368269e+05
num_episodes                9.397400e+04
max_episode_rewards         1.000000e+01
mean_episode_rewards        4.000000e+00
min_episode_rewards         0.000000e+00
max_episode_len             5.000000e+02
mean_episode_len            3.338750e+02
min_episode_len             0.000000e+00
mean_timeouts               0.000000e+00
val_max_episode_rewards     1.000000e+01
val_mean_episode_rewards    7.500000e-01
val_min_episode_rewards     0.000000e+00
val_max_episode_len         5.000000e+02
val_mean_episode_len        4.646250e+02
val_min_episode_len         0.000000e+00
val_mean_timeouts           0.000000e+00
Name: 517, dtype: float64
timesteps                   3.401318e+07
wall_time                   2.372603e+05
num_episodes                9.417800e+04
max_episode_rewards         1.000000e+01
mean_episode_rewards        3.750000e+00
min_episode_rewards         0.000000e+00
max_episode_len             5.000000e+02
mean_episode_len            3.637250e+02
min_episode_len             0.000000e+00
mean_timeouts               0.000000e+00
val_max_episode_rewards     1.000000e+01
val_mean_episode_rewards    7.500000e-01
val_min_episode_rewards     0.000000e+00
val_max_episode_len         5.000000e+02
val_mean_episode_len        4.627000e+02
val_min_episode_len         0.000000e+00
val_mean_timeouts           0.000000e+00
Name: 518, dtype: float64
timesteps                   3.407872e+07
wall_time                   2.377186e+05
num_episodes                9.434800e+04
max_episode_rewards         1.000000e+01
mean_episode_rewards        3.500000e+00
min_episode_rewards         0.000000e+00
max_episode_len             5.000000e+02
mean_episode_len            3.854250e+02
min_episode_len             0.000000e+00
mean_timeouts               0.000000e+00
val_max_episode_rewards     0.000000e+00
val_mean_episode_rewards    0.000000e+00
val_min_episode_rewards     0.000000e+00
val_max_episode_len         5.000000e+02
val_mean_episode_len        5.000000e+02
val_min_episode_len         0.000000e+00
val_mean_timeouts           0.000000e+00
Name: 519, dtype: float64
timesteps                   3.414426e+07
wall_time                   2.381819e+05
num_episodes                9.453900e+04
max_episode_rewards         1.000000e+01
mean_episode_rewards        2.750000e+00
min_episode_rewards         0.000000e+00
max_episode_len             5.000000e+02
mean_episode_len            3.961000e+02
min_episode_len             0.000000e+00
mean_timeouts               0.000000e+00
val_max_episode_rewards     1.000000e+01
val_mean_episode_rewards    5.000000e-01
val_min_episode_rewards     0.000000e+00
val_max_episode_len         5.000000e+02
val_mean_episode_len        4.750500e+02
val_min_episode_len         0.000000e+00
val_mean_timeouts           0.000000e+00
Name: 520, dtype: float64
timesteps                   3.420979e+07
wall_time                   2.386224e+05
num_episodes                9.471500e+04
max_episode_rewards         1.000000e+01
mean_episode_rewards        3.250000e+00
min_episode_rewards         0.000000e+00
max_episode_len             5.000000e+02
mean_episode_len            3.909750e+02
min_episode_len             0.000000e+00
mean_timeouts               0.000000e+00
val_max_episode_rewards     1.000000e+01
val_mean_episode_rewards    2.500000e-01
val_min_episode_rewards     0.000000e+00
val_max_episode_len         5.000000e+02
val_mean_episode_len        4.972000e+02
val_min_episode_len         0.000000e+00
val_mean_timeouts           0.000000e+00
Name: 521, dtype: float64
timesteps                   3.427533e+07
wall_time                   2.390562e+05
num_episodes                9.489600e+04
max_episode_rewards         1.000000e+01
mean_episode_rewards        3.500000e+00
min_episode_rewards         0.000000e+00
max_episode_len             5.000000e+02
mean_episode_len            3.481750e+02
min_episode_len             0.000000e+00
mean_timeouts               0.000000e+00
val_max_episode_rewards     1.000000e+01
val_mean_episode_rewards    2.500000e-01
val_min_episode_rewards     0.000000e+00
val_max_episode_len         5.000000e+02
val_mean_episode_len        4.891250e+02
val_min_episode_len         0.000000e+00
val_mean_timeouts           0.000000e+00
Name: 522, dtype: float64
timesteps                   3.434086e+07
wall_time                   2.395108e+05
num_episodes                9.508400e+04
max_episode_rewards         1.000000e+01
mean_episode_rewards        3.500000e+00
min_episode_rewards         0.000000e+00
max_episode_len             5.000000e+02
mean_episode_len            3.474000e+02
min_episode_len             0.000000e+00
mean_timeouts               0.000000e+00
val_max_episode_rewards     1.000000e+01
val_mean_episode_rewards    1.000000e+00
val_min_episode_rewards     0.000000e+00
val_max_episode_len         5.000000e+02
val_mean_episode_len        4.632750e+02
val_min_episode_len         0.000000e+00
val_mean_timeouts           0.000000e+00
Name: 523, dtype: float64
timesteps                   3.440640e+07
wall_time                   2.399751e+05
num_episodes                9.527800e+04
max_episode_rewards         1.000000e+01
mean_episode_rewards        4.000000e+00
min_episode_rewards         0.000000e+00
max_episode_len             5.000000e+02
mean_episode_len            3.392000e+02
min_episode_len             0.000000e+00
mean_timeouts               0.000000e+00
val_max_episode_rewards     1.000000e+01
val_mean_episode_rewards    2.500000e-01
val_min_episode_rewards     0.000000e+00
val_max_episode_len         5.000000e+02
val_mean_episode_len        4.890500e+02
val_min_episode_len         0.000000e+00
val_mean_timeouts           0.000000e+00
Name: 524, dtype: float64
timesteps                   3.447194e+07
wall_time                   2.404334e+05
num_episodes                9.545700e+04
max_episode_rewards         1.000000e+01
mean_episode_rewards        3.000000e+00
min_episode_rewards         0.000000e+00
max_episode_len             5.000000e+02
mean_episode_len            3.785000e+02
min_episode_len             0.000000e+00
mean_timeouts               0.000000e+00
val_max_episode_rewards     1.000000e+01
val_mean_episode_rewards    2.500000e-01
val_min_episode_rewards     0.000000e+00
val_max_episode_len         5.000000e+02
val_mean_episode_len        4.876000e+02
val_min_episode_len         0.000000e+00
val_mean_timeouts           0.000000e+00
Name: 525, dtype: float64
timesteps                   3.453747e+07
wall_time                   2.408817e+05
num_episodes                9.563100e+04
max_episode_rewards         1.000000e+01
mean_episode_rewards        2.750000e+00
min_episode_rewards         0.000000e+00
max_episode_len             5.000000e+02
mean_episode_len            3.785750e+02
min_episode_len             0.000000e+00
mean_timeouts               0.000000e+00
val_max_episode_rewards     1.000000e+01
val_mean_episode_rewards    1.250000e+00
val_min_episode_rewards     0.000000e+00
val_max_episode_len         5.000000e+02
val_mean_episode_len        4.521750e+02
val_min_episode_len         0.000000e+00
val_mean_timeouts           0.000000e+00
Name: 526, dtype: float64
timesteps                   3.460301e+07
wall_time                   2.413216e+05
num_episodes                9.580300e+04
max_episode_rewards         1.000000e+01
mean_episode_rewards        3.500000e+00
min_episode_rewards         0.000000e+00
max_episode_len             5.000000e+02
mean_episode_len            3.634500e+02
min_episode_len             0.000000e+00
mean_timeouts               0.000000e+00
val_max_episode_rewards     0.000000e+00
val_mean_episode_rewards    0.000000e+00
val_min_episode_rewards     0.000000e+00
val_max_episode_len         5.000000e+02
val_mean_episode_len        5.000000e+02
val_min_episode_len         0.000000e+00
val_mean_timeouts           0.000000e+00
Name: 527, dtype: float64
timesteps                   3.466854e+07
wall_time                   2.417782e+05
num_episodes                9.600400e+04
max_episode_rewards         1.000000e+01
mean_episode_rewards        3.250000e+00
min_episode_rewards         0.000000e+00
max_episode_len             5.000000e+02
mean_episode_len            3.840250e+02
min_episode_len             0.000000e+00
mean_timeouts               0.000000e+00
val_max_episode_rewards     1.000000e+01
val_mean_episode_rewards    7.500000e-01
val_min_episode_rewards     0.000000e+00
val_max_episode_len         5.000000e+02
val_mean_episode_len        4.744250e+02
val_min_episode_len         0.000000e+00
val_mean_timeouts           0.000000e+00
Name: 528, dtype: float64
timesteps                   3.473408e+07
wall_time                   2.422337e+05
num_episodes                9.618300e+04
max_episode_rewards         1.000000e+01
mean_episode_rewards        5.000000e+00
min_episode_rewards         0.000000e+00
max_episode_len             5.000000e+02
mean_episode_len            3.091750e+02
min_episode_len             0.000000e+00
mean_timeouts               0.000000e+00
val_max_episode_rewards     0.000000e+00
val_mean_episode_rewards    0.000000e+00
val_min_episode_rewards     0.000000e+00
val_max_episode_len         5.000000e+02
val_mean_episode_len        5.000000e+02
val_min_episode_len         0.000000e+00
val_mean_timeouts           0.000000e+00
Name: 529, dtype: float64
timesteps                   3.479962e+07
wall_time                   2.426865e+05
num_episodes                9.638800e+04
max_episode_rewards         1.000000e+01
mean_episode_rewards        5.000000e+00
min_episode_rewards         0.000000e+00
max_episode_len             5.000000e+02
mean_episode_len            2.895000e+02
min_episode_len             0.000000e+00
mean_timeouts               0.000000e+00
val_max_episode_rewards     1.000000e+01
val_mean_episode_rewards    7.500000e-01
val_min_episode_rewards     0.000000e+00
val_max_episode_len         5.000000e+02
val_mean_episode_len        4.693500e+02
val_min_episode_len         0.000000e+00
val_mean_timeouts           0.000000e+00
Name: 530, dtype: float64
timesteps                   3.486515e+07
wall_time                   2.431418e+05
num_episodes                9.657900e+04
max_episode_rewards         1.000000e+01
mean_episode_rewards        4.000000e+00
min_episode_rewards         0.000000e+00
max_episode_len             5.000000e+02
mean_episode_len            3.392000e+02
min_episode_len             0.000000e+00
mean_timeouts               0.000000e+00
val_max_episode_rewards     1.000000e+01
val_mean_episode_rewards    5.000000e-01
val_min_episode_rewards     0.000000e+00
val_max_episode_len         5.000000e+02
val_mean_episode_len        4.847750e+02
val_min_episode_len         0.000000e+00
val_mean_timeouts           0.000000e+00
Name: 531, dtype: float64
timesteps                   3.493069e+07
wall_time                   2.435947e+05
num_episodes                9.676500e+04
max_episode_rewards         1.000000e+01
mean_episode_rewards        3.750000e+00
min_episode_rewards         0.000000e+00
max_episode_len             5.000000e+02
mean_episode_len            3.332250e+02
min_episode_len             0.000000e+00
mean_timeouts               0.000000e+00
val_max_episode_rewards     1.000000e+01
val_mean_episode_rewards    5.000000e-01
val_min_episode_rewards     0.000000e+00
val_max_episode_len         5.000000e+02
val_mean_episode_len        4.806000e+02
val_min_episode_len         0.000000e+00
val_mean_timeouts           0.000000e+00
Name: 532, dtype: float64
timesteps                   3.499622e+07
wall_time                   2.440498e+05
num_episodes                9.694400e+04
max_episode_rewards         1.000000e+01
mean_episode_rewards        3.500000e+00
min_episode_rewards         0.000000e+00
max_episode_len             5.000000e+02
mean_episode_len            3.603250e+02
min_episode_len             0.000000e+00
mean_timeouts               2.500000e-02
val_max_episode_rewards     1.000000e+01
val_mean_episode_rewards    2.500000e-01
val_min_episode_rewards     0.000000e+00
val_max_episode_len         5.000000e+02
val_mean_episode_len        4.875500e+02
val_min_episode_len         0.000000e+00
val_mean_timeouts           0.000000e+00
Name: 533, dtype: float64
timesteps                   3.506176e+07
wall_time                   2.445145e+05
num_episodes                9.712400e+04
max_episode_rewards         1.000000e+01
mean_episode_rewards        4.000000e+00
min_episode_rewards         0.000000e+00
max_episode_len             5.000000e+02
mean_episode_len            3.405750e+02
min_episode_len             0.000000e+00
mean_timeouts               0.000000e+00
val_max_episode_rewards     1.000000e+01
val_mean_episode_rewards    1.000000e+00
val_min_episode_rewards     0.000000e+00
val_max_episode_len         5.000000e+02
val_mean_episode_len        4.583750e+02
val_min_episode_len         0.000000e+00
val_mean_timeouts           0.000000e+00
Name: 534, dtype: float64
timesteps                   3.512730e+07
wall_time                   2.449673e+05
num_episodes                9.730100e+04
max_episode_rewards         1.000000e+01
mean_episode_rewards        2.500000e+00
min_episode_rewards         0.000000e+00
max_episode_len             5.000000e+02
mean_episode_len            4.062500e+02
min_episode_len             0.000000e+00
mean_timeouts               0.000000e+00
val_max_episode_rewards     1.000000e+01
val_mean_episode_rewards    7.500000e-01
val_min_episode_rewards     0.000000e+00
val_max_episode_len         5.000000e+02
val_mean_episode_len        4.656500e+02
val_min_episode_len         0.000000e+00
val_mean_timeouts           2.500000e-02
Name: 535, dtype: float64
timesteps                   3.519283e+07
wall_time                   2.454204e+05
num_episodes                9.748100e+04
max_episode_rewards         1.000000e+01
mean_episode_rewards        3.000000e+00
min_episode_rewards         0.000000e+00
max_episode_len             5.000000e+02
mean_episode_len            3.585500e+02
min_episode_len             0.000000e+00
mean_timeouts               0.000000e+00
val_max_episode_rewards     1.000000e+01
val_mean_episode_rewards    2.500000e-01
val_min_episode_rewards     0.000000e+00
val_max_episode_len         5.000000e+02
val_mean_episode_len        4.875250e+02
val_min_episode_len         0.000000e+00
val_mean_timeouts           0.000000e+00
Name: 536, dtype: float64
timesteps                   3.525837e+07
wall_time                   2.458757e+05
num_episodes                9.764600e+04
max_episode_rewards         1.000000e+01
mean_episode_rewards        3.750000e+00
min_episode_rewards         0.000000e+00
max_episode_len             5.000000e+02
mean_episode_len            3.527000e+02
min_episode_len             0.000000e+00
mean_timeouts               2.500000e-02
val_max_episode_rewards     1.000000e+01
val_mean_episode_rewards    1.500000e+00
val_min_episode_rewards     0.000000e+00
val_max_episode_len         5.000000e+02
val_mean_episode_len        4.475000e+02
val_min_episode_len         0.000000e+00
val_mean_timeouts           0.000000e+00
Name: 537, dtype: float64
timesteps                   3.532390e+07
wall_time                   2.463245e+05
num_episodes                9.784000e+04
max_episode_rewards         1.000000e+01
mean_episode_rewards        3.500000e+00
min_episode_rewards         0.000000e+00
max_episode_len             5.000000e+02
mean_episode_len            3.450250e+02
min_episode_len             0.000000e+00
mean_timeouts               0.000000e+00
val_max_episode_rewards     1.000000e+01
val_mean_episode_rewards    5.000000e-01
val_min_episode_rewards     0.000000e+00
val_max_episode_len         5.000000e+02
val_mean_episode_len        4.867000e+02
val_min_episode_len         0.000000e+00
val_mean_timeouts           0.000000e+00
Name: 538, dtype: float64slurmstepd: error: *** JOB 402885 ON gan.ist.berkeley.edu CANCELLED AT 2024-07-23T03:54:59 DUE TO TIME LIMIT ***
