++ /nas/ucb/tutrinh/anaconda3/bin/conda shell.bash hook
+ eval 'export CONDA_EXE='\''/nas/ucb/tutrinh/anaconda3/bin/conda'\''
export _CE_M='\'''\''
export _CE_CONDA='\'''\''
export CONDA_PYTHON_EXE='\''/nas/ucb/tutrinh/anaconda3/bin/python'\''

# Copyright (C) 2012 Anaconda, Inc
# SPDX-License-Identifier: BSD-3-Clause
__conda_exe() (
    "$CONDA_EXE" $_CE_M $_CE_CONDA "$@"
)

__conda_hashr() {
    if [ -n "${ZSH_VERSION:+x}" ]; then
        \rehash
    elif [ -n "${POSH_VERSION:+x}" ]; then
        :  # pass
    else
        \hash -r
    fi
}

__conda_activate() {
    if [ -n "${CONDA_PS1_BACKUP:+x}" ]; then
        # Handle transition from shell activated with conda <= 4.3 to a subsequent activation
        # after conda updated to >= 4.4. See issue #6173.
        PS1="$CONDA_PS1_BACKUP"
        \unset CONDA_PS1_BACKUP
    fi
    \local ask_conda
    ask_conda="$(PS1="${PS1:-}" __conda_exe shell.posix "$@")" || \return
    \eval "$ask_conda"
    __conda_hashr
}

__conda_reactivate() {
    \local ask_conda
    ask_conda="$(PS1="${PS1:-}" __conda_exe shell.posix reactivate)" || \return
    \eval "$ask_conda"
    __conda_hashr
}

conda() {
    \local cmd="${1-__missing__}"
    case "$cmd" in
        activate|deactivate)
            __conda_activate "$@"
            ;;
        install|update|upgrade|remove|uninstall)
            __conda_exe "$@" || \return
            __conda_reactivate
            ;;
        *)
            __conda_exe "$@"
            ;;
    esac
}

if [ -z "${CONDA_SHLVL+x}" ]; then
    \export CONDA_SHLVL=0
    # In dev-mode CONDA_EXE is python.exe and on Windows
    # it is in a different relative location to condabin.
    if [ -n "${_CE_CONDA:+x}" ] && [ -n "${WINDIR+x}" ]; then
        PATH="$(\dirname "$CONDA_EXE")/condabin${PATH:+":${PATH}"}"
    else
        PATH="$(\dirname "$(\dirname "$CONDA_EXE")")/condabin${PATH:+":${PATH}"}"
    fi
    \export PATH

    # We'\''re not allowing PS1 to be unbound. It must at least be set.
    # However, we'\''re not exporting it, which can cause problems when starting a second shell
    # via a first shell (i.e. starting zsh from bash).
    if [ -z "${PS1+x}" ]; then
        PS1=
    fi
fi

conda activate base'
++ export CONDA_EXE=/nas/ucb/tutrinh/anaconda3/bin/conda
++ CONDA_EXE=/nas/ucb/tutrinh/anaconda3/bin/conda
++ export _CE_M=
++ _CE_M=
++ export _CE_CONDA=
++ _CE_CONDA=
++ export CONDA_PYTHON_EXE=/nas/ucb/tutrinh/anaconda3/bin/python
++ CONDA_PYTHON_EXE=/nas/ucb/tutrinh/anaconda3/bin/python
++ '[' -z x ']'
++ conda activate base
++ local cmd=activate
++ case "$cmd" in
++ __conda_activate activate base
++ '[' -n '' ']'
++ local ask_conda
+++ PS1=
+++ __conda_exe shell.posix activate base
+++ /nas/ucb/tutrinh/anaconda3/bin/conda shell.posix activate base
++ ask_conda='PS1='\''(base) '\''
export PATH='\''/home/tutrinh/.local/bin:/nas/ucb/tutrinh/anaconda3/bin:/nas/ucb/tutrinh/anaconda3/condabin:/usr/local/sbin:/usr/local/bin:/usr/sbin:/usr/bin:/sbin:/bin:/usr/games:/usr/local/games:/home/tutrinh/.local/bin'\''
export CONDA_SHLVL='\''1'\''
export CONDA_PROMPT_MODIFIER='\''(base) '\'''
++ eval 'PS1='\''(base) '\''
export PATH='\''/home/tutrinh/.local/bin:/nas/ucb/tutrinh/anaconda3/bin:/nas/ucb/tutrinh/anaconda3/condabin:/usr/local/sbin:/usr/local/bin:/usr/sbin:/usr/bin:/sbin:/bin:/usr/games:/usr/local/games:/home/tutrinh/.local/bin'\''
export CONDA_SHLVL='\''1'\''
export CONDA_PROMPT_MODIFIER='\''(base) '\'''
+++ PS1='(base) '
+++ export PATH=/home/tutrinh/.local/bin:/nas/ucb/tutrinh/anaconda3/bin:/nas/ucb/tutrinh/anaconda3/condabin:/usr/local/sbin:/usr/local/bin:/usr/sbin:/usr/bin:/sbin:/bin:/usr/games:/usr/local/games:/home/tutrinh/.local/bin
+++ PATH=/home/tutrinh/.local/bin:/nas/ucb/tutrinh/anaconda3/bin:/nas/ucb/tutrinh/anaconda3/condabin:/usr/local/sbin:/usr/local/bin:/usr/sbin:/usr/bin:/sbin:/bin:/usr/games:/usr/local/games:/home/tutrinh/.local/bin
+++ export CONDA_SHLVL=1
+++ CONDA_SHLVL=1
+++ export 'CONDA_PROMPT_MODIFIER=(base) '
+++ CONDA_PROMPT_MODIFIER='(base) '
++ __conda_hashr
++ '[' -n '' ']'
++ '[' -n '' ']'
++ hash -r
+ conda activate ood
+ local cmd=activate
+ case "$cmd" in
+ __conda_activate activate ood
+ '[' -n '' ']'
+ local ask_conda
++ PS1='(base) '
++ __conda_exe shell.posix activate ood
++ /nas/ucb/tutrinh/anaconda3/bin/conda shell.posix activate ood
+ ask_conda='PS1='\''(ood) '\''
export PATH='\''/home/tutrinh/.local/bin:/nas/ucb/tutrinh/anaconda3/envs/ood/bin:/nas/ucb/tutrinh/anaconda3/condabin:/usr/local/sbin:/usr/local/bin:/usr/sbin:/usr/bin:/sbin:/bin:/usr/games:/usr/local/games:/home/tutrinh/.local/bin'\''
export CONDA_PREFIX='\''/nas/ucb/tutrinh/anaconda3/envs/ood'\''
export CONDA_SHLVL='\''2'\''
export CONDA_DEFAULT_ENV='\''ood'\''
export CONDA_PROMPT_MODIFIER='\''(ood) '\''
export CONDA_PREFIX_1='\''/nas/ucb/tutrinh/anaconda3'\''
export CONDA_EXE='\''/nas/ucb/tutrinh/anaconda3/bin/conda'\''
export _CE_M='\'''\''
export _CE_CONDA='\'''\''
export CONDA_PYTHON_EXE='\''/nas/ucb/tutrinh/anaconda3/bin/python'\''
. "/nas/ucb/tutrinh/anaconda3/envs/ood/etc/conda/activate.d/activate-binutils_linux-64.sh"
. "/nas/ucb/tutrinh/anaconda3/envs/ood/etc/conda/activate.d/activate-gcc_linux-64.sh"
. "/nas/ucb/tutrinh/anaconda3/envs/ood/etc/conda/activate.d/glib_activate.sh"'
+ eval 'PS1='\''(ood) '\''
export PATH='\''/home/tutrinh/.local/bin:/nas/ucb/tutrinh/anaconda3/envs/ood/bin:/nas/ucb/tutrinh/anaconda3/condabin:/usr/local/sbin:/usr/local/bin:/usr/sbin:/usr/bin:/sbin:/bin:/usr/games:/usr/local/games:/home/tutrinh/.local/bin'\''
export CONDA_PREFIX='\''/nas/ucb/tutrinh/anaconda3/envs/ood'\''
export CONDA_SHLVL='\''2'\''
export CONDA_DEFAULT_ENV='\''ood'\''
export CONDA_PROMPT_MODIFIER='\''(ood) '\''
export CONDA_PREFIX_1='\''/nas/ucb/tutrinh/anaconda3'\''
export CONDA_EXE='\''/nas/ucb/tutrinh/anaconda3/bin/conda'\''
export _CE_M='\'''\''
export _CE_CONDA='\'''\''
export CONDA_PYTHON_EXE='\''/nas/ucb/tutrinh/anaconda3/bin/python'\''
. "/nas/ucb/tutrinh/anaconda3/envs/ood/etc/conda/activate.d/activate-binutils_linux-64.sh"
. "/nas/ucb/tutrinh/anaconda3/envs/ood/etc/conda/activate.d/activate-gcc_linux-64.sh"
. "/nas/ucb/tutrinh/anaconda3/envs/ood/etc/conda/activate.d/glib_activate.sh"'
++ PS1='(ood) '
++ export PATH=/home/tutrinh/.local/bin:/nas/ucb/tutrinh/anaconda3/envs/ood/bin:/nas/ucb/tutrinh/anaconda3/condabin:/usr/local/sbin:/usr/local/bin:/usr/sbin:/usr/bin:/sbin:/bin:/usr/games:/usr/local/games:/home/tutrinh/.local/bin
++ PATH=/home/tutrinh/.local/bin:/nas/ucb/tutrinh/anaconda3/envs/ood/bin:/nas/ucb/tutrinh/anaconda3/condabin:/usr/local/sbin:/usr/local/bin:/usr/sbin:/usr/bin:/sbin:/bin:/usr/games:/usr/local/games:/home/tutrinh/.local/bin
++ export CONDA_PREFIX=/nas/ucb/tutrinh/anaconda3/envs/ood
++ CONDA_PREFIX=/nas/ucb/tutrinh/anaconda3/envs/ood
++ export CONDA_SHLVL=2
++ CONDA_SHLVL=2
++ export CONDA_DEFAULT_ENV=ood
++ CONDA_DEFAULT_ENV=ood
++ export 'CONDA_PROMPT_MODIFIER=(ood) '
++ CONDA_PROMPT_MODIFIER='(ood) '
++ export CONDA_PREFIX_1=/nas/ucb/tutrinh/anaconda3
++ CONDA_PREFIX_1=/nas/ucb/tutrinh/anaconda3
++ export CONDA_EXE=/nas/ucb/tutrinh/anaconda3/bin/conda
++ CONDA_EXE=/nas/ucb/tutrinh/anaconda3/bin/conda
++ export _CE_M=
++ _CE_M=
++ export _CE_CONDA=
++ _CE_CONDA=
++ export CONDA_PYTHON_EXE=/nas/ucb/tutrinh/anaconda3/bin/python
++ CONDA_PYTHON_EXE=/nas/ucb/tutrinh/anaconda3/bin/python
++ . /nas/ucb/tutrinh/anaconda3/envs/ood/etc/conda/activate.d/activate-binutils_linux-64.sh
+++ env
+++ _tc_activation activate host x86_64-conda_cos6-linux-gnu x86_64-conda_cos6-linux-gnu- addr2line ar as c++filt elfedit gprof ld ld.gold nm objcopy objdump ranlib readelf size strings strip
+++ local act_nature=activate
+++ shift
+++ local tc_nature=host
+++ shift
+++ local tc_machine=x86_64-conda_cos6-linux-gnu
+++ shift
+++ local tc_prefix=x86_64-conda_cos6-linux-gnu-
+++ shift
+++ local thing
+++ local newval
+++ local from
+++ local to
+++ local which
+++ local pass
+++ '[' activate = activate ']'
+++ from=
+++ to=CONDA_BACKUP_
+++ for pass in check apply
+++ for thing in $tc_nature,$tc_machine "$@"
+++ case "${thing}" in
++++ echo host,x86_64-conda_cos6-linux-gnu
++++ sed 's,^[^\,]*\,\(.*\),\1,'
+++ newval=x86_64-conda_cos6-linux-gnu
++++ sed 's,^\([^\,]*\)\,.*,\1,'
++++ echo host,x86_64-conda_cos6-linux-gnu
+++ thing=host
+++ '[' check = apply ']'
+++ for thing in $tc_nature,$tc_machine "$@"
+++ case "${thing}" in
++++ which /nas/ucb/tutrinh/anaconda3/envs/ood/bin/x86_64-conda_cos6-linux-gnu-addr2line
+++ newval=/nas/ucb/tutrinh/anaconda3/envs/ood/bin/x86_64-conda_cos6-linux-gnu-addr2line
+++ '[' -z /nas/ucb/tutrinh/anaconda3/envs/ood/bin/x86_64-conda_cos6-linux-gnu-addr2line -a check = check ']'
+++ '[' check = apply ']'
+++ for thing in $tc_nature,$tc_machine "$@"
+++ case "${thing}" in
++++ which /nas/ucb/tutrinh/anaconda3/envs/ood/bin/x86_64-conda_cos6-linux-gnu-ar
+++ newval=/nas/ucb/tutrinh/anaconda3/envs/ood/bin/x86_64-conda_cos6-linux-gnu-ar
+++ '[' -z /nas/ucb/tutrinh/anaconda3/envs/ood/bin/x86_64-conda_cos6-linux-gnu-ar -a check = check ']'
+++ '[' check = apply ']'
+++ for thing in $tc_nature,$tc_machine "$@"
+++ case "${thing}" in
++++ which /nas/ucb/tutrinh/anaconda3/envs/ood/bin/x86_64-conda_cos6-linux-gnu-as
+++ newval=/nas/ucb/tutrinh/anaconda3/envs/ood/bin/x86_64-conda_cos6-linux-gnu-as
+++ '[' -z /nas/ucb/tutrinh/anaconda3/envs/ood/bin/x86_64-conda_cos6-linux-gnu-as -a check = check ']'
+++ '[' check = apply ']'
+++ for thing in $tc_nature,$tc_machine "$@"
+++ case "${thing}" in
++++ which /nas/ucb/tutrinh/anaconda3/envs/ood/bin/x86_64-conda_cos6-linux-gnu-c++filt
+++ newval=/nas/ucb/tutrinh/anaconda3/envs/ood/bin/x86_64-conda_cos6-linux-gnu-c++filt
+++ '[' -z /nas/ucb/tutrinh/anaconda3/envs/ood/bin/x86_64-conda_cos6-linux-gnu-c++filt -a check = check ']'
+++ '[' check = apply ']'
+++ for thing in $tc_nature,$tc_machine "$@"
+++ case "${thing}" in
++++ which /nas/ucb/tutrinh/anaconda3/envs/ood/bin/x86_64-conda_cos6-linux-gnu-elfedit
+++ newval=/nas/ucb/tutrinh/anaconda3/envs/ood/bin/x86_64-conda_cos6-linux-gnu-elfedit
+++ '[' -z /nas/ucb/tutrinh/anaconda3/envs/ood/bin/x86_64-conda_cos6-linux-gnu-elfedit -a check = check ']'
+++ '[' check = apply ']'
+++ for thing in $tc_nature,$tc_machine "$@"
+++ case "${thing}" in
++++ which /nas/ucb/tutrinh/anaconda3/envs/ood/bin/x86_64-conda_cos6-linux-gnu-gprof
+++ newval=/nas/ucb/tutrinh/anaconda3/envs/ood/bin/x86_64-conda_cos6-linux-gnu-gprof
+++ '[' -z /nas/ucb/tutrinh/anaconda3/envs/ood/bin/x86_64-conda_cos6-linux-gnu-gprof -a check = check ']'
+++ '[' check = apply ']'
+++ for thing in $tc_nature,$tc_machine "$@"
+++ case "${thing}" in
++++ which /nas/ucb/tutrinh/anaconda3/envs/ood/bin/x86_64-conda_cos6-linux-gnu-ld
+++ newval=/nas/ucb/tutrinh/anaconda3/envs/ood/bin/x86_64-conda_cos6-linux-gnu-ld
+++ '[' -z /nas/ucb/tutrinh/anaconda3/envs/ood/bin/x86_64-conda_cos6-linux-gnu-ld -a check = check ']'
+++ '[' check = apply ']'
+++ for thing in $tc_nature,$tc_machine "$@"
+++ case "${thing}" in
++++ which /nas/ucb/tutrinh/anaconda3/envs/ood/bin/x86_64-conda_cos6-linux-gnu-ld.gold
+++ newval=/nas/ucb/tutrinh/anaconda3/envs/ood/bin/x86_64-conda_cos6-linux-gnu-ld.gold
+++ '[' -z /nas/ucb/tutrinh/anaconda3/envs/ood/bin/x86_64-conda_cos6-linux-gnu-ld.gold -a check = check ']'
+++ '[' check = apply ']'
+++ for thing in $tc_nature,$tc_machine "$@"
+++ case "${thing}" in
++++ which /nas/ucb/tutrinh/anaconda3/envs/ood/bin/x86_64-conda_cos6-linux-gnu-nm
+++ newval=/nas/ucb/tutrinh/anaconda3/envs/ood/bin/x86_64-conda_cos6-linux-gnu-nm
+++ '[' -z /nas/ucb/tutrinh/anaconda3/envs/ood/bin/x86_64-conda_cos6-linux-gnu-nm -a check = check ']'
+++ '[' check = apply ']'
+++ for thing in $tc_nature,$tc_machine "$@"
+++ case "${thing}" in
++++ which /nas/ucb/tutrinh/anaconda3/envs/ood/bin/x86_64-conda_cos6-linux-gnu-objcopy
+++ newval=/nas/ucb/tutrinh/anaconda3/envs/ood/bin/x86_64-conda_cos6-linux-gnu-objcopy
+++ '[' -z /nas/ucb/tutrinh/anaconda3/envs/ood/bin/x86_64-conda_cos6-linux-gnu-objcopy -a check = check ']'
+++ '[' check = apply ']'
+++ for thing in $tc_nature,$tc_machine "$@"
+++ case "${thing}" in
++++ which /nas/ucb/tutrinh/anaconda3/envs/ood/bin/x86_64-conda_cos6-linux-gnu-objdump
+++ newval=/nas/ucb/tutrinh/anaconda3/envs/ood/bin/x86_64-conda_cos6-linux-gnu-objdump
+++ '[' -z /nas/ucb/tutrinh/anaconda3/envs/ood/bin/x86_64-conda_cos6-linux-gnu-objdump -a check = check ']'
+++ '[' check = apply ']'
+++ for thing in $tc_nature,$tc_machine "$@"
+++ case "${thing}" in
++++ which /nas/ucb/tutrinh/anaconda3/envs/ood/bin/x86_64-conda_cos6-linux-gnu-ranlib
+++ newval=/nas/ucb/tutrinh/anaconda3/envs/ood/bin/x86_64-conda_cos6-linux-gnu-ranlib
+++ '[' -z /nas/ucb/tutrinh/anaconda3/envs/ood/bin/x86_64-conda_cos6-linux-gnu-ranlib -a check = check ']'
+++ '[' check = apply ']'
+++ for thing in $tc_nature,$tc_machine "$@"
+++ case "${thing}" in
++++ which /nas/ucb/tutrinh/anaconda3/envs/ood/bin/x86_64-conda_cos6-linux-gnu-readelf
+++ newval=/nas/ucb/tutrinh/anaconda3/envs/ood/bin/x86_64-conda_cos6-linux-gnu-readelf
+++ '[' -z /nas/ucb/tutrinh/anaconda3/envs/ood/bin/x86_64-conda_cos6-linux-gnu-readelf -a check = check ']'
+++ '[' check = apply ']'
+++ for thing in $tc_nature,$tc_machine "$@"
+++ case "${thing}" in
++++ which /nas/ucb/tutrinh/anaconda3/envs/ood/bin/x86_64-conda_cos6-linux-gnu-size
+++ newval=/nas/ucb/tutrinh/anaconda3/envs/ood/bin/x86_64-conda_cos6-linux-gnu-size
+++ '[' -z /nas/ucb/tutrinh/anaconda3/envs/ood/bin/x86_64-conda_cos6-linux-gnu-size -a check = check ']'
+++ '[' check = apply ']'
+++ for thing in $tc_nature,$tc_machine "$@"
+++ case "${thing}" in
++++ which /nas/ucb/tutrinh/anaconda3/envs/ood/bin/x86_64-conda_cos6-linux-gnu-strings
+++ newval=/nas/ucb/tutrinh/anaconda3/envs/ood/bin/x86_64-conda_cos6-linux-gnu-strings
+++ '[' -z /nas/ucb/tutrinh/anaconda3/envs/ood/bin/x86_64-conda_cos6-linux-gnu-strings -a check = check ']'
+++ '[' check = apply ']'
+++ for thing in $tc_nature,$tc_machine "$@"
+++ case "${thing}" in
++++ which /nas/ucb/tutrinh/anaconda3/envs/ood/bin/x86_64-conda_cos6-linux-gnu-strip
+++ newval=/nas/ucb/tutrinh/anaconda3/envs/ood/bin/x86_64-conda_cos6-linux-gnu-strip
+++ '[' -z /nas/ucb/tutrinh/anaconda3/envs/ood/bin/x86_64-conda_cos6-linux-gnu-strip -a check = check ']'
+++ '[' check = apply ']'
+++ for pass in check apply
+++ for thing in $tc_nature,$tc_machine "$@"
+++ case "${thing}" in
++++ sed 's,^[^\,]*\,\(.*\),\1,'
++++ echo host,x86_64-conda_cos6-linux-gnu
+++ newval=x86_64-conda_cos6-linux-gnu
++++ sed 's,^\([^\,]*\)\,.*,\1,'
++++ echo host,x86_64-conda_cos6-linux-gnu
+++ thing=host
+++ '[' apply = apply ']'
++++ echo host
++++ tr a-z+-. A-ZX__
+++ thing=HOST
+++ eval 'oldval=$HOST'
++++ oldval=
+++ '[' -n '' ']'
+++ eval unset '${to}${thing}'
++++ unset CONDA_BACKUP_HOST
+++ '[' -n x86_64-conda_cos6-linux-gnu ']'
+++ eval export ''\''HOST=x86_64-conda_cos6-linux-gnu'\'''
++++ export HOST=x86_64-conda_cos6-linux-gnu
++++ HOST=x86_64-conda_cos6-linux-gnu
+++ for thing in $tc_nature,$tc_machine "$@"
+++ case "${thing}" in
++++ which /nas/ucb/tutrinh/anaconda3/envs/ood/bin/x86_64-conda_cos6-linux-gnu-addr2line
+++ newval=/nas/ucb/tutrinh/anaconda3/envs/ood/bin/x86_64-conda_cos6-linux-gnu-addr2line
+++ '[' -z /nas/ucb/tutrinh/anaconda3/envs/ood/bin/x86_64-conda_cos6-linux-gnu-addr2line -a apply = check ']'
+++ '[' apply = apply ']'
++++ echo addr2line
++++ tr a-z+-. A-ZX__
+++ thing=ADDR2LINE
+++ eval 'oldval=$ADDR2LINE'
++++ oldval=
+++ '[' -n '' ']'
+++ eval unset '${to}${thing}'
++++ unset CONDA_BACKUP_ADDR2LINE
+++ '[' -n /nas/ucb/tutrinh/anaconda3/envs/ood/bin/x86_64-conda_cos6-linux-gnu-addr2line ']'
+++ eval export ''\''ADDR2LINE=/nas/ucb/tutrinh/anaconda3/envs/ood/bin/x86_64-conda_cos6-linux-gnu-addr2line'\'''
++++ export ADDR2LINE=/nas/ucb/tutrinh/anaconda3/envs/ood/bin/x86_64-conda_cos6-linux-gnu-addr2line
++++ ADDR2LINE=/nas/ucb/tutrinh/anaconda3/envs/ood/bin/x86_64-conda_cos6-linux-gnu-addr2line
+++ for thing in $tc_nature,$tc_machine "$@"
+++ case "${thing}" in
++++ which /nas/ucb/tutrinh/anaconda3/envs/ood/bin/x86_64-conda_cos6-linux-gnu-ar
+++ newval=/nas/ucb/tutrinh/anaconda3/envs/ood/bin/x86_64-conda_cos6-linux-gnu-ar
+++ '[' -z /nas/ucb/tutrinh/anaconda3/envs/ood/bin/x86_64-conda_cos6-linux-gnu-ar -a apply = check ']'
+++ '[' apply = apply ']'
++++ echo ar
++++ tr a-z+-. A-ZX__
+++ thing=AR
+++ eval 'oldval=$AR'
++++ oldval=
+++ '[' -n '' ']'
+++ eval unset '${to}${thing}'
++++ unset CONDA_BACKUP_AR
+++ '[' -n /nas/ucb/tutrinh/anaconda3/envs/ood/bin/x86_64-conda_cos6-linux-gnu-ar ']'
+++ eval export ''\''AR=/nas/ucb/tutrinh/anaconda3/envs/ood/bin/x86_64-conda_cos6-linux-gnu-ar'\'''
++++ export AR=/nas/ucb/tutrinh/anaconda3/envs/ood/bin/x86_64-conda_cos6-linux-gnu-ar
++++ AR=/nas/ucb/tutrinh/anaconda3/envs/ood/bin/x86_64-conda_cos6-linux-gnu-ar
+++ for thing in $tc_nature,$tc_machine "$@"
+++ case "${thing}" in
++++ which /nas/ucb/tutrinh/anaconda3/envs/ood/bin/x86_64-conda_cos6-linux-gnu-as
+++ newval=/nas/ucb/tutrinh/anaconda3/envs/ood/bin/x86_64-conda_cos6-linux-gnu-as
+++ '[' -z /nas/ucb/tutrinh/anaconda3/envs/ood/bin/x86_64-conda_cos6-linux-gnu-as -a apply = check ']'
+++ '[' apply = apply ']'
++++ echo as
++++ tr a-z+-. A-ZX__
+++ thing=AS
+++ eval 'oldval=$AS'
++++ oldval=
+++ '[' -n '' ']'
+++ eval unset '${to}${thing}'
++++ unset CONDA_BACKUP_AS
+++ '[' -n /nas/ucb/tutrinh/anaconda3/envs/ood/bin/x86_64-conda_cos6-linux-gnu-as ']'
+++ eval export ''\''AS=/nas/ucb/tutrinh/anaconda3/envs/ood/bin/x86_64-conda_cos6-linux-gnu-as'\'''
++++ export AS=/nas/ucb/tutrinh/anaconda3/envs/ood/bin/x86_64-conda_cos6-linux-gnu-as
++++ AS=/nas/ucb/tutrinh/anaconda3/envs/ood/bin/x86_64-conda_cos6-linux-gnu-as
+++ for thing in $tc_nature,$tc_machine "$@"
+++ case "${thing}" in
++++ which /nas/ucb/tutrinh/anaconda3/envs/ood/bin/x86_64-conda_cos6-linux-gnu-c++filt
+++ newval=/nas/ucb/tutrinh/anaconda3/envs/ood/bin/x86_64-conda_cos6-linux-gnu-c++filt
+++ '[' -z /nas/ucb/tutrinh/anaconda3/envs/ood/bin/x86_64-conda_cos6-linux-gnu-c++filt -a apply = check ']'
+++ '[' apply = apply ']'
++++ echo c++filt
++++ tr a-z+-. A-ZX__
+++ thing=CXXFILT
+++ eval 'oldval=$CXXFILT'
++++ oldval=
+++ '[' -n '' ']'
+++ eval unset '${to}${thing}'
++++ unset CONDA_BACKUP_CXXFILT
+++ '[' -n /nas/ucb/tutrinh/anaconda3/envs/ood/bin/x86_64-conda_cos6-linux-gnu-c++filt ']'
+++ eval export ''\''CXXFILT=/nas/ucb/tutrinh/anaconda3/envs/ood/bin/x86_64-conda_cos6-linux-gnu-c++filt'\'''
++++ export CXXFILT=/nas/ucb/tutrinh/anaconda3/envs/ood/bin/x86_64-conda_cos6-linux-gnu-c++filt
++++ CXXFILT=/nas/ucb/tutrinh/anaconda3/envs/ood/bin/x86_64-conda_cos6-linux-gnu-c++filt
+++ for thing in $tc_nature,$tc_machine "$@"
+++ case "${thing}" in
++++ which /nas/ucb/tutrinh/anaconda3/envs/ood/bin/x86_64-conda_cos6-linux-gnu-elfedit
+++ newval=/nas/ucb/tutrinh/anaconda3/envs/ood/bin/x86_64-conda_cos6-linux-gnu-elfedit
+++ '[' -z /nas/ucb/tutrinh/anaconda3/envs/ood/bin/x86_64-conda_cos6-linux-gnu-elfedit -a apply = check ']'
+++ '[' apply = apply ']'
++++ echo elfedit
++++ tr a-z+-. A-ZX__
+++ thing=ELFEDIT
+++ eval 'oldval=$ELFEDIT'
++++ oldval=
+++ '[' -n '' ']'
+++ eval unset '${to}${thing}'
++++ unset CONDA_BACKUP_ELFEDIT
+++ '[' -n /nas/ucb/tutrinh/anaconda3/envs/ood/bin/x86_64-conda_cos6-linux-gnu-elfedit ']'
+++ eval export ''\''ELFEDIT=/nas/ucb/tutrinh/anaconda3/envs/ood/bin/x86_64-conda_cos6-linux-gnu-elfedit'\'''
++++ export ELFEDIT=/nas/ucb/tutrinh/anaconda3/envs/ood/bin/x86_64-conda_cos6-linux-gnu-elfedit
++++ ELFEDIT=/nas/ucb/tutrinh/anaconda3/envs/ood/bin/x86_64-conda_cos6-linux-gnu-elfedit
+++ for thing in $tc_nature,$tc_machine "$@"
+++ case "${thing}" in
++++ which /nas/ucb/tutrinh/anaconda3/envs/ood/bin/x86_64-conda_cos6-linux-gnu-gprof
+++ newval=/nas/ucb/tutrinh/anaconda3/envs/ood/bin/x86_64-conda_cos6-linux-gnu-gprof
+++ '[' -z /nas/ucb/tutrinh/anaconda3/envs/ood/bin/x86_64-conda_cos6-linux-gnu-gprof -a apply = check ']'
+++ '[' apply = apply ']'
++++ echo gprof
++++ tr a-z+-. A-ZX__
+++ thing=GPROF
+++ eval 'oldval=$GPROF'
++++ oldval=
+++ '[' -n '' ']'
+++ eval unset '${to}${thing}'
++++ unset CONDA_BACKUP_GPROF
+++ '[' -n /nas/ucb/tutrinh/anaconda3/envs/ood/bin/x86_64-conda_cos6-linux-gnu-gprof ']'
+++ eval export ''\''GPROF=/nas/ucb/tutrinh/anaconda3/envs/ood/bin/x86_64-conda_cos6-linux-gnu-gprof'\'''
++++ export GPROF=/nas/ucb/tutrinh/anaconda3/envs/ood/bin/x86_64-conda_cos6-linux-gnu-gprof
++++ GPROF=/nas/ucb/tutrinh/anaconda3/envs/ood/bin/x86_64-conda_cos6-linux-gnu-gprof
+++ for thing in $tc_nature,$tc_machine "$@"
+++ case "${thing}" in
++++ which /nas/ucb/tutrinh/anaconda3/envs/ood/bin/x86_64-conda_cos6-linux-gnu-ld
+++ newval=/nas/ucb/tutrinh/anaconda3/envs/ood/bin/x86_64-conda_cos6-linux-gnu-ld
+++ '[' -z /nas/ucb/tutrinh/anaconda3/envs/ood/bin/x86_64-conda_cos6-linux-gnu-ld -a apply = check ']'
+++ '[' apply = apply ']'
++++ echo ld
++++ tr a-z+-. A-ZX__
+++ thing=LD
+++ eval 'oldval=$LD'
++++ oldval=
+++ '[' -n '' ']'
+++ eval unset '${to}${thing}'
++++ unset CONDA_BACKUP_LD
+++ '[' -n /nas/ucb/tutrinh/anaconda3/envs/ood/bin/x86_64-conda_cos6-linux-gnu-ld ']'
+++ eval export ''\''LD=/nas/ucb/tutrinh/anaconda3/envs/ood/bin/x86_64-conda_cos6-linux-gnu-ld'\'''
++++ export LD=/nas/ucb/tutrinh/anaconda3/envs/ood/bin/x86_64-conda_cos6-linux-gnu-ld
++++ LD=/nas/ucb/tutrinh/anaconda3/envs/ood/bin/x86_64-conda_cos6-linux-gnu-ld
+++ for thing in $tc_nature,$tc_machine "$@"
+++ case "${thing}" in
++++ which /nas/ucb/tutrinh/anaconda3/envs/ood/bin/x86_64-conda_cos6-linux-gnu-ld.gold
+++ newval=/nas/ucb/tutrinh/anaconda3/envs/ood/bin/x86_64-conda_cos6-linux-gnu-ld.gold
+++ '[' -z /nas/ucb/tutrinh/anaconda3/envs/ood/bin/x86_64-conda_cos6-linux-gnu-ld.gold -a apply = check ']'
+++ '[' apply = apply ']'
++++ echo ld.gold
++++ tr a-z+-. A-ZX__
+++ thing=LD_GOLD
+++ eval 'oldval=$LD_GOLD'
++++ oldval=
+++ '[' -n '' ']'
+++ eval unset '${to}${thing}'
++++ unset CONDA_BACKUP_LD_GOLD
+++ '[' -n /nas/ucb/tutrinh/anaconda3/envs/ood/bin/x86_64-conda_cos6-linux-gnu-ld.gold ']'
+++ eval export ''\''LD_GOLD=/nas/ucb/tutrinh/anaconda3/envs/ood/bin/x86_64-conda_cos6-linux-gnu-ld.gold'\'''
++++ export LD_GOLD=/nas/ucb/tutrinh/anaconda3/envs/ood/bin/x86_64-conda_cos6-linux-gnu-ld.gold
++++ LD_GOLD=/nas/ucb/tutrinh/anaconda3/envs/ood/bin/x86_64-conda_cos6-linux-gnu-ld.gold
+++ for thing in $tc_nature,$tc_machine "$@"
+++ case "${thing}" in
++++ which /nas/ucb/tutrinh/anaconda3/envs/ood/bin/x86_64-conda_cos6-linux-gnu-nm
+++ newval=/nas/ucb/tutrinh/anaconda3/envs/ood/bin/x86_64-conda_cos6-linux-gnu-nm
+++ '[' -z /nas/ucb/tutrinh/anaconda3/envs/ood/bin/x86_64-conda_cos6-linux-gnu-nm -a apply = check ']'
+++ '[' apply = apply ']'
++++ echo nm
++++ tr a-z+-. A-ZX__
+++ thing=NM
+++ eval 'oldval=$NM'
++++ oldval=
+++ '[' -n '' ']'
+++ eval unset '${to}${thing}'
++++ unset CONDA_BACKUP_NM
+++ '[' -n /nas/ucb/tutrinh/anaconda3/envs/ood/bin/x86_64-conda_cos6-linux-gnu-nm ']'
+++ eval export ''\''NM=/nas/ucb/tutrinh/anaconda3/envs/ood/bin/x86_64-conda_cos6-linux-gnu-nm'\'''
++++ export NM=/nas/ucb/tutrinh/anaconda3/envs/ood/bin/x86_64-conda_cos6-linux-gnu-nm
++++ NM=/nas/ucb/tutrinh/anaconda3/envs/ood/bin/x86_64-conda_cos6-linux-gnu-nm
+++ for thing in $tc_nature,$tc_machine "$@"
+++ case "${thing}" in
++++ which /nas/ucb/tutrinh/anaconda3/envs/ood/bin/x86_64-conda_cos6-linux-gnu-objcopy
+++ newval=/nas/ucb/tutrinh/anaconda3/envs/ood/bin/x86_64-conda_cos6-linux-gnu-objcopy
+++ '[' -z /nas/ucb/tutrinh/anaconda3/envs/ood/bin/x86_64-conda_cos6-linux-gnu-objcopy -a apply = check ']'
+++ '[' apply = apply ']'
++++ echo objcopy
++++ tr a-z+-. A-ZX__
+++ thing=OBJCOPY
+++ eval 'oldval=$OBJCOPY'
++++ oldval=
+++ '[' -n '' ']'
+++ eval unset '${to}${thing}'
++++ unset CONDA_BACKUP_OBJCOPY
+++ '[' -n /nas/ucb/tutrinh/anaconda3/envs/ood/bin/x86_64-conda_cos6-linux-gnu-objcopy ']'
+++ eval export ''\''OBJCOPY=/nas/ucb/tutrinh/anaconda3/envs/ood/bin/x86_64-conda_cos6-linux-gnu-objcopy'\'''
++++ export OBJCOPY=/nas/ucb/tutrinh/anaconda3/envs/ood/bin/x86_64-conda_cos6-linux-gnu-objcopy
++++ OBJCOPY=/nas/ucb/tutrinh/anaconda3/envs/ood/bin/x86_64-conda_cos6-linux-gnu-objcopy
+++ for thing in $tc_nature,$tc_machine "$@"
+++ case "${thing}" in
++++ which /nas/ucb/tutrinh/anaconda3/envs/ood/bin/x86_64-conda_cos6-linux-gnu-objdump
+++ newval=/nas/ucb/tutrinh/anaconda3/envs/ood/bin/x86_64-conda_cos6-linux-gnu-objdump
+++ '[' -z /nas/ucb/tutrinh/anaconda3/envs/ood/bin/x86_64-conda_cos6-linux-gnu-objdump -a apply = check ']'
+++ '[' apply = apply ']'
++++ echo objdump
++++ tr a-z+-. A-ZX__
+++ thing=OBJDUMP
+++ eval 'oldval=$OBJDUMP'
++++ oldval=
+++ '[' -n '' ']'
+++ eval unset '${to}${thing}'
++++ unset CONDA_BACKUP_OBJDUMP
+++ '[' -n /nas/ucb/tutrinh/anaconda3/envs/ood/bin/x86_64-conda_cos6-linux-gnu-objdump ']'
+++ eval export ''\''OBJDUMP=/nas/ucb/tutrinh/anaconda3/envs/ood/bin/x86_64-conda_cos6-linux-gnu-objdump'\'''
++++ export OBJDUMP=/nas/ucb/tutrinh/anaconda3/envs/ood/bin/x86_64-conda_cos6-linux-gnu-objdump
++++ OBJDUMP=/nas/ucb/tutrinh/anaconda3/envs/ood/bin/x86_64-conda_cos6-linux-gnu-objdump
+++ for thing in $tc_nature,$tc_machine "$@"
+++ case "${thing}" in
++++ which /nas/ucb/tutrinh/anaconda3/envs/ood/bin/x86_64-conda_cos6-linux-gnu-ranlib
+++ newval=/nas/ucb/tutrinh/anaconda3/envs/ood/bin/x86_64-conda_cos6-linux-gnu-ranlib
+++ '[' -z /nas/ucb/tutrinh/anaconda3/envs/ood/bin/x86_64-conda_cos6-linux-gnu-ranlib -a apply = check ']'
+++ '[' apply = apply ']'
++++ echo ranlib
++++ tr a-z+-. A-ZX__
+++ thing=RANLIB
+++ eval 'oldval=$RANLIB'
++++ oldval=
+++ '[' -n '' ']'
+++ eval unset '${to}${thing}'
++++ unset CONDA_BACKUP_RANLIB
+++ '[' -n /nas/ucb/tutrinh/anaconda3/envs/ood/bin/x86_64-conda_cos6-linux-gnu-ranlib ']'
+++ eval export ''\''RANLIB=/nas/ucb/tutrinh/anaconda3/envs/ood/bin/x86_64-conda_cos6-linux-gnu-ranlib'\'''
++++ export RANLIB=/nas/ucb/tutrinh/anaconda3/envs/ood/bin/x86_64-conda_cos6-linux-gnu-ranlib
++++ RANLIB=/nas/ucb/tutrinh/anaconda3/envs/ood/bin/x86_64-conda_cos6-linux-gnu-ranlib
+++ for thing in $tc_nature,$tc_machine "$@"
+++ case "${thing}" in
++++ which /nas/ucb/tutrinh/anaconda3/envs/ood/bin/x86_64-conda_cos6-linux-gnu-readelf
+++ newval=/nas/ucb/tutrinh/anaconda3/envs/ood/bin/x86_64-conda_cos6-linux-gnu-readelf
+++ '[' -z /nas/ucb/tutrinh/anaconda3/envs/ood/bin/x86_64-conda_cos6-linux-gnu-readelf -a apply = check ']'
+++ '[' apply = apply ']'
++++ echo readelf
++++ tr a-z+-. A-ZX__
+++ thing=READELF
+++ eval 'oldval=$READELF'
++++ oldval=
+++ '[' -n '' ']'
+++ eval unset '${to}${thing}'
++++ unset CONDA_BACKUP_READELF
+++ '[' -n /nas/ucb/tutrinh/anaconda3/envs/ood/bin/x86_64-conda_cos6-linux-gnu-readelf ']'
+++ eval export ''\''READELF=/nas/ucb/tutrinh/anaconda3/envs/ood/bin/x86_64-conda_cos6-linux-gnu-readelf'\'''
++++ export READELF=/nas/ucb/tutrinh/anaconda3/envs/ood/bin/x86_64-conda_cos6-linux-gnu-readelf
++++ READELF=/nas/ucb/tutrinh/anaconda3/envs/ood/bin/x86_64-conda_cos6-linux-gnu-readelf
+++ for thing in $tc_nature,$tc_machine "$@"
+++ case "${thing}" in
++++ which /nas/ucb/tutrinh/anaconda3/envs/ood/bin/x86_64-conda_cos6-linux-gnu-size
+++ newval=/nas/ucb/tutrinh/anaconda3/envs/ood/bin/x86_64-conda_cos6-linux-gnu-size
+++ '[' -z /nas/ucb/tutrinh/anaconda3/envs/ood/bin/x86_64-conda_cos6-linux-gnu-size -a apply = check ']'
+++ '[' apply = apply ']'
++++ echo size
++++ tr a-z+-. A-ZX__
+++ thing=SIZE
+++ eval 'oldval=$SIZE'
++++ oldval=
+++ '[' -n '' ']'
+++ eval unset '${to}${thing}'
++++ unset CONDA_BACKUP_SIZE
+++ '[' -n /nas/ucb/tutrinh/anaconda3/envs/ood/bin/x86_64-conda_cos6-linux-gnu-size ']'
+++ eval export ''\''SIZE=/nas/ucb/tutrinh/anaconda3/envs/ood/bin/x86_64-conda_cos6-linux-gnu-size'\'''
++++ export SIZE=/nas/ucb/tutrinh/anaconda3/envs/ood/bin/x86_64-conda_cos6-linux-gnu-size
++++ SIZE=/nas/ucb/tutrinh/anaconda3/envs/ood/bin/x86_64-conda_cos6-linux-gnu-size
+++ for thing in $tc_nature,$tc_machine "$@"
+++ case "${thing}" in
++++ which /nas/ucb/tutrinh/anaconda3/envs/ood/bin/x86_64-conda_cos6-linux-gnu-strings
+++ newval=/nas/ucb/tutrinh/anaconda3/envs/ood/bin/x86_64-conda_cos6-linux-gnu-strings
+++ '[' -z /nas/ucb/tutrinh/anaconda3/envs/ood/bin/x86_64-conda_cos6-linux-gnu-strings -a apply = check ']'
+++ '[' apply = apply ']'
++++ echo strings
++++ tr a-z+-. A-ZX__
+++ thing=STRINGS
+++ eval 'oldval=$STRINGS'
++++ oldval=
+++ '[' -n '' ']'
+++ eval unset '${to}${thing}'
++++ unset CONDA_BACKUP_STRINGS
+++ '[' -n /nas/ucb/tutrinh/anaconda3/envs/ood/bin/x86_64-conda_cos6-linux-gnu-strings ']'
+++ eval export ''\''STRINGS=/nas/ucb/tutrinh/anaconda3/envs/ood/bin/x86_64-conda_cos6-linux-gnu-strings'\'''
++++ export STRINGS=/nas/ucb/tutrinh/anaconda3/envs/ood/bin/x86_64-conda_cos6-linux-gnu-strings
++++ STRINGS=/nas/ucb/tutrinh/anaconda3/envs/ood/bin/x86_64-conda_cos6-linux-gnu-strings
+++ for thing in $tc_nature,$tc_machine "$@"
+++ case "${thing}" in
++++ which /nas/ucb/tutrinh/anaconda3/envs/ood/bin/x86_64-conda_cos6-linux-gnu-strip
+++ newval=/nas/ucb/tutrinh/anaconda3/envs/ood/bin/x86_64-conda_cos6-linux-gnu-strip
+++ '[' -z /nas/ucb/tutrinh/anaconda3/envs/ood/bin/x86_64-conda_cos6-linux-gnu-strip -a apply = check ']'
+++ '[' apply = apply ']'
++++ echo strip
++++ tr a-z+-. A-ZX__
+++ thing=STRIP
+++ eval 'oldval=$STRIP'
++++ oldval=
+++ '[' -n '' ']'
+++ eval unset '${to}${thing}'
++++ unset CONDA_BACKUP_STRIP
+++ '[' -n /nas/ucb/tutrinh/anaconda3/envs/ood/bin/x86_64-conda_cos6-linux-gnu-strip ']'
+++ eval export ''\''STRIP=/nas/ucb/tutrinh/anaconda3/envs/ood/bin/x86_64-conda_cos6-linux-gnu-strip'\'''
++++ export STRIP=/nas/ucb/tutrinh/anaconda3/envs/ood/bin/x86_64-conda_cos6-linux-gnu-strip
++++ STRIP=/nas/ucb/tutrinh/anaconda3/envs/ood/bin/x86_64-conda_cos6-linux-gnu-strip
+++ return 0
+++ '[' 0 -ne 0 ']'
+++ env
++++ _get_sourced_filename
++++ '[' -n /nas/ucb/tutrinh/anaconda3/envs/ood/etc/conda/activate.d/activate-binutils_linux-64.sh ']'
++++ basename /nas/ucb/tutrinh/anaconda3/envs/ood/etc/conda/activate.d/activate-binutils_linux-64.sh
+++ echo 'INFO: activate-binutils_linux-64.sh made the following environmental changes:'
INFO: activate-binutils_linux-64.sh made the following environmental changes:
+++ tail -n +4
+++ sort
+++ diff -U 0 -rN /tmp/old-env-2133746.txt /tmp/new-env-2133746.txt
+++ grep '^-.*\|^+.*'
+++ grep -v CONDA_BACKUP_
+ADDR2LINE=/nas/ucb/tutrinh/anaconda3/envs/ood/bin/x86_64-conda_cos6-linux-gnu-addr2line
+AR=/nas/ucb/tutrinh/anaconda3/envs/ood/bin/x86_64-conda_cos6-linux-gnu-ar
+AS=/nas/ucb/tutrinh/anaconda3/envs/ood/bin/x86_64-conda_cos6-linux-gnu-as
+CXXFILT=/nas/ucb/tutrinh/anaconda3/envs/ood/bin/x86_64-conda_cos6-linux-gnu-c++filt
+ELFEDIT=/nas/ucb/tutrinh/anaconda3/envs/ood/bin/x86_64-conda_cos6-linux-gnu-elfedit
+GPROF=/nas/ucb/tutrinh/anaconda3/envs/ood/bin/x86_64-conda_cos6-linux-gnu-gprof
+HOST=x86_64-conda_cos6-linux-gnu
+LD_GOLD=/nas/ucb/tutrinh/anaconda3/envs/ood/bin/x86_64-conda_cos6-linux-gnu-ld.gold
+LD=/nas/ucb/tutrinh/anaconda3/envs/ood/bin/x86_64-conda_cos6-linux-gnu-ld
+NM=/nas/ucb/tutrinh/anaconda3/envs/ood/bin/x86_64-conda_cos6-linux-gnu-nm
+OBJCOPY=/nas/ucb/tutrinh/anaconda3/envs/ood/bin/x86_64-conda_cos6-linux-gnu-objcopy
+OBJDUMP=/nas/ucb/tutrinh/anaconda3/envs/ood/bin/x86_64-conda_cos6-linux-gnu-objdump
+RANLIB=/nas/ucb/tutrinh/anaconda3/envs/ood/bin/x86_64-conda_cos6-linux-gnu-ranlib
+READELF=/nas/ucb/tutrinh/anaconda3/envs/ood/bin/x86_64-conda_cos6-linux-gnu-readelf
+SIZE=/nas/ucb/tutrinh/anaconda3/envs/ood/bin/x86_64-conda_cos6-linux-gnu-size
+STRINGS=/nas/ucb/tutrinh/anaconda3/envs/ood/bin/x86_64-conda_cos6-linux-gnu-strings
+STRIP=/nas/ucb/tutrinh/anaconda3/envs/ood/bin/x86_64-conda_cos6-linux-gnu-strip
++ . /nas/ucb/tutrinh/anaconda3/envs/ood/etc/conda/activate.d/activate-gcc_linux-64.sh
+++ env
+++ _tc_activation activate host x86_64-conda_cos6-linux-gnu x86_64-conda_cos6-linux-gnu- cc cpp gcc gcc-ar gcc-nm gcc-ranlib 'CPPFLAGS,-D_FORTIFY_SOURCE=2 -O2' 'CFLAGS,-march=nocona -mtune=haswell -ftree-vectorize -fPIC -fstack-protector-strong -fno-plt -O2 -pipe' LDFLAGS,-Wl,-O2,--sort-common,--as-needed,-z,relro,-z,now 'DEBUG_CFLAGS,-march=nocona -mtune=haswell -ftree-vectorize -fPIC -fstack-protector-strong -fno-plt -O2 -pipe -Og -g -Wall -Wextra -fcheck=all -fbacktrace -fimplicit-none -fvar-tracking-assignments'
+++ local act_nature=activate
+++ shift
+++ local tc_nature=host
+++ shift
+++ local tc_machine=x86_64-conda_cos6-linux-gnu
+++ shift
+++ local tc_prefix=x86_64-conda_cos6-linux-gnu-
+++ shift
+++ local thing
+++ local newval
+++ local from
+++ local to
+++ local which
+++ local pass
+++ '[' activate = activate ']'
+++ from=
+++ to=CONDA_BACKUP_
+++ for pass in check apply
+++ for thing in $tc_nature,$tc_machine "$@"
+++ case "${thing}" in
++++ echo host,x86_64-conda_cos6-linux-gnu
++++ sed 's,^[^\,]*\,\(.*\),\1,'
+++ newval=x86_64-conda_cos6-linux-gnu
++++ echo host,x86_64-conda_cos6-linux-gnu
++++ sed 's,^\([^\,]*\)\,.*,\1,'
+++ thing=host
+++ '[' check = apply ']'
+++ for thing in $tc_nature,$tc_machine "$@"
+++ case "${thing}" in
++++ which /nas/ucb/tutrinh/anaconda3/envs/ood/bin/x86_64-conda_cos6-linux-gnu-cc
+++ newval=/nas/ucb/tutrinh/anaconda3/envs/ood/bin/x86_64-conda_cos6-linux-gnu-cc
+++ '[' -z /nas/ucb/tutrinh/anaconda3/envs/ood/bin/x86_64-conda_cos6-linux-gnu-cc -a check = check ']'
+++ '[' check = apply ']'
+++ for thing in $tc_nature,$tc_machine "$@"
+++ case "${thing}" in
++++ which /nas/ucb/tutrinh/anaconda3/envs/ood/bin/x86_64-conda_cos6-linux-gnu-cpp
+++ newval=/nas/ucb/tutrinh/anaconda3/envs/ood/bin/x86_64-conda_cos6-linux-gnu-cpp
+++ '[' -z /nas/ucb/tutrinh/anaconda3/envs/ood/bin/x86_64-conda_cos6-linux-gnu-cpp -a check = check ']'
+++ '[' check = apply ']'
+++ for thing in $tc_nature,$tc_machine "$@"
+++ case "${thing}" in
++++ which /nas/ucb/tutrinh/anaconda3/envs/ood/bin/x86_64-conda_cos6-linux-gnu-gcc
+++ newval=/nas/ucb/tutrinh/anaconda3/envs/ood/bin/x86_64-conda_cos6-linux-gnu-gcc
+++ '[' -z /nas/ucb/tutrinh/anaconda3/envs/ood/bin/x86_64-conda_cos6-linux-gnu-gcc -a check = check ']'
+++ '[' check = apply ']'
+++ for thing in $tc_nature,$tc_machine "$@"
+++ case "${thing}" in
++++ which /nas/ucb/tutrinh/anaconda3/envs/ood/bin/x86_64-conda_cos6-linux-gnu-gcc-ar
+++ newval=/nas/ucb/tutrinh/anaconda3/envs/ood/bin/x86_64-conda_cos6-linux-gnu-gcc-ar
+++ '[' -z /nas/ucb/tutrinh/anaconda3/envs/ood/bin/x86_64-conda_cos6-linux-gnu-gcc-ar -a check = check ']'
+++ '[' check = apply ']'
+++ for thing in $tc_nature,$tc_machine "$@"
+++ case "${thing}" in
++++ which /nas/ucb/tutrinh/anaconda3/envs/ood/bin/x86_64-conda_cos6-linux-gnu-gcc-nm
+++ newval=/nas/ucb/tutrinh/anaconda3/envs/ood/bin/x86_64-conda_cos6-linux-gnu-gcc-nm
+++ '[' -z /nas/ucb/tutrinh/anaconda3/envs/ood/bin/x86_64-conda_cos6-linux-gnu-gcc-nm -a check = check ']'
+++ '[' check = apply ']'
+++ for thing in $tc_nature,$tc_machine "$@"
+++ case "${thing}" in
++++ which /nas/ucb/tutrinh/anaconda3/envs/ood/bin/x86_64-conda_cos6-linux-gnu-gcc-ranlib
+++ newval=/nas/ucb/tutrinh/anaconda3/envs/ood/bin/x86_64-conda_cos6-linux-gnu-gcc-ranlib
+++ '[' -z /nas/ucb/tutrinh/anaconda3/envs/ood/bin/x86_64-conda_cos6-linux-gnu-gcc-ranlib -a check = check ']'
+++ '[' check = apply ']'
+++ for thing in $tc_nature,$tc_machine "$@"
+++ case "${thing}" in
++++ echo 'CPPFLAGS,-D_FORTIFY_SOURCE=2 -O2'
++++ sed 's,^[^\,]*\,\(.*\),\1,'
+++ newval='-D_FORTIFY_SOURCE=2 -O2'
++++ echo 'CPPFLAGS,-D_FORTIFY_SOURCE=2 -O2'
++++ sed 's,^\([^\,]*\)\,.*,\1,'
+++ thing=CPPFLAGS
+++ '[' check = apply ']'
+++ for thing in $tc_nature,$tc_machine "$@"
+++ case "${thing}" in
++++ echo 'CFLAGS,-march=nocona -mtune=haswell -ftree-vectorize -fPIC -fstack-protector-strong -fno-plt -O2 -pipe'
++++ sed 's,^[^\,]*\,\(.*\),\1,'
+++ newval='-march=nocona -mtune=haswell -ftree-vectorize -fPIC -fstack-protector-strong -fno-plt -O2 -pipe'
++++ echo 'CFLAGS,-march=nocona -mtune=haswell -ftree-vectorize -fPIC -fstack-protector-strong -fno-plt -O2 -pipe'
++++ sed 's,^\([^\,]*\)\,.*,\1,'
+++ thing=CFLAGS
+++ '[' check = apply ']'
+++ for thing in $tc_nature,$tc_machine "$@"
+++ case "${thing}" in
++++ echo LDFLAGS,-Wl,-O2,--sort-common,--as-needed,-z,relro,-z,now
++++ sed 's,^[^\,]*\,\(.*\),\1,'
+++ newval=-Wl,-O2,--sort-common,--as-needed,-z,relro,-z,now
++++ echo LDFLAGS,-Wl,-O2,--sort-common,--as-needed,-z,relro,-z,now
++++ sed 's,^\([^\,]*\)\,.*,\1,'
+++ thing=LDFLAGS
+++ '[' check = apply ']'
+++ for thing in $tc_nature,$tc_machine "$@"
+++ case "${thing}" in
++++ echo 'DEBUG_CFLAGS,-march=nocona -mtune=haswell -ftree-vectorize -fPIC -fstack-protector-strong -fno-plt -O2 -pipe -Og -g -Wall -Wextra -fcheck=all -fbacktrace -fimplicit-none -fvar-tracking-assignments'
++++ sed 's,^[^\,]*\,\(.*\),\1,'
+++ newval='-march=nocona -mtune=haswell -ftree-vectorize -fPIC -fstack-protector-strong -fno-plt -O2 -pipe -Og -g -Wall -Wextra -fcheck=all -fbacktrace -fimplicit-none -fvar-tracking-assignments'
++++ echo 'DEBUG_CFLAGS,-march=nocona -mtune=haswell -ftree-vectorize -fPIC -fstack-protector-strong -fno-plt -O2 -pipe -Og -g -Wall -Wextra -fcheck=all -fbacktrace -fimplicit-none -fvar-tracking-assignments'
++++ sed 's,^\([^\,]*\)\,.*,\1,'
+++ thing=DEBUG_CFLAGS
+++ '[' check = apply ']'
+++ for pass in check apply
+++ for thing in $tc_nature,$tc_machine "$@"
+++ case "${thing}" in
++++ echo host,x86_64-conda_cos6-linux-gnu
++++ sed 's,^[^\,]*\,\(.*\),\1,'
+++ newval=x86_64-conda_cos6-linux-gnu
++++ echo host,x86_64-conda_cos6-linux-gnu
++++ sed 's,^\([^\,]*\)\,.*,\1,'
+++ thing=host
+++ '[' apply = apply ']'
++++ echo host
++++ tr a-z+- A-ZX_
+++ thing=HOST
+++ eval 'oldval=$HOST'
++++ oldval=x86_64-conda_cos6-linux-gnu
+++ '[' -n x86_64-conda_cos6-linux-gnu ']'
+++ eval export 'CONDA_BACKUP_'\''HOST'\''="x86_64-conda_cos6-linux-gnu"'
++++ export CONDA_BACKUP_HOST=x86_64-conda_cos6-linux-gnu
++++ CONDA_BACKUP_HOST=x86_64-conda_cos6-linux-gnu
+++ '[' -n x86_64-conda_cos6-linux-gnu ']'
+++ eval export ''\''HOST=x86_64-conda_cos6-linux-gnu'\'''
++++ export HOST=x86_64-conda_cos6-linux-gnu
++++ HOST=x86_64-conda_cos6-linux-gnu
+++ for thing in $tc_nature,$tc_machine "$@"
+++ case "${thing}" in
++++ which /nas/ucb/tutrinh/anaconda3/envs/ood/bin/x86_64-conda_cos6-linux-gnu-cc
+++ newval=/nas/ucb/tutrinh/anaconda3/envs/ood/bin/x86_64-conda_cos6-linux-gnu-cc
+++ '[' -z /nas/ucb/tutrinh/anaconda3/envs/ood/bin/x86_64-conda_cos6-linux-gnu-cc -a apply = check ']'
+++ '[' apply = apply ']'
++++ tr a-z+- A-ZX_
++++ echo cc
+++ thing=CC
+++ eval 'oldval=$CC'
++++ oldval=
+++ '[' -n '' ']'
+++ eval unset '${to}${thing}'
++++ unset CONDA_BACKUP_CC
+++ '[' -n /nas/ucb/tutrinh/anaconda3/envs/ood/bin/x86_64-conda_cos6-linux-gnu-cc ']'
+++ eval export ''\''CC=/nas/ucb/tutrinh/anaconda3/envs/ood/bin/x86_64-conda_cos6-linux-gnu-cc'\'''
++++ export CC=/nas/ucb/tutrinh/anaconda3/envs/ood/bin/x86_64-conda_cos6-linux-gnu-cc
++++ CC=/nas/ucb/tutrinh/anaconda3/envs/ood/bin/x86_64-conda_cos6-linux-gnu-cc
+++ for thing in $tc_nature,$tc_machine "$@"
+++ case "${thing}" in
++++ which /nas/ucb/tutrinh/anaconda3/envs/ood/bin/x86_64-conda_cos6-linux-gnu-cpp
+++ newval=/nas/ucb/tutrinh/anaconda3/envs/ood/bin/x86_64-conda_cos6-linux-gnu-cpp
+++ '[' -z /nas/ucb/tutrinh/anaconda3/envs/ood/bin/x86_64-conda_cos6-linux-gnu-cpp -a apply = check ']'
+++ '[' apply = apply ']'
++++ echo cpp
++++ tr a-z+- A-ZX_
+++ thing=CPP
+++ eval 'oldval=$CPP'
++++ oldval=
+++ '[' -n '' ']'
+++ eval unset '${to}${thing}'
++++ unset CONDA_BACKUP_CPP
+++ '[' -n /nas/ucb/tutrinh/anaconda3/envs/ood/bin/x86_64-conda_cos6-linux-gnu-cpp ']'
+++ eval export ''\''CPP=/nas/ucb/tutrinh/anaconda3/envs/ood/bin/x86_64-conda_cos6-linux-gnu-cpp'\'''
++++ export CPP=/nas/ucb/tutrinh/anaconda3/envs/ood/bin/x86_64-conda_cos6-linux-gnu-cpp
++++ CPP=/nas/ucb/tutrinh/anaconda3/envs/ood/bin/x86_64-conda_cos6-linux-gnu-cpp
+++ for thing in $tc_nature,$tc_machine "$@"
+++ case "${thing}" in
++++ which /nas/ucb/tutrinh/anaconda3/envs/ood/bin/x86_64-conda_cos6-linux-gnu-gcc
+++ newval=/nas/ucb/tutrinh/anaconda3/envs/ood/bin/x86_64-conda_cos6-linux-gnu-gcc
+++ '[' -z /nas/ucb/tutrinh/anaconda3/envs/ood/bin/x86_64-conda_cos6-linux-gnu-gcc -a apply = check ']'
+++ '[' apply = apply ']'
++++ echo gcc
++++ tr a-z+- A-ZX_
+++ thing=GCC
+++ eval 'oldval=$GCC'
++++ oldval=
+++ '[' -n '' ']'
+++ eval unset '${to}${thing}'
++++ unset CONDA_BACKUP_GCC
+++ '[' -n /nas/ucb/tutrinh/anaconda3/envs/ood/bin/x86_64-conda_cos6-linux-gnu-gcc ']'
+++ eval export ''\''GCC=/nas/ucb/tutrinh/anaconda3/envs/ood/bin/x86_64-conda_cos6-linux-gnu-gcc'\'''
++++ export GCC=/nas/ucb/tutrinh/anaconda3/envs/ood/bin/x86_64-conda_cos6-linux-gnu-gcc
++++ GCC=/nas/ucb/tutrinh/anaconda3/envs/ood/bin/x86_64-conda_cos6-linux-gnu-gcc
+++ for thing in $tc_nature,$tc_machine "$@"
+++ case "${thing}" in
++++ which /nas/ucb/tutrinh/anaconda3/envs/ood/bin/x86_64-conda_cos6-linux-gnu-gcc-ar
+++ newval=/nas/ucb/tutrinh/anaconda3/envs/ood/bin/x86_64-conda_cos6-linux-gnu-gcc-ar
+++ '[' -z /nas/ucb/tutrinh/anaconda3/envs/ood/bin/x86_64-conda_cos6-linux-gnu-gcc-ar -a apply = check ']'
+++ '[' apply = apply ']'
++++ echo gcc-ar
++++ tr a-z+- A-ZX_
+++ thing=GCC_AR
+++ eval 'oldval=$GCC_AR'
++++ oldval=
+++ '[' -n '' ']'
+++ eval unset '${to}${thing}'
++++ unset CONDA_BACKUP_GCC_AR
+++ '[' -n /nas/ucb/tutrinh/anaconda3/envs/ood/bin/x86_64-conda_cos6-linux-gnu-gcc-ar ']'
+++ eval export ''\''GCC_AR=/nas/ucb/tutrinh/anaconda3/envs/ood/bin/x86_64-conda_cos6-linux-gnu-gcc-ar'\'''
++++ export GCC_AR=/nas/ucb/tutrinh/anaconda3/envs/ood/bin/x86_64-conda_cos6-linux-gnu-gcc-ar
++++ GCC_AR=/nas/ucb/tutrinh/anaconda3/envs/ood/bin/x86_64-conda_cos6-linux-gnu-gcc-ar
+++ for thing in $tc_nature,$tc_machine "$@"
+++ case "${thing}" in
++++ which /nas/ucb/tutrinh/anaconda3/envs/ood/bin/x86_64-conda_cos6-linux-gnu-gcc-nm
+++ newval=/nas/ucb/tutrinh/anaconda3/envs/ood/bin/x86_64-conda_cos6-linux-gnu-gcc-nm
+++ '[' -z /nas/ucb/tutrinh/anaconda3/envs/ood/bin/x86_64-conda_cos6-linux-gnu-gcc-nm -a apply = check ']'
+++ '[' apply = apply ']'
++++ echo gcc-nm
++++ tr a-z+- A-ZX_
+++ thing=GCC_NM
+++ eval 'oldval=$GCC_NM'
++++ oldval=
+++ '[' -n '' ']'
+++ eval unset '${to}${thing}'
++++ unset CONDA_BACKUP_GCC_NM
+++ '[' -n /nas/ucb/tutrinh/anaconda3/envs/ood/bin/x86_64-conda_cos6-linux-gnu-gcc-nm ']'
+++ eval export ''\''GCC_NM=/nas/ucb/tutrinh/anaconda3/envs/ood/bin/x86_64-conda_cos6-linux-gnu-gcc-nm'\'''
++++ export GCC_NM=/nas/ucb/tutrinh/anaconda3/envs/ood/bin/x86_64-conda_cos6-linux-gnu-gcc-nm
++++ GCC_NM=/nas/ucb/tutrinh/anaconda3/envs/ood/bin/x86_64-conda_cos6-linux-gnu-gcc-nm
+++ for thing in $tc_nature,$tc_machine "$@"
+++ case "${thing}" in
++++ which /nas/ucb/tutrinh/anaconda3/envs/ood/bin/x86_64-conda_cos6-linux-gnu-gcc-ranlib
+++ newval=/nas/ucb/tutrinh/anaconda3/envs/ood/bin/x86_64-conda_cos6-linux-gnu-gcc-ranlib
+++ '[' -z /nas/ucb/tutrinh/anaconda3/envs/ood/bin/x86_64-conda_cos6-linux-gnu-gcc-ranlib -a apply = check ']'
+++ '[' apply = apply ']'
++++ tr a-z+- A-ZX_
++++ echo gcc-ranlib
+++ thing=GCC_RANLIB
+++ eval 'oldval=$GCC_RANLIB'
++++ oldval=
+++ '[' -n '' ']'
+++ eval unset '${to}${thing}'
++++ unset CONDA_BACKUP_GCC_RANLIB
+++ '[' -n /nas/ucb/tutrinh/anaconda3/envs/ood/bin/x86_64-conda_cos6-linux-gnu-gcc-ranlib ']'
+++ eval export ''\''GCC_RANLIB=/nas/ucb/tutrinh/anaconda3/envs/ood/bin/x86_64-conda_cos6-linux-gnu-gcc-ranlib'\'''
++++ export GCC_RANLIB=/nas/ucb/tutrinh/anaconda3/envs/ood/bin/x86_64-conda_cos6-linux-gnu-gcc-ranlib
++++ GCC_RANLIB=/nas/ucb/tutrinh/anaconda3/envs/ood/bin/x86_64-conda_cos6-linux-gnu-gcc-ranlib
+++ for thing in $tc_nature,$tc_machine "$@"
+++ case "${thing}" in
++++ echo 'CPPFLAGS,-D_FORTIFY_SOURCE=2 -O2'
++++ sed 's,^[^\,]*\,\(.*\),\1,'
+++ newval='-D_FORTIFY_SOURCE=2 -O2'
++++ echo 'CPPFLAGS,-D_FORTIFY_SOURCE=2 -O2'
++++ sed 's,^\([^\,]*\)\,.*,\1,'
+++ thing=CPPFLAGS
+++ '[' apply = apply ']'
++++ echo CPPFLAGS
++++ tr a-z+- A-ZX_
+++ thing=CPPFLAGS
+++ eval 'oldval=$CPPFLAGS'
++++ oldval=
+++ '[' -n '' ']'
+++ eval unset '${to}${thing}'
++++ unset CONDA_BACKUP_CPPFLAGS
+++ '[' -n '-D_FORTIFY_SOURCE=2 -O2' ']'
+++ eval export ''\''CPPFLAGS=-D_FORTIFY_SOURCE=2 -O2'\'''
++++ export 'CPPFLAGS=-D_FORTIFY_SOURCE=2 -O2'
++++ CPPFLAGS='-D_FORTIFY_SOURCE=2 -O2'
+++ for thing in $tc_nature,$tc_machine "$@"
+++ case "${thing}" in
++++ echo 'CFLAGS,-march=nocona -mtune=haswell -ftree-vectorize -fPIC -fstack-protector-strong -fno-plt -O2 -pipe'
++++ sed 's,^[^\,]*\,\(.*\),\1,'
+++ newval='-march=nocona -mtune=haswell -ftree-vectorize -fPIC -fstack-protector-strong -fno-plt -O2 -pipe'
++++ echo 'CFLAGS,-march=nocona -mtune=haswell -ftree-vectorize -fPIC -fstack-protector-strong -fno-plt -O2 -pipe'
++++ sed 's,^\([^\,]*\)\,.*,\1,'
+++ thing=CFLAGS
+++ '[' apply = apply ']'
++++ echo CFLAGS
++++ tr a-z+- A-ZX_
+++ thing=CFLAGS
+++ eval 'oldval=$CFLAGS'
++++ oldval=
+++ '[' -n '' ']'
+++ eval unset '${to}${thing}'
++++ unset CONDA_BACKUP_CFLAGS
+++ '[' -n '-march=nocona -mtune=haswell -ftree-vectorize -fPIC -fstack-protector-strong -fno-plt -O2 -pipe' ']'
+++ eval export ''\''CFLAGS=-march=nocona -mtune=haswell -ftree-vectorize -fPIC -fstack-protector-strong -fno-plt -O2 -pipe'\'''
++++ export 'CFLAGS=-march=nocona -mtune=haswell -ftree-vectorize -fPIC -fstack-protector-strong -fno-plt -O2 -pipe'
++++ CFLAGS='-march=nocona -mtune=haswell -ftree-vectorize -fPIC -fstack-protector-strong -fno-plt -O2 -pipe'
+++ for thing in $tc_nature,$tc_machine "$@"
+++ case "${thing}" in
++++ echo LDFLAGS,-Wl,-O2,--sort-common,--as-needed,-z,relro,-z,now
++++ sed 's,^[^\,]*\,\(.*\),\1,'
+++ newval=-Wl,-O2,--sort-common,--as-needed,-z,relro,-z,now
++++ echo LDFLAGS,-Wl,-O2,--sort-common,--as-needed,-z,relro,-z,now
++++ sed 's,^\([^\,]*\)\,.*,\1,'
+++ thing=LDFLAGS
+++ '[' apply = apply ']'
++++ echo LDFLAGS
++++ tr a-z+- A-ZX_
+++ thing=LDFLAGS
+++ eval 'oldval=$LDFLAGS'
++++ oldval=
+++ '[' -n '' ']'
+++ eval unset '${to}${thing}'
++++ unset CONDA_BACKUP_LDFLAGS
+++ '[' -n -Wl,-O2,--sort-common,--as-needed,-z,relro,-z,now ']'
+++ eval export ''\''LDFLAGS=-Wl,-O2,--sort-common,--as-needed,-z,relro,-z,now'\'''
++++ export LDFLAGS=-Wl,-O2,--sort-common,--as-needed,-z,relro,-z,now
++++ LDFLAGS=-Wl,-O2,--sort-common,--as-needed,-z,relro,-z,now
+++ for thing in $tc_nature,$tc_machine "$@"
+++ case "${thing}" in
++++ echo 'DEBUG_CFLAGS,-march=nocona -mtune=haswell -ftree-vectorize -fPIC -fstack-protector-strong -fno-plt -O2 -pipe -Og -g -Wall -Wextra -fcheck=all -fbacktrace -fimplicit-none -fvar-tracking-assignments'
++++ sed 's,^[^\,]*\,\(.*\),\1,'
+++ newval='-march=nocona -mtune=haswell -ftree-vectorize -fPIC -fstack-protector-strong -fno-plt -O2 -pipe -Og -g -Wall -Wextra -fcheck=all -fbacktrace -fimplicit-none -fvar-tracking-assignments'
++++ echo 'DEBUG_CFLAGS,-march=nocona -mtune=haswell -ftree-vectorize -fPIC -fstack-protector-strong -fno-plt -O2 -pipe -Og -g -Wall -Wextra -fcheck=all -fbacktrace -fimplicit-none -fvar-tracking-assignments'
++++ sed 's,^\([^\,]*\)\,.*,\1,'
+++ thing=DEBUG_CFLAGS
+++ '[' apply = apply ']'
++++ echo DEBUG_CFLAGS
++++ tr a-z+- A-ZX_
+++ thing=DEBUG_CFLAGS
+++ eval 'oldval=$DEBUG_CFLAGS'
++++ oldval=
+++ '[' -n '' ']'
+++ eval unset '${to}${thing}'
++++ unset CONDA_BACKUP_DEBUG_CFLAGS
+++ '[' -n '-march=nocona -mtune=haswell -ftree-vectorize -fPIC -fstack-protector-strong -fno-plt -O2 -pipe -Og -g -Wall -Wextra -fcheck=all -fbacktrace -fimplicit-none -fvar-tracking-assignments' ']'
+++ eval export ''\''DEBUG_CFLAGS=-march=nocona -mtune=haswell -ftree-vectorize -fPIC -fstack-protector-strong -fno-plt -O2 -pipe -Og -g -Wall -Wextra -fcheck=all -fbacktrace -fimplicit-none -fvar-tracking-assignments'\'''
++++ export 'DEBUG_CFLAGS=-march=nocona -mtune=haswell -ftree-vectorize -fPIC -fstack-protector-strong -fno-plt -O2 -pipe -Og -g -Wall -Wextra -fcheck=all -fbacktrace -fimplicit-none -fvar-tracking-assignments'
++++ DEBUG_CFLAGS='-march=nocona -mtune=haswell -ftree-vectorize -fPIC -fstack-protector-strong -fno-plt -O2 -pipe -Og -g -Wall -Wextra -fcheck=all -fbacktrace -fimplicit-none -fvar-tracking-assignments'
+++ return 0
+++ '[' 0 -ne 0 ']'
+++ env
++++ _get_sourced_filename
++++ '[' -n /nas/ucb/tutrinh/anaconda3/envs/ood/etc/conda/activate.d/activate-gcc_linux-64.sh ']'
++++ basename /nas/ucb/tutrinh/anaconda3/envs/ood/etc/conda/activate.d/activate-gcc_linux-64.sh
+++ echo 'INFO: activate-gcc_linux-64.sh made the following environmental changes:'
INFO: activate-gcc_linux-64.sh made the following environmental changes:
+++ tail -n +4
+++ grep -v CONDA_BACKUP_
+++ grep '^-.*\|^+.*'
+++ diff -U 0 -rN /tmp/old-env-2133746.txt /tmp/new-env-2133746.txt
+++ sort
+CC=/nas/ucb/tutrinh/anaconda3/envs/ood/bin/x86_64-conda_cos6-linux-gnu-cc
+CFLAGS=-march=nocona -mtune=haswell -ftree-vectorize -fPIC -fstack-protector-strong -fno-plt -O2 -pipe
+CPPFLAGS=-D_FORTIFY_SOURCE=2 -O2
+CPP=/nas/ucb/tutrinh/anaconda3/envs/ood/bin/x86_64-conda_cos6-linux-gnu-cpp
+DEBUG_CFLAGS=-march=nocona -mtune=haswell -ftree-vectorize -fPIC -fstack-protector-strong -fno-plt -O2 -pipe -Og -g -Wall -Wextra -fcheck=all -fbacktrace -fimplicit-none -fvar-tracking-assignments
+GCC_AR=/nas/ucb/tutrinh/anaconda3/envs/ood/bin/x86_64-conda_cos6-linux-gnu-gcc-ar
+GCC=/nas/ucb/tutrinh/anaconda3/envs/ood/bin/x86_64-conda_cos6-linux-gnu-gcc
+GCC_NM=/nas/ucb/tutrinh/anaconda3/envs/ood/bin/x86_64-conda_cos6-linux-gnu-gcc-nm
+GCC_RANLIB=/nas/ucb/tutrinh/anaconda3/envs/ood/bin/x86_64-conda_cos6-linux-gnu-gcc-ranlib
+LDFLAGS=-Wl,-O2,--sort-common,--as-needed,-z,relro,-z,now
++ . /nas/ucb/tutrinh/anaconda3/envs/ood/etc/conda/activate.d/glib_activate.sh
+++ export GSETTINGS_SCHEMA_DIR_CONDA_BACKUP=
+++ GSETTINGS_SCHEMA_DIR_CONDA_BACKUP=
+++ export GSETTINGS_SCHEMA_DIR=/nas/ucb/tutrinh/anaconda3/envs/ood/share/glib-2.0/schemas
+++ GSETTINGS_SCHEMA_DIR=/nas/ucb/tutrinh/anaconda3/envs/ood/share/glib-2.0/schemas
+ __conda_hashr
+ '[' -n '' ']'
+ '[' -n '' ']'
+ hash -r
+ wandb login 4a6017fc91542ffdb82ee3d6213e9cf0c11fd892
wandb: Appending key for api.wandb.ai to your netrc file: /home/tutrinh/.netrc
+ export CUDA_LAUNCH_BLOCKING=1
+ CUDA_LAUNCH_BLOCKING=1
+ cd /nas/ucb/tutrinh/train-procgen-pytorch
+ export PYTHONPATH=:/nas/ucb/tutrinh/train-procgen-pytorch
+ PYTHONPATH=:/nas/ucb/tutrinh/train-procgen-pytorch
+ python3 train.py --env_name heist_aisc_many_chests --exp_name save_obs_throughout --num_levels 100000 --distribution_mode hard --param_name hard-500 --num_timesteps 200000000 --save_timesteps 390625 781250 1562500 3125000 6250000 10000000 12500000 20000000 25000000 30000000 40000000 50000000 60000000 70000000 80000000 90000000 100000000 110000000 120000000 130000000 140000000 150000000 160000000 170000000 180000000 190000000 200000000 --seed 8888 --use_wandb --save_observations
SAVING AT TIMESTEPS: [390625, 781250, 1562500, 3125000, 6250000, 10000000, 12500000, 20000000, 25000000, 30000000, 40000000, 50000000, 60000000, 70000000, 80000000, 90000000, 100000000, 110000000, 120000000, 130000000, 140000000, 150000000, 160000000, 170000000, 180000000, 190000000, 200000000]
[LOADING HYPERPARAMETERS...]
algo : ppo
n_envs : 256
n_steps : 256
epoch : 3
mini_batch_per_epoch : 8
mini_batch_size : 8192
gamma : 0.999
lmbda : 0.95
learning_rate : 0.0005
grad_clip_norm : 0.5
eps_clip : 0.2
value_coef : 0.5
entropy_coef : 0.01
normalize_adv : True
normalize_rew : False
use_gae : True
architecture : impala
recurrent : False
INITIALIZAING ENVIRONMENTS...
building procgen...wandb: Currently logged in as: tu-trinh. Use `wandb login --relogin` to force relogin
wandb: wandb version 0.17.5 is available!  To upgrade, please run:
wandb:  $ pip install wandb --upgrade
wandb: Tracking run with wandb version 0.17.0
wandb: Run data is saved locally in /nas/ucb/tutrinh/train-procgen-pytorch/wandb/run-20240720_035500-5d5vdxqr
wandb: Run `wandb offline` to turn off syncing.
wandb: Syncing run dark-bird-34
wandb: ⭐️ View project at https://wandb.ai/tu-trinh/chai-internship
wandb: 🚀 View run at https://wandb.ai/tu-trinh/chai-internship/runs/5d5vdxqr
done
INITIALIZING LOGGER...
Logging to /nas/ucb/tutrinh/train-procgen-pytorch/logs/train/heist_aisc_many_chests/save_obs_throughout/2024-07-20__03-54-59__seed_8888
INTIALIZING MODEL...
Using normal action space
INITIALIZING STORAGE...
INTIALIZING AGENT...
START TRAINING...
timesteps                   65536.000000
wall_time                     380.357507
num_episodes                   16.000000
max_episode_rewards             2.000000
mean_episode_rewards            1.437500
min_episode_rewards             0.000000
max_episode_len               251.000000
mean_episode_len              131.875000
min_episode_len                 0.000000
mean_timeouts                   0.000000
val_max_episode_rewards         1.000000
val_mean_episode_rewards        1.000000
val_min_episode_rewards         0.000000
val_max_episode_len             3.000000
val_mean_episode_len            3.000000
val_min_episode_len             0.000000
val_mean_timeouts               0.000000
Name: 0, dtype: float64
timesteps                   131072.000000
wall_time                      762.314085
num_episodes                    30.000000
max_episode_rewards              3.000000
mean_episode_rewards             1.633333
min_episode_rewards              0.000000
max_episode_len                499.000000
mean_episode_len               243.900000
min_episode_len                  0.000000
mean_timeouts                    0.000000
val_max_episode_rewards          2.000000
val_mean_episode_rewards         1.500000
val_min_episode_rewards          0.000000
val_max_episode_len            257.000000
val_mean_episode_len           130.000000
val_min_episode_len              0.000000
val_mean_timeouts                0.000000
Name: 1, dtype: float64
timesteps                   196608.000000
wall_time                     1148.903665
num_episodes                    43.000000
max_episode_rewards              3.000000
mean_episode_rewards             1.725000
min_episode_rewards              0.000000
max_episode_len                763.000000
mean_episode_len               387.250000
min_episode_len                  0.000000
mean_timeouts                    0.000000
val_max_episode_rewards          2.000000
val_mean_episode_rewards         1.333333
val_min_episode_rewards          0.000000
val_max_episode_len            515.000000
val_mean_episode_len           258.333333
val_min_episode_len              0.000000
val_mean_timeouts                0.000000
Name: 2, dtype: float64
timesteps                   262144.00000
wall_time                     1536.73143
num_episodes                   264.00000
max_episode_rewards              3.00000
mean_episode_rewards             0.85000
min_episode_rewards              0.00000
max_episode_len               1000.00000
mean_episode_len               975.45000
min_episode_len                  0.00000
mean_timeouts                    0.00000
val_max_episode_rewards          2.00000
val_mean_episode_rewards         0.22500
val_min_episode_rewards          0.00000
val_max_episode_len           1000.00000
val_mean_episode_len          1000.00000
val_min_episode_len              0.00000
val_mean_timeouts                0.00000
Name: 3, dtype: float64
timesteps                   327680.000000
wall_time                     1925.629469
num_episodes                   305.000000
max_episode_rewards              4.000000
mean_episode_rewards             1.400000
min_episode_rewards              0.000000
max_episode_len               1000.000000
mean_episode_len               499.500000
min_episode_len                  0.000000
mean_timeouts                    0.025000
val_max_episode_rewards          2.000000
val_mean_episode_rewards         0.225000
val_min_episode_rewards          0.000000
val_max_episode_len           1000.000000
val_mean_episode_len          1000.000000
val_min_episode_len              0.000000
val_mean_timeouts                0.000000
Name: 4, dtype: float64
timesteps                   393216.000000
wall_time                     2320.276854
num_episodes                   335.000000
max_episode_rewards              3.000000
mean_episode_rewards             1.400000
min_episode_rewards              0.000000
max_episode_len               1000.000000
mean_episode_len               544.025000
min_episode_len                  0.000000
mean_timeouts                    0.000000
val_max_episode_rewards          2.000000
val_mean_episode_rewards         0.325000
val_min_episode_rewards          0.000000
val_max_episode_len           1000.000000
val_mean_episode_len           939.525000
val_min_episode_len              0.000000
val_mean_timeouts                0.000000
Name: 5, dtype: float64
Saving model at timestep 393217
timesteps                   458752.000000
wall_time                     2720.460519
num_episodes                   357.000000
max_episode_rewards              4.000000
mean_episode_rewards             1.625000
min_episode_rewards              0.000000
max_episode_len               1000.000000
mean_episode_len               690.475000
min_episode_len                  0.000000
mean_timeouts                    0.000000
val_max_episode_rewards          2.000000
val_mean_episode_rewards         0.375000
val_min_episode_rewards          0.000000
val_max_episode_len           1000.000000
val_mean_episode_len           928.375000
val_min_episode_len              0.000000
val_mean_timeouts                0.000000
Name: 6, dtype: float64
timesteps                   524288.000000
wall_time                     3117.033127
num_episodes                   536.000000
max_episode_rewards              3.000000
mean_episode_rewards             1.175000
min_episode_rewards              0.000000
max_episode_len               1000.000000
mean_episode_len               975.575000
min_episode_len                  0.000000
mean_timeouts                    0.000000
val_max_episode_rewards          2.000000
val_mean_episode_rewards         0.300000
val_min_episode_rewards          0.000000
val_max_episode_len           1000.000000
val_mean_episode_len          1000.000000
val_min_episode_len              0.000000
val_mean_timeouts                0.000000
Name: 7, dtype: float64
timesteps                   589824.000000
wall_time                     3498.834084
num_episodes                   585.000000
max_episode_rewards              3.000000
mean_episode_rewards             1.050000
min_episode_rewards              0.000000
max_episode_len               1000.000000
mean_episode_len               635.225000
min_episode_len                  0.000000
mean_timeouts                    0.000000
val_max_episode_rewards          2.000000
val_mean_episode_rewards         0.350000
val_min_episode_rewards          0.000000
val_max_episode_len           1000.000000
val_mean_episode_len           976.275000
val_min_episode_len              0.000000
val_mean_timeouts                0.000000
Name: 8, dtype: float64
timesteps                   655360.000000
wall_time                     3878.749433
num_episodes                   628.000000
max_episode_rewards              3.000000
mean_episode_rewards             1.000000
min_episode_rewards              0.000000
max_episode_len               1000.000000
mean_episode_len               812.375000
min_episode_len                  0.000000
mean_timeouts                    0.000000
val_max_episode_rewards          2.000000
val_mean_episode_rewards         0.350000
val_min_episode_rewards          0.000000
val_max_episode_len           1000.000000
val_mean_episode_len           941.925000
val_min_episode_len              0.000000
val_mean_timeouts                0.000000
Name: 9, dtype: float64
timesteps                   720896.000000
wall_time                     4256.751225
num_episodes                   658.000000
max_episode_rewards              3.000000
mean_episode_rewards             1.275000
min_episode_rewards              0.000000
max_episode_len               1000.000000
mean_episode_len               782.300000
min_episode_len                  0.000000
mean_timeouts                    0.025000
val_max_episode_rewards          2.000000
val_mean_episode_rewards         0.425000
val_min_episode_rewards          0.000000
val_max_episode_len           1000.000000
val_mean_episode_len           909.725000
val_min_episode_len              0.000000
val_mean_timeouts                0.000000
Name: 10, dtype: float64
timesteps                   786432.000000
wall_time                     4639.266166
num_episodes                   820.000000
max_episode_rewards              3.000000
mean_episode_rewards             0.950000
min_episode_rewards              0.000000
max_episode_len               1000.000000
mean_episode_len               932.225000
min_episode_len                  0.000000
mean_timeouts                    0.000000
val_max_episode_rewards          2.000000
val_mean_episode_rewards         0.250000
val_min_episode_rewards          0.000000
val_max_episode_len           1000.000000
val_mean_episode_len           995.475000
val_min_episode_len              0.000000
val_mean_timeouts                0.000000
Name: 11, dtype: float64
Saving model at timestep 786433
timesteps                   851968.000000
wall_time                     5023.900379
num_episodes                   874.000000
max_episode_rewards              3.000000
mean_episode_rewards             1.225000
min_episode_rewards              0.000000
max_episode_len               1000.000000
mean_episode_len               799.850000
min_episode_len                  0.000000
mean_timeouts                    0.000000
val_max_episode_rewards          2.000000
val_mean_episode_rewards         0.325000
val_min_episode_rewards          0.000000
val_max_episode_len           1000.000000
val_mean_episode_len           972.475000
val_min_episode_len              0.000000
val_mean_timeouts                0.000000
Name: 12, dtype: float64
timesteps                   917504.000000
wall_time                     5409.854752
num_episodes                   921.000000
max_episode_rewards              3.000000
mean_episode_rewards             1.250000
min_episode_rewards              0.000000
max_episode_len               1000.000000
mean_episode_len               705.325000
min_episode_len                  0.000000
mean_timeouts                    0.000000
val_max_episode_rewards          2.000000
val_mean_episode_rewards         0.350000
val_min_episode_rewards          0.000000
val_max_episode_len           1000.000000
val_mean_episode_len           955.875000
val_min_episode_len              0.000000
val_mean_timeouts                0.000000
Name: 13, dtype: float64
timesteps                   983040.000000
wall_time                     5795.424104
num_episodes                   964.000000
max_episode_rewards              3.000000
mean_episode_rewards             1.475000
min_episode_rewards              0.000000
max_episode_len               1000.000000
mean_episode_len               811.350000
min_episode_len                  0.000000
mean_timeouts                    0.025000
val_max_episode_rewards          2.000000
val_mean_episode_rewards         0.350000
val_min_episode_rewards          0.000000
val_max_episode_len           1000.000000
val_mean_episode_len           945.700000
val_min_episode_len              0.000000
val_mean_timeouts                0.000000
Name: 14, dtype: float64
timesteps                   1.048576e+06
wall_time                   6.177233e+03
num_episodes                1.119000e+03
max_episode_rewards         3.000000e+00
mean_episode_rewards        1.225000e+00
min_episode_rewards         0.000000e+00
max_episode_len             1.000000e+03
mean_episode_len            9.156250e+02
min_episode_len             0.000000e+00
mean_timeouts               0.000000e+00
val_max_episode_rewards     2.000000e+00
val_mean_episode_rewards    2.000000e-01
val_min_episode_rewards     0.000000e+00
val_max_episode_len         1.000000e+03
val_mean_episode_len        1.000000e+03
val_min_episode_len         0.000000e+00
val_mean_timeouts           0.000000e+00
Name: 15, dtype: float64
timesteps                   1.114112e+06
wall_time                   6.559223e+03
num_episodes                1.172000e+03
max_episode_rewards         2.000000e+00
mean_episode_rewards        1.175000e+00
min_episode_rewards         0.000000e+00
max_episode_len             1.000000e+03
mean_episode_len            7.935250e+02
min_episode_len             0.000000e+00
mean_timeouts               0.000000e+00
val_max_episode_rewards     2.000000e+00
val_mean_episode_rewards    1.750000e-01
val_min_episode_rewards     0.000000e+00
val_max_episode_len         1.000000e+03
val_mean_episode_len        1.000000e+03
val_min_episode_len         0.000000e+00
val_mean_timeouts           0.000000e+00
Name: 16, dtype: float64
timesteps                   1.179648e+06
wall_time                   6.940517e+03
num_episodes                1.224000e+03
max_episode_rewards         3.000000e+00
mean_episode_rewards        1.250000e+00
min_episode_rewards         0.000000e+00
max_episode_len             1.000000e+03
mean_episode_len            8.006250e+02
min_episode_len             0.000000e+00
mean_timeouts               0.000000e+00
val_max_episode_rewards     2.000000e+00
val_mean_episode_rewards    2.250000e-01
val_min_episode_rewards     0.000000e+00
val_max_episode_len         1.000000e+03
val_mean_episode_len        9.679750e+02
val_min_episode_len         0.000000e+00
val_mean_timeouts           0.000000e+00
Name: 17, dtype: float64
timesteps                   1.245184e+06
wall_time                   7.325333e+03
num_episodes                1.264000e+03
max_episode_rewards         3.000000e+00
mean_episode_rewards        1.400000e+00
min_episode_rewards         0.000000e+00
max_episode_len             1.000000e+03
mean_episode_len            8.885250e+02
min_episode_len             0.000000e+00
mean_timeouts               0.000000e+00
val_max_episode_rewards     2.000000e+00
val_mean_episode_rewards    2.500000e-01
val_min_episode_rewards     0.000000e+00
val_max_episode_len         1.000000e+03
val_mean_episode_len        9.487500e+02
val_min_episode_len         0.000000e+00
val_mean_timeouts           0.000000e+00
Name: 18, dtype: float64
timesteps                   1.310720e+06
wall_time                   7.701167e+03
num_episodes                1.402000e+03
max_episode_rewards         4.000000e+00
mean_episode_rewards        1.150000e+00
min_episode_rewards         0.000000e+00
max_episode_len             1.000000e+03
mean_episode_len            9.366750e+02
min_episode_len             0.000000e+00
mean_timeouts               0.000000e+00
val_max_episode_rewards     2.000000e+00
val_mean_episode_rewards    2.250000e-01
val_min_episode_rewards     0.000000e+00
val_max_episode_len         1.000000e+03
val_mean_episode_len        9.966750e+02
val_min_episode_len         0.000000e+00
val_mean_timeouts           0.000000e+00
Name: 19, dtype: float64
timesteps                   1.376256e+06
wall_time                   8.069428e+03
num_episodes                1.460000e+03
max_episode_rewards         3.000000e+00
mean_episode_rewards        1.050000e+00
min_episode_rewards         0.000000e+00
max_episode_len             1.000000e+03
mean_episode_len            8.507000e+02
min_episode_len             0.000000e+00
mean_timeouts               0.000000e+00
val_max_episode_rewards     2.000000e+00
val_mean_episode_rewards    1.750000e-01
val_min_episode_rewards     0.000000e+00
val_max_episode_len         1.000000e+03
val_mean_episode_len        1.000000e+03
val_min_episode_len         0.000000e+00
val_mean_timeouts           0.000000e+00
Name: 20, dtype: float64
timesteps                   1.441792e+06
wall_time                   8.448906e+03
num_episodes                1.526000e+03
max_episode_rewards         3.000000e+00
mean_episode_rewards        1.050000e+00
min_episode_rewards         0.000000e+00
max_episode_len             1.000000e+03
mean_episode_len            8.030500e+02
min_episode_len             0.000000e+00
mean_timeouts               5.000000e-02
val_max_episode_rewards     2.000000e+00
val_mean_episode_rewards    2.250000e-01
val_min_episode_rewards     0.000000e+00
val_max_episode_len         1.000000e+03
val_mean_episode_len        9.847000e+02
val_min_episode_len         0.000000e+00
val_mean_timeouts           0.000000e+00
Name: 21, dtype: float64
timesteps                   1.507328e+06
wall_time                   8.835895e+03
num_episodes                1.567000e+03
max_episode_rewards         3.000000e+00
mean_episode_rewards        1.225000e+00
min_episode_rewards         0.000000e+00
max_episode_len             1.000000e+03
mean_episode_len            8.892500e+02
min_episode_len             0.000000e+00
mean_timeouts               0.000000e+00
val_max_episode_rewards     2.000000e+00
val_mean_episode_rewards    3.750000e-01
val_min_episode_rewards     0.000000e+00
val_max_episode_len         1.000000e+03
val_mean_episode_len        9.666750e+02
val_min_episode_len         0.000000e+00
val_mean_timeouts           0.000000e+00
Name: 22, dtype: float64
timesteps                   1.572864e+06
wall_time                   9.225761e+03
num_episodes                1.694000e+03
max_episode_rewards         4.000000e+00
mean_episode_rewards        1.100000e+00
min_episode_rewards         0.000000e+00
max_episode_len             1.000000e+03
mean_episode_len            9.424250e+02
min_episode_len             0.000000e+00
mean_timeouts               2.500000e-02
val_max_episode_rewards     1.000000e+00
val_mean_episode_rewards    2.000000e-01
val_min_episode_rewards     0.000000e+00
val_max_episode_len         1.000000e+03
val_mean_episode_len        9.751250e+02
val_min_episode_len         0.000000e+00
val_mean_timeouts           0.000000e+00
Name: 23, dtype: float64
Saving model at timestep 1572865
timesteps                   1.638400e+06
wall_time                   9.615005e+03
num_episodes                1.749000e+03
max_episode_rewards         4.000000e+00
mean_episode_rewards        1.225000e+00
min_episode_rewards         0.000000e+00
max_episode_len             1.000000e+03
mean_episode_len            8.316750e+02
min_episode_len             0.000000e+00
mean_timeouts               0.000000e+00
val_max_episode_rewards     2.000000e+00
val_mean_episode_rewards    2.750000e-01
val_min_episode_rewards     0.000000e+00
val_max_episode_len         1.000000e+03
val_mean_episode_len        9.325250e+02
val_min_episode_len         0.000000e+00
val_mean_timeouts           0.000000e+00
Name: 24, dtype: float64
timesteps                   1.703936e+06
wall_time                   1.000362e+04
num_episodes                1.811000e+03
max_episode_rewards         3.000000e+00
mean_episode_rewards        1.125000e+00
min_episode_rewards         0.000000e+00
max_episode_len             1.000000e+03
mean_episode_len            9.072500e+02
min_episode_len             0.000000e+00
mean_timeouts               0.000000e+00
val_max_episode_rewards     2.000000e+00
val_mean_episode_rewards    3.250000e-01
val_min_episode_rewards     0.000000e+00
val_max_episode_len         1.000000e+03
val_mean_episode_len        9.427750e+02
val_min_episode_len         0.000000e+00
val_mean_timeouts           0.000000e+00
Name: 25, dtype: float64
timesteps                   1.769472e+06
wall_time                   1.039703e+04
num_episodes                1.863000e+03
max_episode_rewards         3.000000e+00
mean_episode_rewards        1.175000e+00
min_episode_rewards         0.000000e+00
max_episode_len             1.000000e+03
mean_episode_len            8.731750e+02
min_episode_len             0.000000e+00
mean_timeouts               0.000000e+00
val_max_episode_rewards     2.000000e+00
val_mean_episode_rewards    4.000000e-01
val_min_episode_rewards     0.000000e+00
val_max_episode_len         1.000000e+03
val_mean_episode_len        9.137500e+02
val_min_episode_len         0.000000e+00
val_mean_timeouts           0.000000e+00
Name: 26, dtype: float64
timesteps                   1.835008e+06
wall_time                   1.078348e+04
num_episodes                1.989000e+03
max_episode_rewards         3.000000e+00
mean_episode_rewards        9.750000e-01
min_episode_rewards         0.000000e+00
max_episode_len             1.000000e+03
mean_episode_len            9.095750e+02
min_episode_len             0.000000e+00
mean_timeouts               2.500000e-02
val_max_episode_rewards     2.000000e+00
val_mean_episode_rewards    2.000000e-01
val_min_episode_rewards     0.000000e+00
val_max_episode_len         1.000000e+03
val_mean_episode_len        1.000000e+03
val_min_episode_len         0.000000e+00
val_mean_timeouts           0.000000e+00
Name: 27, dtype: float64
timesteps                   1.900544e+06
wall_time                   1.116871e+04
num_episodes                2.048000e+03
max_episode_rewards         3.000000e+00
mean_episode_rewards        1.125000e+00
min_episode_rewards         0.000000e+00
max_episode_len             1.000000e+03
mean_episode_len            8.684750e+02
min_episode_len             0.000000e+00
mean_timeouts               0.000000e+00
val_max_episode_rewards     2.000000e+00
val_mean_episode_rewards    2.250000e-01
val_min_episode_rewards     0.000000e+00
val_max_episode_len         1.000000e+03
val_mean_episode_len        1.000000e+03
val_min_episode_len         0.000000e+00
val_mean_timeouts           0.000000e+00
Name: 28, dtype: float64
timesteps                   1.966080e+06
wall_time                   1.155393e+04
num_episodes                2.114000e+03
max_episode_rewards         4.000000e+00
mean_episode_rewards        1.450000e+00
min_episode_rewards         0.000000e+00
max_episode_len             1.000000e+03
mean_episode_len            8.463000e+02
min_episode_len             0.000000e+00
mean_timeouts               2.500000e-02
val_max_episode_rewards     2.000000e+00
val_mean_episode_rewards    3.000000e-01
val_min_episode_rewards     0.000000e+00
val_max_episode_len         1.000000e+03
val_mean_episode_len        9.715500e+02
val_min_episode_len         0.000000e+00
val_mean_timeouts           0.000000e+00
Name: 29, dtype: float64
timesteps                   2.031616e+06
wall_time                   1.194116e+04
num_episodes                2.171000e+03
max_episode_rewards         3.000000e+00
mean_episode_rewards        1.325000e+00
min_episode_rewards         0.000000e+00
max_episode_len             1.000000e+03
mean_episode_len            8.470500e+02
min_episode_len             0.000000e+00
mean_timeouts               0.000000e+00
val_max_episode_rewards     2.000000e+00
val_mean_episode_rewards    3.250000e-01
val_min_episode_rewards     0.000000e+00
val_max_episode_len         1.000000e+03
val_mean_episode_len        9.535250e+02
val_min_episode_len         0.000000e+00
val_mean_timeouts           0.000000e+00
Name: 30, dtype: float64
timesteps                   2.097152e+06
wall_time                   1.232747e+04
num_episodes                2.281000e+03
max_episode_rewards         3.000000e+00
mean_episode_rewards        1.250000e+00
min_episode_rewards         0.000000e+00
max_episode_len             1.000000e+03
mean_episode_len            9.531000e+02
min_episode_len             0.000000e+00
mean_timeouts               0.000000e+00
val_max_episode_rewards     2.000000e+00
val_mean_episode_rewards    1.500000e-01
val_min_episode_rewards     0.000000e+00
val_max_episode_len         1.000000e+03
val_mean_episode_len        1.000000e+03
val_min_episode_len         0.000000e+00
val_mean_timeouts           0.000000e+00
Name: 31, dtype: float64
timesteps                   2.162688e+06
wall_time                   1.271771e+04
num_episodes                2.344000e+03
max_episode_rewards         3.000000e+00
mean_episode_rewards        1.175000e+00
min_episode_rewards         0.000000e+00
max_episode_len             1.000000e+03
mean_episode_len            8.580750e+02
min_episode_len             0.000000e+00
mean_timeouts               2.500000e-02
val_max_episode_rewards     2.000000e+00
val_mean_episode_rewards    2.000000e-01
val_min_episode_rewards     0.000000e+00
val_max_episode_len         1.000000e+03
val_mean_episode_len        9.754500e+02
val_min_episode_len         0.000000e+00
val_mean_timeouts           0.000000e+00
Name: 32, dtype: float64
timesteps                   2.228224e+06
wall_time                   1.310414e+04
num_episodes                2.409000e+03
max_episode_rewards         4.000000e+00
mean_episode_rewards        1.225000e+00
min_episode_rewards         0.000000e+00
max_episode_len             1.000000e+03
mean_episode_len            8.420750e+02
min_episode_len             0.000000e+00
mean_timeouts               0.000000e+00
val_max_episode_rewards     2.000000e+00
val_mean_episode_rewards    3.500000e-01
val_min_episode_rewards     0.000000e+00
val_max_episode_len         1.000000e+03
val_mean_episode_len        9.481000e+02
val_min_episode_len         0.000000e+00
val_mean_timeouts           0.000000e+00
Name: 33, dtype: float64
timesteps                   2.293760e+06
wall_time                   1.348834e+04
num_episodes                2.475000e+03
max_episode_rewards         4.000000e+00
mean_episode_rewards        1.500000e+00
min_episode_rewards         0.000000e+00
max_episode_len             1.000000e+03
mean_episode_len            8.681750e+02
min_episode_len             0.000000e+00
mean_timeouts               2.500000e-02
val_max_episode_rewards     2.000000e+00
val_mean_episode_rewards    4.250000e-01
val_min_episode_rewards     0.000000e+00
val_max_episode_len         1.000000e+03
val_mean_episode_len        9.408250e+02
val_min_episode_len         0.000000e+00
val_mean_timeouts           0.000000e+00
Name: 34, dtype: float64
timesteps                   2.359296e+06
wall_time                   1.386819e+04
num_episodes                2.580000e+03
max_episode_rewards         3.000000e+00
mean_episode_rewards        1.350000e+00
min_episode_rewards         0.000000e+00
max_episode_len             1.000000e+03
mean_episode_len            9.061250e+02
min_episode_len             0.000000e+00
mean_timeouts               0.000000e+00
val_max_episode_rewards     2.000000e+00
val_mean_episode_rewards    2.000000e-01
val_min_episode_rewards     0.000000e+00
val_max_episode_len         1.000000e+03
val_mean_episode_len        1.000000e+03
val_min_episode_len         0.000000e+00
val_mean_timeouts           0.000000e+00
Name: 35, dtype: float64
timesteps                   2.424832e+06
wall_time                   1.424184e+04
num_episodes                2.646000e+03
max_episode_rewards         3.000000e+00
mean_episode_rewards        1.150000e+00
min_episode_rewards         0.000000e+00
max_episode_len             1.000000e+03
mean_episode_len            8.771500e+02
min_episode_len             0.000000e+00
mean_timeouts               0.000000e+00
val_max_episode_rewards     2.000000e+00
val_mean_episode_rewards    2.000000e-01
val_min_episode_rewards     0.000000e+00
val_max_episode_len         1.000000e+03
val_mean_episode_len        9.611000e+02
val_min_episode_len         0.000000e+00
val_mean_timeouts           0.000000e+00
Name: 36, dtype: float64
timesteps                   2.490368e+06
wall_time                   1.461961e+04
num_episodes                2.704000e+03
max_episode_rewards         3.000000e+00
mean_episode_rewards        1.225000e+00
min_episode_rewards         0.000000e+00
max_episode_len             1.000000e+03
mean_episode_len            8.953250e+02
min_episode_len             0.000000e+00
mean_timeouts               0.000000e+00
val_max_episode_rewards     2.000000e+00
val_mean_episode_rewards    2.000000e-01
val_min_episode_rewards     0.000000e+00
val_max_episode_len         1.000000e+03
val_mean_episode_len        9.611000e+02
val_min_episode_len         0.000000e+00
val_mean_timeouts           0.000000e+00
Name: 37, dtype: float64
timesteps                   2.555904e+06
wall_time                   1.499795e+04
num_episodes                2.769000e+03
max_episode_rewards         3.000000e+00
mean_episode_rewards        1.025000e+00
min_episode_rewards         0.000000e+00
max_episode_len             1.000000e+03
mean_episode_len            8.868500e+02
min_episode_len             0.000000e+00
mean_timeouts               0.000000e+00
val_max_episode_rewards     2.000000e+00
val_mean_episode_rewards    2.500000e-01
val_min_episode_rewards     0.000000e+00
val_max_episode_len         1.000000e+03
val_mean_episode_len        9.408750e+02
val_min_episode_len         0.000000e+00
val_mean_timeouts           0.000000e+00
Name: 38, dtype: float64
timesteps                   2.621440e+06
wall_time                   1.538076e+04
num_episodes                2.868000e+03
max_episode_rewards         3.000000e+00
mean_episode_rewards        1.025000e+00
min_episode_rewards         0.000000e+00
max_episode_len             1.000000e+03
mean_episode_len            9.357000e+02
min_episode_len             0.000000e+00
mean_timeouts               0.000000e+00
val_max_episode_rewards     1.000000e+00
val_mean_episode_rewards    2.500000e-01
val_min_episode_rewards     0.000000e+00
val_max_episode_len         1.000000e+03
val_mean_episode_len        1.000000e+03
val_min_episode_len         0.000000e+00
val_mean_timeouts           0.000000e+00
Name: 39, dtype: float64
timesteps                   2.686976e+06
wall_time                   1.576573e+04
num_episodes                2.934000e+03
max_episode_rewards         3.000000e+00
mean_episode_rewards        1.000000e+00
min_episode_rewards         0.000000e+00
max_episode_len             1.000000e+03
mean_episode_len            8.720750e+02
min_episode_len             0.000000e+00
mean_timeouts               0.000000e+00
val_max_episode_rewards     2.000000e+00
val_mean_episode_rewards    2.000000e-01
val_min_episode_rewards     0.000000e+00
val_max_episode_len         1.000000e+03
val_mean_episode_len        1.000000e+03
val_min_episode_len         0.000000e+00
val_mean_timeouts           0.000000e+00
Name: 40, dtype: float64
timesteps                   2.752512e+06
wall_time                   1.615130e+04
num_episodes                3.005000e+03
max_episode_rewards         3.000000e+00
mean_episode_rewards        1.100000e+00
min_episode_rewards         0.000000e+00
max_episode_len             1.000000e+03
mean_episode_len            8.253750e+02
min_episode_len             0.000000e+00
mean_timeouts               2.500000e-02
val_max_episode_rewards     2.000000e+00
val_mean_episode_rewards    2.500000e-01
val_min_episode_rewards     0.000000e+00
val_max_episode_len         1.000000e+03
val_mean_episode_len        1.000000e+03
val_min_episode_len         0.000000e+00
val_mean_timeouts           0.000000e+00
Name: 41, dtype: float64
timesteps                   2.818048e+06
wall_time                   1.654102e+04
num_episodes                3.101000e+03
max_episode_rewards         3.000000e+00
mean_episode_rewards        1.225000e+00
min_episode_rewards         0.000000e+00
max_episode_len             1.000000e+03
mean_episode_len            9.234750e+02
min_episode_len             0.000000e+00
mean_timeouts               0.000000e+00
val_max_episode_rewards     2.000000e+00
val_mean_episode_rewards    1.500000e-01
val_min_episode_rewards     0.000000e+00
val_max_episode_len         1.000000e+03
val_mean_episode_len        1.000000e+03
val_min_episode_len         0.000000e+00
val_mean_timeouts           0.000000e+00
Name: 42, dtype: float64
timesteps                   2.883584e+06
wall_time                   1.692897e+04
num_episodes                3.176000e+03
max_episode_rewards         2.000000e+00
mean_episode_rewards        1.050000e+00
min_episode_rewards         0.000000e+00
max_episode_len             1.000000e+03
mean_episode_len            8.283250e+02
min_episode_len             0.000000e+00
mean_timeouts               2.500000e-02
val_max_episode_rewards     1.000000e+00
val_mean_episode_rewards    1.500000e-01
val_min_episode_rewards     0.000000e+00
val_max_episode_len         1.000000e+03
val_mean_episode_len        9.506750e+02
val_min_episode_len         0.000000e+00
val_mean_timeouts           0.000000e+00
Name: 43, dtype: float64
timesteps                   2.949120e+06
wall_time                   1.731742e+04
num_episodes                3.235000e+03
max_episode_rewards         2.000000e+00
mean_episode_rewards        1.025000e+00
min_episode_rewards         0.000000e+00
max_episode_len             1.000000e+03
mean_episode_len            8.527250e+02
min_episode_len             0.000000e+00
mean_timeouts               0.000000e+00
val_max_episode_rewards     2.000000e+00
val_mean_episode_rewards    3.250000e-01
val_min_episode_rewards     0.000000e+00
val_max_episode_len         1.000000e+03
val_mean_episode_len        8.946000e+02
val_min_episode_len         0.000000e+00
val_mean_timeouts           0.000000e+00
Name: 44, dtype: float64
timesteps                   3.014656e+06
wall_time                   1.770266e+04
num_episodes                3.313000e+03
max_episode_rewards         3.000000e+00
mean_episode_rewards        1.350000e+00
min_episode_rewards         0.000000e+00
max_episode_len             1.000000e+03
mean_episode_len            8.711750e+02
min_episode_len             0.000000e+00
mean_timeouts               0.000000e+00
val_max_episode_rewards     2.000000e+00
val_mean_episode_rewards    3.250000e-01
val_min_episode_rewards     0.000000e+00
val_max_episode_len         1.000000e+03
val_mean_episode_len        9.074500e+02
val_min_episode_len         0.000000e+00
val_mean_timeouts           0.000000e+00
Name: 45, dtype: float64
timesteps                   3.080192e+06
wall_time                   1.808968e+04
num_episodes                3.399000e+03
max_episode_rewards         2.000000e+00
mean_episode_rewards        1.025000e+00
min_episode_rewards         0.000000e+00
max_episode_len             1.000000e+03
mean_episode_len            8.774500e+02
min_episode_len             0.000000e+00
mean_timeouts               0.000000e+00
val_max_episode_rewards     2.000000e+00
val_mean_episode_rewards    2.000000e-01
val_min_episode_rewards     0.000000e+00
val_max_episode_len         1.000000e+03
val_mean_episode_len        1.000000e+03
val_min_episode_len         0.000000e+00
val_mean_timeouts           0.000000e+00
Name: 46, dtype: float64
timesteps                   3.145728e+06
wall_time                   1.847454e+04
num_episodes                3.478000e+03
max_episode_rewards         3.000000e+00
mean_episode_rewards        1.175000e+00
min_episode_rewards         0.000000e+00
max_episode_len             1.000000e+03
mean_episode_len            7.789500e+02
min_episode_len             0.000000e+00
mean_timeouts               0.000000e+00
val_max_episode_rewards     2.000000e+00
val_mean_episode_rewards    3.250000e-01
val_min_episode_rewards     0.000000e+00
val_max_episode_len         1.000000e+03
val_mean_episode_len        9.518750e+02
val_min_episode_len         0.000000e+00
val_mean_timeouts           0.000000e+00
Name: 47, dtype: float64
Saving model at timestep 3145729
timesteps                   3.211264e+06
wall_time                   1.886088e+04
num_episodes                3.546000e+03
max_episode_rewards         3.000000e+00
mean_episode_rewards        1.200000e+00
min_episode_rewards         0.000000e+00
max_episode_len             1.000000e+03
mean_episode_len            8.425500e+02
min_episode_len             0.000000e+00
mean_timeouts               5.000000e-02
val_max_episode_rewards     2.000000e+00
val_mean_episode_rewards    3.000000e-01
val_min_episode_rewards     0.000000e+00
val_max_episode_len         1.000000e+03
val_mean_episode_len        9.220000e+02
val_min_episode_len         0.000000e+00
val_mean_timeouts           0.000000e+00
Name: 48, dtype: float64
timesteps                   3.276800e+06
wall_time                   1.924566e+04
num_episodes                3.622000e+03
max_episode_rewards         2.000000e+00
mean_episode_rewards        1.050000e+00
min_episode_rewards         0.000000e+00
max_episode_len             1.000000e+03
mean_episode_len            9.220500e+02
min_episode_len             0.000000e+00
mean_timeouts               0.000000e+00
val_max_episode_rewards     2.000000e+00
val_mean_episode_rewards    3.250000e-01
val_min_episode_rewards     0.000000e+00
val_max_episode_len         1.000000e+03
val_mean_episode_len        9.364500e+02
val_min_episode_len         0.000000e+00
val_mean_timeouts           0.000000e+00
Name: 49, dtype: float64
timesteps                   3.342336e+06
wall_time                   1.962788e+04
num_episodes                3.704000e+03
max_episode_rewards         2.000000e+00
mean_episode_rewards        1.050000e+00
min_episode_rewards         0.000000e+00
max_episode_len             1.000000e+03
mean_episode_len            8.998000e+02
min_episode_len             0.000000e+00
mean_timeouts               0.000000e+00
val_max_episode_rewards     2.000000e+00
val_mean_episode_rewards    2.250000e-01
val_min_episode_rewards     0.000000e+00
val_max_episode_len         1.000000e+03
val_mean_episode_len        1.000000e+03
val_min_episode_len         0.000000e+00
val_mean_timeouts           0.000000e+00
Name: 50, dtype: float64
timesteps                   3.407872e+06
wall_time                   2.000653e+04
num_episodes                3.779000e+03
max_episode_rewards         3.000000e+00
mean_episode_rewards        1.125000e+00
min_episode_rewards         0.000000e+00
max_episode_len             1.000000e+03
mean_episode_len            9.041750e+02
min_episode_len             0.000000e+00
mean_timeouts               0.000000e+00
val_max_episode_rewards     2.000000e+00
val_mean_episode_rewards    2.250000e-01
val_min_episode_rewards     0.000000e+00
val_max_episode_len         1.000000e+03
val_mean_episode_len        1.000000e+03
val_min_episode_len         0.000000e+00
val_mean_timeouts           0.000000e+00
Name: 51, dtype: float64
timesteps                   3.473408e+06
wall_time                   2.038283e+04
num_episodes                3.851000e+03
max_episode_rewards         4.000000e+00
mean_episode_rewards        1.450000e+00
min_episode_rewards         0.000000e+00
max_episode_len             1.000000e+03
mean_episode_len            8.291750e+02
min_episode_len             0.000000e+00
mean_timeouts               0.000000e+00
val_max_episode_rewards     1.000000e+00
val_mean_episode_rewards    2.000000e-01
val_min_episode_rewards     0.000000e+00
val_max_episode_len         1.000000e+03
val_mean_episode_len        9.658500e+02
val_min_episode_len         0.000000e+00
val_mean_timeouts           0.000000e+00
Name: 52, dtype: float64
timesteps                   3.538944e+06
wall_time                   2.075894e+04
num_episodes                3.922000e+03
max_episode_rewards         3.000000e+00
mean_episode_rewards        1.100000e+00
min_episode_rewards         0.000000e+00
max_episode_len             1.000000e+03
mean_episode_len            8.957500e+02
min_episode_len             0.000000e+00
mean_timeouts               2.500000e-02
val_max_episode_rewards     2.000000e+00
val_mean_episode_rewards    2.750000e-01
val_min_episode_rewards     0.000000e+00
val_max_episode_len         1.000000e+03
val_mean_episode_len        9.445250e+02
val_min_episode_len         0.000000e+00
val_mean_timeouts           0.000000e+00
Name: 53, dtype: float64
timesteps                   3.604480e+06
wall_time                   2.113998e+04
num_episodes                4.006000e+03
max_episode_rewards         3.000000e+00
mean_episode_rewards        1.525000e+00
min_episode_rewards         0.000000e+00
max_episode_len             1.000000e+03
mean_episode_len            8.795250e+02
min_episode_len             0.000000e+00
mean_timeouts               0.000000e+00
val_max_episode_rewards     2.000000e+00
val_mean_episode_rewards    2.750000e-01
val_min_episode_rewards     0.000000e+00
val_max_episode_len         1.000000e+03
val_mean_episode_len        9.866750e+02
val_min_episode_len         0.000000e+00
val_mean_timeouts           0.000000e+00
Name: 54, dtype: float64
timesteps                   3.670016e+06
wall_time                   2.152591e+04
num_episodes                4.081000e+03
max_episode_rewards         3.000000e+00
mean_episode_rewards        1.325000e+00
min_episode_rewards         0.000000e+00
max_episode_len             1.000000e+03
mean_episode_len            8.179000e+02
min_episode_len             0.000000e+00
mean_timeouts               2.500000e-02
val_max_episode_rewards     2.000000e+00
val_mean_episode_rewards    4.000000e-01
val_min_episode_rewards     0.000000e+00
val_max_episode_len         1.000000e+03
val_mean_episode_len        9.396500e+02
val_min_episode_len         0.000000e+00
val_mean_timeouts           2.500000e-02
Name: 55, dtype: float64
timesteps                   3.735552e+06
wall_time                   2.192291e+04
num_episodes                4.147000e+03
max_episode_rewards         4.000000e+00
mean_episode_rewards        1.100000e+00
min_episode_rewards         0.000000e+00
max_episode_len             1.000000e+03
mean_episode_len            8.790500e+02
min_episode_len             0.000000e+00
mean_timeouts               0.000000e+00
val_max_episode_rewards     2.000000e+00
val_mean_episode_rewards    4.000000e-01
val_min_episode_rewards     0.000000e+00
val_max_episode_len         1.000000e+03
val_mean_episode_len        9.396500e+02
val_min_episode_len         0.000000e+00
val_mean_timeouts           2.500000e-02
Name: 56, dtype: float64
timesteps                   3.801088e+06
wall_time                   2.232076e+04
num_episodes                4.222000e+03
max_episode_rewards         4.000000e+00
mean_episode_rewards        1.125000e+00
min_episode_rewards         0.000000e+00
max_episode_len             1.000000e+03
mean_episode_len            8.978250e+02
min_episode_len             0.000000e+00
mean_timeouts               0.000000e+00
val_max_episode_rewards     1.000000e+00
val_mean_episode_rewards    3.000000e-01
val_min_episode_rewards     0.000000e+00
val_max_episode_len         1.000000e+03
val_mean_episode_len        1.000000e+03
val_min_episode_len         0.000000e+00
val_mean_timeouts           5.000000e-02
Name: 57, dtype: float64
timesteps                   3.866624e+06
wall_time                   2.271644e+04
num_episodes                4.298000e+03
max_episode_rewards         2.000000e+00
mean_episode_rewards        1.175000e+00
min_episode_rewards         0.000000e+00
max_episode_len             1.000000e+03
mean_episode_len            9.483000e+02
min_episode_len             0.000000e+00
mean_timeouts               0.000000e+00
val_max_episode_rewards     2.000000e+00
val_mean_episode_rewards    1.500000e-01
val_min_episode_rewards     0.000000e+00
val_max_episode_len         1.000000e+03
val_mean_episode_len        1.000000e+03
val_min_episode_len         0.000000e+00
val_mean_timeouts           0.000000e+00
Name: 58, dtype: float64
timesteps                   3.932160e+06
wall_time                   2.310243e+04
num_episodes                4.372000e+03
max_episode_rewards         3.000000e+00
mean_episode_rewards        1.175000e+00
min_episode_rewards         0.000000e+00
max_episode_len             1.000000e+03
mean_episode_len            9.142250e+02
min_episode_len             0.000000e+00
mean_timeouts               0.000000e+00
val_max_episode_rewards     2.000000e+00
val_mean_episode_rewards    1.250000e-01
val_min_episode_rewards     0.000000e+00
val_max_episode_len         1.000000e+03
val_mean_episode_len        9.551000e+02
val_min_episode_len         0.000000e+00
val_mean_timeouts           0.000000e+00
Name: 59, dtype: float64
timesteps                   3.997696e+06
wall_time                   2.348784e+04
num_episodes                4.436000e+03
max_episode_rewards         4.000000e+00
mean_episode_rewards        1.325000e+00
min_episode_rewards         0.000000e+00
max_episode_len             1.000000e+03
mean_episode_len            8.735750e+02
min_episode_len             0.000000e+00
mean_timeouts               0.000000e+00
val_max_episode_rewards     2.000000e+00
val_mean_episode_rewards    1.250000e-01
val_min_episode_rewards     0.000000e+00
val_max_episode_len         1.000000e+03
val_mean_episode_len        9.391750e+02
val_min_episode_len         0.000000e+00
val_mean_timeouts           2.500000e-02
Name: 60, dtype: float64
timesteps                   4.063232e+06
wall_time                   2.387751e+04
num_episodes                4.509000e+03
max_episode_rewards         3.000000e+00
mean_episode_rewards        1.000000e+00
min_episode_rewards         0.000000e+00
max_episode_len             1.000000e+03
mean_episode_len            9.589250e+02
min_episode_len             0.000000e+00
mean_timeouts               0.000000e+00
val_max_episode_rewards     2.000000e+00
val_mean_episode_rewards    1.250000e-01
val_min_episode_rewards     0.000000e+00
val_max_episode_len         1.000000e+03
val_mean_episode_len        9.523500e+02
val_min_episode_len         0.000000e+00
val_mean_timeouts           2.500000e-02
Name: 61, dtype: float64
timesteps                   4.128768e+06
wall_time                   2.426616e+04
num_episodes                4.572000e+03
max_episode_rewards         3.000000e+00
mean_episode_rewards        8.750000e-01
min_episode_rewards         0.000000e+00
max_episode_len             1.000000e+03
mean_episode_len            9.097250e+02
min_episode_len             0.000000e+00
mean_timeouts               0.000000e+00
val_max_episode_rewards     2.000000e+00
val_mean_episode_rewards    2.750000e-01
val_min_episode_rewards     0.000000e+00
val_max_episode_len         1.000000e+03
val_mean_episode_len        1.000000e+03
val_min_episode_len         0.000000e+00
val_mean_timeouts           0.000000e+00
Name: 62, dtype: float64
timesteps                   4.194304e+06
wall_time                   2.465068e+04
num_episodes                4.653000e+03
max_episode_rewards         3.000000e+00
mean_episode_rewards        9.750000e-01
min_episode_rewards         0.000000e+00
max_episode_len             1.000000e+03
mean_episode_len            8.884250e+02
min_episode_len             0.000000e+00
mean_timeouts               0.000000e+00
val_max_episode_rewards     2.000000e+00
val_mean_episode_rewards    3.500000e-01
val_min_episode_rewards     0.000000e+00
val_max_episode_len         1.000000e+03
val_mean_episode_len        9.782750e+02
val_min_episode_len         0.000000e+00
val_mean_timeouts           0.000000e+00
Name: 63, dtype: float64
timesteps                   4.259840e+06
wall_time                   2.503499e+04
num_episodes                4.724000e+03
max_episode_rewards         3.000000e+00
mean_episode_rewards        9.750000e-01
min_episode_rewards         0.000000e+00
max_episode_len             1.000000e+03
mean_episode_len            9.109250e+02
min_episode_len             0.000000e+00
mean_timeouts               0.000000e+00
val_max_episode_rewards     1.000000e+00
val_mean_episode_rewards    2.000000e-01
val_min_episode_rewards     0.000000e+00
val_max_episode_len         1.000000e+03
val_mean_episode_len        9.782750e+02
val_min_episode_len         0.000000e+00
val_mean_timeouts           2.500000e-02
Name: 64, dtype: float64
timesteps                   4.325376e+06
wall_time                   2.542249e+04
num_episodes                4.797000e+03
max_episode_rewards         3.000000e+00
mean_episode_rewards        8.000000e-01
min_episode_rewards         0.000000e+00
max_episode_len             1.000000e+03
mean_episode_len            9.125250e+02
min_episode_len             0.000000e+00
mean_timeouts               0.000000e+00
val_max_episode_rewards     1.000000e+00
val_mean_episode_rewards    1.500000e-01
val_min_episode_rewards     0.000000e+00
val_max_episode_len         1.000000e+03
val_mean_episode_len        1.000000e+03
val_min_episode_len         0.000000e+00
val_mean_timeouts           2.500000e-02
Name: 65, dtype: float64
timesteps                   4.390912e+06
wall_time                   2.580158e+04
num_episodes                4.865000e+03
max_episode_rewards         4.000000e+00
mean_episode_rewards        9.250000e-01
min_episode_rewards         0.000000e+00
max_episode_len             1.000000e+03
mean_episode_len            9.297500e+02
min_episode_len             0.000000e+00
mean_timeouts               0.000000e+00
val_max_episode_rewards     1.000000e+00
val_mean_episode_rewards    2.250000e-01
val_min_episode_rewards     0.000000e+00
val_max_episode_len         1.000000e+03
val_mean_episode_len        1.000000e+03
val_min_episode_len         0.000000e+00
val_mean_timeouts           0.000000e+00
Name: 66, dtype: float64
timesteps                   4.456448e+06
wall_time                   2.618369e+04
num_episodes                4.938000e+03
max_episode_rewards         3.000000e+00
mean_episode_rewards        9.750000e-01
min_episode_rewards         0.000000e+00
max_episode_len             1.000000e+03
mean_episode_len            8.993500e+02
min_episode_len             0.000000e+00
mean_timeouts               0.000000e+00
val_max_episode_rewards     2.000000e+00
val_mean_episode_rewards    2.250000e-01
val_min_episode_rewards     0.000000e+00
val_max_episode_len         1.000000e+03
val_mean_episode_len        9.753000e+02
val_min_episode_len         0.000000e+00
val_mean_timeouts           0.000000e+00
Name: 67, dtype: float64
timesteps                   4.521984e+06
wall_time                   2.656865e+04
num_episodes                5.015000e+03
max_episode_rewards         3.000000e+00
mean_episode_rewards        1.000000e+00
min_episode_rewards         0.000000e+00
max_episode_len             1.000000e+03
mean_episode_len            8.695500e+02
min_episode_len             0.000000e+00
mean_timeouts               0.000000e+00
val_max_episode_rewards     2.000000e+00
val_mean_episode_rewards    3.250000e-01
val_min_episode_rewards     0.000000e+00
val_max_episode_len         1.000000e+03
val_mean_episode_len        9.608500e+02
val_min_episode_len         0.000000e+00
val_mean_timeouts           0.000000e+00
Name: 68, dtype: float64
timesteps                   4.587520e+06
wall_time                   2.696199e+04
num_episodes                5.089000e+03
max_episode_rewards         2.000000e+00
mean_episode_rewards        9.000000e-01
min_episode_rewards         0.000000e+00
max_episode_len             1.000000e+03
mean_episode_len            9.074500e+02
min_episode_len             0.000000e+00
mean_timeouts               0.000000e+00
val_max_episode_rewards     2.000000e+00
val_mean_episode_rewards    4.250000e-01
val_min_episode_rewards     0.000000e+00
val_max_episode_len         1.000000e+03
val_mean_episode_len        9.544000e+02
val_min_episode_len         0.000000e+00
val_mean_timeouts           0.000000e+00
Name: 69, dtype: float64
timesteps                   4.653056e+06
wall_time                   2.735590e+04
num_episodes                5.156000e+03
max_episode_rewards         3.000000e+00
mean_episode_rewards        1.050000e+00
min_episode_rewards         0.000000e+00
max_episode_len             1.000000e+03
mean_episode_len            8.900750e+02
min_episode_len             0.000000e+00
mean_timeouts               0.000000e+00
val_max_episode_rewards     1.000000e+00
val_mean_episode_rewards    2.250000e-01
val_min_episode_rewards     0.000000e+00
val_max_episode_len         1.000000e+03
val_mean_episode_len        9.752000e+02
val_min_episode_len         0.000000e+00
val_mean_timeouts           0.000000e+00
Name: 70, dtype: float64
timesteps                   4.718592e+06
wall_time                   2.774632e+04
num_episodes                5.232000e+03
max_episode_rewards         2.000000e+00
mean_episode_rewards        8.250000e-01
min_episode_rewards         0.000000e+00
max_episode_len             1.000000e+03
mean_episode_len            9.258000e+02
min_episode_len             0.000000e+00
mean_timeouts               0.000000e+00
val_max_episode_rewards     1.000000e+00
val_mean_episode_rewards    2.000000e-01
val_min_episode_rewards     0.000000e+00
val_max_episode_len         1.000000e+03
val_mean_episode_len        9.548250e+02
val_min_episode_len         0.000000e+00
val_mean_timeouts           0.000000e+00
Name: 71, dtype: float64
timesteps                   4.784128e+06
wall_time                   2.813264e+04
num_episodes                5.314000e+03
max_episode_rewards         3.000000e+00
mean_episode_rewards        1.050000e+00
min_episode_rewards         0.000000e+00
max_episode_len             1.000000e+03
mean_episode_len            7.854750e+02
min_episode_len             0.000000e+00
mean_timeouts               0.000000e+00
val_max_episode_rewards     1.000000e+00
val_mean_episode_rewards    1.500000e-01
val_min_episode_rewards     0.000000e+00
val_max_episode_len         1.000000e+03
val_mean_episode_len        9.796250e+02
val_min_episode_len         0.000000e+00
val_mean_timeouts           0.000000e+00
Name: 72, dtype: float64
timesteps                   4.849664e+06
wall_time                   2.851849e+04
num_episodes                5.382000e+03
max_episode_rewards         3.000000e+00
mean_episode_rewards        1.100000e+00
min_episode_rewards         0.000000e+00
max_episode_len             1.000000e+03
mean_episode_len            8.895000e+02
min_episode_len             0.000000e+00
mean_timeouts               0.000000e+00
val_max_episode_rewards     3.000000e+00
val_mean_episode_rewards    3.000000e-01
val_min_episode_rewards     0.000000e+00
val_max_episode_len         1.000000e+03
val_mean_episode_len        9.507750e+02
val_min_episode_len         0.000000e+00
val_mean_timeouts           2.500000e-02
Name: 73, dtype: float64
timesteps                   4.915200e+06
wall_time                   2.890215e+04
num_episodes                5.446000e+03
max_episode_rewards         3.000000e+00
mean_episode_rewards        9.500000e-01
min_episode_rewards         0.000000e+00
max_episode_len             1.000000e+03
mean_episode_len            8.878000e+02
min_episode_len             0.000000e+00
mean_timeouts               0.000000e+00
val_max_episode_rewards     2.000000e+00
val_mean_episode_rewards    3.500000e-01
val_min_episode_rewards     0.000000e+00
val_max_episode_len         1.000000e+03
val_mean_episode_len        1.000000e+03
val_min_episode_len         0.000000e+00
val_mean_timeouts           0.000000e+00
Name: 74, dtype: float64
timesteps                   4.980736e+06
wall_time                   2.928667e+04
num_episodes                5.519000e+03
max_episode_rewards         3.000000e+00
mean_episode_rewards        9.000000e-01
min_episode_rewards         0.000000e+00
max_episode_len             1.000000e+03
mean_episode_len            9.269750e+02
min_episode_len             0.000000e+00
mean_timeouts               0.000000e+00
val_max_episode_rewards     2.000000e+00
val_mean_episode_rewards    3.000000e-01
val_min_episode_rewards     0.000000e+00
val_max_episode_len         1.000000e+03
val_mean_episode_len        9.577750e+02
val_min_episode_len         0.000000e+00
val_mean_timeouts           0.000000e+00
Name: 75, dtype: float64
timesteps                   5.046272e+06
wall_time                   2.967121e+04
num_episodes                5.593000e+03
max_episode_rewards         3.000000e+00
mean_episode_rewards        1.125000e+00
min_episode_rewards         0.000000e+00
max_episode_len             1.000000e+03
mean_episode_len            9.157500e+02
min_episode_len             0.000000e+00
mean_timeouts               0.000000e+00
val_max_episode_rewards     3.000000e+00
val_mean_episode_rewards    3.500000e-01
val_min_episode_rewards     0.000000e+00
val_max_episode_len         1.000000e+03
val_mean_episode_len        9.506000e+02
val_min_episode_len         0.000000e+00
val_mean_timeouts           0.000000e+00
Name: 76, dtype: float64
timesteps                   5.111808e+06
wall_time                   3.005573e+04
num_episodes                5.669000e+03
max_episode_rewards         3.000000e+00
mean_episode_rewards        8.750000e-01
min_episode_rewards         0.000000e+00
max_episode_len             1.000000e+03
mean_episode_len            9.128250e+02
min_episode_len             0.000000e+00
mean_timeouts               2.500000e-02
val_max_episode_rewards     3.000000e+00
val_mean_episode_rewards    3.500000e-01
val_min_episode_rewards     0.000000e+00
val_max_episode_len         1.000000e+03
val_mean_episode_len        9.491500e+02
val_min_episode_len         0.000000e+00
val_mean_timeouts           0.000000e+00
Name: 77, dtype: float64
timesteps                   5.177344e+06
wall_time                   3.044195e+04
num_episodes                5.729000e+03
max_episode_rewards         4.000000e+00
mean_episode_rewards        1.050000e+00
min_episode_rewards         0.000000e+00
max_episode_len             1.000000e+03
mean_episode_len            9.494000e+02
min_episode_len             0.000000e+00
mean_timeouts               0.000000e+00
val_max_episode_rewards     2.000000e+00
val_mean_episode_rewards    2.000000e-01
val_min_episode_rewards     0.000000e+00
val_max_episode_len         1.000000e+03
val_mean_episode_len        9.752500e+02
val_min_episode_len         0.000000e+00
val_mean_timeouts           0.000000e+00
Name: 78, dtype: float64
timesteps                   5.242880e+06
wall_time                   3.081992e+04
num_episodes                5.807000e+03
max_episode_rewards         3.000000e+00
mean_episode_rewards        9.000000e-01
min_episode_rewards         0.000000e+00
max_episode_len             1.000000e+03
mean_episode_len            9.112500e+02
min_episode_len             0.000000e+00
mean_timeouts               0.000000e+00
val_max_episode_rewards     2.000000e+00
val_mean_episode_rewards    2.000000e-01
val_min_episode_rewards     0.000000e+00
val_max_episode_len         1.000000e+03
val_mean_episode_len        9.559750e+02
val_min_episode_len         0.000000e+00
val_mean_timeouts           0.000000e+00
Name: 79, dtype: float64
timesteps                   5.308416e+06
wall_time                   3.119351e+04
num_episodes                5.891000e+03
max_episode_rewards         3.000000e+00
mean_episode_rewards        8.750000e-01
min_episode_rewards         0.000000e+00
max_episode_len             1.000000e+03
mean_episode_len            8.941500e+02
min_episode_len             0.000000e+00
mean_timeouts               2.500000e-02
val_max_episode_rewards     2.000000e+00
val_mean_episode_rewards    2.000000e-01
val_min_episode_rewards     0.000000e+00
val_max_episode_len         1.000000e+03
val_mean_episode_len        9.696750e+02
val_min_episode_len         0.000000e+00
val_mean_timeouts           0.000000e+00
Name: 80, dtype: float64
timesteps                   5.373952e+06
wall_time                   3.156817e+04
num_episodes                5.962000e+03
max_episode_rewards         4.000000e+00
mean_episode_rewards        1.000000e+00
min_episode_rewards         0.000000e+00
max_episode_len             1.000000e+03
mean_episode_len            8.897750e+02
min_episode_len             0.000000e+00
mean_timeouts               0.000000e+00
val_max_episode_rewards     2.000000e+00
val_mean_episode_rewards    2.250000e-01
val_min_episode_rewards     0.000000e+00
val_max_episode_len         1.000000e+03
val_mean_episode_len        9.760750e+02
val_min_episode_len         0.000000e+00
val_mean_timeouts           0.000000e+00
Name: 81, dtype: float64
timesteps                   5.439488e+06
wall_time                   3.194595e+04
num_episodes                6.024000e+03
max_episode_rewards         3.000000e+00
mean_episode_rewards        9.500000e-01
min_episode_rewards         0.000000e+00
max_episode_len             1.000000e+03
mean_episode_len            8.337000e+02
min_episode_len             0.000000e+00
mean_timeouts               0.000000e+00
val_max_episode_rewards     2.000000e+00
val_mean_episode_rewards    2.250000e-01
val_min_episode_rewards     0.000000e+00
val_max_episode_len         1.000000e+03
val_mean_episode_len        1.000000e+03
val_min_episode_len         0.000000e+00
val_mean_timeouts           0.000000e+00
Name: 82, dtype: float64
timesteps                   5.505024e+06
wall_time                   3.232181e+04
num_episodes                6.101000e+03
max_episode_rewards         3.000000e+00
mean_episode_rewards        7.750000e-01
min_episode_rewards         0.000000e+00
max_episode_len             1.000000e+03
mean_episode_len            9.381750e+02
min_episode_len             0.000000e+00
mean_timeouts               0.000000e+00
val_max_episode_rewards     2.000000e+00
val_mean_episode_rewards    3.750000e-01
val_min_episode_rewards     0.000000e+00
val_max_episode_len         1.000000e+03
val_mean_episode_len        9.761750e+02
val_min_episode_len         0.000000e+00
val_mean_timeouts           0.000000e+00
Name: 83, dtype: float64
timesteps                   5.570560e+06
wall_time                   3.270064e+04
num_episodes                6.178000e+03
max_episode_rewards         4.000000e+00
mean_episode_rewards        1.075000e+00
min_episode_rewards         0.000000e+00
max_episode_len             1.000000e+03
mean_episode_len            9.907250e+02
min_episode_len             0.000000e+00
mean_timeouts               0.000000e+00
val_max_episode_rewards     1.000000e+00
val_mean_episode_rewards    3.000000e-01
val_min_episode_rewards     0.000000e+00
val_max_episode_len         1.000000e+03
val_mean_episode_len        9.691750e+02
val_min_episode_len         0.000000e+00
val_mean_timeouts           0.000000e+00
Name: 84, dtype: float64
timesteps                   5.636096e+06
wall_time                   3.308146e+04
num_episodes                6.249000e+03
max_episode_rewards         4.000000e+00
mean_episode_rewards        1.050000e+00
min_episode_rewards         0.000000e+00
max_episode_len             1.000000e+03
mean_episode_len            8.705750e+02
min_episode_len             0.000000e+00
mean_timeouts               0.000000e+00
val_max_episode_rewards     2.000000e+00
val_mean_episode_rewards    1.750000e-01
val_min_episode_rewards     0.000000e+00
val_max_episode_len         1.000000e+03
val_mean_episode_len        9.753500e+02
val_min_episode_len         0.000000e+00
val_mean_timeouts           0.000000e+00
Name: 85, dtype: float64
timesteps                   5.701632e+06
wall_time                   3.346182e+04
num_episodes                6.315000e+03
max_episode_rewards         4.000000e+00
mean_episode_rewards        1.150000e+00
min_episode_rewards         0.000000e+00
max_episode_len             1.000000e+03
mean_episode_len            8.729250e+02
min_episode_len             0.000000e+00
mean_timeouts               0.000000e+00
val_max_episode_rewards     2.000000e+00
val_mean_episode_rewards    3.500000e-01
val_min_episode_rewards     0.000000e+00
val_max_episode_len         1.000000e+03
val_mean_episode_len        9.771500e+02
val_min_episode_len         0.000000e+00
val_mean_timeouts           0.000000e+00
Name: 86, dtype: float64
timesteps                   5.767168e+06
wall_time                   3.384051e+04
num_episodes                6.387000e+03
max_episode_rewards         4.000000e+00
mean_episode_rewards        9.750000e-01
min_episode_rewards         0.000000e+00
max_episode_len             1.000000e+03
mean_episode_len            9.290000e+02
min_episode_len             0.000000e+00
mean_timeouts               0.000000e+00
val_max_episode_rewards     2.000000e+00
val_mean_episode_rewards    5.000000e-01
val_min_episode_rewards     0.000000e+00
val_max_episode_len         1.000000e+03
val_mean_episode_len        9.515000e+02
val_min_episode_len         0.000000e+00
val_mean_timeouts           0.000000e+00
Name: 87, dtype: float64
timesteps                   5.832704e+06
wall_time                   3.421479e+04
num_episodes                6.460000e+03
max_episode_rewards         4.000000e+00
mean_episode_rewards        8.750000e-01
min_episode_rewards         0.000000e+00
max_episode_len             1.000000e+03
mean_episode_len            9.128500e+02
min_episode_len             0.000000e+00
mean_timeouts               0.000000e+00
val_max_episode_rewards     2.000000e+00
val_mean_episode_rewards    3.500000e-01
val_min_episode_rewards     0.000000e+00
val_max_episode_len         1.000000e+03
val_mean_episode_len        9.581250e+02
val_min_episode_len         0.000000e+00
val_mean_timeouts           0.000000e+00
Name: 88, dtype: float64
timesteps                   5.898240e+06
wall_time                   3.458694e+04
num_episodes                6.528000e+03
max_episode_rewards         2.000000e+00
mean_episode_rewards        8.750000e-01
min_episode_rewards         0.000000e+00
max_episode_len             1.000000e+03
mean_episode_len            9.421750e+02
min_episode_len             0.000000e+00
mean_timeouts               2.500000e-02
val_max_episode_rewards     2.000000e+00
val_mean_episode_rewards    2.500000e-01
val_min_episode_rewards     0.000000e+00
val_max_episode_len         1.000000e+03
val_mean_episode_len        1.000000e+03
val_min_episode_len         0.000000e+00
val_mean_timeouts           0.000000e+00
Name: 89, dtype: float64
timesteps                   5.963776e+06
wall_time                   3.495753e+04
num_episodes                6.602000e+03
max_episode_rewards         3.000000e+00
mean_episode_rewards        8.500000e-01
min_episode_rewards         0.000000e+00
max_episode_len             1.000000e+03
mean_episode_len            9.105750e+02
min_episode_len             0.000000e+00
mean_timeouts               0.000000e+00
val_max_episode_rewards     2.000000e+00
val_mean_episode_rewards    3.250000e-01
val_min_episode_rewards     0.000000e+00
val_max_episode_len         1.000000e+03
val_mean_episode_len        1.000000e+03
val_min_episode_len         0.000000e+00
val_mean_timeouts           0.000000e+00
Name: 90, dtype: float64
timesteps                   6.029312e+06
wall_time                   3.532873e+04
num_episodes                6.677000e+03
max_episode_rewards         3.000000e+00
mean_episode_rewards        9.750000e-01
min_episode_rewards         0.000000e+00
max_episode_len             1.000000e+03
mean_episode_len            9.065250e+02
min_episode_len             0.000000e+00
mean_timeouts               0.000000e+00
val_max_episode_rewards     1.000000e+00
val_mean_episode_rewards    2.500000e-01
val_min_episode_rewards     0.000000e+00
val_max_episode_len         1.000000e+03
val_mean_episode_len        9.823000e+02
val_min_episode_len         0.000000e+00
val_mean_timeouts           0.000000e+00
Name: 91, dtype: float64
timesteps                   6.094848e+06
wall_time                   3.570664e+04
num_episodes                6.761000e+03
max_episode_rewards         3.000000e+00
mean_episode_rewards        9.500000e-01
min_episode_rewards         0.000000e+00
max_episode_len             1.000000e+03
mean_episode_len            8.996000e+02
min_episode_len             0.000000e+00
mean_timeouts               0.000000e+00
val_max_episode_rewards     2.000000e+00
val_mean_episode_rewards    3.000000e-01
val_min_episode_rewards     0.000000e+00
val_max_episode_len         1.000000e+03
val_mean_episode_len        1.000000e+03
val_min_episode_len         0.000000e+00
val_mean_timeouts           0.000000e+00
Name: 92, dtype: float64
timesteps                   6.160384e+06
wall_time                   3.608830e+04
num_episodes                6.822000e+03
max_episode_rewards         2.000000e+00
mean_episode_rewards        7.250000e-01
min_episode_rewards         0.000000e+00
max_episode_len             1.000000e+03
mean_episode_len            9.471750e+02
min_episode_len             0.000000e+00
mean_timeouts               0.000000e+00
val_max_episode_rewards     2.000000e+00
val_mean_episode_rewards    4.000000e-01
val_min_episode_rewards     0.000000e+00
val_max_episode_len         1.000000e+03
val_mean_episode_len        9.953250e+02
val_min_episode_len         0.000000e+00
val_mean_timeouts           0.000000e+00
Name: 93, dtype: float64
timesteps                   6.225920e+06
wall_time                   3.647018e+04
num_episodes                6.894000e+03
max_episode_rewards         3.000000e+00
mean_episode_rewards        1.150000e+00
min_episode_rewards         0.000000e+00
max_episode_len             1.000000e+03
mean_episode_len            9.160250e+02
min_episode_len             0.000000e+00
mean_timeouts               0.000000e+00
val_max_episode_rewards     2.000000e+00
val_mean_episode_rewards    4.000000e-01
val_min_episode_rewards     0.000000e+00
val_max_episode_len         1.000000e+03
val_mean_episode_len        9.805000e+02
val_min_episode_len         0.000000e+00
val_mean_timeouts           0.000000e+00
Name: 94, dtype: float64
timesteps                   6.291456e+06
wall_time                   3.685357e+04
num_episodes                6.959000e+03
max_episode_rewards         3.000000e+00
mean_episode_rewards        9.750000e-01
min_episode_rewards         0.000000e+00
max_episode_len             1.000000e+03
mean_episode_len            9.741250e+02
min_episode_len             0.000000e+00
mean_timeouts               0.000000e+00
val_max_episode_rewards     2.000000e+00
val_mean_episode_rewards    3.250000e-01
val_min_episode_rewards     0.000000e+00
val_max_episode_len         1.000000e+03
val_mean_episode_len        9.851750e+02
val_min_episode_len         0.000000e+00
val_mean_timeouts           0.000000e+00
Name: 95, dtype: float64
Saving model at timestep 6291457
timesteps                   6.356992e+06
wall_time                   3.723799e+04
num_episodes                7.037000e+03
max_episode_rewards         3.000000e+00
mean_episode_rewards        9.750000e-01
min_episode_rewards         0.000000e+00
max_episode_len             1.000000e+03
mean_episode_len            9.427000e+02
min_episode_len             0.000000e+00
mean_timeouts               0.000000e+00
val_max_episode_rewards     2.000000e+00
val_mean_episode_rewards    3.750000e-01
val_min_episode_rewards     0.000000e+00
val_max_episode_len         1.000000e+03
val_mean_episode_len        9.724250e+02
val_min_episode_len         0.000000e+00
val_mean_timeouts           0.000000e+00
Name: 96, dtype: float64
timesteps                   6.422528e+06
wall_time                   3.762242e+04
num_episodes                7.100000e+03
max_episode_rewards         3.000000e+00
mean_episode_rewards        8.250000e-01
min_episode_rewards         0.000000e+00
max_episode_len             1.000000e+03
mean_episode_len            9.028250e+02
min_episode_len             0.000000e+00
mean_timeouts               0.000000e+00
val_max_episode_rewards     2.000000e+00
val_mean_episode_rewards    2.250000e-01
val_min_episode_rewards     0.000000e+00
val_max_episode_len         1.000000e+03
val_mean_episode_len        9.959250e+02
val_min_episode_len         0.000000e+00
val_mean_timeouts           0.000000e+00
Name: 97, dtype: float64
timesteps                   6.488064e+06
wall_time                   3.800986e+04
num_episodes                7.181000e+03
max_episode_rewards         3.000000e+00
mean_episode_rewards        9.250000e-01
min_episode_rewards         0.000000e+00
max_episode_len             1.000000e+03
mean_episode_len            8.507000e+02
min_episode_len             0.000000e+00
mean_timeouts               0.000000e+00
val_max_episode_rewards     2.000000e+00
val_mean_episode_rewards    2.000000e-01
val_min_episode_rewards     0.000000e+00
val_max_episode_len         1.000000e+03
val_mean_episode_len        9.523500e+02
val_min_episode_len         0.000000e+00
val_mean_timeouts           0.000000e+00
Name: 98, dtype: float64
timesteps                   6.553600e+06
wall_time                   3.839939e+04
num_episodes                7.251000e+03
max_episode_rewards         3.000000e+00
mean_episode_rewards        8.000000e-01
min_episode_rewards         0.000000e+00
max_episode_len             1.000000e+03
mean_episode_len            9.006750e+02
min_episode_len             0.000000e+00
mean_timeouts               0.000000e+00
val_max_episode_rewards     2.000000e+00
val_mean_episode_rewards    3.250000e-01
val_min_episode_rewards     0.000000e+00
val_max_episode_len         1.000000e+03
val_mean_episode_len        9.588750e+02
val_min_episode_len         0.000000e+00
val_mean_timeouts           0.000000e+00
Name: 99, dtype: float64
timesteps                   6.619136e+06
wall_time                   3.878160e+04
num_episodes                7.324000e+03
max_episode_rewards         3.000000e+00
mean_episode_rewards        9.000000e-01
min_episode_rewards         0.000000e+00
max_episode_len             1.000000e+03
mean_episode_len            9.323500e+02
min_episode_len             0.000000e+00
mean_timeouts               0.000000e+00
val_max_episode_rewards     2.000000e+00
val_mean_episode_rewards    3.500000e-01
val_min_episode_rewards     0.000000e+00
val_max_episode_len         1.000000e+03
val_mean_episode_len        9.094250e+02
val_min_episode_len         0.000000e+00
val_mean_timeouts           0.000000e+00
Name: 100, dtype: float64
timesteps                   6.684672e+06
wall_time                   3.916730e+04
num_episodes                7.396000e+03
max_episode_rewards         3.000000e+00
mean_episode_rewards        1.250000e+00
min_episode_rewards         0.000000e+00
max_episode_len             1.000000e+03
mean_episode_len            8.565250e+02
min_episode_len             0.000000e+00
mean_timeouts               0.000000e+00
val_max_episode_rewards     2.000000e+00
val_mean_episode_rewards    3.000000e-01
val_min_episode_rewards     0.000000e+00
val_max_episode_len         1.000000e+03
val_mean_episode_len        1.000000e+03
val_min_episode_len         0.000000e+00
val_mean_timeouts           0.000000e+00
Name: 101, dtype: float64
timesteps                   6.750208e+06
wall_time                   3.955184e+04
num_episodes                7.476000e+03
max_episode_rewards         3.000000e+00
mean_episode_rewards        9.000000e-01
min_episode_rewards         0.000000e+00
max_episode_len             1.000000e+03
mean_episode_len            9.193500e+02
min_episode_len             0.000000e+00
mean_timeouts               0.000000e+00
val_max_episode_rewards     2.000000e+00
val_mean_episode_rewards    2.500000e-01
val_min_episode_rewards     0.000000e+00
val_max_episode_len         1.000000e+03
val_mean_episode_len        1.000000e+03
val_min_episode_len         0.000000e+00
val_mean_timeouts           0.000000e+00
Name: 102, dtype: float64
timesteps                   6.815744e+06
wall_time                   3.993057e+04
num_episodes                7.546000e+03
max_episode_rewards         4.000000e+00
mean_episode_rewards        9.500000e-01
min_episode_rewards         0.000000e+00
max_episode_len             1.000000e+03
mean_episode_len            8.476250e+02
min_episode_len             0.000000e+00
mean_timeouts               0.000000e+00
val_max_episode_rewards     2.000000e+00
val_mean_episode_rewards    2.500000e-01
val_min_episode_rewards     0.000000e+00
val_max_episode_len         1.000000e+03
val_mean_episode_len        1.000000e+03
val_min_episode_len         0.000000e+00
val_mean_timeouts           2.500000e-02
Name: 103, dtype: float64
timesteps                   6.881280e+06
wall_time                   4.030850e+04
num_episodes                7.609000e+03
max_episode_rewards         3.000000e+00
mean_episode_rewards        8.000000e-01
min_episode_rewards         0.000000e+00
max_episode_len             1.000000e+03
mean_episode_len            8.748750e+02
min_episode_len             0.000000e+00
mean_timeouts               0.000000e+00
val_max_episode_rewards     2.000000e+00
val_mean_episode_rewards    3.250000e-01
val_min_episode_rewards     0.000000e+00
val_max_episode_len         1.000000e+03
val_mean_episode_len        9.893750e+02
val_min_episode_len         0.000000e+00
val_mean_timeouts           0.000000e+00
Name: 104, dtype: float64
timesteps                   6.946816e+06
wall_time                   4.068179e+04
num_episodes                7.682000e+03
max_episode_rewards         3.000000e+00
mean_episode_rewards        1.125000e+00
min_episode_rewards         0.000000e+00
max_episode_len             1.000000e+03
mean_episode_len            9.301250e+02
min_episode_len             0.000000e+00
mean_timeouts               0.000000e+00
val_max_episode_rewards     1.000000e+00
val_mean_episode_rewards    1.750000e-01
val_min_episode_rewards     0.000000e+00
val_max_episode_len         1.000000e+03
val_mean_episode_len        1.000000e+03
val_min_episode_len         0.000000e+00
val_mean_timeouts           0.000000e+00
Name: 105, dtype: float64
timesteps                   7.012352e+06
wall_time                   4.105820e+04
num_episodes                7.760000e+03
max_episode_rewards         3.000000e+00
mean_episode_rewards        1.050000e+00
min_episode_rewards         0.000000e+00
max_episode_len             1.000000e+03
mean_episode_len            9.131750e+02
min_episode_len             0.000000e+00
mean_timeouts               0.000000e+00
val_max_episode_rewards     2.000000e+00
val_mean_episode_rewards    4.000000e-01
val_min_episode_rewards     0.000000e+00
val_max_episode_len         1.000000e+03
val_mean_episode_len        9.787500e+02
val_min_episode_len         0.000000e+00
val_mean_timeouts           0.000000e+00
Name: 106, dtype: float64
timesteps                   7.077888e+06
wall_time                   4.143992e+04
num_episodes                7.833000e+03
max_episode_rewards         4.000000e+00
mean_episode_rewards        9.500000e-01
min_episode_rewards         0.000000e+00
max_episode_len             1.000000e+03
mean_episode_len            9.130250e+02
min_episode_len             0.000000e+00
mean_timeouts               0.000000e+00
val_max_episode_rewards     2.000000e+00
val_mean_episode_rewards    4.000000e-01
val_min_episode_rewards     0.000000e+00
val_max_episode_len         1.000000e+03
val_mean_episode_len        9.697500e+02
val_min_episode_len         0.000000e+00
val_mean_timeouts           0.000000e+00
Name: 107, dtype: float64
timesteps                   7.143424e+06
wall_time                   4.182143e+04
num_episodes                7.900000e+03
max_episode_rewards         2.000000e+00
mean_episode_rewards        1.075000e+00
min_episode_rewards         0.000000e+00
max_episode_len             1.000000e+03
mean_episode_len            9.377250e+02
min_episode_len             0.000000e+00
mean_timeouts               0.000000e+00
val_max_episode_rewards     2.000000e+00
val_mean_episode_rewards    2.500000e-01
val_min_episode_rewards     0.000000e+00
val_max_episode_len         1.000000e+03
val_mean_episode_len        9.887250e+02
val_min_episode_len         0.000000e+00
val_mean_timeouts           0.000000e+00
Name: 108, dtype: float64
timesteps                   7.208960e+06
wall_time                   4.220022e+04
num_episodes                7.971000e+03
max_episode_rewards         3.000000e+00
mean_episode_rewards        8.750000e-01
min_episode_rewards         0.000000e+00
max_episode_len             1.000000e+03
mean_episode_len            9.457250e+02
min_episode_len             0.000000e+00
mean_timeouts               0.000000e+00
val_max_episode_rewards     1.000000e+00
val_mean_episode_rewards    2.000000e-01
val_min_episode_rewards     0.000000e+00
val_max_episode_len         1.000000e+03
val_mean_episode_len        1.000000e+03
val_min_episode_len         0.000000e+00
val_mean_timeouts           0.000000e+00
Name: 109, dtype: float64
timesteps                   7.274496e+06
wall_time                   4.257092e+04
num_episodes                8.046000e+03
max_episode_rewards         3.000000e+00
mean_episode_rewards        8.750000e-01
min_episode_rewards         0.000000e+00
max_episode_len             1.000000e+03
mean_episode_len            9.207250e+02
min_episode_len             0.000000e+00
mean_timeouts               0.000000e+00
val_max_episode_rewards     1.000000e+00
val_mean_episode_rewards    1.500000e-01
val_min_episode_rewards     0.000000e+00
val_max_episode_len         1.000000e+03
val_mean_episode_len        9.752000e+02
val_min_episode_len         0.000000e+00
val_mean_timeouts           0.000000e+00
Name: 110, dtype: float64
timesteps                   7.340032e+06
wall_time                   4.294158e+04
num_episodes                8.124000e+03
max_episode_rewards         4.000000e+00
mean_episode_rewards        8.750000e-01
min_episode_rewards         0.000000e+00
max_episode_len             1.000000e+03
mean_episode_len            8.647000e+02
min_episode_len             0.000000e+00
mean_timeouts               0.000000e+00
val_max_episode_rewards     1.000000e+00
val_mean_episode_rewards    2.250000e-01
val_min_episode_rewards     0.000000e+00
val_max_episode_len         1.000000e+03
val_mean_episode_len        9.605250e+02
val_min_episode_len         0.000000e+00
val_mean_timeouts           0.000000e+00
Name: 111, dtype: float64
timesteps                   7.405568e+06
wall_time                   4.331081e+04
num_episodes                8.187000e+03
max_episode_rewards         3.000000e+00
mean_episode_rewards        6.250000e-01
min_episode_rewards         0.000000e+00
max_episode_len             1.000000e+03
mean_episode_len            9.483000e+02
min_episode_len             0.000000e+00
mean_timeouts               0.000000e+00
val_max_episode_rewards     2.000000e+00
val_mean_episode_rewards    2.500000e-01
val_min_episode_rewards     0.000000e+00
val_max_episode_len         1.000000e+03
val_mean_episode_len        9.856750e+02
val_min_episode_len         0.000000e+00
val_mean_timeouts           0.000000e+00
Name: 112, dtype: float64
timesteps                   7.471104e+06
wall_time                   4.368657e+04
num_episodes                8.262000e+03
max_episode_rewards         3.000000e+00
mean_episode_rewards        8.750000e-01
min_episode_rewards         0.000000e+00
max_episode_len             1.000000e+03
mean_episode_len            9.407000e+02
min_episode_len             0.000000e+00
mean_timeouts               2.500000e-02
val_max_episode_rewards     1.000000e+00
val_mean_episode_rewards    3.000000e-01
val_min_episode_rewards     0.000000e+00
val_max_episode_len         1.000000e+03
val_mean_episode_len        9.842750e+02
val_min_episode_len         0.000000e+00
val_mean_timeouts           0.000000e+00
Name: 113, dtype: float64
timesteps                   7.536640e+06
wall_time                   4.406559e+04
num_episodes                8.333000e+03
max_episode_rewards         3.000000e+00
mean_episode_rewards        1.000000e+00
min_episode_rewards         0.000000e+00
max_episode_len             1.000000e+03
mean_episode_len            8.915250e+02
min_episode_len             0.000000e+00
mean_timeouts               0.000000e+00
val_max_episode_rewards     1.000000e+00
val_mean_episode_rewards    2.250000e-01
val_min_episode_rewards     0.000000e+00
val_max_episode_len         1.000000e+03
val_mean_episode_len        9.864750e+02
val_min_episode_len         0.000000e+00
val_mean_timeouts           0.000000e+00
Name: 114, dtype: float64
timesteps                   7.602176e+06
wall_time                   4.444168e+04
num_episodes                8.418000e+03
max_episode_rewards         3.000000e+00
mean_episode_rewards        7.750000e-01
min_episode_rewards         0.000000e+00
max_episode_len             1.000000e+03
mean_episode_len            8.922500e+02
min_episode_len             0.000000e+00
mean_timeouts               0.000000e+00
val_max_episode_rewards     1.000000e+00
val_mean_episode_rewards    2.250000e-01
val_min_episode_rewards     0.000000e+00
val_max_episode_len         1.000000e+03
val_mean_episode_len        9.810000e+02
val_min_episode_len         0.000000e+00
val_mean_timeouts           0.000000e+00
Name: 115, dtype: float64
timesteps                   7.667712e+06
wall_time                   4.481913e+04
num_episodes                8.480000e+03
max_episode_rewards         3.000000e+00
mean_episode_rewards        1.025000e+00
min_episode_rewards         0.000000e+00
max_episode_len             1.000000e+03
mean_episode_len            9.144250e+02
min_episode_len             0.000000e+00
mean_timeouts               0.000000e+00
val_max_episode_rewards     2.000000e+00
val_mean_episode_rewards    4.000000e-01
val_min_episode_rewards     0.000000e+00
val_max_episode_len         1.000000e+03
val_mean_episode_len        9.549000e+02
val_min_episode_len         0.000000e+00
val_mean_timeouts           0.000000e+00
Name: 116, dtype: float64
timesteps                   7.733248e+06
wall_time                   4.519304e+04
num_episodes                8.548000e+03
max_episode_rewards         3.000000e+00
mean_episode_rewards        7.500000e-01
min_episode_rewards         0.000000e+00
max_episode_len             1.000000e+03
mean_episode_len            9.540750e+02
min_episode_len             0.000000e+00
mean_timeouts               0.000000e+00
val_max_episode_rewards     1.000000e+00
val_mean_episode_rewards    1.250000e-01
val_min_episode_rewards     0.000000e+00
val_max_episode_len         1.000000e+03
val_mean_episode_len        1.000000e+03
val_min_episode_len         0.000000e+00
val_mean_timeouts           0.000000e+00
Name: 117, dtype: float64
timesteps                   7.798784e+06
wall_time                   4.556360e+04
num_episodes                8.616000e+03
max_episode_rewards         3.000000e+00
mean_episode_rewards        8.000000e-01
min_episode_rewards         0.000000e+00
max_episode_len             1.000000e+03
mean_episode_len            9.226500e+02
min_episode_len             0.000000e+00
mean_timeouts               0.000000e+00
val_max_episode_rewards     1.000000e+00
val_mean_episode_rewards    1.000000e-01
val_min_episode_rewards     0.000000e+00
val_max_episode_len         1.000000e+03
val_mean_episode_len        9.804250e+02
val_min_episode_len         0.000000e+00
val_mean_timeouts           0.000000e+00
Name: 118, dtype: float64
timesteps                   7.864320e+06
wall_time                   4.594120e+04
num_episodes                8.699000e+03
max_episode_rewards         2.000000e+00
mean_episode_rewards        9.000000e-01
min_episode_rewards         0.000000e+00
max_episode_len             1.000000e+03
mean_episode_len            9.240000e+02
min_episode_len             0.000000e+00
mean_timeouts               0.000000e+00
val_max_episode_rewards     2.000000e+00
val_mean_episode_rewards    2.750000e-01
val_min_episode_rewards     0.000000e+00
val_max_episode_len         1.000000e+03
val_mean_episode_len        1.000000e+03
val_min_episode_len         0.000000e+00
val_mean_timeouts           0.000000e+00
Name: 119, dtype: float64
timesteps                   7.929856e+06
wall_time                   4.632126e+04
num_episodes                8.776000e+03
max_episode_rewards         3.000000e+00
mean_episode_rewards        8.750000e-01
min_episode_rewards         0.000000e+00
max_episode_len             1.000000e+03
mean_episode_len            9.280500e+02
min_episode_len             0.000000e+00
mean_timeouts               0.000000e+00
val_max_episode_rewards     1.000000e+00
val_mean_episode_rewards    3.000000e-01
val_min_episode_rewards     0.000000e+00
val_max_episode_len         1.000000e+03
val_mean_episode_len        9.931500e+02
val_min_episode_len         0.000000e+00
val_mean_timeouts           0.000000e+00
Name: 120, dtype: float64
timesteps                   7.995392e+06
wall_time                   4.670111e+04
num_episodes                8.839000e+03
max_episode_rewards         2.000000e+00
mean_episode_rewards        1.050000e+00
min_episode_rewards         0.000000e+00
max_episode_len             1.000000e+03
mean_episode_len            8.513500e+02
min_episode_len             0.000000e+00
mean_timeouts               0.000000e+00
val_max_episode_rewards     2.000000e+00
val_mean_episode_rewards    1.750000e-01
val_min_episode_rewards     0.000000e+00
val_max_episode_len         1.000000e+03
val_mean_episode_len        1.000000e+03
val_min_episode_len         0.000000e+00
val_mean_timeouts           0.000000e+00
Name: 121, dtype: float64
timesteps                   8.060928e+06
wall_time                   4.709114e+04
num_episodes                8.912000e+03
max_episode_rewards         3.000000e+00
mean_episode_rewards        1.200000e+00
min_episode_rewards         0.000000e+00
max_episode_len             1.000000e+03
mean_episode_len            8.646500e+02
min_episode_len             0.000000e+00
mean_timeouts               0.000000e+00
val_max_episode_rewards     2.000000e+00
val_mean_episode_rewards    2.750000e-01
val_min_episode_rewards     0.000000e+00
val_max_episode_len         1.000000e+03
val_mean_episode_len        9.832000e+02
val_min_episode_len         0.000000e+00
val_mean_timeouts           0.000000e+00
Name: 122, dtype: float64
timesteps                   8.126464e+06
wall_time                   4.747663e+04
num_episodes                8.986000e+03
max_episode_rewards         3.000000e+00
mean_episode_rewards        9.750000e-01
min_episode_rewards         0.000000e+00
max_episode_len             1.000000e+03
mean_episode_len            9.682500e+02
min_episode_len             0.000000e+00
mean_timeouts               0.000000e+00
val_max_episode_rewards     2.000000e+00
val_mean_episode_rewards    1.250000e-01
val_min_episode_rewards     0.000000e+00
val_max_episode_len         1.000000e+03
val_mean_episode_len        9.773250e+02
val_min_episode_len         0.000000e+00
val_mean_timeouts           0.000000e+00
Name: 123, dtype: float64
timesteps                   8.192000e+06
wall_time                   4.786119e+04
num_episodes                9.061000e+03
max_episode_rewards         3.000000e+00
mean_episode_rewards        1.100000e+00
min_episode_rewards         0.000000e+00
max_episode_len             1.000000e+03
mean_episode_len            8.797250e+02
min_episode_len             0.000000e+00
mean_timeouts               0.000000e+00
val_max_episode_rewards     1.000000e+00
val_mean_episode_rewards    5.000000e-02
val_min_episode_rewards     0.000000e+00
val_max_episode_len         1.000000e+03
val_mean_episode_len        9.936750e+02
val_min_episode_len         0.000000e+00
val_mean_timeouts           7.750000e-01
Name: 124, dtype: float64
timesteps                   8.257536e+06
wall_time                   4.824372e+04
num_episodes                9.119000e+03
max_episode_rewards         3.000000e+00
mean_episode_rewards        8.500000e-01
min_episode_rewards         0.000000e+00
max_episode_len             1.000000e+03
mean_episode_len            9.779500e+02
min_episode_len             0.000000e+00
mean_timeouts               0.000000e+00
val_max_episode_rewards     1.000000e+00
val_mean_episode_rewards    2.000000e-01
val_min_episode_rewards     0.000000e+00
val_max_episode_len         1.000000e+03
val_mean_episode_len        1.000000e+03
val_min_episode_len         0.000000e+00
val_mean_timeouts           2.000000e-01
Name: 125, dtype: float64
timesteps                   8.323072e+06
wall_time                   4.862639e+04
num_episodes                9.197000e+03
max_episode_rewards         3.000000e+00
mean_episode_rewards        9.500000e-01
min_episode_rewards         0.000000e+00
max_episode_len             1.000000e+03
mean_episode_len            9.184250e+02
min_episode_len             0.000000e+00
mean_timeouts               0.000000e+00
val_max_episode_rewards     3.000000e+00
val_mean_episode_rewards    2.250000e-01
val_min_episode_rewards     0.000000e+00
val_max_episode_len         1.000000e+03
val_mean_episode_len        9.815750e+02
val_min_episode_len         0.000000e+00
val_mean_timeouts           0.000000e+00
Name: 126, dtype: float64
timesteps                   8.388608e+06
wall_time                   4.900722e+04
num_episodes                9.267000e+03
max_episode_rewards         3.000000e+00
mean_episode_rewards        9.500000e-01
min_episode_rewards         0.000000e+00
max_episode_len             1.000000e+03
mean_episode_len            9.463250e+02
min_episode_len             0.000000e+00
mean_timeouts               0.000000e+00
val_max_episode_rewards     2.000000e+00
val_mean_episode_rewards    2.750000e-01
val_min_episode_rewards     0.000000e+00
val_max_episode_len         1.000000e+03
val_mean_episode_len        1.000000e+03
val_min_episode_len         0.000000e+00
val_mean_timeouts           0.000000e+00
Name: 127, dtype: float64
timesteps                   8.454144e+06
wall_time                   4.938994e+04
num_episodes                9.350000e+03
max_episode_rewards         2.000000e+00
mean_episode_rewards        1.000000e+00
min_episode_rewards         0.000000e+00
max_episode_len             1.000000e+03
mean_episode_len            8.684750e+02
min_episode_len             0.000000e+00
mean_timeouts               0.000000e+00
val_max_episode_rewards     2.000000e+00
val_mean_episode_rewards    1.500000e-01
val_min_episode_rewards     0.000000e+00
val_max_episode_len         1.000000e+03
val_mean_episode_len        9.981750e+02
val_min_episode_len         0.000000e+00
val_mean_timeouts           0.000000e+00
Name: 128, dtype: float64
timesteps                   8.519680e+06
wall_time                   4.977398e+04
num_episodes                9.412000e+03
max_episode_rewards         3.000000e+00
mean_episode_rewards        1.075000e+00
min_episode_rewards         0.000000e+00
max_episode_len             1.000000e+03
mean_episode_len            9.256000e+02
min_episode_len             0.000000e+00
mean_timeouts               2.500000e-02
val_max_episode_rewards     2.000000e+00
val_mean_episode_rewards    2.750000e-01
val_min_episode_rewards     0.000000e+00
val_max_episode_len         1.000000e+03
val_mean_episode_len        9.693750e+02
val_min_episode_len         0.000000e+00
val_mean_timeouts           0.000000e+00
Name: 129, dtype: float64
timesteps                   8.585216e+06
wall_time                   5.016086e+04
num_episodes                9.486000e+03
max_episode_rewards         4.000000e+00
mean_episode_rewards        1.225000e+00
min_episode_rewards         0.000000e+00
max_episode_len             1.000000e+03
mean_episode_len            9.359750e+02
min_episode_len             0.000000e+00
mean_timeouts               0.000000e+00
val_max_episode_rewards     2.000000e+00
val_mean_episode_rewards    2.500000e-01
val_min_episode_rewards     0.000000e+00
val_max_episode_len         1.000000e+03
val_mean_episode_len        9.637250e+02
val_min_episode_len         0.000000e+00
val_mean_timeouts           0.000000e+00
Name: 130, dtype: float64
timesteps                   8.650752e+06
wall_time                   5.054853e+04
num_episodes                9.554000e+03
max_episode_rewards         3.000000e+00
mean_episode_rewards        1.175000e+00
min_episode_rewards         0.000000e+00
max_episode_len             1.000000e+03
mean_episode_len            8.880750e+02
min_episode_len             0.000000e+00
mean_timeouts               0.000000e+00
val_max_episode_rewards     1.000000e+00
val_mean_episode_rewards    1.000000e-01
val_min_episode_rewards     0.000000e+00
val_max_episode_len         1.000000e+03
val_mean_episode_len        1.000000e+03
val_min_episode_len         0.000000e+00
val_mean_timeouts           0.000000e+00
Name: 131, dtype: float64
timesteps                   8.716288e+06
wall_time                   5.093382e+04
num_episodes                9.634000e+03
max_episode_rewards         3.000000e+00
mean_episode_rewards        1.050000e+00
min_episode_rewards         0.000000e+00
max_episode_len             1.000000e+03
mean_episode_len            9.184500e+02
min_episode_len             0.000000e+00
mean_timeouts               0.000000e+00
val_max_episode_rewards     1.000000e+00
val_mean_episode_rewards    1.500000e-01
val_min_episode_rewards     0.000000e+00
val_max_episode_len         1.000000e+03
val_mean_episode_len        1.000000e+03
val_min_episode_len         0.000000e+00
val_mean_timeouts           0.000000e+00
Name: 132, dtype: float64
timesteps                   8.781824e+06
wall_time                   5.131864e+04
num_episodes                9.709000e+03
max_episode_rewards         4.000000e+00
mean_episode_rewards        1.050000e+00
min_episode_rewards         0.000000e+00
max_episode_len             1.000000e+03
mean_episode_len            8.966000e+02
min_episode_len             0.000000e+00
mean_timeouts               0.000000e+00
val_max_episode_rewards     2.000000e+00
val_mean_episode_rewards    2.000000e-01
val_min_episode_rewards     0.000000e+00
val_max_episode_len         1.000000e+03
val_mean_episode_len        9.829500e+02
val_min_episode_len         0.000000e+00
val_mean_timeouts           0.000000e+00
Name: 133, dtype: float64
timesteps                   8.847360e+06
wall_time                   5.170569e+04
num_episodes                9.776000e+03
max_episode_rewards         3.000000e+00
mean_episode_rewards        9.000000e-01
min_episode_rewards         0.000000e+00
max_episode_len             1.000000e+03
mean_episode_len            9.329750e+02
min_episode_len             0.000000e+00
mean_timeouts               0.000000e+00
val_max_episode_rewards     2.000000e+00
val_mean_episode_rewards    3.750000e-01
val_min_episode_rewards     0.000000e+00
val_max_episode_len         1.000000e+03
val_mean_episode_len        9.657250e+02
val_min_episode_len         0.000000e+00
val_mean_timeouts           0.000000e+00
Name: 134, dtype: float64
timesteps                   8.912896e+06
wall_time                   5.208572e+04
num_episodes                9.843000e+03
max_episode_rewards         3.000000e+00
mean_episode_rewards        8.250000e-01
min_episode_rewards         0.000000e+00
max_episode_len             1.000000e+03
mean_episode_len            9.234250e+02
min_episode_len             0.000000e+00
mean_timeouts               0.000000e+00
val_max_episode_rewards     1.000000e+00
val_mean_episode_rewards    1.500000e-01
val_min_episode_rewards     0.000000e+00
val_max_episode_len         1.000000e+03
val_mean_episode_len        1.000000e+03
val_min_episode_len         0.000000e+00
val_mean_timeouts           0.000000e+00
Name: 135, dtype: float64
timesteps                   8.978432e+06
wall_time                   5.247101e+04
num_episodes                9.917000e+03
max_episode_rewards         3.000000e+00
mean_episode_rewards        1.125000e+00
min_episode_rewards         0.000000e+00
max_episode_len             1.000000e+03
mean_episode_len            8.367250e+02
min_episode_len             0.000000e+00
mean_timeouts               2.500000e-02
val_max_episode_rewards     1.000000e+00
val_mean_episode_rewards    2.000000e-01
val_min_episode_rewards     0.000000e+00
val_max_episode_len         1.000000e+03
val_mean_episode_len        1.000000e+03
val_min_episode_len         0.000000e+00
val_mean_timeouts           0.000000e+00
Name: 136, dtype: float64
timesteps                   9.043968e+06
wall_time                   5.285966e+04
num_episodes                1.000200e+04
max_episode_rewards         3.000000e+00
mean_episode_rewards        8.500000e-01
min_episode_rewards         0.000000e+00
max_episode_len             1.000000e+03
mean_episode_len            9.222250e+02
min_episode_len             0.000000e+00
mean_timeouts               2.500000e-02
val_max_episode_rewards     1.000000e+00
val_mean_episode_rewards    1.750000e-01
val_min_episode_rewards     0.000000e+00
val_max_episode_len         1.000000e+03
val_mean_episode_len        9.762000e+02
val_min_episode_len         0.000000e+00
val_mean_timeouts           0.000000e+00
Name: 137, dtype: float64
timesteps                   9.109504e+06
wall_time                   5.324643e+04
num_episodes                1.007500e+04
max_episode_rewards         3.000000e+00
mean_episode_rewards        1.425000e+00
min_episode_rewards         0.000000e+00
max_episode_len             1.000000e+03
mean_episode_len            8.002500e+02
min_episode_len             0.000000e+00
mean_timeouts               0.000000e+00
val_max_episode_rewards     2.000000e+00
val_mean_episode_rewards    2.250000e-01
val_min_episode_rewards     0.000000e+00
val_max_episode_len         1.000000e+03
val_mean_episode_len        9.595000e+02
val_min_episode_len         0.000000e+00
val_mean_timeouts           2.500000e-02
Name: 138, dtype: float64
timesteps                   9.175040e+06
wall_time                   5.363203e+04
num_episodes                1.013600e+04
max_episode_rewards         3.000000e+00
mean_episode_rewards        9.250000e-01
min_episode_rewards         0.000000e+00
max_episode_len             1.000000e+03
mean_episode_len            9.572750e+02
min_episode_len             0.000000e+00
mean_timeouts               0.000000e+00
val_max_episode_rewards     1.000000e+00
val_mean_episode_rewards    2.250000e-01
val_min_episode_rewards     0.000000e+00
val_max_episode_len         1.000000e+03
val_mean_episode_len        1.000000e+03
val_min_episode_len         0.000000e+00
val_mean_timeouts           0.000000e+00
Name: 139, dtype: float64
timesteps                   9.240576e+06
wall_time                   5.400833e+04
num_episodes                1.021100e+04
max_episode_rewards         4.000000e+00
mean_episode_rewards        1.150000e+00
min_episode_rewards         0.000000e+00
max_episode_len             1.000000e+03
mean_episode_len            8.724250e+02
min_episode_len             0.000000e+00
mean_timeouts               0.000000e+00
val_max_episode_rewards     3.000000e+00
val_mean_episode_rewards    3.750000e-01
val_min_episode_rewards     0.000000e+00
val_max_episode_len         1.000000e+03
val_mean_episode_len        9.713500e+02
val_min_episode_len         0.000000e+00
val_mean_timeouts           0.000000e+00
Name: 140, dtype: float64
timesteps                   9.306112e+06
wall_time                   5.438431e+04
num_episodes                1.029300e+04
max_episode_rewards         3.000000e+00
mean_episode_rewards        7.750000e-01
min_episode_rewards         0.000000e+00
max_episode_len             1.000000e+03
mean_episode_len            9.457750e+02
min_episode_len             0.000000e+00
mean_timeouts               0.000000e+00
val_max_episode_rewards     3.000000e+00
val_mean_episode_rewards    2.500000e-01
val_min_episode_rewards     0.000000e+00
val_max_episode_len         1.000000e+03
val_mean_episode_len        9.775500e+02
val_min_episode_len         0.000000e+00
val_mean_timeouts           0.000000e+00
Name: 141, dtype: float64
timesteps                   9.371648e+06
wall_time                   5.476072e+04
num_episodes                1.036700e+04
max_episode_rewards         3.000000e+00
mean_episode_rewards        9.750000e-01
min_episode_rewards         0.000000e+00
max_episode_len             1.000000e+03
mean_episode_len            8.736000e+02
min_episode_len             0.000000e+00
mean_timeouts               2.500000e-02
val_max_episode_rewards     2.000000e+00
val_mean_episode_rewards    2.000000e-01
val_min_episode_rewards     0.000000e+00
val_max_episode_len         1.000000e+03
val_mean_episode_len        9.775500e+02
val_min_episode_len         0.000000e+00
val_mean_timeouts           5.000000e-02
Name: 142, dtype: float64
timesteps                   9.437184e+06
wall_time                   5.514434e+04
num_episodes                1.041700e+04
max_episode_rewards         3.000000e+00
mean_episode_rewards        1.100000e+00
min_episode_rewards         0.000000e+00
max_episode_len             1.000000e+03
mean_episode_len            9.194500e+02
min_episode_len             0.000000e+00
mean_timeouts               0.000000e+00
val_max_episode_rewards     3.000000e+00
val_mean_episode_rewards    2.250000e-01
val_min_episode_rewards     0.000000e+00
val_max_episode_len         1.000000e+03
val_mean_episode_len        9.903000e+02
val_min_episode_len         0.000000e+00
val_mean_timeouts           2.500000e-02
Name: 143, dtype: float64
timesteps                   9.502720e+06
wall_time                   5.553428e+04
num_episodes                1.049000e+04
max_episode_rewards         2.000000e+00
mean_episode_rewards        6.750000e-01
min_episode_rewards         0.000000e+00
max_episode_len             1.000000e+03
mean_episode_len            9.230750e+02
min_episode_len             0.000000e+00
mean_timeouts               0.000000e+00
val_max_episode_rewards     1.000000e+00
val_mean_episode_rewards    2.000000e-01
val_min_episode_rewards     0.000000e+00
val_max_episode_len         1.000000e+03
val_mean_episode_len        1.000000e+03
val_min_episode_len         0.000000e+00
val_mean_timeouts           0.000000e+00
Name: 144, dtype: float64
timesteps                   9.568256e+06
wall_time                   5.592157e+04
num_episodes                1.057500e+04
max_episode_rewards         3.000000e+00
mean_episode_rewards        9.750000e-01
min_episode_rewards         0.000000e+00
max_episode_len             1.000000e+03
mean_episode_len            8.769500e+02
min_episode_len             0.000000e+00
mean_timeouts               0.000000e+00
val_max_episode_rewards     4.000000e+00
val_mean_episode_rewards    5.000000e-01
val_min_episode_rewards     0.000000e+00
val_max_episode_len         1.000000e+03
val_mean_episode_len        9.800500e+02
val_min_episode_len         0.000000e+00
val_mean_timeouts           0.000000e+00
Name: 145, dtype: float64
timesteps                   9.633792e+06
wall_time                   5.630733e+04
num_episodes                1.065000e+04
max_episode_rewards         3.000000e+00
mean_episode_rewards        9.500000e-01
min_episode_rewards         0.000000e+00
max_episode_len             1.000000e+03
mean_episode_len            8.156000e+02
min_episode_len             0.000000e+00
mean_timeouts               0.000000e+00
val_max_episode_rewards     2.000000e+00
val_mean_episode_rewards    3.250000e-01
val_min_episode_rewards     0.000000e+00
val_max_episode_len         1.000000e+03
val_mean_episode_len        9.689750e+02
val_min_episode_len         0.000000e+00
val_mean_timeouts           0.000000e+00
Name: 146, dtype: float64
timesteps                   9.699328e+06
wall_time                   5.669631e+04
num_episodes                1.070800e+04
max_episode_rewards         3.000000e+00
mean_episode_rewards        1.100000e+00
min_episode_rewards         0.000000e+00
max_episode_len             1.000000e+03
mean_episode_len            8.733250e+02
min_episode_len             0.000000e+00
mean_timeouts               0.000000e+00
val_max_episode_rewards     2.000000e+00
val_mean_episode_rewards    2.750000e-01
val_min_episode_rewards     0.000000e+00
val_max_episode_len         1.000000e+03
val_mean_episode_len        1.000000e+03
val_min_episode_len         0.000000e+00
val_mean_timeouts           0.000000e+00
Name: 147, dtype: float64
timesteps                   9.764864e+06
wall_time                   5.708516e+04
num_episodes                1.079200e+04
max_episode_rewards         4.000000e+00
mean_episode_rewards        9.000000e-01
min_episode_rewards         0.000000e+00
max_episode_len             1.000000e+03
mean_episode_len            9.295750e+02
min_episode_len             0.000000e+00
mean_timeouts               0.000000e+00
val_max_episode_rewards     1.000000e+00
val_mean_episode_rewards    2.000000e-01
val_min_episode_rewards     0.000000e+00
val_max_episode_len         1.000000e+03
val_mean_episode_len        9.751750e+02
val_min_episode_len         0.000000e+00
val_mean_timeouts           0.000000e+00
Name: 148, dtype: float64
timesteps                   9.830400e+06
wall_time                   5.747376e+04
num_episodes                1.086300e+04
max_episode_rewards         3.000000e+00
mean_episode_rewards        9.500000e-01
min_episode_rewards         0.000000e+00
max_episode_len             1.000000e+03
mean_episode_len            8.897000e+02
min_episode_len             0.000000e+00
mean_timeouts               0.000000e+00
val_max_episode_rewards     2.000000e+00
val_mean_episode_rewards    2.250000e-01
val_min_episode_rewards     0.000000e+00
val_max_episode_len         1.000000e+03
val_mean_episode_len        9.340250e+02
val_min_episode_len         0.000000e+00
val_mean_timeouts           0.000000e+00
Name: 149, dtype: float64
timesteps                   9.895936e+06
wall_time                   5.786030e+04
num_episodes                1.093700e+04
max_episode_rewards         3.000000e+00
mean_episode_rewards        1.025000e+00
min_episode_rewards         0.000000e+00
max_episode_len             1.000000e+03
mean_episode_len            8.839250e+02
min_episode_len             0.000000e+00
mean_timeouts               0.000000e+00
val_max_episode_rewards     1.000000e+00
val_mean_episode_rewards    2.250000e-01
val_min_episode_rewards     0.000000e+00
val_max_episode_len         1.000000e+03
val_mean_episode_len        1.000000e+03
val_min_episode_len         0.000000e+00
val_mean_timeouts           2.500000e-02
Name: 150, dtype: float64
timesteps                   9.961472e+06
wall_time                   5.824395e+04
num_episodes                1.099400e+04
max_episode_rewards         3.000000e+00
mean_episode_rewards        8.250000e-01
min_episode_rewards         0.000000e+00
max_episode_len             1.000000e+03
mean_episode_len            9.646000e+02
min_episode_len             0.000000e+00
mean_timeouts               0.000000e+00
val_max_episode_rewards     1.000000e+00
val_mean_episode_rewards    2.500000e-01
val_min_episode_rewards     0.000000e+00
val_max_episode_len         1.000000e+03
val_mean_episode_len        9.969500e+02
val_min_episode_len         0.000000e+00
val_mean_timeouts           0.000000e+00
Name: 151, dtype: float64
timesteps                   1.002701e+07
wall_time                   5.862414e+04
num_episodes                1.107800e+04
max_episode_rewards         2.000000e+00
mean_episode_rewards        8.000000e-01
min_episode_rewards         0.000000e+00
max_episode_len             1.000000e+03
mean_episode_len            9.006750e+02
min_episode_len             0.000000e+00
mean_timeouts               0.000000e+00
val_max_episode_rewards     2.000000e+00
val_mean_episode_rewards    2.500000e-01
val_min_episode_rewards     0.000000e+00
val_max_episode_len         1.000000e+03
val_mean_episode_len        9.752250e+02
val_min_episode_len         0.000000e+00
val_mean_timeouts           0.000000e+00
Name: 152, dtype: float64
Saving model at timestep 10027009
timesteps                   1.009254e+07
wall_time                   5.899856e+04
num_episodes                1.115900e+04
max_episode_rewards         3.000000e+00
mean_episode_rewards        1.075000e+00
min_episode_rewards         0.000000e+00
max_episode_len             1.000000e+03
mean_episode_len            8.829000e+02
min_episode_len             0.000000e+00
mean_timeouts               0.000000e+00
val_max_episode_rewards     2.000000e+00
val_mean_episode_rewards    2.000000e-01
val_min_episode_rewards     0.000000e+00
val_max_episode_len         1.000000e+03
val_mean_episode_len        9.602500e+02
val_min_episode_len         0.000000e+00
val_mean_timeouts           0.000000e+00
Name: 153, dtype: float64
timesteps                   1.015808e+07
wall_time                   5.937266e+04
num_episodes                1.123300e+04
max_episode_rewards         3.000000e+00
mean_episode_rewards        1.025000e+00
min_episode_rewards         0.000000e+00
max_episode_len             1.000000e+03
mean_episode_len            9.428000e+02
min_episode_len             0.000000e+00
mean_timeouts               0.000000e+00
val_max_episode_rewards     2.000000e+00
val_mean_episode_rewards    2.750000e-01
val_min_episode_rewards     0.000000e+00
val_max_episode_len         1.000000e+03
val_mean_episode_len        9.987250e+02
val_min_episode_len         0.000000e+00
val_mean_timeouts           2.500000e-02
Name: 154, dtype: float64
timesteps                   1.022362e+07
wall_time                   5.975105e+04
num_episodes                1.129300e+04
max_episode_rewards         3.000000e+00
mean_episode_rewards        1.025000e+00
min_episode_rewards         0.000000e+00
max_episode_len             1.000000e+03
mean_episode_len            8.271750e+02
min_episode_len             0.000000e+00
mean_timeouts               0.000000e+00
val_max_episode_rewards     1.000000e+00
val_mean_episode_rewards    2.750000e-01
val_min_episode_rewards     0.000000e+00
val_max_episode_len         1.000000e+03
val_mean_episode_len        9.920250e+02
val_min_episode_len         0.000000e+00
val_mean_timeouts           2.500000e-02
Name: 155, dtype: float64
timesteps                   1.028915e+07
wall_time                   6.013043e+04
num_episodes                1.137000e+04
max_episode_rewards         2.000000e+00
mean_episode_rewards        1.000000e+00
min_episode_rewards         0.000000e+00
max_episode_len             1.000000e+03
mean_episode_len            8.678000e+02
min_episode_len             0.000000e+00
mean_timeouts               0.000000e+00
val_max_episode_rewards     2.000000e+00
val_mean_episode_rewards    2.750000e-01
val_min_episode_rewards     0.000000e+00
val_max_episode_len         1.000000e+03
val_mean_episode_len        1.000000e+03
val_min_episode_len         0.000000e+00
val_mean_timeouts           0.000000e+00
Name: 156, dtype: float64
timesteps                   1.035469e+07
wall_time                   6.051262e+04
num_episodes                1.146100e+04
max_episode_rewards         3.000000e+00
mean_episode_rewards        1.050000e+00
min_episode_rewards         0.000000e+00
max_episode_len             1.000000e+03
mean_episode_len            8.419000e+02
min_episode_len             0.000000e+00
mean_timeouts               0.000000e+00
val_max_episode_rewards     2.000000e+00
val_mean_episode_rewards    2.250000e-01
val_min_episode_rewards     0.000000e+00
val_max_episode_len         1.000000e+03
val_mean_episode_len        9.830750e+02
val_min_episode_len         0.000000e+00
val_mean_timeouts           0.000000e+00
Name: 157, dtype: float64
timesteps                   1.042022e+07
wall_time                   6.089252e+04
num_episodes                1.153600e+04
max_episode_rewards         3.000000e+00
mean_episode_rewards        1.175000e+00
min_episode_rewards         0.000000e+00
max_episode_len             1.000000e+03
mean_episode_len            8.295500e+02
min_episode_len             0.000000e+00
mean_timeouts               0.000000e+00
val_max_episode_rewards     2.000000e+00
val_mean_episode_rewards    3.250000e-01
val_min_episode_rewards     0.000000e+00
val_max_episode_len         1.000000e+03
val_mean_episode_len        9.858750e+02
val_min_episode_len         0.000000e+00
val_mean_timeouts           0.000000e+00
Name: 158, dtype: float64
timesteps                   1.048576e+07
wall_time                   6.127148e+04
num_episodes                1.159300e+04
max_episode_rewards         3.000000e+00
mean_episode_rewards        1.000000e+00
min_episode_rewards         0.000000e+00
max_episode_len             1.000000e+03
mean_episode_len            9.024750e+02
min_episode_len             0.000000e+00
mean_timeouts               2.500000e-02
val_max_episode_rewards     2.000000e+00
val_mean_episode_rewards    2.250000e-01
val_min_episode_rewards     0.000000e+00
val_max_episode_len         1.000000e+03
val_mean_episode_len        9.751000e+02
val_min_episode_len         0.000000e+00
val_mean_timeouts           2.500000e-02
Name: 159, dtype: float64
timesteps                   1.055130e+07
wall_time                   6.164576e+04
num_episodes                1.165900e+04
max_episode_rewards         3.000000e+00
mean_episode_rewards        1.050000e+00
min_episode_rewards         0.000000e+00
max_episode_len             1.000000e+03
mean_episode_len            8.816500e+02
min_episode_len             0.000000e+00
mean_timeouts               0.000000e+00
val_max_episode_rewards     1.000000e+00
val_mean_episode_rewards    2.250000e-01
val_min_episode_rewards     0.000000e+00
val_max_episode_len         1.000000e+03
val_mean_episode_len        1.000000e+03
val_min_episode_len         0.000000e+00
val_mean_timeouts           0.000000e+00
Name: 160, dtype: float64
timesteps                   1.061683e+07
wall_time                   6.202452e+04
num_episodes                1.174000e+04
max_episode_rewards         2.000000e+00
mean_episode_rewards        7.250000e-01
min_episode_rewards         0.000000e+00
max_episode_len             1.000000e+03
mean_episode_len            9.884750e+02
min_episode_len             0.000000e+00
mean_timeouts               0.000000e+00
val_max_episode_rewards     2.000000e+00
val_mean_episode_rewards    3.750000e-01
val_min_episode_rewards     0.000000e+00
val_max_episode_len         1.000000e+03
val_mean_episode_len        9.805750e+02
val_min_episode_len         0.000000e+00
val_mean_timeouts           0.000000e+00
Name: 161, dtype: float64
timesteps                   1.068237e+07
wall_time                   6.240729e+04
num_episodes                1.180900e+04
max_episode_rewards         2.000000e+00
mean_episode_rewards        8.000000e-01
min_episode_rewards         0.000000e+00
max_episode_len             1.000000e+03
mean_episode_len            8.775000e+02
min_episode_len             0.000000e+00
mean_timeouts               0.000000e+00
val_max_episode_rewards     3.000000e+00
val_mean_episode_rewards    2.750000e-01
val_min_episode_rewards     0.000000e+00
val_max_episode_len         1.000000e+03
val_mean_episode_len        1.000000e+03
val_min_episode_len         0.000000e+00
val_mean_timeouts           0.000000e+00
Name: 162, dtype: float64
timesteps                   1.074790e+07
wall_time                   6.279007e+04
num_episodes                1.186600e+04
max_episode_rewards         3.000000e+00
mean_episode_rewards        9.750000e-01
min_episode_rewards         0.000000e+00
max_episode_len             1.000000e+03
mean_episode_len            9.463250e+02
min_episode_len             0.000000e+00
mean_timeouts               0.000000e+00
val_max_episode_rewards     2.000000e+00
val_mean_episode_rewards    3.000000e-01
val_min_episode_rewards     0.000000e+00
val_max_episode_len         1.000000e+03
val_mean_episode_len        9.837000e+02
val_min_episode_len         0.000000e+00
val_mean_timeouts           0.000000e+00
Name: 163, dtype: float64
timesteps                   1.081344e+07
wall_time                   6.317858e+04
num_episodes                1.194300e+04
max_episode_rewards         3.000000e+00
mean_episode_rewards        9.500000e-01
min_episode_rewards         0.000000e+00
max_episode_len             1.000000e+03
mean_episode_len            8.994750e+02
min_episode_len             0.000000e+00
mean_timeouts               0.000000e+00
val_max_episode_rewards     2.000000e+00
val_mean_episode_rewards    3.500000e-01
val_min_episode_rewards     0.000000e+00
val_max_episode_len         1.000000e+03
val_mean_episode_len        9.931500e+02
val_min_episode_len         0.000000e+00
val_mean_timeouts           0.000000e+00
Name: 164, dtype: float64
timesteps                   1.087898e+07
wall_time                   6.356636e+04
num_episodes                1.202800e+04
max_episode_rewards         3.000000e+00
mean_episode_rewards        9.500000e-01
min_episode_rewards         0.000000e+00
max_episode_len             1.000000e+03
mean_episode_len            9.202750e+02
min_episode_len             0.000000e+00
mean_timeouts               0.000000e+00
val_max_episode_rewards     2.000000e+00
val_mean_episode_rewards    3.000000e-01
val_min_episode_rewards     0.000000e+00
val_max_episode_len         1.000000e+03
val_mean_episode_len        1.000000e+03
val_min_episode_len         0.000000e+00
val_mean_timeouts           0.000000e+00
Name: 165, dtype: float64
timesteps                   1.094451e+07
wall_time                   6.395370e+04
num_episodes                1.209000e+04
max_episode_rewards         3.000000e+00
mean_episode_rewards        8.250000e-01
min_episode_rewards         0.000000e+00
max_episode_len             1.000000e+03
mean_episode_len            8.937250e+02
min_episode_len             0.000000e+00
mean_timeouts               0.000000e+00
val_max_episode_rewards     1.000000e+00
val_mean_episode_rewards    1.250000e-01
val_min_episode_rewards     0.000000e+00
val_max_episode_len         1.000000e+03
val_mean_episode_len        1.000000e+03
val_min_episode_len         0.000000e+00
val_mean_timeouts           0.000000e+00
Name: 166, dtype: float64
timesteps                   1.101005e+07
wall_time                   6.434330e+04
num_episodes                1.215800e+04
max_episode_rewards         3.000000e+00
mean_episode_rewards        8.750000e-01
min_episode_rewards         0.000000e+00
max_episode_len             1.000000e+03
mean_episode_len            8.912250e+02
min_episode_len             0.000000e+00
mean_timeouts               0.000000e+00
val_max_episode_rewards     2.000000e+00
val_mean_episode_rewards    2.250000e-01
val_min_episode_rewards     0.000000e+00
val_max_episode_len         1.000000e+03
val_mean_episode_len        1.000000e+03
val_min_episode_len         0.000000e+00
val_mean_timeouts           2.500000e-02
Name: 167, dtype: float64
timesteps                   1.107558e+07
wall_time                   6.473193e+04
num_episodes                1.223500e+04
max_episode_rewards         4.000000e+00
mean_episode_rewards        9.250000e-01
min_episode_rewards         0.000000e+00
max_episode_len             1.000000e+03
mean_episode_len            9.015500e+02
min_episode_len             0.000000e+00
mean_timeouts               0.000000e+00
val_max_episode_rewards     2.000000e+00
val_mean_episode_rewards    3.000000e-01
val_min_episode_rewards     0.000000e+00
val_max_episode_len         1.000000e+03
val_mean_episode_len        9.751500e+02
val_min_episode_len         0.000000e+00
val_mean_timeouts           0.000000e+00
Name: 168, dtype: float64
timesteps                   1.114112e+07
wall_time                   6.511631e+04
num_episodes                1.231800e+04
max_episode_rewards         2.000000e+00
mean_episode_rewards        8.250000e-01
min_episode_rewards         0.000000e+00
max_episode_len             1.000000e+03
mean_episode_len            9.276750e+02
min_episode_len             0.000000e+00
mean_timeouts               0.000000e+00
val_max_episode_rewards     3.000000e+00
val_mean_episode_rewards    3.750000e-01
val_min_episode_rewards     0.000000e+00
val_max_episode_len         1.000000e+03
val_mean_episode_len        9.637000e+02
val_min_episode_len         0.000000e+00
val_mean_timeouts           0.000000e+00
Name: 169, dtype: float64
timesteps                   1.120666e+07
wall_time                   6.549672e+04
num_episodes                1.237700e+04
max_episode_rewards         3.000000e+00
mean_episode_rewards        1.050000e+00
min_episode_rewards         0.000000e+00
max_episode_len             1.000000e+03
mean_episode_len            8.867500e+02
min_episode_len             0.000000e+00
mean_timeouts               0.000000e+00
val_max_episode_rewards     1.000000e+00
val_mean_episode_rewards    2.000000e-01
val_min_episode_rewards     0.000000e+00
val_max_episode_len         1.000000e+03
val_mean_episode_len        9.602000e+02
val_min_episode_len         0.000000e+00
val_mean_timeouts           0.000000e+00
Name: 170, dtype: float64
timesteps                   1.127219e+07
wall_time                   6.588502e+04
num_episodes                1.244400e+04
max_episode_rewards         2.000000e+00
mean_episode_rewards        9.250000e-01
min_episode_rewards         0.000000e+00
max_episode_len             1.000000e+03
mean_episode_len            9.065000e+02
min_episode_len             0.000000e+00
mean_timeouts               0.000000e+00
val_max_episode_rewards     2.000000e+00
val_mean_episode_rewards    1.000000e-01
val_min_episode_rewards     0.000000e+00
val_max_episode_len         1.000000e+03
val_mean_episode_len        9.804500e+02
val_min_episode_len         0.000000e+00
val_mean_timeouts           0.000000e+00
Name: 171, dtype: float64
timesteps                   1.133773e+07
wall_time                   6.627635e+04
num_episodes                1.252400e+04
max_episode_rewards         3.000000e+00
mean_episode_rewards        9.000000e-01
min_episode_rewards         0.000000e+00
max_episode_len             1.000000e+03
mean_episode_len            9.762000e+02
min_episode_len             0.000000e+00
mean_timeouts               0.000000e+00
val_max_episode_rewards     1.000000e+00
val_mean_episode_rewards    1.500000e-01
val_min_episode_rewards     0.000000e+00
val_max_episode_len         1.000000e+03
val_mean_episode_len        1.000000e+03
val_min_episode_len         0.000000e+00
val_mean_timeouts           0.000000e+00
Name: 172, dtype: float64
timesteps                   1.140326e+07
wall_time                   6.667411e+04
num_episodes                1.259800e+04
max_episode_rewards         3.000000e+00
mean_episode_rewards        1.025000e+00
min_episode_rewards         0.000000e+00
max_episode_len             1.000000e+03
mean_episode_len            8.846500e+02
min_episode_len             0.000000e+00
mean_timeouts               0.000000e+00
val_max_episode_rewards     2.000000e+00
val_mean_episode_rewards    1.750000e-01
val_min_episode_rewards     0.000000e+00
val_max_episode_len         1.000000e+03
val_mean_episode_len        9.801250e+02
val_min_episode_len         0.000000e+00
val_mean_timeouts           0.000000e+00
Name: 173, dtype: float64
timesteps                   1.146880e+07
wall_time                   6.706971e+04
num_episodes                1.266800e+04
max_episode_rewards         2.000000e+00
mean_episode_rewards        8.500000e-01
min_episode_rewards         0.000000e+00
max_episode_len             1.000000e+03
mean_episode_len            8.421250e+02
min_episode_len             0.000000e+00
mean_timeouts               2.500000e-02
val_max_episode_rewards     2.000000e+00
val_mean_episode_rewards    2.250000e-01
val_min_episode_rewards     0.000000e+00
val_max_episode_len         1.000000e+03
val_mean_episode_len        9.707500e+02
val_min_episode_len         0.000000e+00
val_mean_timeouts           0.000000e+00
Name: 174, dtype: float64
timesteps                   1.153434e+07
wall_time                   6.745610e+04
num_episodes                1.274100e+04
max_episode_rewards         3.000000e+00
mean_episode_rewards        9.750000e-01
min_episode_rewards         0.000000e+00
max_episode_len             1.000000e+03
mean_episode_len            9.321000e+02
min_episode_len             0.000000e+00
mean_timeouts               0.000000e+00
val_max_episode_rewards     2.000000e+00
val_mean_episode_rewards    3.000000e-01
val_min_episode_rewards     0.000000e+00
val_max_episode_len         1.000000e+03
val_mean_episode_len        1.000000e+03
val_min_episode_len         0.000000e+00
val_mean_timeouts           0.000000e+00
Name: 175, dtype: float64
timesteps                   1.159987e+07
wall_time                   6.783736e+04
num_episodes                1.282600e+04
max_episode_rewards         3.000000e+00
mean_episode_rewards        1.125000e+00
min_episode_rewards         0.000000e+00
max_episode_len             1.000000e+03
mean_episode_len            9.009500e+02
min_episode_len             0.000000e+00
mean_timeouts               0.000000e+00
val_max_episode_rewards     2.000000e+00
val_mean_episode_rewards    2.250000e-01
val_min_episode_rewards     0.000000e+00
val_max_episode_len         1.000000e+03
val_mean_episode_len        9.947500e+02
val_min_episode_len         0.000000e+00
val_mean_timeouts           0.000000e+00
Name: 176, dtype: float64
timesteps                   1.166541e+07
wall_time                   6.821056e+04
num_episodes                1.290000e+04
max_episode_rewards         3.000000e+00
mean_episode_rewards        1.025000e+00
min_episode_rewards         0.000000e+00
max_episode_len             1.000000e+03
mean_episode_len            9.203250e+02
min_episode_len             0.000000e+00
mean_timeouts               2.500000e-02
val_max_episode_rewards     2.000000e+00
val_mean_episode_rewards    3.250000e-01
val_min_episode_rewards     0.000000e+00
val_max_episode_len         1.000000e+03
val_mean_episode_len        9.947500e+02
val_min_episode_len         0.000000e+00
val_mean_timeouts           0.000000e+00
Name: 177, dtype: float64
timesteps                   1.173094e+07
wall_time                   6.858254e+04
num_episodes                1.295500e+04
max_episode_rewards         3.000000e+00
mean_episode_rewards        9.750000e-01
min_episode_rewards         0.000000e+00
max_episode_len             1.000000e+03
mean_episode_len            9.162500e+02
min_episode_len             0.000000e+00
mean_timeouts               0.000000e+00
val_max_episode_rewards     1.000000e+00
val_mean_episode_rewards    1.750000e-01
val_min_episode_rewards     0.000000e+00
val_max_episode_len         1.000000e+03
val_mean_episode_len        9.762750e+02
val_min_episode_len         0.000000e+00
val_mean_timeouts           0.000000e+00
Name: 178, dtype: float64
timesteps                   1.179648e+07
wall_time                   6.895699e+04
num_episodes                1.303100e+04
max_episode_rewards         3.000000e+00
mean_episode_rewards        7.750000e-01
min_episode_rewards         0.000000e+00
max_episode_len             1.000000e+03
mean_episode_len            9.718000e+02
min_episode_len             0.000000e+00
mean_timeouts               0.000000e+00
val_max_episode_rewards     1.000000e+00
val_mean_episode_rewards    1.500000e-01
val_min_episode_rewards     0.000000e+00
val_max_episode_len         1.000000e+03
val_mean_episode_len        9.957250e+02
val_min_episode_len         0.000000e+00
val_mean_timeouts           0.000000e+00
Name: 179, dtype: float64
timesteps                   1.186202e+07
wall_time                   6.933706e+04
num_episodes                1.310300e+04
max_episode_rewards         3.000000e+00
mean_episode_rewards        1.075000e+00
min_episode_rewards         0.000000e+00
max_episode_len             1.000000e+03
mean_episode_len            9.325000e+02
min_episode_len             0.000000e+00
mean_timeouts               0.000000e+00
val_max_episode_rewards     3.000000e+00
val_mean_episode_rewards    2.250000e-01
val_min_episode_rewards     0.000000e+00
val_max_episode_len         1.000000e+03
val_mean_episode_len        1.000000e+03
val_min_episode_len         0.000000e+00
val_mean_timeouts           0.000000e+00
Name: 180, dtype: float64
timesteps                   1.192755e+07
wall_time                   6.972291e+04
num_episodes                1.317300e+04
max_episode_rewards         3.000000e+00
mean_episode_rewards        8.000000e-01
min_episode_rewards         0.000000e+00
max_episode_len             1.000000e+03
mean_episode_len            9.384750e+02
min_episode_len             0.000000e+00
mean_timeouts               0.000000e+00
val_max_episode_rewards     3.000000e+00
val_mean_episode_rewards    3.000000e-01
val_min_episode_rewards     0.000000e+00
val_max_episode_len         1.000000e+03
val_mean_episode_len        9.835250e+02
val_min_episode_len         0.000000e+00
val_mean_timeouts           0.000000e+00
Name: 181, dtype: float64
timesteps                   1.199309e+07
wall_time                   7.010949e+04
num_episodes                1.323500e+04
max_episode_rewards         3.000000e+00
mean_episode_rewards        8.000000e-01
min_episode_rewards         0.000000e+00
max_episode_len             1.000000e+03
mean_episode_len            9.381750e+02
min_episode_len             0.000000e+00
mean_timeouts               0.000000e+00
val_max_episode_rewards     2.000000e+00
val_mean_episode_rewards    4.250000e-01
val_min_episode_rewards     0.000000e+00
val_max_episode_len         1.000000e+03
val_mean_episode_len        9.694750e+02
val_min_episode_len         0.000000e+00
val_mean_timeouts           0.000000e+00
Name: 182, dtype: float64
timesteps                   1.205862e+07
wall_time                   7.049593e+04
num_episodes                1.332100e+04
max_episode_rewards         4.000000e+00
mean_episode_rewards        1.000000e+00
min_episode_rewards         0.000000e+00
max_episode_len             1.000000e+03
mean_episode_len            9.367750e+02
min_episode_len             0.000000e+00
mean_timeouts               0.000000e+00
val_max_episode_rewards     2.000000e+00
val_mean_episode_rewards    2.500000e-01
val_min_episode_rewards     0.000000e+00
val_max_episode_len         1.000000e+03
val_mean_episode_len        1.000000e+03
val_min_episode_len         0.000000e+00
val_mean_timeouts           0.000000e+00
Name: 183, dtype: float64
timesteps                   1.212416e+07
wall_time                   7.088534e+04
num_episodes                1.339800e+04
max_episode_rewards         3.000000e+00
mean_episode_rewards        9.000000e-01
min_episode_rewards         0.000000e+00
max_episode_len             1.000000e+03
mean_episode_len            8.242000e+02
min_episode_len             0.000000e+00
mean_timeouts               0.000000e+00
val_max_episode_rewards     1.000000e+00
val_mean_episode_rewards    1.500000e-01
val_min_episode_rewards     0.000000e+00
val_max_episode_len         1.000000e+03
val_mean_episode_len        9.528750e+02
val_min_episode_len         0.000000e+00
val_mean_timeouts           0.000000e+00
Name: 184, dtype: float64
timesteps                   1.218970e+07
wall_time                   7.127420e+04
num_episodes                1.347200e+04
max_episode_rewards         3.000000e+00
mean_episode_rewards        9.000000e-01
min_episode_rewards         0.000000e+00
max_episode_len             1.000000e+03
mean_episode_len            8.968750e+02
min_episode_len             0.000000e+00
mean_timeouts               2.500000e-02
val_max_episode_rewards     2.000000e+00
val_mean_episode_rewards    2.750000e-01
val_min_episode_rewards     0.000000e+00
val_max_episode_len         1.000000e+03
val_mean_episode_len        1.000000e+03
val_min_episode_len         0.000000e+00
val_mean_timeouts           2.500000e-02
Name: 185, dtype: float64
timesteps                   1.225523e+07
wall_time                   7.166301e+04
num_episodes                1.353500e+04
max_episode_rewards         4.000000e+00
mean_episode_rewards        9.000000e-01
min_episode_rewards         0.000000e+00
max_episode_len             1.000000e+03
mean_episode_len            9.330500e+02
min_episode_len             0.000000e+00
mean_timeouts               0.000000e+00
val_max_episode_rewards     2.000000e+00
val_mean_episode_rewards    2.500000e-01
val_min_episode_rewards     0.000000e+00
val_max_episode_len         1.000000e+03
val_mean_episode_len        9.878250e+02
val_min_episode_len         0.000000e+00
val_mean_timeouts           2.500000e-02
Name: 186, dtype: float64
timesteps                   1.232077e+07
wall_time                   7.205394e+04
num_episodes                1.360300e+04
max_episode_rewards         3.000000e+00
mean_episode_rewards        8.500000e-01
min_episode_rewards         0.000000e+00
max_episode_len             1.000000e+03
mean_episode_len            9.611500e+02
min_episode_len             0.000000e+00
mean_timeouts               0.000000e+00
val_max_episode_rewards     1.000000e+00
val_mean_episode_rewards    2.750000e-01
val_min_episode_rewards     0.000000e+00
val_max_episode_len         1.000000e+03
val_mean_episode_len        1.000000e+03
val_min_episode_len         0.000000e+00
val_mean_timeouts           0.000000e+00
Name: 187, dtype: float64
timesteps                   1.238630e+07
wall_time                   7.244002e+04
num_episodes                1.367600e+04
max_episode_rewards         3.000000e+00
mean_episode_rewards        1.025000e+00
min_episode_rewards         0.000000e+00
max_episode_len             1.000000e+03
mean_episode_len            9.418250e+02
min_episode_len             0.000000e+00
mean_timeouts               0.000000e+00
val_max_episode_rewards     1.000000e+00
val_mean_episode_rewards    1.000000e-01
val_min_episode_rewards     0.000000e+00
val_max_episode_len         1.000000e+03
val_mean_episode_len        1.000000e+03
val_min_episode_len         0.000000e+00
val_mean_timeouts           0.000000e+00
Name: 188, dtype: float64
timesteps                   1.245184e+07
wall_time                   7.282508e+04
num_episodes                1.375600e+04
max_episode_rewards         3.000000e+00
mean_episode_rewards        1.175000e+00
min_episode_rewards         0.000000e+00
max_episode_len             1.000000e+03
mean_episode_len            8.849250e+02
min_episode_len             0.000000e+00
mean_timeouts               0.000000e+00
val_max_episode_rewards     1.000000e+00
val_mean_episode_rewards    2.000000e-01
val_min_episode_rewards     0.000000e+00
val_max_episode_len         1.000000e+03
val_mean_episode_len        9.750750e+02
val_min_episode_len         0.000000e+00
val_mean_timeouts           5.000000e-02
Name: 189, dtype: float64
timesteps                   1.251738e+07
wall_time                   7.320641e+04
num_episodes                1.382000e+04
max_episode_rewards         4.000000e+00
mean_episode_rewards        1.325000e+00
min_episode_rewards         0.000000e+00
max_episode_len             1.000000e+03
mean_episode_len            8.797000e+02
min_episode_len             0.000000e+00
mean_timeouts               0.000000e+00
val_max_episode_rewards     2.000000e+00
val_mean_episode_rewards    1.750000e-01
val_min_episode_rewards     0.000000e+00
val_max_episode_len         1.000000e+03
val_mean_episode_len        1.000000e+03
val_min_episode_len         0.000000e+00
val_mean_timeouts           0.000000e+00
Name: 190, dtype: float64
Saving model at timestep 12517377
timesteps                   1.258291e+07
wall_time                   7.359074e+04
num_episodes                1.388900e+04
max_episode_rewards         2.000000e+00
mean_episode_rewards        8.250000e-01
min_episode_rewards         0.000000e+00
max_episode_len             1.000000e+03
mean_episode_len            8.515000e+02
min_episode_len             0.000000e+00
mean_timeouts               0.000000e+00
val_max_episode_rewards     2.000000e+00
val_mean_episode_rewards    2.000000e-01
val_min_episode_rewards     0.000000e+00
val_max_episode_len         1.000000e+03
val_mean_episode_len        1.000000e+03
val_min_episode_len         0.000000e+00
val_mean_timeouts           0.000000e+00
Name: 191, dtype: float64
timesteps                   1.264845e+07
wall_time                   7.398113e+04
num_episodes                1.395900e+04
max_episode_rewards         4.000000e+00
mean_episode_rewards        9.000000e-01
min_episode_rewards         0.000000e+00
max_episode_len             1.000000e+03
mean_episode_len            9.520000e+02
min_episode_len             0.000000e+00
mean_timeouts               0.000000e+00
val_max_episode_rewards     1.000000e+00
val_mean_episode_rewards    1.750000e-01
val_min_episode_rewards     0.000000e+00
val_max_episode_len         1.000000e+03
val_mean_episode_len        9.697250e+02
val_min_episode_len         0.000000e+00
val_mean_timeouts           0.000000e+00
Name: 192, dtype: float64
timesteps                   1.271398e+07
wall_time                   7.436988e+04
num_episodes                1.403500e+04
max_episode_rewards         3.000000e+00
mean_episode_rewards        9.000000e-01
min_episode_rewards         0.000000e+00
max_episode_len             1.000000e+03
mean_episode_len            9.249000e+02
min_episode_len             0.000000e+00
mean_timeouts               0.000000e+00
val_max_episode_rewards     2.000000e+00
val_mean_episode_rewards    1.500000e-01
val_min_episode_rewards     0.000000e+00
val_max_episode_len         1.000000e+03
val_mean_episode_len        9.777250e+02
val_min_episode_len         0.000000e+00
val_mean_timeouts           0.000000e+00
Name: 193, dtype: float64
timesteps                   1.277952e+07
wall_time                   7.476016e+04
num_episodes                1.410700e+04
max_episode_rewards         2.000000e+00
mean_episode_rewards        7.250000e-01
min_episode_rewards         0.000000e+00
max_episode_len             1.000000e+03
mean_episode_len            9.225750e+02
min_episode_len             0.000000e+00
mean_timeouts               0.000000e+00
val_max_episode_rewards     2.000000e+00
val_mean_episode_rewards    4.000000e-01
val_min_episode_rewards     0.000000e+00
val_max_episode_len         1.000000e+03
val_mean_episode_len        9.752750e+02
val_min_episode_len         0.000000e+00
val_mean_timeouts           0.000000e+00
Name: 194, dtype: float64
timesteps                   1.284506e+07
wall_time                   7.514951e+04
num_episodes                1.417500e+04
max_episode_rewards         3.000000e+00
mean_episode_rewards        9.000000e-01
min_episode_rewards         0.000000e+00
max_episode_len             1.000000e+03
mean_episode_len            9.273000e+02
min_episode_len             0.000000e+00
mean_timeouts               0.000000e+00
val_max_episode_rewards     2.000000e+00
val_mean_episode_rewards    6.000000e-01
val_min_episode_rewards     0.000000e+00
val_max_episode_len         1.000000e+03
val_mean_episode_len        1.000000e+03
val_min_episode_len         0.000000e+00
val_mean_timeouts           0.000000e+00
Name: 195, dtype: float64
timesteps                   1.291059e+07
wall_time                   7.553433e+04
num_episodes                1.424700e+04
max_episode_rewards         4.000000e+00
mean_episode_rewards        9.500000e-01
min_episode_rewards         0.000000e+00
max_episode_len             1.000000e+03
mean_episode_len            8.549250e+02
min_episode_len             0.000000e+00
mean_timeouts               0.000000e+00
val_max_episode_rewards     2.000000e+00
val_mean_episode_rewards    3.250000e-01
val_min_episode_rewards     0.000000e+00
val_max_episode_len         1.000000e+03
val_mean_episode_len        9.794750e+02
val_min_episode_len         0.000000e+00
val_mean_timeouts           0.000000e+00
Name: 196, dtype: float64
timesteps                   1.297613e+07
wall_time                   7.591901e+04
num_episodes                1.432100e+04
max_episode_rewards         2.000000e+00
mean_episode_rewards        8.000000e-01
min_episode_rewards         0.000000e+00
max_episode_len             1.000000e+03
mean_episode_len            9.802750e+02
min_episode_len             0.000000e+00
mean_timeouts               0.000000e+00
val_max_episode_rewards     2.000000e+00
val_mean_episode_rewards    2.000000e-01
val_min_episode_rewards     0.000000e+00
val_max_episode_len         1.000000e+03
val_mean_episode_len        1.000000e+03
val_min_episode_len         0.000000e+00
val_mean_timeouts           0.000000e+00
Name: 197, dtype: float64
timesteps                   1.304166e+07
wall_time                   7.630181e+04
num_episodes                1.439000e+04
max_episode_rewards         3.000000e+00
mean_episode_rewards        9.250000e-01
min_episode_rewards         0.000000e+00
max_episode_len             1.000000e+03
mean_episode_len            8.729250e+02
min_episode_len             0.000000e+00
mean_timeouts               0.000000e+00
val_max_episode_rewards     2.000000e+00
val_mean_episode_rewards    2.500000e-01
val_min_episode_rewards     0.000000e+00
val_max_episode_len         1.000000e+03
val_mean_episode_len        9.938500e+02
val_min_episode_len         0.000000e+00
val_mean_timeouts           0.000000e+00
Name: 198, dtype: float64
timesteps                   1.310720e+07
wall_time                   7.669151e+04
num_episodes                1.447000e+04
max_episode_rewards         4.000000e+00
mean_episode_rewards        1.050000e+00
min_episode_rewards         0.000000e+00
max_episode_len             1.000000e+03
mean_episode_len            8.534500e+02
min_episode_len             0.000000e+00
mean_timeouts               0.000000e+00
val_max_episode_rewards     1.000000e+00
val_mean_episode_rewards    2.000000e-01
val_min_episode_rewards     0.000000e+00
val_max_episode_len         1.000000e+03
val_mean_episode_len        1.000000e+03
val_min_episode_len         0.000000e+00
val_mean_timeouts           0.000000e+00
Name: 199, dtype: float64
timesteps                   1.317274e+07
wall_time                   7.708769e+04
num_episodes                1.454800e+04
max_episode_rewards         3.000000e+00
mean_episode_rewards        9.250000e-01
min_episode_rewards         0.000000e+00
max_episode_len             1.000000e+03
mean_episode_len            9.168000e+02
min_episode_len             0.000000e+00
mean_timeouts               0.000000e+00
val_max_episode_rewards     1.000000e+00
val_mean_episode_rewards    3.000000e-01
val_min_episode_rewards     0.000000e+00
val_max_episode_len         1.000000e+03
val_mean_episode_len        9.601250e+02
val_min_episode_len         0.000000e+00
val_mean_timeouts           0.000000e+00
Name: 200, dtype: float64
timesteps                   1.323827e+07
wall_time                   7.748616e+04
num_episodes                1.461800e+04
max_episode_rewards         2.000000e+00
mean_episode_rewards        1.025000e+00
min_episode_rewards         0.000000e+00
max_episode_len             1.000000e+03
mean_episode_len            9.117000e+02
min_episode_len             0.000000e+00
mean_timeouts               0.000000e+00
val_max_episode_rewards     1.000000e+00
val_mean_episode_rewards    2.250000e-01
val_min_episode_rewards     0.000000e+00
val_max_episode_len         1.000000e+03
val_mean_episode_len        1.000000e+03
val_min_episode_len         0.000000e+00
val_mean_timeouts           0.000000e+00
Name: 201, dtype: float64
timesteps                   1.330381e+07
wall_time                   7.788296e+04
num_episodes                1.468000e+04
max_episode_rewards         3.000000e+00
mean_episode_rewards        7.000000e-01
min_episode_rewards         0.000000e+00
max_episode_len             1.000000e+03
mean_episode_len            9.479500e+02
min_episode_len             0.000000e+00
mean_timeouts               0.000000e+00
val_max_episode_rewards     2.000000e+00
val_mean_episode_rewards    3.000000e-01
val_min_episode_rewards     0.000000e+00
val_max_episode_len         1.000000e+03
val_mean_episode_len        9.803500e+02
val_min_episode_len         0.000000e+00
val_mean_timeouts           0.000000e+00
Name: 202, dtype: float64
timesteps                   1.336934e+07
wall_time                   7.827551e+04
num_episodes                1.476300e+04
max_episode_rewards         3.000000e+00
mean_episode_rewards        1.000000e+00
min_episode_rewards         0.000000e+00
max_episode_len             1.000000e+03
mean_episode_len            8.769250e+02
min_episode_len             0.000000e+00
mean_timeouts               0.000000e+00
val_max_episode_rewards     2.000000e+00
val_mean_episode_rewards    3.000000e-01
val_min_episode_rewards     0.000000e+00
val_max_episode_len         1.000000e+03
val_mean_episode_len        1.000000e+03
val_min_episode_len         0.000000e+00
val_mean_timeouts           0.000000e+00
Name: 203, dtype: float64
timesteps                   1.343488e+07
wall_time                   7.866420e+04
num_episodes                1.483800e+04
max_episode_rewards         3.000000e+00
mean_episode_rewards        1.150000e+00
min_episode_rewards         0.000000e+00
max_episode_len             1.000000e+03
mean_episode_len            9.249750e+02
min_episode_len             0.000000e+00
mean_timeouts               0.000000e+00
val_max_episode_rewards     2.000000e+00
val_mean_episode_rewards    4.000000e-01
val_min_episode_rewards     0.000000e+00
val_max_episode_len         1.000000e+03
val_mean_episode_len        9.648500e+02
val_min_episode_len         0.000000e+00
val_mean_timeouts           0.000000e+00
Name: 204, dtype: float64
timesteps                   1.350042e+07
wall_time                   7.905592e+04
num_episodes                1.490600e+04
max_episode_rewards         3.000000e+00
mean_episode_rewards        1.100000e+00
min_episode_rewards         0.000000e+00
max_episode_len             1.000000e+03
mean_episode_len            8.881500e+02
min_episode_len             0.000000e+00
mean_timeouts               0.000000e+00
val_max_episode_rewards     2.000000e+00
val_mean_episode_rewards    2.500000e-01
val_min_episode_rewards     0.000000e+00
val_max_episode_len         1.000000e+03
val_mean_episode_len        9.751000e+02
val_min_episode_len         0.000000e+00
val_mean_timeouts           0.000000e+00
Name: 205, dtype: float64
timesteps                   1.356595e+07
wall_time                   7.944376e+04
num_episodes                1.497700e+04
max_episode_rewards         3.000000e+00
mean_episode_rewards        9.750000e-01
min_episode_rewards         0.000000e+00
max_episode_len             1.000000e+03
mean_episode_len            9.674500e+02
min_episode_len             0.000000e+00
mean_timeouts               0.000000e+00
val_max_episode_rewards     2.000000e+00
val_mean_episode_rewards    1.250000e-01
val_min_episode_rewards     0.000000e+00
val_max_episode_len         1.000000e+03
val_mean_episode_len        9.885000e+02
val_min_episode_len         0.000000e+00
val_mean_timeouts           0.000000e+00
Name: 206, dtype: float64
timesteps                   1.363149e+07
wall_time                   7.983394e+04
num_episodes                1.505400e+04
max_episode_rewards         3.000000e+00
mean_episode_rewards        1.100000e+00
min_episode_rewards         0.000000e+00
max_episode_len             1.000000e+03
mean_episode_len            9.171750e+02
min_episode_len             0.000000e+00
mean_timeouts               0.000000e+00
val_max_episode_rewards     2.000000e+00
val_mean_episode_rewards    2.500000e-01
val_min_episode_rewards     0.000000e+00
val_max_episode_len         1.000000e+03
val_mean_episode_len        1.000000e+03
val_min_episode_len         0.000000e+00
val_mean_timeouts           0.000000e+00
Name: 207, dtype: float64
timesteps                   1.369702e+07
wall_time                   8.022381e+04
num_episodes                1.512600e+04
max_episode_rewards         3.000000e+00
mean_episode_rewards        8.500000e-01
min_episode_rewards         0.000000e+00
max_episode_len             1.000000e+03
mean_episode_len            9.449500e+02
min_episode_len             0.000000e+00
mean_timeouts               0.000000e+00
val_max_episode_rewards     1.000000e+00
val_mean_episode_rewards    1.750000e-01
val_min_episode_rewards     0.000000e+00
val_max_episode_len         1.000000e+03
val_mean_episode_len        9.785750e+02
val_min_episode_len         0.000000e+00
val_mean_timeouts           0.000000e+00
Name: 208, dtype: float64
timesteps                   1.376256e+07
wall_time                   8.061293e+04
num_episodes                1.519200e+04
max_episode_rewards         4.000000e+00
mean_episode_rewards        9.750000e-01
min_episode_rewards         0.000000e+00
max_episode_len             1.000000e+03
mean_episode_len            9.570750e+02
min_episode_len             0.000000e+00
mean_timeouts               2.500000e-02
val_max_episode_rewards     2.000000e+00
val_mean_episode_rewards    3.000000e-01
val_min_episode_rewards     0.000000e+00
val_max_episode_len         1.000000e+03
val_mean_episode_len        9.726000e+02
val_min_episode_len         0.000000e+00
val_mean_timeouts           0.000000e+00
Name: 209, dtype: float64
timesteps                   1.382810e+07
wall_time                   8.100518e+04
num_episodes                1.525900e+04
max_episode_rewards         3.000000e+00
mean_episode_rewards        8.000000e-01
min_episode_rewards         0.000000e+00
max_episode_len             1.000000e+03
mean_episode_len            9.122500e+02
min_episode_len             0.000000e+00
mean_timeouts               0.000000e+00
val_max_episode_rewards     2.000000e+00
val_mean_episode_rewards    2.500000e-01
val_min_episode_rewards     0.000000e+00
val_max_episode_len         1.000000e+03
val_mean_episode_len        9.852500e+02
val_min_episode_len         0.000000e+00
val_mean_timeouts           0.000000e+00
Name: 210, dtype: float64
timesteps                   1.389363e+07
wall_time                   8.139549e+04
num_episodes                1.534500e+04
max_episode_rewards         3.000000e+00
mean_episode_rewards        9.500000e-01
min_episode_rewards         0.000000e+00
max_episode_len             1.000000e+03
mean_episode_len            8.871000e+02
min_episode_len             0.000000e+00
mean_timeouts               2.500000e-02
val_max_episode_rewards     1.000000e+00
val_mean_episode_rewards    1.000000e-01
val_min_episode_rewards     0.000000e+00
val_max_episode_len         1.000000e+03
val_mean_episode_len        1.000000e+03
val_min_episode_len         0.000000e+00
val_mean_timeouts           0.000000e+00
Name: 211, dtype: float64
timesteps                   1.395917e+07
wall_time                   8.177947e+04
num_episodes                1.542600e+04
max_episode_rewards         3.000000e+00
mean_episode_rewards        8.250000e-01
min_episode_rewards         0.000000e+00
max_episode_len             1.000000e+03
mean_episode_len            8.664250e+02
min_episode_len             0.000000e+00
mean_timeouts               2.500000e-02
val_max_episode_rewards     2.000000e+00
val_mean_episode_rewards    1.750000e-01
val_min_episode_rewards     0.000000e+00
val_max_episode_len         1.000000e+03
val_mean_episode_len        1.000000e+03
val_min_episode_len         0.000000e+00
val_mean_timeouts           0.000000e+00
Name: 212, dtype: float64
timesteps                   1.402470e+07
wall_time                   8.216479e+04
num_episodes                1.549300e+04
max_episode_rewards         2.000000e+00
mean_episode_rewards        9.750000e-01
min_episode_rewards         0.000000e+00
max_episode_len             1.000000e+03
mean_episode_len            8.272750e+02
min_episode_len             0.000000e+00
mean_timeouts               0.000000e+00
val_max_episode_rewards     3.000000e+00
val_mean_episode_rewards    1.500000e-01
val_min_episode_rewards     0.000000e+00
val_max_episode_len         1.000000e+03
val_mean_episode_len        1.000000e+03
val_min_episode_len         0.000000e+00
val_mean_timeouts           0.000000e+00
Name: 213, dtype: float64
timesteps                   1.409024e+07
wall_time                   8.255269e+04
num_episodes                1.556800e+04
max_episode_rewards         3.000000e+00
mean_episode_rewards        1.050000e+00
min_episode_rewards         0.000000e+00
max_episode_len             1.000000e+03
mean_episode_len            9.187000e+02
min_episode_len             0.000000e+00
mean_timeouts               0.000000e+00
val_max_episode_rewards     2.000000e+00
val_mean_episode_rewards    2.500000e-01
val_min_episode_rewards     0.000000e+00
val_max_episode_len         1.000000e+03
val_mean_episode_len        9.949500e+02
val_min_episode_len         0.000000e+00
val_mean_timeouts           0.000000e+00
Name: 214, dtype: float64
timesteps                   1.415578e+07
wall_time                   8.294175e+04
num_episodes                1.564200e+04
max_episode_rewards         3.000000e+00
mean_episode_rewards        1.075000e+00
min_episode_rewards         0.000000e+00
max_episode_len             1.000000e+03
mean_episode_len            8.897750e+02
min_episode_len             0.000000e+00
mean_timeouts               0.000000e+00
val_max_episode_rewards     2.000000e+00
val_mean_episode_rewards    2.750000e-01
val_min_episode_rewards     0.000000e+00
val_max_episode_len         1.000000e+03
val_mean_episode_len        9.319250e+02
val_min_episode_len         0.000000e+00
val_mean_timeouts           0.000000e+00
Name: 215, dtype: float64
timesteps                   1.422131e+07
wall_time                   8.332354e+04
num_episodes                1.571400e+04
max_episode_rewards         2.000000e+00
mean_episode_rewards        1.000000e+00
min_episode_rewards         0.000000e+00
max_episode_len             1.000000e+03
mean_episode_len            9.272750e+02
min_episode_len             0.000000e+00
mean_timeouts               0.000000e+00
val_max_episode_rewards     1.000000e+00
val_mean_episode_rewards    2.500000e-02
val_min_episode_rewards     0.000000e+00
val_max_episode_len         1.000000e+03
val_mean_episode_len        1.000000e+03
val_min_episode_len         0.000000e+00
val_mean_timeouts           0.000000e+00
Name: 216, dtype: float64
timesteps                   1.428685e+07
wall_time                   8.370465e+04
num_episodes                1.577600e+04
max_episode_rewards         4.000000e+00
mean_episode_rewards        1.175000e+00
min_episode_rewards         0.000000e+00
max_episode_len             1.000000e+03
mean_episode_len            9.233250e+02
min_episode_len             0.000000e+00
mean_timeouts               0.000000e+00
val_max_episode_rewards     2.000000e+00
val_mean_episode_rewards    2.250000e-01
val_min_episode_rewards     0.000000e+00
val_max_episode_len         1.000000e+03
val_mean_episode_len        1.000000e+03
val_min_episode_len         0.000000e+00
val_mean_timeouts           0.000000e+00
Name: 217, dtype: float64
timesteps                   1.435238e+07
wall_time                   8.408751e+04
num_episodes                1.585700e+04
max_episode_rewards         3.000000e+00
mean_episode_rewards        8.500000e-01
min_episode_rewards         0.000000e+00
max_episode_len             1.000000e+03
mean_episode_len            9.269000e+02
min_episode_len             0.000000e+00
mean_timeouts               0.000000e+00
val_max_episode_rewards     2.000000e+00
val_mean_episode_rewards    2.500000e-01
val_min_episode_rewards     0.000000e+00
val_max_episode_len         1.000000e+03
val_mean_episode_len        1.000000e+03
val_min_episode_len         0.000000e+00
val_mean_timeouts           0.000000e+00
Name: 218, dtype: float64
timesteps                   1.441792e+07
wall_time                   8.447484e+04
num_episodes                1.593400e+04
max_episode_rewards         3.000000e+00
mean_episode_rewards        1.000000e+00
min_episode_rewards         0.000000e+00
max_episode_len             1.000000e+03
mean_episode_len            8.349250e+02
min_episode_len             0.000000e+00
mean_timeouts               0.000000e+00
val_max_episode_rewards     3.000000e+00
val_mean_episode_rewards    2.750000e-01
val_min_episode_rewards     0.000000e+00
val_max_episode_len         1.000000e+03
val_mean_episode_len        9.751250e+02
val_min_episode_len         0.000000e+00
val_mean_timeouts           0.000000e+00
Name: 219, dtype: float64
timesteps                   1.448346e+07
wall_time                   8.486115e+04
num_episodes                1.600200e+04
max_episode_rewards         3.000000e+00
mean_episode_rewards        1.000000e+00
min_episode_rewards         0.000000e+00
max_episode_len             1.000000e+03
mean_episode_len            8.479500e+02
min_episode_len             0.000000e+00
mean_timeouts               5.000000e-02
val_max_episode_rewards     2.000000e+00
val_mean_episode_rewards    2.250000e-01
val_min_episode_rewards     0.000000e+00
val_max_episode_len         1.000000e+03
val_mean_episode_len        1.000000e+03
val_min_episode_len         0.000000e+00
val_mean_timeouts           0.000000e+00
Name: 220, dtype: float64
timesteps                   1.454899e+07
wall_time                   8.524455e+04
num_episodes                1.606200e+04
max_episode_rewards         2.000000e+00
mean_episode_rewards        7.250000e-01
min_episode_rewards         0.000000e+00
max_episode_len             1.000000e+03
mean_episode_len            9.098250e+02
min_episode_len             0.000000e+00
mean_timeouts               0.000000e+00
val_max_episode_rewards     3.000000e+00
val_mean_episode_rewards    2.750000e-01
val_min_episode_rewards     0.000000e+00
val_max_episode_len         1.000000e+03
val_mean_episode_len        9.400500e+02
val_min_episode_len         0.000000e+00
val_mean_timeouts           0.000000e+00
Name: 221, dtype: float64
timesteps                   1.461453e+07
wall_time                   8.562554e+04
num_episodes                1.615200e+04
max_episode_rewards         4.000000e+00
mean_episode_rewards        1.050000e+00
min_episode_rewards         0.000000e+00
max_episode_len             1.000000e+03
mean_episode_len            9.691500e+02
min_episode_len             0.000000e+00
mean_timeouts               0.000000e+00
val_max_episode_rewards     1.000000e+00
val_mean_episode_rewards    2.500000e-01
val_min_episode_rewards     0.000000e+00
val_max_episode_len         1.000000e+03
val_mean_episode_len        1.000000e+03
val_min_episode_len         0.000000e+00
val_mean_timeouts           0.000000e+00
Name: 222, dtype: float64
timesteps                   1.468006e+07
wall_time                   8.600277e+04
num_episodes                1.622200e+04
max_episode_rewards         2.000000e+00
mean_episode_rewards        8.250000e-01
min_episode_rewards         0.000000e+00
max_episode_len             1.000000e+03
mean_episode_len            8.851750e+02
min_episode_len             0.000000e+00
mean_timeouts               0.000000e+00
val_max_episode_rewards     2.000000e+00
val_mean_episode_rewards    3.000000e-01
val_min_episode_rewards     0.000000e+00
val_max_episode_len         1.000000e+03
val_mean_episode_len        9.548500e+02
val_min_episode_len         0.000000e+00
val_mean_timeouts           0.000000e+00
Name: 223, dtype: float64
timesteps                   1.474560e+07
wall_time                   8.638689e+04
num_episodes                1.629300e+04
max_episode_rewards         3.000000e+00
mean_episode_rewards        7.750000e-01
min_episode_rewards         0.000000e+00
max_episode_len             1.000000e+03
mean_episode_len            9.107500e+02
min_episode_len             0.000000e+00
mean_timeouts               0.000000e+00
val_max_episode_rewards     2.000000e+00
val_mean_episode_rewards    3.000000e-01
val_min_episode_rewards     0.000000e+00
val_max_episode_len         1.000000e+03
val_mean_episode_len        9.838250e+02
val_min_episode_len         0.000000e+00
val_mean_timeouts           5.000000e-02
Name: 224, dtype: float64
timesteps                   1.481114e+07
wall_time                   8.677508e+04
num_episodes                1.635800e+04
max_episode_rewards         4.000000e+00
mean_episode_rewards        9.750000e-01
min_episode_rewards         0.000000e+00
max_episode_len             1.000000e+03
mean_episode_len            8.931000e+02
min_episode_len             0.000000e+00
mean_timeouts               2.500000e-02
val_max_episode_rewards     2.000000e+00
val_mean_episode_rewards    4.000000e-01
val_min_episode_rewards     0.000000e+00
val_max_episode_len         1.000000e+03
val_mean_episode_len        9.841500e+02
val_min_episode_len         0.000000e+00
val_mean_timeouts           0.000000e+00
Name: 225, dtype: float64
timesteps                   1.487667e+07
wall_time                   8.716495e+04
num_episodes                1.643300e+04
max_episode_rewards         4.000000e+00
mean_episode_rewards        1.200000e+00
min_episode_rewards         0.000000e+00
max_episode_len             1.000000e+03
mean_episode_len            9.811000e+02
min_episode_len             0.000000e+00
mean_timeouts               0.000000e+00
val_max_episode_rewards     2.000000e+00
val_mean_episode_rewards    2.500000e-01
val_min_episode_rewards     0.000000e+00
val_max_episode_len         1.000000e+03
val_mean_episode_len        9.614250e+02
val_min_episode_len         0.000000e+00
val_mean_timeouts           2.500000e-02
Name: 226, dtype: float64
timesteps                   1.494221e+07
wall_time                   8.755452e+04
num_episodes                1.651100e+04
max_episode_rewards         4.000000e+00
mean_episode_rewards        1.150000e+00
min_episode_rewards         0.000000e+00
max_episode_len             1.000000e+03
mean_episode_len            9.411250e+02
min_episode_len             0.000000e+00
mean_timeouts               0.000000e+00
val_max_episode_rewards     2.000000e+00
val_mean_episode_rewards    2.250000e-01
val_min_episode_rewards     0.000000e+00
val_max_episode_len         1.000000e+03
val_mean_episode_len        9.575000e+02
val_min_episode_len         0.000000e+00
val_mean_timeouts           0.000000e+00
Name: 227, dtype: float64
timesteps                   1.500774e+07
wall_time                   8.794047e+04
num_episodes                1.658100e+04
max_episode_rewards         4.000000e+00
mean_episode_rewards        1.000000e+00
min_episode_rewards         0.000000e+00
max_episode_len             1.000000e+03
mean_episode_len            8.328250e+02
min_episode_len             0.000000e+00
mean_timeouts               0.000000e+00
val_max_episode_rewards     2.000000e+00
val_mean_episode_rewards    2.500000e-01
val_min_episode_rewards     0.000000e+00
val_max_episode_len         1.000000e+03
val_mean_episode_len        9.948000e+02
val_min_episode_len         0.000000e+00
val_mean_timeouts           0.000000e+00
Name: 228, dtype: float64
timesteps                   1.507328e+07
wall_time                   8.832805e+04
num_episodes                1.665200e+04
max_episode_rewards         3.000000e+00
mean_episode_rewards        9.250000e-01
min_episode_rewards         0.000000e+00
max_episode_len             1.000000e+03
mean_episode_len            9.223500e+02
min_episode_len             0.000000e+00
mean_timeouts               0.000000e+00
val_max_episode_rewards     2.000000e+00
val_mean_episode_rewards    2.500000e-01
val_min_episode_rewards     0.000000e+00
val_max_episode_len         1.000000e+03
val_mean_episode_len        9.665250e+02
val_min_episode_len         0.000000e+00
val_mean_timeouts           0.000000e+00
Name: 229, dtype: float64
timesteps                   1.513882e+07
wall_time                   8.871717e+04
num_episodes                1.673100e+04
max_episode_rewards         3.000000e+00
mean_episode_rewards        1.050000e+00
min_episode_rewards         0.000000e+00
max_episode_len             1.000000e+03
mean_episode_len            8.748500e+02
min_episode_len             0.000000e+00
mean_timeouts               0.000000e+00
val_max_episode_rewards     1.000000e+00
val_mean_episode_rewards    2.500000e-01
val_min_episode_rewards     0.000000e+00
val_max_episode_len         1.000000e+03
val_mean_episode_len        9.914000e+02
val_min_episode_len         0.000000e+00
val_mean_timeouts           0.000000e+00
Name: 230, dtype: float64
timesteps                   1.520435e+07
wall_time                   8.910244e+04
num_episodes                1.680700e+04
max_episode_rewards         3.000000e+00
mean_episode_rewards        9.750000e-01
min_episode_rewards         0.000000e+00
max_episode_len             1.000000e+03
mean_episode_len            8.154250e+02
min_episode_len             0.000000e+00
mean_timeouts               0.000000e+00
val_max_episode_rewards     1.000000e+00
val_mean_episode_rewards    2.750000e-01
val_min_episode_rewards     0.000000e+00
val_max_episode_len         1.000000e+03
val_mean_episode_len        9.619750e+02
val_min_episode_len         0.000000e+00
val_mean_timeouts           0.000000e+00
Name: 231, dtype: float64
timesteps                   1.526989e+07
wall_time                   8.948914e+04
num_episodes                1.687800e+04
max_episode_rewards         3.000000e+00
mean_episode_rewards        8.000000e-01
min_episode_rewards         0.000000e+00
max_episode_len             1.000000e+03
mean_episode_len            8.841000e+02
min_episode_len             0.000000e+00
mean_timeouts               0.000000e+00
val_max_episode_rewards     2.000000e+00
val_mean_episode_rewards    2.250000e-01
val_min_episode_rewards     0.000000e+00
val_max_episode_len         1.000000e+03
val_mean_episode_len        1.000000e+03
val_min_episode_len         0.000000e+00
val_mean_timeouts           0.000000e+00
Name: 232, dtype: float64
timesteps                   1.533542e+07
wall_time                   8.987652e+04
num_episodes                1.694700e+04
max_episode_rewards         3.000000e+00
mean_episode_rewards        1.000000e+00
min_episode_rewards         0.000000e+00
max_episode_len             1.000000e+03
mean_episode_len            8.933250e+02
min_episode_len             0.000000e+00
mean_timeouts               0.000000e+00
val_max_episode_rewards     2.000000e+00
val_mean_episode_rewards    1.500000e-01
val_min_episode_rewards     0.000000e+00
val_max_episode_len         1.000000e+03
val_mean_episode_len        1.000000e+03
val_min_episode_len         0.000000e+00
val_mean_timeouts           0.000000e+00
Name: 233, dtype: float64
timesteps                   1.540096e+07
wall_time                   9.026832e+04
num_episodes                1.702400e+04
max_episode_rewards         3.000000e+00
mean_episode_rewards        1.250000e+00
min_episode_rewards         0.000000e+00
max_episode_len             1.000000e+03
mean_episode_len            8.101500e+02
min_episode_len             0.000000e+00
mean_timeouts               0.000000e+00
val_max_episode_rewards     1.000000e+00
val_mean_episode_rewards    2.500000e-01
val_min_episode_rewards     0.000000e+00
val_max_episode_len         1.000000e+03
val_mean_episode_len        9.800500e+02
val_min_episode_len         0.000000e+00
val_mean_timeouts           0.000000e+00
Name: 234, dtype: float64
timesteps                   1.546650e+07
wall_time                   9.066288e+04
num_episodes                1.709900e+04
max_episode_rewards         2.000000e+00
mean_episode_rewards        9.000000e-01
min_episode_rewards         0.000000e+00
max_episode_len             1.000000e+03
mean_episode_len            8.932500e+02
min_episode_len             0.000000e+00
mean_timeouts               0.000000e+00
val_max_episode_rewards     2.000000e+00
val_mean_episode_rewards    2.750000e-01
val_min_episode_rewards     0.000000e+00
val_max_episode_len         1.000000e+03
val_mean_episode_len        9.297500e+02
val_min_episode_len         0.000000e+00
val_mean_timeouts           0.000000e+00
Name: 235, dtype: float64
timesteps                   1.553203e+07
wall_time                   9.105100e+04
num_episodes                1.716800e+04
max_episode_rewards         3.000000e+00
mean_episode_rewards        9.000000e-01
min_episode_rewards         0.000000e+00
max_episode_len             1.000000e+03
mean_episode_len            9.451500e+02
min_episode_len             0.000000e+00
mean_timeouts               0.000000e+00
val_max_episode_rewards     2.000000e+00
val_mean_episode_rewards    1.500000e-01
val_min_episode_rewards     0.000000e+00
val_max_episode_len         1.000000e+03
val_mean_episode_len        9.857000e+02
val_min_episode_len         0.000000e+00
val_mean_timeouts           0.000000e+00
Name: 236, dtype: float64
timesteps                   1.559757e+07
wall_time                   9.143500e+04
num_episodes                1.723700e+04
max_episode_rewards         4.000000e+00
mean_episode_rewards        1.100000e+00
min_episode_rewards         0.000000e+00
max_episode_len             1.000000e+03
mean_episode_len            9.574000e+02
min_episode_len             0.000000e+00
mean_timeouts               0.000000e+00
val_max_episode_rewards     2.000000e+00
val_mean_episode_rewards    2.750000e-01
val_min_episode_rewards     0.000000e+00
val_max_episode_len         1.000000e+03
val_mean_episode_len        1.000000e+03
val_min_episode_len         0.000000e+00
val_mean_timeouts           0.000000e+00
Name: 237, dtype: float64
timesteps                   1.566310e+07
wall_time                   9.181019e+04
num_episodes                1.731600e+04
max_episode_rewards         2.000000e+00
mean_episode_rewards        8.000000e-01
min_episode_rewards         0.000000e+00
max_episode_len             1.000000e+03
mean_episode_len            7.971500e+02
min_episode_len             0.000000e+00
mean_timeouts               0.000000e+00
val_max_episode_rewards     2.000000e+00
val_mean_episode_rewards    2.000000e-01
val_min_episode_rewards     0.000000e+00
val_max_episode_len         1.000000e+03
val_mean_episode_len        9.757250e+02
val_min_episode_len         0.000000e+00
val_mean_timeouts           0.000000e+00
Name: 238, dtype: float64
timesteps                   1.572864e+07
wall_time                   9.217997e+04
num_episodes                1.739100e+04
max_episode_rewards         3.000000e+00
mean_episode_rewards        9.500000e-01
min_episode_rewards         0.000000e+00
max_episode_len             1.000000e+03
mean_episode_len            8.789750e+02
min_episode_len             0.000000e+00
mean_timeouts               0.000000e+00
val_max_episode_rewards     2.000000e+00
val_mean_episode_rewards    3.500000e-01
val_min_episode_rewards     0.000000e+00
val_max_episode_len         1.000000e+03
val_mean_episode_len        9.891500e+02
val_min_episode_len         0.000000e+00
val_mean_timeouts           0.000000e+00
Name: 239, dtype: float64
timesteps                   1.579418e+07
wall_time                   9.254826e+04
num_episodes                1.746900e+04
max_episode_rewards         3.000000e+00
mean_episode_rewards        1.000000e+00
min_episode_rewards         0.000000e+00
max_episode_len             1.000000e+03
mean_episode_len            8.589500e+02
min_episode_len             0.000000e+00
mean_timeouts               0.000000e+00
val_max_episode_rewards     2.000000e+00
val_mean_episode_rewards    2.500000e-01
val_min_episode_rewards     0.000000e+00
val_max_episode_len         1.000000e+03
val_mean_episode_len        9.861250e+02
val_min_episode_len         0.000000e+00
val_mean_timeouts           0.000000e+00
Name: 240, dtype: float64
timesteps                   1.585971e+07
wall_time                   9.292291e+04
num_episodes                1.753600e+04
max_episode_rewards         3.000000e+00
mean_episode_rewards        1.050000e+00
min_episode_rewards         0.000000e+00
max_episode_len             1.000000e+03
mean_episode_len            9.632000e+02
min_episode_len             0.000000e+00
mean_timeouts               2.500000e-02
val_max_episode_rewards     2.000000e+00
val_mean_episode_rewards    4.000000e-01
val_min_episode_rewards     0.000000e+00
val_max_episode_len         1.000000e+03
val_mean_episode_len        9.901500e+02
val_min_episode_len         0.000000e+00
val_mean_timeouts           0.000000e+00
Name: 241, dtype: float64
timesteps                   1.592525e+07
wall_time                   9.330625e+04
num_episodes                1.760600e+04
max_episode_rewards         3.000000e+00
mean_episode_rewards        1.025000e+00
min_episode_rewards         0.000000e+00
max_episode_len             1.000000e+03
mean_episode_len            9.591750e+02
min_episode_len             0.000000e+00
mean_timeouts               2.500000e-02
val_max_episode_rewards     1.000000e+00
val_mean_episode_rewards    3.250000e-01
val_min_episode_rewards     0.000000e+00
val_max_episode_len         1.000000e+03
val_mean_episode_len        9.615250e+02
val_min_episode_len         0.000000e+00
val_mean_timeouts           0.000000e+00
Name: 242, dtype: float64
timesteps                   1.599078e+07
wall_time                   9.369103e+04
num_episodes                1.767100e+04
max_episode_rewards         3.000000e+00
mean_episode_rewards        8.000000e-01
min_episode_rewards         0.000000e+00
max_episode_len             1.000000e+03
mean_episode_len            9.541250e+02
min_episode_len             0.000000e+00
mean_timeouts               0.000000e+00
val_max_episode_rewards     2.000000e+00
val_mean_episode_rewards    4.250000e-01
val_min_episode_rewards     0.000000e+00
val_max_episode_len         1.000000e+03
val_mean_episode_len        9.608250e+02
val_min_episode_len         0.000000e+00
val_mean_timeouts           0.000000e+00
Name: 243, dtype: float64
timesteps                   1.605632e+07
wall_time                   9.408390e+04
num_episodes                1.775100e+04
max_episode_rewards         3.000000e+00
mean_episode_rewards        1.050000e+00
min_episode_rewards         0.000000e+00
max_episode_len             1.000000e+03
mean_episode_len            8.824000e+02
min_episode_len             0.000000e+00
mean_timeouts               0.000000e+00
val_max_episode_rewards     2.000000e+00
val_mean_episode_rewards    3.250000e-01
val_min_episode_rewards     0.000000e+00
val_max_episode_len         1.000000e+03
val_mean_episode_len        9.776000e+02
val_min_episode_len         0.000000e+00
val_mean_timeouts           0.000000e+00
Name: 244, dtype: float64
timesteps                   1.612186e+07
wall_time                   9.448009e+04
num_episodes                1.782400e+04
max_episode_rewards         2.000000e+00
mean_episode_rewards        9.500000e-01
min_episode_rewards         0.000000e+00
max_episode_len             1.000000e+03
mean_episode_len            9.271750e+02
min_episode_len             0.000000e+00
mean_timeouts               0.000000e+00
val_max_episode_rewards     2.000000e+00
val_mean_episode_rewards    2.000000e-01
val_min_episode_rewards     0.000000e+00
val_max_episode_len         1.000000e+03
val_mean_episode_len        1.000000e+03
val_min_episode_len         0.000000e+00
val_mean_timeouts           0.000000e+00
Name: 245, dtype: float64
timesteps                   1.618739e+07
wall_time                   9.487456e+04
num_episodes                1.789200e+04
max_episode_rewards         3.000000e+00
mean_episode_rewards        1.000000e+00
min_episode_rewards         0.000000e+00
max_episode_len             1.000000e+03
mean_episode_len            9.305250e+02
min_episode_len             0.000000e+00
mean_timeouts               0.000000e+00
val_max_episode_rewards     2.000000e+00
val_mean_episode_rewards    4.000000e-01
val_min_episode_rewards     0.000000e+00
val_max_episode_len         1.000000e+03
val_mean_episode_len        9.995750e+02
val_min_episode_len         0.000000e+00
val_mean_timeouts           0.000000e+00
Name: 246, dtype: float64
timesteps                   1.625293e+07
wall_time                   9.527225e+04
num_episodes                1.796600e+04
max_episode_rewards         3.000000e+00
mean_episode_rewards        1.000000e+00
min_episode_rewards         0.000000e+00
max_episode_len             1.000000e+03
mean_episode_len            8.362500e+02
min_episode_len             0.000000e+00
mean_timeouts               0.000000e+00
val_max_episode_rewards     2.000000e+00
val_mean_episode_rewards    2.750000e-01
val_min_episode_rewards     0.000000e+00
val_max_episode_len         1.000000e+03
val_mean_episode_len        9.806000e+02
val_min_episode_len         0.000000e+00
val_mean_timeouts           0.000000e+00
Name: 247, dtype: float64
timesteps                   1.631846e+07
wall_time                   9.566428e+04
num_episodes                1.804600e+04
max_episode_rewards         4.000000e+00
mean_episode_rewards        1.100000e+00
min_episode_rewards         0.000000e+00
max_episode_len             1.000000e+03
mean_episode_len            9.201750e+02
min_episode_len             0.000000e+00
mean_timeouts               0.000000e+00
val_max_episode_rewards     2.000000e+00
val_mean_episode_rewards    3.250000e-01
val_min_episode_rewards     0.000000e+00
val_max_episode_len         1.000000e+03
val_mean_episode_len        9.953750e+02
val_min_episode_len         0.000000e+00
val_mean_timeouts           0.000000e+00
Name: 248, dtype: float64
timesteps                   1.638400e+07
wall_time                   9.605520e+04
num_episodes                1.811800e+04
max_episode_rewards         3.000000e+00
mean_episode_rewards        9.000000e-01
min_episode_rewards         0.000000e+00
max_episode_len             1.000000e+03
mean_episode_len            9.814750e+02
min_episode_len             0.000000e+00
mean_timeouts               0.000000e+00
val_max_episode_rewards     1.000000e+00
val_mean_episode_rewards    1.500000e-01
val_min_episode_rewards     0.000000e+00
val_max_episode_len         1.000000e+03
val_mean_episode_len        1.000000e+03
val_min_episode_len         0.000000e+00
val_mean_timeouts           5.500000e-01
Name: 249, dtype: float64
timesteps                   1.644954e+07
wall_time                   9.644170e+04
num_episodes                1.818200e+04
max_episode_rewards         4.000000e+00
mean_episode_rewards        8.750000e-01
min_episode_rewards         0.000000e+00
max_episode_len             1.000000e+03
mean_episode_len            9.092000e+02
min_episode_len             0.000000e+00
mean_timeouts               0.000000e+00
val_max_episode_rewards     3.000000e+00
val_mean_episode_rewards    4.750000e-01
val_min_episode_rewards     0.000000e+00
val_max_episode_len         1.000000e+03
val_mean_episode_len        9.910750e+02
val_min_episode_len         0.000000e+00
val_mean_timeouts           0.000000e+00
Name: 250, dtype: float64
timesteps                   1.651507e+07
wall_time                   9.683052e+04
num_episodes                1.825400e+04
max_episode_rewards         2.000000e+00
mean_episode_rewards        1.025000e+00
min_episode_rewards         0.000000e+00
max_episode_len             1.000000e+03
mean_episode_len            9.311500e+02
min_episode_len             0.000000e+00
mean_timeouts               0.000000e+00
val_max_episode_rewards     1.000000e+00
val_mean_episode_rewards    3.250000e-01
val_min_episode_rewards     0.000000e+00
val_max_episode_len         1.000000e+03
val_mean_episode_len        9.600250e+02
val_min_episode_len         0.000000e+00
val_mean_timeouts           0.000000e+00
Name: 251, dtype: float64
timesteps                   1.658061e+07
wall_time                   9.721680e+04
num_episodes                1.833200e+04
max_episode_rewards         3.000000e+00
mean_episode_rewards        1.225000e+00
min_episode_rewards         0.000000e+00
max_episode_len             1.000000e+03
mean_episode_len            8.001250e+02
min_episode_len             0.000000e+00
mean_timeouts               0.000000e+00
val_max_episode_rewards     2.000000e+00
val_mean_episode_rewards    2.000000e-01
val_min_episode_rewards     0.000000e+00
val_max_episode_len         1.000000e+03
val_mean_episode_len        9.932500e+02
val_min_episode_len         0.000000e+00
val_mean_timeouts           0.000000e+00
Name: 252, dtype: float64
timesteps                   1.664614e+07
wall_time                   9.759923e+04
num_episodes                1.840800e+04
max_episode_rewards         4.000000e+00
mean_episode_rewards        1.075000e+00
min_episode_rewards         0.000000e+00
max_episode_len             1.000000e+03
mean_episode_len            8.718500e+02
min_episode_len             0.000000e+00
mean_timeouts               0.000000e+00
val_max_episode_rewards     1.000000e+00
val_mean_episode_rewards    1.250000e-01
val_min_episode_rewards     0.000000e+00
val_max_episode_len         1.000000e+03
val_mean_episode_len        1.000000e+03
val_min_episode_len         0.000000e+00
val_mean_timeouts           0.000000e+00
Name: 253, dtype: float64
timesteps                   1.671168e+07
wall_time                   9.798071e+04
num_episodes                1.847900e+04
max_episode_rewards         3.000000e+00
mean_episode_rewards        9.000000e-01
min_episode_rewards         0.000000e+00
max_episode_len             1.000000e+03
mean_episode_len            9.277250e+02
min_episode_len             0.000000e+00
mean_timeouts               2.500000e-02
val_max_episode_rewards     3.000000e+00
val_mean_episode_rewards    3.750000e-01
val_min_episode_rewards     0.000000e+00
val_max_episode_len         1.000000e+03
val_mean_episode_len        9.365500e+02
val_min_episode_len         0.000000e+00
val_mean_timeouts           0.000000e+00
Name: 254, dtype: float64
timesteps                   1.677722e+07
wall_time                   9.836222e+04
num_episodes                1.855200e+04
max_episode_rewards         3.000000e+00
mean_episode_rewards        9.000000e-01
min_episode_rewards         0.000000e+00
max_episode_len             1.000000e+03
mean_episode_len            9.274500e+02
min_episode_len             0.000000e+00
mean_timeouts               0.000000e+00
val_max_episode_rewards     2.000000e+00
val_mean_episode_rewards    2.750000e-01
val_min_episode_rewards     0.000000e+00
val_max_episode_len         1.000000e+03
val_mean_episode_len        9.673000e+02
val_min_episode_len         0.000000e+00
val_mean_timeouts           2.500000e-02
Name: 255, dtype: float64
timesteps                   1.684275e+07
wall_time                   9.875104e+04
num_episodes                1.862900e+04
max_episode_rewards         3.000000e+00
mean_episode_rewards        9.750000e-01
min_episode_rewards         0.000000e+00
max_episode_len             1.000000e+03
mean_episode_len            8.490750e+02
min_episode_len             0.000000e+00
mean_timeouts               2.500000e-02
val_max_episode_rewards     1.000000e+00
val_mean_episode_rewards    2.500000e-01
val_min_episode_rewards     0.000000e+00
val_max_episode_len         1.000000e+03
val_mean_episode_len        9.685250e+02
val_min_episode_len         0.000000e+00
val_mean_timeouts           0.000000e+00
Name: 256, dtype: float64
timesteps                   1.690829e+07
wall_time                   9.913788e+04
num_episodes                1.870900e+04
max_episode_rewards         4.000000e+00
mean_episode_rewards        9.500000e-01
min_episode_rewards         0.000000e+00
max_episode_len             1.000000e+03
mean_episode_len            8.190750e+02
min_episode_len             0.000000e+00
mean_timeouts               0.000000e+00
val_max_episode_rewards     1.000000e+00
val_mean_episode_rewards    2.000000e-01
val_min_episode_rewards     0.000000e+00
val_max_episode_len         1.000000e+03
val_mean_episode_len        1.000000e+03
val_min_episode_len         0.000000e+00
val_mean_timeouts           0.000000e+00
Name: 257, dtype: float64
timesteps                   1.697382e+07
wall_time                   9.951818e+04
num_episodes                1.877800e+04
max_episode_rewards         4.000000e+00
mean_episode_rewards        9.250000e-01
min_episode_rewards         0.000000e+00
max_episode_len             1.000000e+03
mean_episode_len            8.481500e+02
min_episode_len             0.000000e+00
mean_timeouts               0.000000e+00
val_max_episode_rewards     2.000000e+00
val_mean_episode_rewards    4.000000e-01
val_min_episode_rewards     0.000000e+00
val_max_episode_len         1.000000e+03
val_mean_episode_len        9.935500e+02
val_min_episode_len         0.000000e+00
val_mean_timeouts           0.000000e+00
Name: 258, dtype: float64
timesteps                   1.703936e+07
wall_time                   9.990022e+04
num_episodes                1.885400e+04
max_episode_rewards         3.000000e+00
mean_episode_rewards        1.075000e+00
min_episode_rewards         0.000000e+00
max_episode_len             1.000000e+03
mean_episode_len            9.022750e+02
min_episode_len             0.000000e+00
mean_timeouts               0.000000e+00
val_max_episode_rewards     2.000000e+00
val_mean_episode_rewards    2.750000e-01
val_min_episode_rewards     0.000000e+00
val_max_episode_len         1.000000e+03
val_mean_episode_len        9.792000e+02
val_min_episode_len         0.000000e+00
val_mean_timeouts           0.000000e+00
Name: 259, dtype: float64
timesteps                   1.710490e+07
wall_time                   1.002852e+05
num_episodes                1.892300e+04
max_episode_rewards         3.000000e+00
mean_episode_rewards        8.750000e-01
min_episode_rewards         0.000000e+00
max_episode_len             1.000000e+03
mean_episode_len            8.732000e+02
min_episode_len             0.000000e+00
mean_timeouts               0.000000e+00
val_max_episode_rewards     2.000000e+00
val_mean_episode_rewards    2.250000e-01
val_min_episode_rewards     0.000000e+00
val_max_episode_len         1.000000e+03
val_mean_episode_len        1.000000e+03
val_min_episode_len         0.000000e+00
val_mean_timeouts           0.000000e+00
Name: 260, dtype: float64
timesteps                   1.717043e+07
wall_time                   1.006745e+05
num_episodes                1.900100e+04
max_episode_rewards         3.000000e+00
mean_episode_rewards        1.075000e+00
min_episode_rewards         0.000000e+00
max_episode_len             1.000000e+03
mean_episode_len            8.971250e+02
min_episode_len             0.000000e+00
mean_timeouts               0.000000e+00
val_max_episode_rewards     2.000000e+00
val_mean_episode_rewards    3.500000e-01
val_min_episode_rewards     0.000000e+00
val_max_episode_len         1.000000e+03
val_mean_episode_len        1.000000e+03
val_min_episode_len         0.000000e+00
val_mean_timeouts           0.000000e+00
Name: 261, dtype: float64
timesteps                   1.723597e+07
wall_time                   1.010636e+05
num_episodes                1.907300e+04
max_episode_rewards         3.000000e+00
mean_episode_rewards        7.250000e-01
min_episode_rewards         0.000000e+00
max_episode_len             1.000000e+03
mean_episode_len            9.359250e+02
min_episode_len             0.000000e+00
mean_timeouts               0.000000e+00
val_max_episode_rewards     2.000000e+00
val_mean_episode_rewards    3.250000e-01
val_min_episode_rewards     0.000000e+00
val_max_episode_len         1.000000e+03
val_mean_episode_len        1.000000e+03
val_min_episode_len         0.000000e+00
val_mean_timeouts           0.000000e+00
Name: 262, dtype: float64
timesteps                   1.730150e+07
wall_time                   1.014490e+05
num_episodes                1.914400e+04
max_episode_rewards         4.000000e+00
mean_episode_rewards        1.250000e+00
min_episode_rewards         0.000000e+00
max_episode_len             1.000000e+03
mean_episode_len            9.379000e+02
min_episode_len             0.000000e+00
mean_timeouts               0.000000e+00
val_max_episode_rewards     2.000000e+00
val_mean_episode_rewards    2.250000e-01
val_min_episode_rewards     0.000000e+00
val_max_episode_len         1.000000e+03
val_mean_episode_len        9.750750e+02
val_min_episode_len         0.000000e+00
val_mean_timeouts           0.000000e+00
Name: 263, dtype: float64
timesteps                   1.736704e+07
wall_time                   1.018381e+05
num_episodes                1.921200e+04
max_episode_rewards         3.000000e+00
mean_episode_rewards        8.500000e-01
min_episode_rewards         0.000000e+00
max_episode_len             1.000000e+03
mean_episode_len            9.220500e+02
min_episode_len             0.000000e+00
mean_timeouts               0.000000e+00
val_max_episode_rewards     2.000000e+00
val_mean_episode_rewards    2.500000e-01
val_min_episode_rewards     0.000000e+00
val_max_episode_len         1.000000e+03
val_mean_episode_len        9.938750e+02
val_min_episode_len         0.000000e+00
val_mean_timeouts           0.000000e+00
Name: 264, dtype: float64
timesteps                   1.743258e+07
wall_time                   1.022291e+05
num_episodes                1.929000e+04
max_episode_rewards         3.000000e+00
mean_episode_rewards        6.250000e-01
min_episode_rewards         0.000000e+00
max_episode_len             1.000000e+03
mean_episode_len            8.865250e+02
min_episode_len             0.000000e+00
mean_timeouts               0.000000e+00
val_max_episode_rewards     1.000000e+00
val_mean_episode_rewards    1.750000e-01
val_min_episode_rewards     0.000000e+00
val_max_episode_len         1.000000e+03
val_mean_episode_len        1.000000e+03
val_min_episode_len         0.000000e+00
val_mean_timeouts           0.000000e+00
Name: 265, dtype: float64
timesteps                   1.749811e+07
wall_time                   1.026176e+05
num_episodes                1.935900e+04
max_episode_rewards         3.000000e+00
mean_episode_rewards        7.500000e-01
min_episode_rewards         0.000000e+00
max_episode_len             1.000000e+03
mean_episode_len            9.478000e+02
min_episode_len             0.000000e+00
mean_timeouts               0.000000e+00
val_max_episode_rewards     2.000000e+00
val_mean_episode_rewards    2.500000e-01
val_min_episode_rewards     0.000000e+00
val_max_episode_len         1.000000e+03
val_mean_episode_len        1.000000e+03
val_min_episode_len         0.000000e+00
val_mean_timeouts           0.000000e+00
Name: 266, dtype: float64
timesteps                   1.756365e+07
wall_time                   1.030015e+05
num_episodes                1.942900e+04
max_episode_rewards         3.000000e+00
mean_episode_rewards        1.025000e+00
min_episode_rewards         0.000000e+00
max_episode_len             1.000000e+03
mean_episode_len            9.766000e+02
min_episode_len             0.000000e+00
mean_timeouts               0.000000e+00
val_max_episode_rewards     3.000000e+00
val_mean_episode_rewards    3.500000e-01
val_min_episode_rewards     0.000000e+00
val_max_episode_len         1.000000e+03
val_mean_episode_len        9.562000e+02
val_min_episode_len         0.000000e+00
val_mean_timeouts           0.000000e+00
Name: 267, dtype: float64
timesteps                   1.762918e+07
wall_time                   1.033810e+05
num_episodes                1.950200e+04
max_episode_rewards         5.000000e+00
mean_episode_rewards        1.150000e+00
min_episode_rewards         0.000000e+00
max_episode_len             1.000000e+03
mean_episode_len            9.391000e+02
min_episode_len             0.000000e+00
mean_timeouts               0.000000e+00
val_max_episode_rewards     1.000000e+00
val_mean_episode_rewards    2.750000e-01
val_min_episode_rewards     0.000000e+00
val_max_episode_len         1.000000e+03
val_mean_episode_len        1.000000e+03
val_min_episode_len         0.000000e+00
val_mean_timeouts           0.000000e+00
Name: 268, dtype: float64
timesteps                   1.769472e+07
wall_time                   1.037619e+05
num_episodes                1.957500e+04
max_episode_rewards         3.000000e+00
mean_episode_rewards        8.750000e-01
min_episode_rewards         0.000000e+00
max_episode_len             1.000000e+03
mean_episode_len            9.675750e+02
min_episode_len             0.000000e+00
mean_timeouts               0.000000e+00
val_max_episode_rewards     3.000000e+00
val_mean_episode_rewards    2.750000e-01
val_min_episode_rewards     0.000000e+00
val_max_episode_len         1.000000e+03
val_mean_episode_len        9.968500e+02
val_min_episode_len         0.000000e+00
val_mean_timeouts           0.000000e+00
Name: 269, dtype: float64
timesteps                   1.776026e+07
wall_time                   1.041505e+05
num_episodes                1.963800e+04
max_episode_rewards         3.000000e+00
mean_episode_rewards        8.750000e-01
min_episode_rewards         0.000000e+00
max_episode_len             1.000000e+03
mean_episode_len            9.737500e+02
min_episode_len             0.000000e+00
mean_timeouts               0.000000e+00
val_max_episode_rewards     2.000000e+00
val_mean_episode_rewards    2.250000e-01
val_min_episode_rewards     0.000000e+00
val_max_episode_len         1.000000e+03
val_mean_episode_len        9.941500e+02
val_min_episode_len         0.000000e+00
val_mean_timeouts           2.500000e-02
Name: 270, dtype: float64
timesteps                   1.782579e+07
wall_time                   1.045385e+05
num_episodes                1.971200e+04
max_episode_rewards         3.000000e+00
mean_episode_rewards        1.075000e+00
min_episode_rewards         0.000000e+00
max_episode_len             1.000000e+03
mean_episode_len            8.392750e+02
min_episode_len             0.000000e+00
mean_timeouts               0.000000e+00
val_max_episode_rewards     2.000000e+00
val_mean_episode_rewards    4.000000e-01
val_min_episode_rewards     0.000000e+00
val_max_episode_len         1.000000e+03
val_mean_episode_len        9.531250e+02
val_min_episode_len         0.000000e+00
val_mean_timeouts           0.000000e+00
Name: 271, dtype: float64
timesteps                   1.789133e+07
wall_time                   1.049224e+05
num_episodes                1.978400e+04
max_episode_rewards         4.000000e+00
mean_episode_rewards        9.250000e-01
min_episode_rewards         0.000000e+00
max_episode_len             1.000000e+03
mean_episode_len            9.326500e+02
min_episode_len             0.000000e+00
mean_timeouts               0.000000e+00
val_max_episode_rewards     1.000000e+00
val_mean_episode_rewards    2.750000e-01
val_min_episode_rewards     0.000000e+00
val_max_episode_len         1.000000e+03
val_mean_episode_len        1.000000e+03
val_min_episode_len         0.000000e+00
val_mean_timeouts           0.000000e+00
Name: 272, dtype: float64
timesteps                   1.795686e+07
wall_time                   1.053039e+05
num_episodes                1.987500e+04
max_episode_rewards         4.000000e+00
mean_episode_rewards        1.150000e+00
min_episode_rewards         0.000000e+00
max_episode_len             1.000000e+03
mean_episode_len            8.340000e+02
min_episode_len             0.000000e+00
mean_timeouts               0.000000e+00
val_max_episode_rewards     2.000000e+00
val_mean_episode_rewards    2.500000e-01
val_min_episode_rewards     0.000000e+00
val_max_episode_len         1.000000e+03
val_mean_episode_len        9.601250e+02
val_min_episode_len         0.000000e+00
val_mean_timeouts           2.500000e-02
Name: 273, dtype: float64
timesteps                   1.802240e+07
wall_time                   1.056781e+05
num_episodes                1.993300e+04
max_episode_rewards         4.000000e+00
mean_episode_rewards        1.075000e+00
min_episode_rewards         0.000000e+00
max_episode_len             1.000000e+03
mean_episode_len            8.691500e+02
min_episode_len             0.000000e+00
mean_timeouts               2.500000e-02
val_max_episode_rewards     3.000000e+00
val_mean_episode_rewards    3.250000e-01
val_min_episode_rewards     0.000000e+00
val_max_episode_len         1.000000e+03
val_mean_episode_len        9.328000e+02
val_min_episode_len         0.000000e+00
val_mean_timeouts           0.000000e+00
Name: 274, dtype: float64
timesteps                   1.808794e+07
wall_time                   1.060482e+05
num_episodes                2.000800e+04
max_episode_rewards         4.000000e+00
mean_episode_rewards        7.750000e-01
min_episode_rewards         0.000000e+00
max_episode_len             1.000000e+03
mean_episode_len            9.565000e+02
min_episode_len             0.000000e+00
mean_timeouts               0.000000e+00
val_max_episode_rewards     1.000000e+00
val_mean_episode_rewards    1.750000e-01
val_min_episode_rewards     0.000000e+00
val_max_episode_len         1.000000e+03
val_mean_episode_len        1.000000e+03
val_min_episode_len         0.000000e+00
val_mean_timeouts           0.000000e+00
Name: 275, dtype: float64
timesteps                   1.815347e+07
wall_time                   1.064235e+05
num_episodes                2.008300e+04
max_episode_rewards         4.000000e+00
mean_episode_rewards        1.125000e+00
min_episode_rewards         0.000000e+00
max_episode_len             1.000000e+03
mean_episode_len            8.413750e+02
min_episode_len             0.000000e+00
mean_timeouts               0.000000e+00
val_max_episode_rewards     1.000000e+00
val_mean_episode_rewards    2.000000e-01
val_min_episode_rewards     0.000000e+00
val_max_episode_len         1.000000e+03
val_mean_episode_len        1.000000e+03
val_min_episode_len         0.000000e+00
val_mean_timeouts           0.000000e+00
Name: 276, dtype: float64
timesteps                   1.821901e+07
wall_time                   1.068058e+05
num_episodes                2.017000e+04
max_episode_rewards         4.000000e+00
mean_episode_rewards        9.500000e-01
min_episode_rewards         0.000000e+00
max_episode_len             1.000000e+03
mean_episode_len            8.520000e+02
min_episode_len             0.000000e+00
mean_timeouts               0.000000e+00
val_max_episode_rewards     2.000000e+00
val_mean_episode_rewards    1.750000e-01
val_min_episode_rewards     0.000000e+00
val_max_episode_len         1.000000e+03
val_mean_episode_len        9.944250e+02
val_min_episode_len         0.000000e+00
val_mean_timeouts           0.000000e+00
Name: 277, dtype: float64
timesteps                   1.828454e+07
wall_time                   1.071846e+05
num_episodes                2.022900e+04
max_episode_rewards         4.000000e+00
mean_episode_rewards        1.025000e+00
min_episode_rewards         0.000000e+00
max_episode_len             1.000000e+03
mean_episode_len            8.942250e+02
min_episode_len             0.000000e+00
mean_timeouts               0.000000e+00
val_max_episode_rewards     2.000000e+00
val_mean_episode_rewards    3.500000e-01
val_min_episode_rewards     0.000000e+00
val_max_episode_len         1.000000e+03
val_mean_episode_len        9.826500e+02
val_min_episode_len         0.000000e+00
val_mean_timeouts           0.000000e+00
Name: 278, dtype: float64
timesteps                   1.835008e+07
wall_time                   1.075660e+05
num_episodes                2.030600e+04
max_episode_rewards         3.000000e+00
mean_episode_rewards        8.750000e-01
min_episode_rewards         0.000000e+00
max_episode_len             1.000000e+03
mean_episode_len            9.129750e+02
min_episode_len             0.000000e+00
mean_timeouts               0.000000e+00
val_max_episode_rewards     2.000000e+00
val_mean_episode_rewards    1.750000e-01
val_min_episode_rewards     0.000000e+00
val_max_episode_len         1.000000e+03
val_mean_episode_len        9.929000e+02
val_min_episode_len         0.000000e+00
val_mean_timeouts           2.500000e-02
Name: 279, dtype: float64
timesteps                   1.841562e+07
wall_time                   1.079499e+05
num_episodes                2.038000e+04
max_episode_rewards         4.000000e+00
mean_episode_rewards        1.100000e+00
min_episode_rewards         0.000000e+00
max_episode_len             1.000000e+03
mean_episode_len            9.051000e+02
min_episode_len             0.000000e+00
mean_timeouts               0.000000e+00
val_max_episode_rewards     3.000000e+00
val_mean_episode_rewards    2.000000e-01
val_min_episode_rewards     0.000000e+00
val_max_episode_len         1.000000e+03
val_mean_episode_len        9.864250e+02
val_min_episode_len         0.000000e+00
val_mean_timeouts           2.500000e-02
Name: 280, dtype: float64
timesteps                   1.848115e+07
wall_time                   1.083313e+05
num_episodes                2.045500e+04
max_episode_rewards         4.000000e+00
mean_episode_rewards        9.000000e-01
min_episode_rewards         0.000000e+00
max_episode_len             1.000000e+03
mean_episode_len            8.768250e+02
min_episode_len             0.000000e+00
mean_timeouts               0.000000e+00
val_max_episode_rewards     2.000000e+00
val_mean_episode_rewards    3.000000e-01
val_min_episode_rewards     0.000000e+00
val_max_episode_len         1.000000e+03
val_mean_episode_len        1.000000e+03
val_min_episode_len         0.000000e+00
val_mean_timeouts           0.000000e+00
Name: 281, dtype: float64
timesteps                   1.854669e+07
wall_time                   1.087157e+05
num_episodes                2.051700e+04
max_episode_rewards         3.000000e+00
mean_episode_rewards        8.250000e-01
min_episode_rewards         0.000000e+00
max_episode_len             1.000000e+03
mean_episode_len            9.035250e+02
min_episode_len             0.000000e+00
mean_timeouts               0.000000e+00
val_max_episode_rewards     2.000000e+00
val_mean_episode_rewards    2.000000e-01
val_min_episode_rewards     0.000000e+00
val_max_episode_len         1.000000e+03
val_mean_episode_len        9.673750e+02
val_min_episode_len         0.000000e+00
val_mean_timeouts           0.000000e+00
Name: 282, dtype: float64
timesteps                   1.861222e+07
wall_time                   1.090987e+05
num_episodes                2.059100e+04
max_episode_rewards         3.000000e+00
mean_episode_rewards        7.000000e-01
min_episode_rewards         0.000000e+00
max_episode_len             1.000000e+03
mean_episode_len            9.372000e+02
min_episode_len             0.000000e+00
mean_timeouts               0.000000e+00
val_max_episode_rewards     2.000000e+00
val_mean_episode_rewards    3.500000e-01
val_min_episode_rewards     0.000000e+00
val_max_episode_len         1.000000e+03
val_mean_episode_len        9.895250e+02
val_min_episode_len         0.000000e+00
val_mean_timeouts           0.000000e+00
Name: 283, dtype: float64
timesteps                   1.867776e+07
wall_time                   1.094798e+05
num_episodes                2.066300e+04
max_episode_rewards         2.000000e+00
mean_episode_rewards        7.250000e-01
min_episode_rewards         0.000000e+00
max_episode_len             1.000000e+03
mean_episode_len            8.916500e+02
min_episode_len             0.000000e+00
mean_timeouts               0.000000e+00
val_max_episode_rewards     1.000000e+00
val_mean_episode_rewards    2.500000e-01
val_min_episode_rewards     0.000000e+00
val_max_episode_len         1.000000e+03
val_mean_episode_len        9.843250e+02
val_min_episode_len         0.000000e+00
val_mean_timeouts           2.500000e-02
Name: 284, dtype: float64
timesteps                   1.874330e+07
wall_time                   1.098635e+05
num_episodes                2.074100e+04
max_episode_rewards         3.000000e+00
mean_episode_rewards        9.750000e-01
min_episode_rewards         0.000000e+00
max_episode_len             1.000000e+03
mean_episode_len            9.171500e+02
min_episode_len             0.000000e+00
mean_timeouts               0.000000e+00
val_max_episode_rewards     1.000000e+00
val_mean_episode_rewards    2.750000e-01
val_min_episode_rewards     0.000000e+00
val_max_episode_len         1.000000e+03
val_mean_episode_len        1.000000e+03
val_min_episode_len         0.000000e+00
val_mean_timeouts           0.000000e+00
Name: 285, dtype: float64
timesteps                   1.880883e+07
wall_time                   1.102450e+05
num_episodes                2.080800e+04
max_episode_rewards         3.000000e+00
mean_episode_rewards        1.150000e+00
min_episode_rewards         0.000000e+00
max_episode_len             1.000000e+03
mean_episode_len            8.648000e+02
min_episode_len             0.000000e+00
mean_timeouts               2.500000e-02
val_max_episode_rewards     2.000000e+00
val_mean_episode_rewards    2.000000e-01
val_min_episode_rewards     0.000000e+00
val_max_episode_len         1.000000e+03
val_mean_episode_len        1.000000e+03
val_min_episode_len         0.000000e+00
val_mean_timeouts           0.000000e+00
Name: 286, dtype: float64
timesteps                   1.887437e+07
wall_time                   1.106283e+05
num_episodes                2.088500e+04
max_episode_rewards         3.000000e+00
mean_episode_rewards        1.050000e+00
min_episode_rewards         0.000000e+00
max_episode_len             1.000000e+03
mean_episode_len            9.053000e+02
min_episode_len             0.000000e+00
mean_timeouts               0.000000e+00
val_max_episode_rewards     2.000000e+00
val_mean_episode_rewards    3.250000e-01
val_min_episode_rewards     0.000000e+00
val_max_episode_len         1.000000e+03
val_mean_episode_len        9.618250e+02
val_min_episode_len         0.000000e+00
val_mean_timeouts           0.000000e+00
Name: 287, dtype: float64
timesteps                   1.893990e+07
wall_time                   1.110074e+05
num_episodes                2.095100e+04
max_episode_rewards         3.000000e+00
mean_episode_rewards        9.500000e-01
min_episode_rewards         0.000000e+00
max_episode_len             1.000000e+03
mean_episode_len            9.387750e+02
min_episode_len             0.000000e+00
mean_timeouts               5.000000e-02
val_max_episode_rewards     2.000000e+00
val_mean_episode_rewards    2.500000e-01
val_min_episode_rewards     0.000000e+00
val_max_episode_len         1.000000e+03
val_mean_episode_len        9.866750e+02
val_min_episode_len         0.000000e+00
val_mean_timeouts           0.000000e+00
Name: 288, dtype: float64
timesteps                   1.900544e+07
wall_time                   1.113847e+05
num_episodes                2.102900e+04
max_episode_rewards         4.000000e+00
mean_episode_rewards        9.750000e-01
min_episode_rewards         0.000000e+00
max_episode_len             1.000000e+03
mean_episode_len            8.991250e+02
min_episode_len             0.000000e+00
mean_timeouts               0.000000e+00
val_max_episode_rewards     2.000000e+00
val_mean_episode_rewards    3.750000e-01
val_min_episode_rewards     0.000000e+00
val_max_episode_len         1.000000e+03
val_mean_episode_len        1.000000e+03
val_min_episode_len         0.000000e+00
val_mean_timeouts           0.000000e+00
Name: 289, dtype: float64
timesteps                   1.907098e+07
wall_time                   1.117642e+05
num_episodes                2.109400e+04
max_episode_rewards         3.000000e+00
mean_episode_rewards        8.000000e-01
min_episode_rewards         0.000000e+00
max_episode_len             1.000000e+03
mean_episode_len            9.581250e+02
min_episode_len             0.000000e+00
mean_timeouts               0.000000e+00
val_max_episode_rewards     2.000000e+00
val_mean_episode_rewards    3.250000e-01
val_min_episode_rewards     0.000000e+00
val_max_episode_len         1.000000e+03
val_mean_episode_len        1.000000e+03
val_min_episode_len         0.000000e+00
val_mean_timeouts           0.000000e+00
Name: 290, dtype: float64
timesteps                   1.913651e+07
wall_time                   1.121445e+05
num_episodes                2.117000e+04
max_episode_rewards         3.000000e+00
mean_episode_rewards        9.000000e-01
min_episode_rewards         0.000000e+00
max_episode_len             1.000000e+03
mean_episode_len            9.476500e+02
min_episode_len             0.000000e+00
mean_timeouts               0.000000e+00
val_max_episode_rewards     2.000000e+00
val_mean_episode_rewards    2.250000e-01
val_min_episode_rewards     0.000000e+00
val_max_episode_len         1.000000e+03
val_mean_episode_len        1.000000e+03
val_min_episode_len         0.000000e+00
val_mean_timeouts           0.000000e+00
Name: 291, dtype: float64
timesteps                   1.920205e+07
wall_time                   1.125272e+05
num_episodes                2.123500e+04
max_episode_rewards         3.000000e+00
mean_episode_rewards        1.125000e+00
min_episode_rewards         0.000000e+00
max_episode_len             1.000000e+03
mean_episode_len            8.732250e+02
min_episode_len             0.000000e+00
mean_timeouts               2.500000e-02
val_max_episode_rewards     1.000000e+00
val_mean_episode_rewards    1.750000e-01
val_min_episode_rewards     0.000000e+00
val_max_episode_len         1.000000e+03
val_mean_episode_len        1.000000e+03
val_min_episode_len         0.000000e+00
val_mean_timeouts           0.000000e+00
Name: 292, dtype: float64
timesteps                   1.926758e+07
wall_time                   1.129155e+05
num_episodes                2.132200e+04
max_episode_rewards         2.000000e+00
mean_episode_rewards        8.000000e-01
min_episode_rewards         0.000000e+00
max_episode_len             1.000000e+03
mean_episode_len            9.102750e+02
min_episode_len             0.000000e+00
mean_timeouts               0.000000e+00
val_max_episode_rewards     2.000000e+00
val_mean_episode_rewards    3.250000e-01
val_min_episode_rewards     0.000000e+00
val_max_episode_len         1.000000e+03
val_mean_episode_len        9.752750e+02
val_min_episode_len         0.000000e+00
val_mean_timeouts           0.000000e+00
Name: 293, dtype: float64
timesteps                   1.933312e+07
wall_time                   1.133061e+05
num_episodes                2.139500e+04
max_episode_rewards         4.000000e+00
mean_episode_rewards        1.275000e+00
min_episode_rewards         0.000000e+00
max_episode_len             1.000000e+03
mean_episode_len            8.734500e+02
min_episode_len             0.000000e+00
mean_timeouts               0.000000e+00
val_max_episode_rewards     2.000000e+00
val_mean_episode_rewards    1.750000e-01
val_min_episode_rewards     0.000000e+00
val_max_episode_len         1.000000e+03
val_mean_episode_len        9.817750e+02
val_min_episode_len         0.000000e+00
val_mean_timeouts           0.000000e+00
Name: 294, dtype: float64
timesteps                   1.939866e+07
wall_time                   1.136995e+05
num_episodes                2.145600e+04
max_episode_rewards         2.000000e+00
mean_episode_rewards        9.500000e-01
min_episode_rewards         0.000000e+00
max_episode_len             1.000000e+03
mean_episode_len            9.878500e+02
min_episode_len             0.000000e+00
mean_timeouts               0.000000e+00
val_max_episode_rewards     3.000000e+00
val_mean_episode_rewards    3.500000e-01
val_min_episode_rewards     0.000000e+00
val_max_episode_len         1.000000e+03
val_mean_episode_len        9.978250e+02
val_min_episode_len         0.000000e+00
val_mean_timeouts           0.000000e+00
Name: 295, dtype: float64
timesteps                   1.946419e+07
wall_time                   1.140906e+05
num_episodes                2.152400e+04
max_episode_rewards         4.000000e+00
mean_episode_rewards        9.000000e-01
min_episode_rewards         0.000000e+00
max_episode_len             1.000000e+03
mean_episode_len            9.100250e+02
min_episode_len             0.000000e+00
mean_timeouts               0.000000e+00
val_max_episode_rewards     1.000000e+00
val_mean_episode_rewards    1.250000e-01
val_min_episode_rewards     0.000000e+00
val_max_episode_len         1.000000e+03
val_mean_episode_len        9.698000e+02
val_min_episode_len         0.000000e+00
val_mean_timeouts           0.000000e+00
Name: 296, dtype: float64
timesteps                   1.952973e+07
wall_time                   1.144785e+05
num_episodes                2.160500e+04
max_episode_rewards         3.000000e+00
mean_episode_rewards        7.750000e-01
min_episode_rewards         0.000000e+00
max_episode_len             1.000000e+03
mean_episode_len            8.902750e+02
min_episode_len             0.000000e+00
mean_timeouts               0.000000e+00
val_max_episode_rewards     2.000000e+00
val_mean_episode_rewards    4.500000e-01
val_min_episode_rewards     0.000000e+00
val_max_episode_len         1.000000e+03
val_mean_episode_len        9.451250e+02
val_min_episode_len         0.000000e+00
val_mean_timeouts           0.000000e+00
Name: 297, dtype: float64
timesteps                   1.959526e+07
wall_time                   1.148668e+05
num_episodes                2.168100e+04
max_episode_rewards         3.000000e+00
mean_episode_rewards        8.500000e-01
min_episode_rewards         0.000000e+00
max_episode_len             1.000000e+03
mean_episode_len            9.705250e+02
min_episode_len             0.000000e+00
mean_timeouts               0.000000e+00
val_max_episode_rewards     1.000000e+00
val_mean_episode_rewards    1.500000e-01
val_min_episode_rewards     0.000000e+00
val_max_episode_len         1.000000e+03
val_mean_episode_len        1.000000e+03
val_min_episode_len         0.000000e+00
val_mean_timeouts           0.000000e+00
Name: 298, dtype: float64
timesteps                   1.966080e+07
wall_time                   1.152532e+05
num_episodes                2.174200e+04
max_episode_rewards         3.000000e+00
mean_episode_rewards        9.750000e-01
min_episode_rewards         0.000000e+00
max_episode_len             1.000000e+03
mean_episode_len            8.568000e+02
min_episode_len             0.000000e+00
mean_timeouts               0.000000e+00
val_max_episode_rewards     3.000000e+00
val_mean_episode_rewards    2.500000e-01
val_min_episode_rewards     0.000000e+00
val_max_episode_len         1.000000e+03
val_mean_episode_len        1.000000e+03
val_min_episode_len         0.000000e+00
val_mean_timeouts           0.000000e+00
Name: 299, dtype: float64
timesteps                   1.972634e+07
wall_time                   1.156363e+05
num_episodes                2.181800e+04
max_episode_rewards         3.000000e+00
mean_episode_rewards        1.100000e+00
min_episode_rewards         0.000000e+00
max_episode_len             1.000000e+03
mean_episode_len            9.211000e+02
min_episode_len             0.000000e+00
mean_timeouts               2.500000e-02
val_max_episode_rewards     2.000000e+00
val_mean_episode_rewards    1.500000e-01
val_min_episode_rewards     0.000000e+00
val_max_episode_len         1.000000e+03
val_mean_episode_len        1.000000e+03
val_min_episode_len         0.000000e+00
val_mean_timeouts           2.500000e-02
Name: 300, dtype: float64
timesteps                   1.979187e+07
wall_time                   1.160246e+05
num_episodes                2.189100e+04
max_episode_rewards         3.000000e+00
mean_episode_rewards        9.000000e-01
min_episode_rewards         0.000000e+00
max_episode_len             1.000000e+03
mean_episode_len            9.598500e+02
min_episode_len             0.000000e+00
mean_timeouts               0.000000e+00
val_max_episode_rewards     2.000000e+00
val_mean_episode_rewards    3.750000e-01
val_min_episode_rewards     0.000000e+00
val_max_episode_len         1.000000e+03
val_mean_episode_len        9.924750e+02
val_min_episode_len         0.000000e+00
val_mean_timeouts           0.000000e+00
Name: 301, dtype: float64
timesteps                   1.985741e+07
wall_time                   1.164106e+05
num_episodes                2.196900e+04
max_episode_rewards         3.000000e+00
mean_episode_rewards        1.125000e+00
min_episode_rewards         0.000000e+00
max_episode_len             1.000000e+03
mean_episode_len            8.996500e+02
min_episode_len             0.000000e+00
mean_timeouts               0.000000e+00
val_max_episode_rewards     2.000000e+00
val_mean_episode_rewards    2.250000e-01
val_min_episode_rewards     0.000000e+00
val_max_episode_len         1.000000e+03
val_mean_episode_len        9.672750e+02
val_min_episode_len         0.000000e+00
val_mean_timeouts           0.000000e+00
Name: 302, dtype: float64
timesteps                   1.992294e+07
wall_time                   1.168009e+05
num_episodes                2.203300e+04
max_episode_rewards         3.000000e+00
mean_episode_rewards        9.000000e-01
min_episode_rewards         0.000000e+00
max_episode_len             1.000000e+03
mean_episode_len            8.821000e+02
min_episode_len             0.000000e+00
mean_timeouts               0.000000e+00
val_max_episode_rewards     2.000000e+00
val_mean_episode_rewards    2.750000e-01
val_min_episode_rewards     0.000000e+00
val_max_episode_len         1.000000e+03
val_mean_episode_len        9.893250e+02
val_min_episode_len         0.000000e+00
val_mean_timeouts           0.000000e+00
Name: 303, dtype: float64
timesteps                   1.998848e+07
wall_time                   1.171888e+05
num_episodes                2.211100e+04
max_episode_rewards         3.000000e+00
mean_episode_rewards        9.750000e-01
min_episode_rewards         0.000000e+00
max_episode_len             1.000000e+03
mean_episode_len            8.513250e+02
min_episode_len             0.000000e+00
mean_timeouts               0.000000e+00
val_max_episode_rewards     2.000000e+00
val_mean_episode_rewards    3.000000e-01
val_min_episode_rewards     0.000000e+00
val_max_episode_len         1.000000e+03
val_mean_episode_len        1.000000e+03
val_min_episode_len         0.000000e+00
val_mean_timeouts           0.000000e+00
Name: 304, dtype: float64
timesteps                   2.005402e+07
wall_time                   1.175785e+05
num_episodes                2.218200e+04
max_episode_rewards         3.000000e+00
mean_episode_rewards        9.500000e-01
min_episode_rewards         0.000000e+00
max_episode_len             1.000000e+03
mean_episode_len            9.023750e+02
min_episode_len             0.000000e+00
mean_timeouts               0.000000e+00
val_max_episode_rewards     2.000000e+00
val_mean_episode_rewards    3.250000e-01
val_min_episode_rewards     0.000000e+00
val_max_episode_len         1.000000e+03
val_mean_episode_len        9.332750e+02
val_min_episode_len         0.000000e+00
val_mean_timeouts           0.000000e+00
Name: 305, dtype: float64
Saving model at timestep 20054017
timesteps                   2.011955e+07
wall_time                   1.179810e+05
num_episodes                2.226200e+04
max_episode_rewards         3.000000e+00
mean_episode_rewards        9.500000e-01
min_episode_rewards         0.000000e+00
max_episode_len             1.000000e+03
mean_episode_len            8.944500e+02
min_episode_len             0.000000e+00
mean_timeouts               0.000000e+00
val_max_episode_rewards     1.000000e+00
val_mean_episode_rewards    1.500000e-01
val_min_episode_rewards     0.000000e+00
val_max_episode_len         1.000000e+03
val_mean_episode_len        1.000000e+03
val_min_episode_len         0.000000e+00
val_mean_timeouts           0.000000e+00
Name: 306, dtype: float64
timesteps                   2.018509e+07
wall_time                   1.183881e+05
num_episodes                2.232400e+04
max_episode_rewards         2.000000e+00
mean_episode_rewards        8.000000e-01
min_episode_rewards         0.000000e+00
max_episode_len             1.000000e+03
mean_episode_len            8.497250e+02
min_episode_len             0.000000e+00
mean_timeouts               0.000000e+00
val_max_episode_rewards     1.000000e+00
val_mean_episode_rewards    2.000000e-01
val_min_episode_rewards     0.000000e+00
val_max_episode_len         1.000000e+03
val_mean_episode_len        9.699750e+02
val_min_episode_len         0.000000e+00
val_mean_timeouts           0.000000e+00
Name: 307, dtype: float64
timesteps                   2.025062e+07
wall_time                   1.187914e+05
num_episodes                2.240100e+04
max_episode_rewards         3.000000e+00
mean_episode_rewards        6.500000e-01
min_episode_rewards         0.000000e+00
max_episode_len             1.000000e+03
mean_episode_len            1.000000e+03
min_episode_len             0.000000e+00
mean_timeouts               5.000000e-02
val_max_episode_rewards     2.000000e+00
val_mean_episode_rewards    1.250000e-01
val_min_episode_rewards     0.000000e+00
val_max_episode_len         1.000000e+03
val_mean_episode_len        9.897000e+02
val_min_episode_len         0.000000e+00
val_mean_timeouts           0.000000e+00
Name: 308, dtype: float64
timesteps                   2.031616e+07
wall_time                   1.191866e+05
num_episodes                2.247700e+04
max_episode_rewards         3.000000e+00
mean_episode_rewards        1.175000e+00
min_episode_rewards         0.000000e+00
max_episode_len             1.000000e+03
mean_episode_len            8.566000e+02
min_episode_len             0.000000e+00
mean_timeouts               0.000000e+00
val_max_episode_rewards     2.000000e+00
val_mean_episode_rewards    1.500000e-01
val_min_episode_rewards     0.000000e+00
val_max_episode_len         1.000000e+03
val_mean_episode_len        1.000000e+03
val_min_episode_len         0.000000e+00
val_mean_timeouts           0.000000e+00
Name: 309, dtype: float64
timesteps                   2.038170e+07
wall_time                   1.195788e+05
num_episodes                2.255500e+04
max_episode_rewards         2.000000e+00
mean_episode_rewards        9.000000e-01
min_episode_rewards         0.000000e+00
max_episode_len             1.000000e+03
mean_episode_len            9.478000e+02
min_episode_len             0.000000e+00
mean_timeouts               2.500000e-02
val_max_episode_rewards     2.000000e+00
val_mean_episode_rewards    2.500000e-01
val_min_episode_rewards     0.000000e+00
val_max_episode_len         1.000000e+03
val_mean_episode_len        9.904500e+02
val_min_episode_len         0.000000e+00
val_mean_timeouts           0.000000e+00
Name: 310, dtype: float64
timesteps                   2.044723e+07
wall_time                   1.199668e+05
num_episodes                2.261100e+04
max_episode_rewards         3.000000e+00
mean_episode_rewards        1.125000e+00
min_episode_rewards         0.000000e+00
max_episode_len             1.000000e+03
mean_episode_len            8.664250e+02
min_episode_len             0.000000e+00
mean_timeouts               0.000000e+00
val_max_episode_rewards     3.000000e+00
val_mean_episode_rewards    3.000000e-01
val_min_episode_rewards     0.000000e+00
val_max_episode_len         1.000000e+03
val_mean_episode_len        9.653000e+02
val_min_episode_len         0.000000e+00
val_mean_timeouts           0.000000e+00
Name: 311, dtype: float64
timesteps                   2.051277e+07
wall_time                   1.203683e+05
num_episodes                2.269200e+04
max_episode_rewards         3.000000e+00
mean_episode_rewards        1.075000e+00
min_episode_rewards         0.000000e+00
max_episode_len             1.000000e+03
mean_episode_len            9.162500e+02
min_episode_len             0.000000e+00
mean_timeouts               0.000000e+00
val_max_episode_rewards     1.000000e+00
val_mean_episode_rewards    1.750000e-01
val_min_episode_rewards     0.000000e+00
val_max_episode_len         1.000000e+03
val_mean_episode_len        9.969750e+02
val_min_episode_len         0.000000e+00
val_mean_timeouts           0.000000e+00
Name: 312, dtype: float64
timesteps                   2.057830e+07
wall_time                   1.207644e+05
num_episodes                2.276800e+04
max_episode_rewards         4.000000e+00
mean_episode_rewards        1.075000e+00
min_episode_rewards         0.000000e+00
max_episode_len             1.000000e+03
mean_episode_len            8.699500e+02
min_episode_len             0.000000e+00
mean_timeouts               0.000000e+00
val_max_episode_rewards     2.000000e+00
val_mean_episode_rewards    3.750000e-01
val_min_episode_rewards     0.000000e+00
val_max_episode_len         1.000000e+03
val_mean_episode_len        9.826500e+02
val_min_episode_len         0.000000e+00
val_mean_timeouts           0.000000e+00
Name: 313, dtype: float64
timesteps                   2.064384e+07
wall_time                   1.211616e+05
num_episodes                2.284000e+04
max_episode_rewards         3.000000e+00
mean_episode_rewards        8.750000e-01
min_episode_rewards         0.000000e+00
max_episode_len             1.000000e+03
mean_episode_len            9.282750e+02
min_episode_len             0.000000e+00
mean_timeouts               0.000000e+00
val_max_episode_rewards     1.000000e+00
val_mean_episode_rewards    5.000000e-02
val_min_episode_rewards     0.000000e+00
val_max_episode_len         1.000000e+03
val_mean_episode_len        1.000000e+03
val_min_episode_len         0.000000e+00
val_mean_timeouts           5.000000e-02
Name: 314, dtype: float64
timesteps                   2.070938e+07
wall_time                   1.215590e+05
num_episodes                2.289600e+04
max_episode_rewards         4.000000e+00
mean_episode_rewards        1.050000e+00
min_episode_rewards         0.000000e+00
max_episode_len             1.000000e+03
mean_episode_len            8.794500e+02
min_episode_len             0.000000e+00
mean_timeouts               0.000000e+00
val_max_episode_rewards     2.000000e+00
val_mean_episode_rewards    2.250000e-01
val_min_episode_rewards     0.000000e+00
val_max_episode_len         1.000000e+03
val_mean_episode_len        9.773750e+02
val_min_episode_len         0.000000e+00
val_mean_timeouts           2.500000e-02
Name: 315, dtype: float64
timesteps                   2.077491e+07
wall_time                   1.219542e+05
num_episodes                2.298000e+04
max_episode_rewards         3.000000e+00
mean_episode_rewards        8.750000e-01
min_episode_rewards         0.000000e+00
max_episode_len             1.000000e+03
mean_episode_len            8.879000e+02
min_episode_len             0.000000e+00
mean_timeouts               2.500000e-02
val_max_episode_rewards     2.000000e+00
val_mean_episode_rewards    3.250000e-01
val_min_episode_rewards     0.000000e+00
val_max_episode_len         1.000000e+03
val_mean_episode_len        1.000000e+03
val_min_episode_len         0.000000e+00
val_mean_timeouts           0.000000e+00
Name: 316, dtype: float64
timesteps                   2.084045e+07
wall_time                   1.223433e+05
num_episodes                2.306400e+04
max_episode_rewards         3.000000e+00
mean_episode_rewards        9.500000e-01
min_episode_rewards         0.000000e+00
max_episode_len             1.000000e+03
mean_episode_len            8.884750e+02
min_episode_len             0.000000e+00
mean_timeouts               0.000000e+00
val_max_episode_rewards     2.000000e+00
val_mean_episode_rewards    3.750000e-01
val_min_episode_rewards     0.000000e+00
val_max_episode_len         1.000000e+03
val_mean_episode_len        9.255750e+02
val_min_episode_len         0.000000e+00
val_mean_timeouts           0.000000e+00
Name: 317, dtype: float64
timesteps                   2.090598e+07
wall_time                   1.227248e+05
num_episodes                2.313600e+04
max_episode_rewards         2.000000e+00
mean_episode_rewards        1.050000e+00
min_episode_rewards         0.000000e+00
max_episode_len             1.000000e+03
mean_episode_len            8.666750e+02
min_episode_len             0.000000e+00
mean_timeouts               0.000000e+00
val_max_episode_rewards     2.000000e+00
val_mean_episode_rewards    1.750000e-01
val_min_episode_rewards     0.000000e+00
val_max_episode_len         1.000000e+03
val_mean_episode_len        1.000000e+03
val_min_episode_len         0.000000e+00
val_mean_timeouts           0.000000e+00
Name: 318, dtype: float64
timesteps                   2.097152e+07
wall_time                   1.231000e+05
num_episodes                2.319500e+04
max_episode_rewards         4.000000e+00
mean_episode_rewards        1.450000e+00
min_episode_rewards         0.000000e+00
max_episode_len             1.000000e+03
mean_episode_len            8.122250e+02
min_episode_len             0.000000e+00
mean_timeouts               0.000000e+00
val_max_episode_rewards     2.000000e+00
val_mean_episode_rewards    3.250000e-01
val_min_episode_rewards     0.000000e+00
val_max_episode_len         1.000000e+03
val_mean_episode_len        9.579250e+02
val_min_episode_len         0.000000e+00
val_mean_timeouts           0.000000e+00
Name: 319, dtype: float64
timesteps                   2.103706e+07
wall_time                   1.234727e+05
num_episodes                2.327400e+04
max_episode_rewards         2.000000e+00
mean_episode_rewards        9.000000e-01
min_episode_rewards         0.000000e+00
max_episode_len             1.000000e+03
mean_episode_len            9.042750e+02
min_episode_len             0.000000e+00
mean_timeouts               0.000000e+00
val_max_episode_rewards     3.000000e+00
val_mean_episode_rewards    4.250000e-01
val_min_episode_rewards     0.000000e+00
val_max_episode_len         1.000000e+03
val_mean_episode_len        1.000000e+03
val_min_episode_len         0.000000e+00
val_mean_timeouts           0.000000e+00
Name: 320, dtype: float64
timesteps                   2.110259e+07
wall_time                   1.238495e+05
num_episodes                2.335900e+04
max_episode_rewards         3.000000e+00
mean_episode_rewards        1.050000e+00
min_episode_rewards         0.000000e+00
max_episode_len             1.000000e+03
mean_episode_len            8.801250e+02
min_episode_len             0.000000e+00
mean_timeouts               0.000000e+00
val_max_episode_rewards     2.000000e+00
val_mean_episode_rewards    3.500000e-01
val_min_episode_rewards     0.000000e+00
val_max_episode_len         1.000000e+03
val_mean_episode_len        9.549250e+02
val_min_episode_len         0.000000e+00
val_mean_timeouts           0.000000e+00
Name: 321, dtype: float64
timesteps                   2.116813e+07
wall_time                   1.242307e+05
num_episodes                2.342300e+04
max_episode_rewards         2.000000e+00
mean_episode_rewards        7.750000e-01
min_episode_rewards         0.000000e+00
max_episode_len             1.000000e+03
mean_episode_len            9.034250e+02
min_episode_len             0.000000e+00
mean_timeouts               0.000000e+00
val_max_episode_rewards     2.000000e+00
val_mean_episode_rewards    1.750000e-01
val_min_episode_rewards     0.000000e+00
val_max_episode_len         1.000000e+03
val_mean_episode_len        9.958750e+02
val_min_episode_len         0.000000e+00
val_mean_timeouts           0.000000e+00
Name: 322, dtype: float64
timesteps                   2.123366e+07
wall_time                   1.246184e+05
num_episodes                2.347900e+04
max_episode_rewards         2.000000e+00
mean_episode_rewards        7.500000e-01
min_episode_rewards         0.000000e+00
max_episode_len             1.000000e+03
mean_episode_len            9.513250e+02
min_episode_len             0.000000e+00
mean_timeouts               0.000000e+00
val_max_episode_rewards     2.000000e+00
val_mean_episode_rewards    3.000000e-01
val_min_episode_rewards     0.000000e+00
val_max_episode_len         1.000000e+03
val_mean_episode_len        9.624500e+02
val_min_episode_len         0.000000e+00
val_mean_timeouts           0.000000e+00
Name: 323, dtype: float64
timesteps                   2.129920e+07
wall_time                   1.250117e+05
num_episodes                2.356000e+04
max_episode_rewards         3.000000e+00
mean_episode_rewards        1.025000e+00
min_episode_rewards         0.000000e+00
max_episode_len             1.000000e+03
mean_episode_len            8.916000e+02
min_episode_len             0.000000e+00
mean_timeouts               0.000000e+00
val_max_episode_rewards     2.000000e+00
val_mean_episode_rewards    3.500000e-01
val_min_episode_rewards     0.000000e+00
val_max_episode_len         1.000000e+03
val_mean_episode_len        1.000000e+03
val_min_episode_len         0.000000e+00
val_mean_timeouts           0.000000e+00
Name: 324, dtype: float64
timesteps                   2.136474e+07
wall_time                   1.254089e+05
num_episodes                2.364600e+04
max_episode_rewards         3.000000e+00
mean_episode_rewards        9.000000e-01
min_episode_rewards         0.000000e+00
max_episode_len             1.000000e+03
mean_episode_len            9.198750e+02
min_episode_len             0.000000e+00
mean_timeouts               0.000000e+00
val_max_episode_rewards     2.000000e+00
val_mean_episode_rewards    2.000000e-01
val_min_episode_rewards     0.000000e+00
val_max_episode_len         1.000000e+03
val_mean_episode_len        1.000000e+03
val_min_episode_len         0.000000e+00
val_mean_timeouts           0.000000e+00
Name: 325, dtype: float64
timesteps                   2.143027e+07
wall_time                   1.258138e+05
num_episodes                2.371800e+04
max_episode_rewards         3.000000e+00
mean_episode_rewards        8.250000e-01
min_episode_rewards         0.000000e+00
max_episode_len             1.000000e+03
mean_episode_len            8.624500e+02
min_episode_len             0.000000e+00
mean_timeouts               2.500000e-02
val_max_episode_rewards     2.000000e+00
val_mean_episode_rewards    1.750000e-01
val_min_episode_rewards     0.000000e+00
val_max_episode_len         1.000000e+03
val_mean_episode_len        1.000000e+03
val_min_episode_len         0.000000e+00
val_mean_timeouts           0.000000e+00
Name: 326, dtype: float64
timesteps                   2.149581e+07
wall_time                   1.262029e+05
num_episodes                2.377400e+04
max_episode_rewards         3.000000e+00
mean_episode_rewards        1.150000e+00
min_episode_rewards         0.000000e+00
max_episode_len             1.000000e+03
mean_episode_len            8.767500e+02
min_episode_len             0.000000e+00
mean_timeouts               0.000000e+00
val_max_episode_rewards     1.000000e+00
val_mean_episode_rewards    2.750000e-01
val_min_episode_rewards     0.000000e+00
val_max_episode_len         1.000000e+03
val_mean_episode_len        1.000000e+03
val_min_episode_len         0.000000e+00
val_mean_timeouts           0.000000e+00
Name: 327, dtype: float64
timesteps                   2.156134e+07
wall_time                   1.265927e+05
num_episodes                2.385300e+04
max_episode_rewards         3.000000e+00
mean_episode_rewards        9.500000e-01
min_episode_rewards         0.000000e+00
max_episode_len             1.000000e+03
mean_episode_len            9.010500e+02
min_episode_len             0.000000e+00
mean_timeouts               0.000000e+00
val_max_episode_rewards     2.000000e+00
val_mean_episode_rewards    3.750000e-01
val_min_episode_rewards     0.000000e+00
val_max_episode_len         1.000000e+03
val_mean_episode_len        9.780500e+02
val_min_episode_len         0.000000e+00
val_mean_timeouts           0.000000e+00
Name: 328, dtype: float64
timesteps                   2.162688e+07
wall_time                   1.269841e+05
num_episodes                2.394100e+04
max_episode_rewards         3.000000e+00
mean_episode_rewards        1.200000e+00
min_episode_rewards         0.000000e+00
max_episode_len             1.000000e+03
mean_episode_len            8.712750e+02
min_episode_len             0.000000e+00
mean_timeouts               0.000000e+00
val_max_episode_rewards     2.000000e+00
val_mean_episode_rewards    7.500000e-02
val_min_episode_rewards     0.000000e+00
val_max_episode_len         1.000000e+03
val_mean_episode_len        1.000000e+03
val_min_episode_len         0.000000e+00
val_mean_timeouts           2.500000e-02
Name: 329, dtype: float64
timesteps                   2.169242e+07
wall_time                   1.273762e+05
num_episodes                2.400800e+04
max_episode_rewards         2.000000e+00
mean_episode_rewards        6.500000e-01
min_episode_rewards         0.000000e+00
max_episode_len             1.000000e+03
mean_episode_len            9.440000e+02
min_episode_len             0.000000e+00
mean_timeouts               0.000000e+00
val_max_episode_rewards     2.000000e+00
val_mean_episode_rewards    1.750000e-01
val_min_episode_rewards     0.000000e+00
val_max_episode_len         1.000000e+03
val_mean_episode_len        1.000000e+03
val_min_episode_len         0.000000e+00
val_mean_timeouts           0.000000e+00
Name: 330, dtype: float64
timesteps                   2.175795e+07
wall_time                   1.277659e+05
num_episodes                2.406800e+04
max_episode_rewards         4.000000e+00
mean_episode_rewards        1.150000e+00
min_episode_rewards         0.000000e+00
max_episode_len             1.000000e+03
mean_episode_len            8.304250e+02
min_episode_len             0.000000e+00
mean_timeouts               2.500000e-02
val_max_episode_rewards     1.000000e+00
val_mean_episode_rewards    2.000000e-01
val_min_episode_rewards     0.000000e+00
val_max_episode_len         1.000000e+03
val_mean_episode_len        9.592000e+02
val_min_episode_len         0.000000e+00
val_mean_timeouts           0.000000e+00
Name: 331, dtype: float64
timesteps                   2.182349e+07
wall_time                   1.281531e+05
num_episodes                2.414100e+04
max_episode_rewards         2.000000e+00
mean_episode_rewards        8.500000e-01
min_episode_rewards         0.000000e+00
max_episode_len             1.000000e+03
mean_episode_len            9.082500e+02
min_episode_len             0.000000e+00
mean_timeouts               0.000000e+00
val_max_episode_rewards     1.000000e+00
val_mean_episode_rewards    3.000000e-01
val_min_episode_rewards     0.000000e+00
val_max_episode_len         1.000000e+03
val_mean_episode_len        1.000000e+03
val_min_episode_len         0.000000e+00
val_mean_timeouts           0.000000e+00
Name: 332, dtype: float64
timesteps                   2.188902e+07
wall_time                   1.285364e+05
num_episodes                2.423200e+04
max_episode_rewards         3.000000e+00
mean_episode_rewards        7.500000e-01
min_episode_rewards         0.000000e+00
max_episode_len             1.000000e+03
mean_episode_len            9.469000e+02
min_episode_len             0.000000e+00
mean_timeouts               0.000000e+00
val_max_episode_rewards     2.000000e+00
val_mean_episode_rewards    2.250000e-01
val_min_episode_rewards     0.000000e+00
val_max_episode_len         1.000000e+03
val_mean_episode_len        1.000000e+03
val_min_episode_len         0.000000e+00
val_mean_timeouts           0.000000e+00
Name: 333, dtype: float64
timesteps                   2.195456e+07
wall_time                   1.289277e+05
num_episodes                2.430400e+04
max_episode_rewards         3.000000e+00
mean_episode_rewards        8.000000e-01
min_episode_rewards         0.000000e+00
max_episode_len             1.000000e+03
mean_episode_len            8.282750e+02
min_episode_len             0.000000e+00
mean_timeouts               0.000000e+00
val_max_episode_rewards     1.000000e+00
val_mean_episode_rewards    5.000000e-02
val_min_episode_rewards     0.000000e+00
val_max_episode_len         1.000000e+03
val_mean_episode_len        1.000000e+03
val_min_episode_len         0.000000e+00
val_mean_timeouts           0.000000e+00
Name: 334, dtype: float64
timesteps                   2.202010e+07
wall_time                   1.293130e+05
num_episodes                2.436200e+04
max_episode_rewards         4.000000e+00
mean_episode_rewards        1.000000e+00
min_episode_rewards         0.000000e+00
max_episode_len             1.000000e+03
mean_episode_len            9.769750e+02
min_episode_len             0.000000e+00
mean_timeouts               0.000000e+00
val_max_episode_rewards     1.000000e+00
val_mean_episode_rewards    1.750000e-01
val_min_episode_rewards     0.000000e+00
val_max_episode_len         1.000000e+03
val_mean_episode_len        9.753000e+02
val_min_episode_len         0.000000e+00
val_mean_timeouts           2.500000e-02
Name: 335, dtype: float64
timesteps                   2.208563e+07
wall_time                   1.296999e+05
num_episodes                2.443400e+04
max_episode_rewards         3.000000e+00
mean_episode_rewards        9.750000e-01
min_episode_rewards         0.000000e+00
max_episode_len             1.000000e+03
mean_episode_len            9.707250e+02
min_episode_len             0.000000e+00
mean_timeouts               0.000000e+00
val_max_episode_rewards     2.000000e+00
val_mean_episode_rewards    3.000000e-01
val_min_episode_rewards     0.000000e+00
val_max_episode_len         1.000000e+03
val_mean_episode_len        1.000000e+03
val_min_episode_len         0.000000e+00
val_mean_timeouts           0.000000e+00
Name: 336, dtype: float64
timesteps                   2.215117e+07
wall_time                   1.300899e+05
num_episodes                2.451800e+04
max_episode_rewards         3.000000e+00
mean_episode_rewards        8.500000e-01
min_episode_rewards         0.000000e+00
max_episode_len             1.000000e+03
mean_episode_len            9.039000e+02
min_episode_len             0.000000e+00
mean_timeouts               2.500000e-02
val_max_episode_rewards     1.000000e+00
val_mean_episode_rewards    2.000000e-01
val_min_episode_rewards     0.000000e+00
val_max_episode_len         1.000000e+03
val_mean_episode_len        9.349500e+02
val_min_episode_len         0.000000e+00
val_mean_timeouts           2.500000e-02
Name: 337, dtype: float64
timesteps                   2.221670e+07
wall_time                   1.304771e+05
num_episodes                2.458400e+04
max_episode_rewards         2.000000e+00
mean_episode_rewards        9.250000e-01
min_episode_rewards         0.000000e+00
max_episode_len             1.000000e+03
mean_episode_len            8.938500e+02
min_episode_len             0.000000e+00
mean_timeouts               0.000000e+00
val_max_episode_rewards     2.000000e+00
val_mean_episode_rewards    2.750000e-01
val_min_episode_rewards     0.000000e+00
val_max_episode_len         1.000000e+03
val_mean_episode_len        9.879250e+02
val_min_episode_len         0.000000e+00
val_mean_timeouts           0.000000e+00
Name: 338, dtype: float64
timesteps                   2.228224e+07
wall_time                   1.308615e+05
num_episodes                2.465400e+04
max_episode_rewards         2.000000e+00
mean_episode_rewards        6.750000e-01
min_episode_rewards         0.000000e+00
max_episode_len             1.000000e+03
mean_episode_len            8.942250e+02
min_episode_len             0.000000e+00
mean_timeouts               0.000000e+00
val_max_episode_rewards     3.000000e+00
val_mean_episode_rewards    3.000000e-01
val_min_episode_rewards     0.000000e+00
val_max_episode_len         1.000000e+03
val_mean_episode_len        9.878000e+02
val_min_episode_len         0.000000e+00
val_mean_timeouts           0.000000e+00
Name: 339, dtype: float64
timesteps                   2.234778e+07
wall_time                   1.312422e+05
num_episodes                2.473400e+04
max_episode_rewards         3.000000e+00
mean_episode_rewards        8.750000e-01
min_episode_rewards         0.000000e+00
max_episode_len             1.000000e+03
mean_episode_len            8.632500e+02
min_episode_len             0.000000e+00
mean_timeouts               0.000000e+00
val_max_episode_rewards     2.000000e+00
val_mean_episode_rewards    3.750000e-01
val_min_episode_rewards     0.000000e+00
val_max_episode_len         1.000000e+03
val_mean_episode_len        9.863750e+02
val_min_episode_len         0.000000e+00
val_mean_timeouts           0.000000e+00
Name: 340, dtype: float64
timesteps                   2.241331e+07
wall_time                   1.316232e+05
num_episodes                2.481600e+04
max_episode_rewards         3.000000e+00
mean_episode_rewards        8.000000e-01
min_episode_rewards         0.000000e+00
max_episode_len             1.000000e+03
mean_episode_len            9.507000e+02
min_episode_len             0.000000e+00
mean_timeouts               2.500000e-02
val_max_episode_rewards     1.000000e+00
val_mean_episode_rewards    1.500000e-01
val_min_episode_rewards     0.000000e+00
val_max_episode_len         1.000000e+03
val_mean_episode_len        9.826000e+02
val_min_episode_len         0.000000e+00
val_mean_timeouts           0.000000e+00
Name: 341, dtype: float64
timesteps                   2.247885e+07
wall_time                   1.320051e+05
num_episodes                2.488100e+04
max_episode_rewards         4.000000e+00
mean_episode_rewards        9.500000e-01
min_episode_rewards         0.000000e+00
max_episode_len             1.000000e+03
mean_episode_len            8.553000e+02
min_episode_len             0.000000e+00
mean_timeouts               0.000000e+00
val_max_episode_rewards     2.000000e+00
val_mean_episode_rewards    2.500000e-01
val_min_episode_rewards     0.000000e+00
val_max_episode_len         1.000000e+03
val_mean_episode_len        1.000000e+03
val_min_episode_len         0.000000e+00
val_mean_timeouts           0.000000e+00
Name: 342, dtype: float64
timesteps                   2.254438e+07
wall_time                   1.323919e+05
num_episodes                2.495100e+04
max_episode_rewards         3.000000e+00
mean_episode_rewards        9.250000e-01
min_episode_rewards         0.000000e+00
max_episode_len             1.000000e+03
mean_episode_len            8.722000e+02
min_episode_len             0.000000e+00
mean_timeouts               0.000000e+00
val_max_episode_rewards     2.000000e+00
val_mean_episode_rewards    2.750000e-01
val_min_episode_rewards     0.000000e+00
val_max_episode_len         1.000000e+03
val_mean_episode_len        1.000000e+03
val_min_episode_len         0.000000e+00
val_mean_timeouts           2.500000e-02
Name: 343, dtype: float64
timesteps                   2.260992e+07
wall_time                   1.327894e+05
num_episodes                2.502000e+04
max_episode_rewards         3.000000e+00
mean_episode_rewards        9.250000e-01
min_episode_rewards         0.000000e+00
max_episode_len             1.000000e+03
mean_episode_len            8.845000e+02
min_episode_len             0.000000e+00
mean_timeouts               2.500000e-02
val_max_episode_rewards     2.000000e+00
val_mean_episode_rewards    3.000000e-01
val_min_episode_rewards     0.000000e+00
val_max_episode_len         1.000000e+03
val_mean_episode_len        9.794000e+02
val_min_episode_len         0.000000e+00
val_mean_timeouts           0.000000e+00
Name: 344, dtype: float64
timesteps                   2.267546e+07
wall_time                   1.331854e+05
num_episodes                2.511100e+04
max_episode_rewards         3.000000e+00
mean_episode_rewards        8.500000e-01
min_episode_rewards         0.000000e+00
max_episode_len             1.000000e+03
mean_episode_len            8.904250e+02
min_episode_len             0.000000e+00
mean_timeouts               0.000000e+00
val_max_episode_rewards     2.000000e+00
val_mean_episode_rewards    3.500000e-01
val_min_episode_rewards     0.000000e+00
val_max_episode_len         1.000000e+03
val_mean_episode_len        9.730500e+02
val_min_episode_len         0.000000e+00
val_mean_timeouts           0.000000e+00
Name: 345, dtype: float64
timesteps                   2.274099e+07
wall_time                   1.335747e+05
num_episodes                2.517000e+04
max_episode_rewards         3.000000e+00
mean_episode_rewards        1.150000e+00
min_episode_rewards         0.000000e+00
max_episode_len             1.000000e+03
mean_episode_len            8.525500e+02
min_episode_len             0.000000e+00
mean_timeouts               0.000000e+00
val_max_episode_rewards     2.000000e+00
val_mean_episode_rewards    3.000000e-01
val_min_episode_rewards     0.000000e+00
val_max_episode_len         1.000000e+03
val_mean_episode_len        1.000000e+03
val_min_episode_len         0.000000e+00
val_mean_timeouts           0.000000e+00
Name: 346, dtype: float64
timesteps                   2.280653e+07
wall_time                   1.339575e+05
num_episodes                2.525000e+04
max_episode_rewards         3.000000e+00
mean_episode_rewards        9.000000e-01
min_episode_rewards         0.000000e+00
max_episode_len             1.000000e+03
mean_episode_len            8.878000e+02
min_episode_len             0.000000e+00
mean_timeouts               2.500000e-02
val_max_episode_rewards     2.000000e+00
val_mean_episode_rewards    3.250000e-01
val_min_episode_rewards     0.000000e+00
val_max_episode_len         1.000000e+03
val_mean_episode_len        9.891250e+02
val_min_episode_len         0.000000e+00
val_mean_timeouts           0.000000e+00
Name: 347, dtype: float64
timesteps                   2.287206e+07
wall_time                   1.343374e+05
num_episodes                2.532100e+04
max_episode_rewards         2.000000e+00
mean_episode_rewards        6.750000e-01
min_episode_rewards         0.000000e+00
max_episode_len             1.000000e+03
mean_episode_len            9.182000e+02
min_episode_len             0.000000e+00
mean_timeouts               0.000000e+00
val_max_episode_rewards     1.000000e+00
val_mean_episode_rewards    7.500000e-02
val_min_episode_rewards     0.000000e+00
val_max_episode_len         1.000000e+03
val_mean_episode_len        9.759750e+02
val_min_episode_len         0.000000e+00
val_mean_timeouts           0.000000e+00
Name: 348, dtype: float64
timesteps                   2.293760e+07
wall_time                   1.347171e+05
num_episodes                2.540500e+04
max_episode_rewards         3.000000e+00
mean_episode_rewards        1.075000e+00
min_episode_rewards         0.000000e+00
max_episode_len             1.000000e+03
mean_episode_len            9.195250e+02
min_episode_len             0.000000e+00
mean_timeouts               0.000000e+00
val_max_episode_rewards     2.000000e+00
val_mean_episode_rewards    2.750000e-01
val_min_episode_rewards     0.000000e+00
val_max_episode_len         1.000000e+03
val_mean_episode_len        9.983000e+02
val_min_episode_len         0.000000e+00
val_mean_timeouts           5.000000e-02
Name: 349, dtype: float64
timesteps                   2.300314e+07
wall_time                   1.351012e+05
num_episodes                2.545800e+04
max_episode_rewards         4.000000e+00
mean_episode_rewards        1.100000e+00
min_episode_rewards         0.000000e+00
max_episode_len             1.000000e+03
mean_episode_len            8.809750e+02
min_episode_len             0.000000e+00
mean_timeouts               0.000000e+00
val_max_episode_rewards     2.000000e+00
val_mean_episode_rewards    3.000000e-01
val_min_episode_rewards     0.000000e+00
val_max_episode_len         1.000000e+03
val_mean_episode_len        1.000000e+03
val_min_episode_len         0.000000e+00
val_mean_timeouts           0.000000e+00
Name: 350, dtype: float64
timesteps                   2.306867e+07
wall_time                   1.354890e+05
num_episodes                2.554200e+04
max_episode_rewards         3.000000e+00
mean_episode_rewards        1.075000e+00
min_episode_rewards         0.000000e+00
max_episode_len             1.000000e+03
mean_episode_len            9.111750e+02
min_episode_len             0.000000e+00
mean_timeouts               2.500000e-02
val_max_episode_rewards     2.000000e+00
val_mean_episode_rewards    4.250000e-01
val_min_episode_rewards     0.000000e+00
val_max_episode_len         1.000000e+03
val_mean_episode_len        9.674750e+02
val_min_episode_len         0.000000e+00
val_mean_timeouts           2.500000e-02
Name: 351, dtype: float64
timesteps                   2.313421e+07
wall_time                   1.358792e+05
num_episodes                2.561500e+04
max_episode_rewards         3.000000e+00
mean_episode_rewards        1.000000e+00
min_episode_rewards         0.000000e+00
max_episode_len             1.000000e+03
mean_episode_len            8.332750e+02
min_episode_len             0.000000e+00
mean_timeouts               0.000000e+00
val_max_episode_rewards     1.000000e+00
val_mean_episode_rewards    7.500000e-02
val_min_episode_rewards     0.000000e+00
val_max_episode_len         1.000000e+03
val_mean_episode_len        1.000000e+03
val_min_episode_len         0.000000e+00
val_mean_timeouts           0.000000e+00
Name: 352, dtype: float64
timesteps                   2.319974e+07
wall_time                   1.362684e+05
num_episodes                2.569000e+04
max_episode_rewards         2.000000e+00
mean_episode_rewards        6.500000e-01
min_episode_rewards         0.000000e+00
max_episode_len             1.000000e+03
mean_episode_len            9.353250e+02
min_episode_len             0.000000e+00
mean_timeouts               0.000000e+00
val_max_episode_rewards     2.000000e+00
val_mean_episode_rewards    3.750000e-01
val_min_episode_rewards     0.000000e+00
val_max_episode_len         1.000000e+03
val_mean_episode_len        1.000000e+03
val_min_episode_len         0.000000e+00
val_mean_timeouts           0.000000e+00
Name: 353, dtype: float64
timesteps                   2.326528e+07
wall_time                   1.366558e+05
num_episodes                2.574700e+04
max_episode_rewards         4.000000e+00
mean_episode_rewards        1.000000e+00
min_episode_rewards         0.000000e+00
max_episode_len             1.000000e+03
mean_episode_len            8.562500e+02
min_episode_len             0.000000e+00
mean_timeouts               0.000000e+00
val_max_episode_rewards     2.000000e+00
val_mean_episode_rewards    1.750000e-01
val_min_episode_rewards     0.000000e+00
val_max_episode_len         1.000000e+03
val_mean_episode_len        9.990500e+02
val_min_episode_len         0.000000e+00
val_mean_timeouts           0.000000e+00
Name: 354, dtype: float64
timesteps                   2.333082e+07
wall_time                   1.370407e+05
num_episodes                2.583400e+04
max_episode_rewards         4.000000e+00
mean_episode_rewards        1.050000e+00
min_episode_rewards         0.000000e+00
max_episode_len             1.000000e+03
mean_episode_len            9.413000e+02
min_episode_len             0.000000e+00
mean_timeouts               0.000000e+00
val_max_episode_rewards     2.000000e+00
val_mean_episode_rewards    2.250000e-01
val_min_episode_rewards     0.000000e+00
val_max_episode_len         1.000000e+03
val_mean_episode_len        9.945750e+02
val_min_episode_len         0.000000e+00
val_mean_timeouts           0.000000e+00
Name: 355, dtype: float64
timesteps                   2.339635e+07
wall_time                   1.374270e+05
num_episodes                2.590600e+04
max_episode_rewards         3.000000e+00
mean_episode_rewards        9.500000e-01
min_episode_rewards         0.000000e+00
max_episode_len             1.000000e+03
mean_episode_len            8.885750e+02
min_episode_len             0.000000e+00
mean_timeouts               2.500000e-02
val_max_episode_rewards     2.000000e+00
val_mean_episode_rewards    2.000000e-01
val_min_episode_rewards     0.000000e+00
val_max_episode_len         1.000000e+03
val_mean_episode_len        1.000000e+03
val_min_episode_len         0.000000e+00
val_mean_timeouts           0.000000e+00
Name: 356, dtype: float64
timesteps                   2.346189e+07
wall_time                   1.378141e+05
num_episodes                2.598000e+04
max_episode_rewards         2.000000e+00
mean_episode_rewards        8.250000e-01
min_episode_rewards         0.000000e+00
max_episode_len             1.000000e+03
mean_episode_len            9.187750e+02
min_episode_len             0.000000e+00
mean_timeouts               0.000000e+00
val_max_episode_rewards     2.000000e+00
val_mean_episode_rewards    2.500000e-01
val_min_episode_rewards     0.000000e+00
val_max_episode_len         1.000000e+03
val_mean_episode_len        9.752250e+02
val_min_episode_len         0.000000e+00
val_mean_timeouts           0.000000e+00
Name: 357, dtype: float64
timesteps                   2.352742e+07
wall_time                   1.381981e+05
num_episodes                2.604800e+04
max_episode_rewards         3.000000e+00
mean_episode_rewards        8.750000e-01
min_episode_rewards         0.000000e+00
max_episode_len             1.000000e+03
mean_episode_len            8.491250e+02
min_episode_len             0.000000e+00
mean_timeouts               0.000000e+00
val_max_episode_rewards     2.000000e+00
val_mean_episode_rewards    2.000000e-01
val_min_episode_rewards     0.000000e+00
val_max_episode_len         1.000000e+03
val_mean_episode_len        9.914000e+02
val_min_episode_len         0.000000e+00
val_mean_timeouts           0.000000e+00
Name: 358, dtype: float64
timesteps                   2.359296e+07
wall_time                   1.385825e+05
num_episodes                2.612300e+04
max_episode_rewards         3.000000e+00
mean_episode_rewards        8.250000e-01
min_episode_rewards         0.000000e+00
max_episode_len             1.000000e+03
mean_episode_len            8.979250e+02
min_episode_len             0.000000e+00
mean_timeouts               0.000000e+00
val_max_episode_rewards     2.000000e+00
val_mean_episode_rewards    1.750000e-01
val_min_episode_rewards     0.000000e+00
val_max_episode_len         1.000000e+03
val_mean_episode_len        1.000000e+03
val_min_episode_len         0.000000e+00
val_mean_timeouts           0.000000e+00
Name: 359, dtype: float64
timesteps                   2.365850e+07
wall_time                   1.389647e+05
num_episodes                2.620000e+04
max_episode_rewards         3.000000e+00
mean_episode_rewards        1.050000e+00
min_episode_rewards         0.000000e+00
max_episode_len             1.000000e+03
mean_episode_len            9.219250e+02
min_episode_len             0.000000e+00
mean_timeouts               0.000000e+00
val_max_episode_rewards     1.000000e+00
val_mean_episode_rewards    2.000000e-01
val_min_episode_rewards     0.000000e+00
val_max_episode_len         1.000000e+03
val_mean_episode_len        9.501500e+02
val_min_episode_len         0.000000e+00
val_mean_timeouts           0.000000e+00
Name: 360, dtype: float64
timesteps                   2.372403e+07
wall_time                   1.393439e+05
num_episodes                2.627400e+04
max_episode_rewards         2.000000e+00
mean_episode_rewards        7.750000e-01
min_episode_rewards         0.000000e+00
max_episode_len             1.000000e+03
mean_episode_len            9.377000e+02
min_episode_len             0.000000e+00
mean_timeouts               0.000000e+00
val_max_episode_rewards     2.000000e+00
val_mean_episode_rewards    2.000000e-01
val_min_episode_rewards     0.000000e+00
val_max_episode_len         1.000000e+03
val_mean_episode_len        9.752250e+02
val_min_episode_len         0.000000e+00
val_mean_timeouts           0.000000e+00
Name: 361, dtype: float64
timesteps                   2.378957e+07
wall_time                   1.397278e+05
num_episodes                2.633700e+04
max_episode_rewards         2.000000e+00
mean_episode_rewards        8.500000e-01
min_episode_rewards         0.000000e+00
max_episode_len             1.000000e+03
mean_episode_len            9.612500e+02
min_episode_len             0.000000e+00
mean_timeouts               0.000000e+00
val_max_episode_rewards     2.000000e+00
val_mean_episode_rewards    3.000000e-01
val_min_episode_rewards     0.000000e+00
val_max_episode_len         1.000000e+03
val_mean_episode_len        9.866000e+02
val_min_episode_len         0.000000e+00
val_mean_timeouts           0.000000e+00
Name: 362, dtype: float64
timesteps                   2.385510e+07
wall_time                   1.401060e+05
num_episodes                2.640700e+04
max_episode_rewards         3.000000e+00
mean_episode_rewards        8.500000e-01
min_episode_rewards         0.000000e+00
max_episode_len             1.000000e+03
mean_episode_len            9.180250e+02
min_episode_len             0.000000e+00
mean_timeouts               2.500000e-02
val_max_episode_rewards     2.000000e+00
val_mean_episode_rewards    3.000000e-01
val_min_episode_rewards     0.000000e+00
val_max_episode_len         1.000000e+03
val_mean_episode_len        1.000000e+03
val_min_episode_len         0.000000e+00
val_mean_timeouts           0.000000e+00
Name: 363, dtype: float64
timesteps                   2.392064e+07
wall_time                   1.404844e+05
num_episodes                2.648800e+04
max_episode_rewards         3.000000e+00
mean_episode_rewards        9.500000e-01
min_episode_rewards         0.000000e+00
max_episode_len             1.000000e+03
mean_episode_len            9.189000e+02
min_episode_len             0.000000e+00
mean_timeouts               0.000000e+00
val_max_episode_rewards     2.000000e+00
val_mean_episode_rewards    2.750000e-01
val_min_episode_rewards     0.000000e+00
val_max_episode_len         1.000000e+03
val_mean_episode_len        9.550000e+02
val_min_episode_len         0.000000e+00
val_mean_timeouts           0.000000e+00
Name: 364, dtype: float64
timesteps                   2.398618e+07
wall_time                   1.408632e+05
num_episodes                2.656900e+04
max_episode_rewards         3.000000e+00
mean_episode_rewards        1.225000e+00
min_episode_rewards         0.000000e+00
max_episode_len             1.000000e+03
mean_episode_len            9.254500e+02
min_episode_len             0.000000e+00
mean_timeouts               2.500000e-02
val_max_episode_rewards     2.000000e+00
val_mean_episode_rewards    2.500000e-01
val_min_episode_rewards     0.000000e+00
val_max_episode_len         1.000000e+03
val_mean_episode_len        9.836500e+02
val_min_episode_len         0.000000e+00
val_mean_timeouts           0.000000e+00
Name: 365, dtype: float64
timesteps                   2.405171e+07
wall_time                   1.412361e+05
num_episodes                2.662500e+04
max_episode_rewards         3.000000e+00
mean_episode_rewards        9.250000e-01
min_episode_rewards         0.000000e+00
max_episode_len             1.000000e+03
mean_episode_len            8.622250e+02
min_episode_len             0.000000e+00
mean_timeouts               0.000000e+00
val_max_episode_rewards     2.000000e+00
val_mean_episode_rewards    2.750000e-01
val_min_episode_rewards     0.000000e+00
val_max_episode_len         1.000000e+03
val_mean_episode_len        9.752000e+02
val_min_episode_len         0.000000e+00
val_mean_timeouts           0.000000e+00
Name: 366, dtype: float64
timesteps                   2.411725e+07
wall_time                   1.416106e+05
num_episodes                2.669800e+04
max_episode_rewards         3.000000e+00
mean_episode_rewards        1.000000e+00
min_episode_rewards         0.000000e+00
max_episode_len             1.000000e+03
mean_episode_len            8.235500e+02
min_episode_len             0.000000e+00
mean_timeouts               0.000000e+00
val_max_episode_rewards     4.000000e+00
val_mean_episode_rewards    3.000000e-01
val_min_episode_rewards     0.000000e+00
val_max_episode_len         1.000000e+03
val_mean_episode_len        1.000000e+03
val_min_episode_len         0.000000e+00
val_mean_timeouts           0.000000e+00
Name: 367, dtype: float64
timesteps                   2.418278e+07
wall_time                   1.419857e+05
num_episodes                2.678100e+04
max_episode_rewards         4.000000e+00
mean_episode_rewards        1.125000e+00
min_episode_rewards         0.000000e+00
max_episode_len             1.000000e+03
mean_episode_len            8.586500e+02
min_episode_len             0.000000e+00
mean_timeouts               0.000000e+00
val_max_episode_rewards     2.000000e+00
val_mean_episode_rewards    2.500000e-01
val_min_episode_rewards     0.000000e+00
val_max_episode_len         1.000000e+03
val_mean_episode_len        9.785000e+02
val_min_episode_len         0.000000e+00
val_mean_timeouts           2.500000e-02
Name: 368, dtype: float64
timesteps                   2.424832e+07
wall_time                   1.423608e+05
num_episodes                2.686300e+04
max_episode_rewards         4.000000e+00
mean_episode_rewards        1.000000e+00
min_episode_rewards         0.000000e+00
max_episode_len             1.000000e+03
mean_episode_len            8.297750e+02
min_episode_len             0.000000e+00
mean_timeouts               0.000000e+00
val_max_episode_rewards     2.000000e+00
val_mean_episode_rewards    2.750000e-01
val_min_episode_rewards     0.000000e+00
val_max_episode_len         1.000000e+03
val_mean_episode_len        9.772500e+02
val_min_episode_len         0.000000e+00
val_mean_timeouts           0.000000e+00
Name: 369, dtype: float64
timesteps                   2.431386e+07
wall_time                   1.427378e+05
num_episodes                2.692200e+04
max_episode_rewards         3.000000e+00
mean_episode_rewards        1.100000e+00
min_episode_rewards         0.000000e+00
max_episode_len             1.000000e+03
mean_episode_len            7.995250e+02
min_episode_len             0.000000e+00
mean_timeouts               0.000000e+00
val_max_episode_rewards     2.000000e+00
val_mean_episode_rewards    2.500000e-01
val_min_episode_rewards     0.000000e+00
val_max_episode_len         1.000000e+03
val_mean_episode_len        1.000000e+03
val_min_episode_len         0.000000e+00
val_mean_timeouts           0.000000e+00
Name: 370, dtype: float64
timesteps                   2.437939e+07
wall_time                   1.431218e+05
num_episodes                2.700400e+04
max_episode_rewards         3.000000e+00
mean_episode_rewards        9.250000e-01
min_episode_rewards         0.000000e+00
max_episode_len             1.000000e+03
mean_episode_len            8.566750e+02
min_episode_len             0.000000e+00
mean_timeouts               0.000000e+00
val_max_episode_rewards     2.000000e+00
val_mean_episode_rewards    3.250000e-01
val_min_episode_rewards     0.000000e+00
val_max_episode_len         1.000000e+03
val_mean_episode_len        1.000000e+03
val_min_episode_len         0.000000e+00
val_mean_timeouts           0.000000e+00
Name: 371, dtype: float64
timesteps                   2.444493e+07
wall_time                   1.435040e+05
num_episodes                2.707400e+04
max_episode_rewards         3.000000e+00
mean_episode_rewards        9.000000e-01
min_episode_rewards         0.000000e+00
max_episode_len             1.000000e+03
mean_episode_len            9.644500e+02
min_episode_len             0.000000e+00
mean_timeouts               0.000000e+00
val_max_episode_rewards     2.000000e+00
val_mean_episode_rewards    2.250000e-01
val_min_episode_rewards     0.000000e+00
val_max_episode_len         1.000000e+03
val_mean_episode_len        9.864000e+02
val_min_episode_len         0.000000e+00
val_mean_timeouts           0.000000e+00
Name: 372, dtype: float64
timesteps                   2.451046e+07
wall_time                   1.438911e+05
num_episodes                2.715800e+04
max_episode_rewards         4.000000e+00
mean_episode_rewards        1.075000e+00
min_episode_rewards         0.000000e+00
max_episode_len             1.000000e+03
mean_episode_len            8.605250e+02
min_episode_len             0.000000e+00
mean_timeouts               0.000000e+00
val_max_episode_rewards     1.000000e+00
val_mean_episode_rewards    1.750000e-01
val_min_episode_rewards     0.000000e+00
val_max_episode_len         1.000000e+03
val_mean_episode_len        9.624000e+02
val_min_episode_len         0.000000e+00
val_mean_timeouts           2.500000e-02
Name: 373, dtype: float64
timesteps                   2.457600e+07
wall_time                   1.442783e+05
num_episodes                2.722000e+04
max_episode_rewards         3.000000e+00
mean_episode_rewards        9.000000e-01
min_episode_rewards         0.000000e+00
max_episode_len             1.000000e+03
mean_episode_len            8.987250e+02
min_episode_len             0.000000e+00
mean_timeouts               0.000000e+00
val_max_episode_rewards     2.000000e+00
val_mean_episode_rewards    3.000000e-01
val_min_episode_rewards     0.000000e+00
val_max_episode_len         1.000000e+03
val_mean_episode_len        9.751750e+02
val_min_episode_len         0.000000e+00
val_mean_timeouts           2.500000e-01
Name: 374, dtype: float64
timesteps                   2.464154e+07
wall_time                   1.446637e+05
num_episodes                2.730400e+04
max_episode_rewards         4.000000e+00
mean_episode_rewards        8.750000e-01
min_episode_rewards         0.000000e+00
max_episode_len             1.000000e+03
mean_episode_len            9.713250e+02
min_episode_len             0.000000e+00
mean_timeouts               0.000000e+00
val_max_episode_rewards     1.000000e+00
val_mean_episode_rewards    1.750000e-01
val_min_episode_rewards     0.000000e+00
val_max_episode_len         1.000000e+03
val_mean_episode_len        9.692500e+02
val_min_episode_len         0.000000e+00
val_mean_timeouts           0.000000e+00
Name: 375, dtype: float64
timesteps                   2.470707e+07
wall_time                   1.450433e+05
num_episodes                2.737300e+04
max_episode_rewards         4.000000e+00
mean_episode_rewards        1.300000e+00
min_episode_rewards         0.000000e+00
max_episode_len             1.000000e+03
mean_episode_len            8.589250e+02
min_episode_len             0.000000e+00
mean_timeouts               2.500000e-02
val_max_episode_rewards     3.000000e+00
val_mean_episode_rewards    4.000000e-01
val_min_episode_rewards     0.000000e+00
val_max_episode_len         1.000000e+03
val_mean_episode_len        9.751000e+02
val_min_episode_len         0.000000e+00
val_mean_timeouts           0.000000e+00
Name: 376, dtype: float64
timesteps                   2.477261e+07
wall_time                   1.454200e+05
num_episodes                2.744500e+04
max_episode_rewards         3.000000e+00
mean_episode_rewards        9.250000e-01
min_episode_rewards         0.000000e+00
max_episode_len             1.000000e+03
mean_episode_len            9.319750e+02
min_episode_len             0.000000e+00
mean_timeouts               0.000000e+00
val_max_episode_rewards     2.000000e+00
val_mean_episode_rewards    4.000000e-01
val_min_episode_rewards     0.000000e+00
val_max_episode_len         1.000000e+03
val_mean_episode_len        1.000000e+03
val_min_episode_len         0.000000e+00
val_mean_timeouts           0.000000e+00
Name: 377, dtype: float64
timesteps                   2.483814e+07
wall_time                   1.457967e+05
num_episodes                2.751500e+04
max_episode_rewards         3.000000e+00
mean_episode_rewards        9.500000e-01
min_episode_rewards         0.000000e+00
max_episode_len             1.000000e+03
mean_episode_len            9.156250e+02
min_episode_len             0.000000e+00
mean_timeouts               0.000000e+00
val_max_episode_rewards     2.000000e+00
val_mean_episode_rewards    3.750000e-01
val_min_episode_rewards     0.000000e+00
val_max_episode_len         1.000000e+03
val_mean_episode_len        9.793500e+02
val_min_episode_len         0.000000e+00
val_mean_timeouts           0.000000e+00
Name: 378, dtype: float64
timesteps                   2.490368e+07
wall_time                   1.461722e+05
num_episodes                2.760300e+04
max_episode_rewards         3.000000e+00
mean_episode_rewards        1.150000e+00
min_episode_rewards         0.000000e+00
max_episode_len             1.000000e+03
mean_episode_len            8.122250e+02
min_episode_len             0.000000e+00
mean_timeouts               2.500000e-02
val_max_episode_rewards     2.000000e+00
val_mean_episode_rewards    2.000000e-01
val_min_episode_rewards     0.000000e+00
val_max_episode_len         1.000000e+03
val_mean_episode_len        9.751500e+02
val_min_episode_len         0.000000e+00
val_mean_timeouts           0.000000e+00
Name: 379, dtype: float64
timesteps                   2.496922e+07
wall_time                   1.465515e+05
num_episodes                2.767700e+04
max_episode_rewards         3.000000e+00
mean_episode_rewards        9.500000e-01
min_episode_rewards         0.000000e+00
max_episode_len             1.000000e+03
mean_episode_len            9.120000e+02
min_episode_len             0.000000e+00
mean_timeouts               0.000000e+00
val_max_episode_rewards     2.000000e+00
val_mean_episode_rewards    3.750000e-01
val_min_episode_rewards     0.000000e+00
val_max_episode_len         1.000000e+03
val_mean_episode_len        9.603750e+02
val_min_episode_len         0.000000e+00
val_mean_timeouts           5.000000e-02
Name: 380, dtype: float64
timesteps                   2.503475e+07
wall_time                   1.469306e+05
num_episodes                2.774300e+04
max_episode_rewards         3.000000e+00
mean_episode_rewards        9.500000e-01
min_episode_rewards         0.000000e+00
max_episode_len             1.000000e+03
mean_episode_len            9.306750e+02
min_episode_len             0.000000e+00
mean_timeouts               0.000000e+00
val_max_episode_rewards     2.000000e+00
val_mean_episode_rewards    2.500000e-01
val_min_episode_rewards     0.000000e+00
val_max_episode_len         1.000000e+03
val_mean_episode_len        1.000000e+03
val_min_episode_len         0.000000e+00
val_mean_timeouts           0.000000e+00
Name: 381, dtype: float64
Saving model at timestep 25034753
timesteps                   2.510029e+07
wall_time                   1.473135e+05
num_episodes                2.780800e+04
max_episode_rewards         3.000000e+00
mean_episode_rewards        1.200000e+00
min_episode_rewards         0.000000e+00
max_episode_len             1.000000e+03
mean_episode_len            8.769500e+02
min_episode_len             0.000000e+00
mean_timeouts               0.000000e+00
val_max_episode_rewards     1.000000e+00
val_mean_episode_rewards    2.000000e-01
val_min_episode_rewards     0.000000e+00
val_max_episode_len         1.000000e+03
val_mean_episode_len        9.751500e+02
val_min_episode_len         0.000000e+00
val_mean_timeouts           0.000000e+00
Name: 382, dtype: float64
timesteps                   2.516582e+07
wall_time                   1.477037e+05
num_episodes                2.789300e+04
max_episode_rewards         3.000000e+00
mean_episode_rewards        1.200000e+00
min_episode_rewards         0.000000e+00
max_episode_len             1.000000e+03
mean_episode_len            9.381500e+02
min_episode_len             0.000000e+00
mean_timeouts               2.500000e-02
val_max_episode_rewards     2.000000e+00
val_mean_episode_rewards    2.750000e-01
val_min_episode_rewards     0.000000e+00
val_max_episode_len         1.000000e+03
val_mean_episode_len        9.790500e+02
val_min_episode_len         0.000000e+00
val_mean_timeouts           2.500000e-02
Name: 383, dtype: float64
timesteps                   2.523136e+07
wall_time                   1.480956e+05
num_episodes                2.795600e+04
max_episode_rewards         4.000000e+00
mean_episode_rewards        1.075000e+00
min_episode_rewards         0.000000e+00
max_episode_len             1.000000e+03
mean_episode_len            9.170000e+02
min_episode_len             0.000000e+00
mean_timeouts               0.000000e+00
val_max_episode_rewards     2.000000e+00
val_mean_episode_rewards    2.750000e-01
val_min_episode_rewards     0.000000e+00
val_max_episode_len         1.000000e+03
val_mean_episode_len        9.827250e+02
val_min_episode_len         0.000000e+00
val_mean_timeouts           0.000000e+00
Name: 384, dtype: float64
timesteps                   2.529690e+07
wall_time                   1.484868e+05
num_episodes                2.802500e+04
max_episode_rewards         4.000000e+00
mean_episode_rewards        1.000000e+00
min_episode_rewards         0.000000e+00
max_episode_len             1.000000e+03
mean_episode_len            7.812750e+02
min_episode_len             0.000000e+00
mean_timeouts               0.000000e+00
val_max_episode_rewards     2.000000e+00
val_mean_episode_rewards    3.000000e-01
val_min_episode_rewards     0.000000e+00
val_max_episode_len         1.000000e+03
val_mean_episode_len        9.819250e+02
val_min_episode_len         0.000000e+00
val_mean_timeouts           0.000000e+00
Name: 385, dtype: float64
timesteps                   2.536243e+07
wall_time                   1.488765e+05
num_episodes                2.809700e+04
max_episode_rewards         3.000000e+00
mean_episode_rewards        7.500000e-01
min_episode_rewards         0.000000e+00
max_episode_len             1.000000e+03
mean_episode_len            9.103750e+02
min_episode_len             0.000000e+00
mean_timeouts               5.000000e-02
val_max_episode_rewards     2.000000e+00
val_mean_episode_rewards    4.500000e-01
val_min_episode_rewards     0.000000e+00
val_max_episode_len         1.000000e+03
val_mean_episode_len        9.909250e+02
val_min_episode_len         0.000000e+00
val_mean_timeouts           0.000000e+00
Name: 386, dtype: float64
timesteps                   2.542797e+07
wall_time                   1.492636e+05
num_episodes                2.818700e+04
max_episode_rewards         3.000000e+00
mean_episode_rewards        9.500000e-01
min_episode_rewards         0.000000e+00
max_episode_len             1.000000e+03
mean_episode_len            8.430750e+02
min_episode_len             0.000000e+00
mean_timeouts               0.000000e+00
val_max_episode_rewards     2.000000e+00
val_mean_episode_rewards    4.250000e-01
val_min_episode_rewards     0.000000e+00
val_max_episode_len         1.000000e+03
val_mean_episode_len        9.633250e+02
val_min_episode_len         0.000000e+00
val_mean_timeouts           0.000000e+00
Name: 387, dtype: float64
timesteps                   2.549350e+07
wall_time                   1.496469e+05
num_episodes                2.825200e+04
max_episode_rewards         3.000000e+00
mean_episode_rewards        8.250000e-01
min_episode_rewards         0.000000e+00
max_episode_len             1.000000e+03
mean_episode_len            8.796750e+02
min_episode_len             0.000000e+00
mean_timeouts               0.000000e+00
val_max_episode_rewards     2.000000e+00
val_mean_episode_rewards    2.750000e-01
val_min_episode_rewards     0.000000e+00
val_max_episode_len         1.000000e+03
val_mean_episode_len        9.955250e+02
val_min_episode_len         0.000000e+00
val_mean_timeouts           0.000000e+00
Name: 388, dtype: float64
timesteps                   2.555904e+07
wall_time                   1.500307e+05
num_episodes                2.831700e+04
max_episode_rewards         4.000000e+00
mean_episode_rewards        1.075000e+00
min_episode_rewards         0.000000e+00
max_episode_len             1.000000e+03
mean_episode_len            8.646000e+02
min_episode_len             0.000000e+00
mean_timeouts               0.000000e+00
val_max_episode_rewards     2.000000e+00
val_mean_episode_rewards    2.750000e-01
val_min_episode_rewards     0.000000e+00
val_max_episode_len         1.000000e+03
val_mean_episode_len        9.912250e+02
val_min_episode_len         0.000000e+00
val_mean_timeouts           0.000000e+00
Name: 389, dtype: float64
timesteps                   2.562458e+07
wall_time                   1.504111e+05
num_episodes                2.839300e+04
max_episode_rewards         3.000000e+00
mean_episode_rewards        9.250000e-01
min_episode_rewards         0.000000e+00
max_episode_len             1.000000e+03
mean_episode_len            8.475000e+02
min_episode_len             0.000000e+00
mean_timeouts               2.500000e-02
val_max_episode_rewards     2.000000e+00
val_mean_episode_rewards    3.000000e-01
val_min_episode_rewards     0.000000e+00
val_max_episode_len         1.000000e+03
val_mean_episode_len        1.000000e+03
val_min_episode_len         0.000000e+00
val_mean_timeouts           0.000000e+00
Name: 390, dtype: float64
timesteps                   2.569011e+07
wall_time                   1.507924e+05
num_episodes                2.849100e+04
max_episode_rewards         3.000000e+00
mean_episode_rewards        9.500000e-01
min_episode_rewards         0.000000e+00
max_episode_len             1.000000e+03
mean_episode_len            9.473250e+02
min_episode_len             0.000000e+00
mean_timeouts               0.000000e+00
val_max_episode_rewards     2.000000e+00
val_mean_episode_rewards    2.750000e-01
val_min_episode_rewards     0.000000e+00
val_max_episode_len         1.000000e+03
val_mean_episode_len        1.000000e+03
val_min_episode_len         0.000000e+00
val_mean_timeouts           0.000000e+00
Name: 391, dtype: float64
timesteps                   2.575565e+07
wall_time                   1.511721e+05
num_episodes                2.855800e+04
max_episode_rewards         3.000000e+00
mean_episode_rewards        1.025000e+00
min_episode_rewards         0.000000e+00
max_episode_len             1.000000e+03
mean_episode_len            8.085750e+02
min_episode_len             0.000000e+00
mean_timeouts               5.000000e-02
val_max_episode_rewards     2.000000e+00
val_mean_episode_rewards    3.000000e-01
val_min_episode_rewards     0.000000e+00
val_max_episode_len         1.000000e+03
val_mean_episode_len        9.647250e+02
val_min_episode_len         0.000000e+00
val_mean_timeouts           0.000000e+00
Name: 392, dtype: float64
timesteps                   2.582118e+07
wall_time                   1.515491e+05
num_episodes                2.862000e+04
max_episode_rewards         3.000000e+00
mean_episode_rewards        9.750000e-01
min_episode_rewards         0.000000e+00
max_episode_len             1.000000e+03
mean_episode_len            8.059250e+02
min_episode_len             0.000000e+00
mean_timeouts               0.000000e+00
val_max_episode_rewards     2.000000e+00
val_mean_episode_rewards    3.000000e-01
val_min_episode_rewards     0.000000e+00
val_max_episode_len         1.000000e+03
val_mean_episode_len        9.960500e+02
val_min_episode_len         0.000000e+00
val_mean_timeouts           0.000000e+00
Name: 393, dtype: float64
timesteps                   2.588672e+07
wall_time                   1.519276e+05
num_episodes                2.869900e+04
max_episode_rewards         4.000000e+00
mean_episode_rewards        9.250000e-01
min_episode_rewards         0.000000e+00
max_episode_len             1.000000e+03
mean_episode_len            8.847750e+02
min_episode_len             0.000000e+00
mean_timeouts               0.000000e+00
val_max_episode_rewards     2.000000e+00
val_mean_episode_rewards    2.500000e-01
val_min_episode_rewards     0.000000e+00
val_max_episode_len         1.000000e+03
val_mean_episode_len        1.000000e+03
val_min_episode_len         0.000000e+00
val_mean_timeouts           0.000000e+00
Name: 394, dtype: float64
timesteps                   2.595226e+07
wall_time                   1.523033e+05
num_episodes                2.878500e+04
max_episode_rewards         4.000000e+00
mean_episode_rewards        9.000000e-01
min_episode_rewards         0.000000e+00
max_episode_len             1.000000e+03
mean_episode_len            8.189000e+02
min_episode_len             0.000000e+00
mean_timeouts               0.000000e+00
val_max_episode_rewards     2.000000e+00
val_mean_episode_rewards    3.250000e-01
val_min_episode_rewards     0.000000e+00
val_max_episode_len         1.000000e+03
val_mean_episode_len        9.874500e+02
val_min_episode_len         0.000000e+00
val_mean_timeouts           2.500000e-02
Name: 395, dtype: float64
timesteps                   2.601779e+07
wall_time                   1.526757e+05
num_episodes                2.886300e+04
max_episode_rewards         3.000000e+00
mean_episode_rewards        1.100000e+00
min_episode_rewards         0.000000e+00
max_episode_len             1.000000e+03
mean_episode_len            7.999000e+02
min_episode_len             0.000000e+00
mean_timeouts               0.000000e+00
val_max_episode_rewards     2.000000e+00
val_mean_episode_rewards    4.500000e-01
val_min_episode_rewards     0.000000e+00
val_max_episode_len         1.000000e+03
val_mean_episode_len        9.844750e+02
val_min_episode_len         0.000000e+00
val_mean_timeouts           0.000000e+00
Name: 396, dtype: float64
timesteps                   2.608333e+07
wall_time                   1.530506e+05
num_episodes                2.892600e+04
max_episode_rewards         3.000000e+00
mean_episode_rewards        9.250000e-01
min_episode_rewards         0.000000e+00
max_episode_len             1.000000e+03
mean_episode_len            8.910250e+02
min_episode_len             0.000000e+00
mean_timeouts               0.000000e+00
val_max_episode_rewards     2.000000e+00
val_mean_episode_rewards    2.750000e-01
val_min_episode_rewards     0.000000e+00
val_max_episode_len         1.000000e+03
val_mean_episode_len        9.906750e+02
val_min_episode_len         0.000000e+00
val_mean_timeouts           0.000000e+00
Name: 397, dtype: float64
timesteps                   2.614886e+07
wall_time                   1.534270e+05
num_episodes                2.900400e+04
max_episode_rewards         3.000000e+00
mean_episode_rewards        8.250000e-01
min_episode_rewards         0.000000e+00
max_episode_len             1.000000e+03
mean_episode_len            8.750250e+02
min_episode_len             0.000000e+00
mean_timeouts               0.000000e+00
val_max_episode_rewards     2.000000e+00
val_mean_episode_rewards    2.750000e-01
val_min_episode_rewards     0.000000e+00
val_max_episode_len         1.000000e+03
val_mean_episode_len        1.000000e+03
val_min_episode_len         0.000000e+00
val_mean_timeouts           2.500000e-02
Name: 398, dtype: float64
timesteps                   2.621440e+07
wall_time                   1.538064e+05
num_episodes                2.908400e+04
max_episode_rewards         3.000000e+00
mean_episode_rewards        8.500000e-01
min_episode_rewards         0.000000e+00
max_episode_len             1.000000e+03
mean_episode_len            8.870000e+02
min_episode_len             0.000000e+00
mean_timeouts               0.000000e+00
val_max_episode_rewards     3.000000e+00
val_mean_episode_rewards    5.250000e-01
val_min_episode_rewards     0.000000e+00
val_max_episode_len         1.000000e+03
val_mean_episode_len        9.761250e+02
val_min_episode_len         0.000000e+00
val_mean_timeouts           0.000000e+00
Name: 399, dtype: float64
timesteps                   2.627994e+07
wall_time                   1.541880e+05
num_episodes                2.915900e+04
max_episode_rewards         3.000000e+00
mean_episode_rewards        1.250000e+00
min_episode_rewards         0.000000e+00
max_episode_len             1.000000e+03
mean_episode_len            8.868750e+02
min_episode_len             0.000000e+00
mean_timeouts               2.500000e-02
val_max_episode_rewards     2.000000e+00
val_mean_episode_rewards    2.250000e-01
val_min_episode_rewards     0.000000e+00
val_max_episode_len         1.000000e+03
val_mean_episode_len        1.000000e+03
val_min_episode_len         0.000000e+00
val_mean_timeouts           0.000000e+00
Name: 400, dtype: float64
timesteps                   2.634547e+07
wall_time                   1.545800e+05
num_episodes                2.921200e+04
max_episode_rewards         3.000000e+00
mean_episode_rewards        1.125000e+00
min_episode_rewards         0.000000e+00
max_episode_len             1.000000e+03
mean_episode_len            8.868500e+02
min_episode_len             0.000000e+00
mean_timeouts               2.500000e-02
val_max_episode_rewards     2.000000e+00
val_mean_episode_rewards    2.000000e-01
val_min_episode_rewards     0.000000e+00
val_max_episode_len         1.000000e+03
val_mean_episode_len        9.915250e+02
val_min_episode_len         0.000000e+00
val_mean_timeouts           0.000000e+00
Name: 401, dtype: float64
timesteps                   2.641101e+07
wall_time                   1.549702e+05
num_episodes                2.929700e+04
max_episode_rewards         3.000000e+00
mean_episode_rewards        1.525000e+00
min_episode_rewards         0.000000e+00
max_episode_len             1.000000e+03
mean_episode_len            8.743000e+02
min_episode_len             0.000000e+00
mean_timeouts               0.000000e+00
val_max_episode_rewards     1.000000e+00
val_mean_episode_rewards    1.750000e-01
val_min_episode_rewards     0.000000e+00
val_max_episode_len         1.000000e+03
val_mean_episode_len        1.000000e+03
val_min_episode_len         0.000000e+00
val_mean_timeouts           0.000000e+00
Name: 402, dtype: float64
timesteps                   2.647654e+07
wall_time                   1.553644e+05
num_episodes                2.937800e+04
max_episode_rewards         5.000000e+00
mean_episode_rewards        1.150000e+00
min_episode_rewards         0.000000e+00
max_episode_len             1.000000e+03
mean_episode_len            8.557000e+02
min_episode_len             0.000000e+00
mean_timeouts               0.000000e+00
val_max_episode_rewards     2.000000e+00
val_mean_episode_rewards    2.500000e-01
val_min_episode_rewards     0.000000e+00
val_max_episode_len         1.000000e+03
val_mean_episode_len        1.000000e+03
val_min_episode_len         0.000000e+00
val_mean_timeouts           0.000000e+00
Name: 403, dtype: float64
timesteps                   2.654208e+07
wall_time                   1.557639e+05
num_episodes                2.945300e+04
max_episode_rewards         3.000000e+00
mean_episode_rewards        9.750000e-01
min_episode_rewards         0.000000e+00
max_episode_len             1.000000e+03
mean_episode_len            9.089000e+02
min_episode_len             0.000000e+00
mean_timeouts               0.000000e+00
val_max_episode_rewards     1.000000e+00
val_mean_episode_rewards    2.250000e-01
val_min_episode_rewards     0.000000e+00
val_max_episode_len         1.000000e+03
val_mean_episode_len        1.000000e+03
val_min_episode_len         0.000000e+00
val_mean_timeouts           2.500000e-02
Name: 404, dtype: float64
timesteps                   2.660762e+07
wall_time                   1.561561e+05
num_episodes                2.950800e+04
max_episode_rewards         5.000000e+00
mean_episode_rewards        1.250000e+00
min_episode_rewards         0.000000e+00
max_episode_len             1.000000e+03
mean_episode_len            8.707500e+02
min_episode_len             0.000000e+00
mean_timeouts               0.000000e+00
val_max_episode_rewards     2.000000e+00
val_mean_episode_rewards    2.250000e-01
val_min_episode_rewards     0.000000e+00
val_max_episode_len         1.000000e+03
val_mean_episode_len        1.000000e+03
val_min_episode_len         0.000000e+00
val_mean_timeouts           0.000000e+00
Name: 405, dtype: float64
timesteps                   2.667315e+07
wall_time                   1.565434e+05
num_episodes                2.958700e+04
max_episode_rewards         3.000000e+00
mean_episode_rewards        1.025000e+00
min_episode_rewards         0.000000e+00
max_episode_len             1.000000e+03
mean_episode_len            9.218250e+02
min_episode_len             0.000000e+00
mean_timeouts               0.000000e+00
val_max_episode_rewards     1.000000e+00
val_mean_episode_rewards    1.750000e-01
val_min_episode_rewards     0.000000e+00
val_max_episode_len         1.000000e+03
val_mean_episode_len        1.000000e+03
val_min_episode_len         0.000000e+00
val_mean_timeouts           0.000000e+00
Name: 406, dtype: float64
timesteps                   2.673869e+07
wall_time                   1.569286e+05
num_episodes                2.966900e+04
max_episode_rewards         3.000000e+00
mean_episode_rewards        1.225000e+00
min_episode_rewards         0.000000e+00
max_episode_len             1.000000e+03
mean_episode_len            8.611000e+02
min_episode_len             0.000000e+00
mean_timeouts               0.000000e+00
val_max_episode_rewards     1.000000e+00
val_mean_episode_rewards    2.750000e-01
val_min_episode_rewards     0.000000e+00
val_max_episode_len         1.000000e+03
val_mean_episode_len        9.797250e+02
val_min_episode_len         0.000000e+00
val_mean_timeouts           0.000000e+00
Name: 407, dtype: float64
timesteps                   2.680422e+07
wall_time                   1.573143e+05
num_episodes                2.975500e+04
max_episode_rewards         3.000000e+00
mean_episode_rewards        9.250000e-01
min_episode_rewards         0.000000e+00
max_episode_len             1.000000e+03
mean_episode_len            9.037250e+02
min_episode_len             0.000000e+00
mean_timeouts               5.000000e-02
val_max_episode_rewards     1.000000e+00
val_mean_episode_rewards    1.750000e-01
val_min_episode_rewards     0.000000e+00
val_max_episode_len         1.000000e+03
val_mean_episode_len        9.751250e+02
val_min_episode_len         0.000000e+00
val_mean_timeouts           0.000000e+00
Name: 408, dtype: float64
timesteps                   2.686976e+07
wall_time                   1.577080e+05
num_episodes                2.980500e+04
max_episode_rewards         3.000000e+00
mean_episode_rewards        1.000000e+00
min_episode_rewards         0.000000e+00
max_episode_len             1.000000e+03
mean_episode_len            8.670000e+02
min_episode_len             0.000000e+00
mean_timeouts               0.000000e+00
val_max_episode_rewards     2.000000e+00
val_mean_episode_rewards    2.500000e-01
val_min_episode_rewards     0.000000e+00
val_max_episode_len         1.000000e+03
val_mean_episode_len        9.754750e+02
val_min_episode_len         0.000000e+00
val_mean_timeouts           2.500000e-02
Name: 409, dtype: float64
timesteps                   2.693530e+07
wall_time                   1.580969e+05
num_episodes                2.987500e+04
max_episode_rewards         4.000000e+00
mean_episode_rewards        1.100000e+00
min_episode_rewards         0.000000e+00
max_episode_len             1.000000e+03
mean_episode_len            9.527500e+02
min_episode_len             0.000000e+00
mean_timeouts               0.000000e+00
val_max_episode_rewards     3.000000e+00
val_mean_episode_rewards    3.750000e-01
val_min_episode_rewards     0.000000e+00
val_max_episode_len         1.000000e+03
val_mean_episode_len        9.962250e+02
val_min_episode_len         0.000000e+00
val_mean_timeouts           0.000000e+00
Name: 410, dtype: float64
timesteps                   2.700083e+07
wall_time                   1.584828e+05
num_episodes                2.995600e+04
max_episode_rewards         3.000000e+00
mean_episode_rewards        1.050000e+00
min_episode_rewards         0.000000e+00
max_episode_len             1.000000e+03
mean_episode_len            9.145500e+02
min_episode_len             0.000000e+00
mean_timeouts               0.000000e+00
val_max_episode_rewards     2.000000e+00
val_mean_episode_rewards    3.500000e-01
val_min_episode_rewards     0.000000e+00
val_max_episode_len         1.000000e+03
val_mean_episode_len        9.426750e+02
val_min_episode_len         0.000000e+00
val_mean_timeouts           0.000000e+00
Name: 411, dtype: float64
timesteps                   2.706637e+07
wall_time                   1.588748e+05
num_episodes                3.004600e+04
max_episode_rewards         3.000000e+00
mean_episode_rewards        1.150000e+00
min_episode_rewards         0.000000e+00
max_episode_len             1.000000e+03
mean_episode_len            8.802500e+02
min_episode_len             0.000000e+00
mean_timeouts               0.000000e+00
val_max_episode_rewards     2.000000e+00
val_mean_episode_rewards    3.250000e-01
val_min_episode_rewards     0.000000e+00
val_max_episode_len         1.000000e+03
val_mean_episode_len        9.687750e+02
val_min_episode_len         0.000000e+00
val_mean_timeouts           0.000000e+00
Name: 412, dtype: float64
timesteps                   2.713190e+07
wall_time                   1.592672e+05
num_episodes                3.010300e+04
max_episode_rewards         3.000000e+00
mean_episode_rewards        1.000000e+00
min_episode_rewards         0.000000e+00
max_episode_len             1.000000e+03
mean_episode_len            8.094000e+02
min_episode_len             0.000000e+00
mean_timeouts               0.000000e+00
val_max_episode_rewards     2.000000e+00
val_mean_episode_rewards    3.000000e-01
val_min_episode_rewards     0.000000e+00
val_max_episode_len         1.000000e+03
val_mean_episode_len        1.000000e+03
val_min_episode_len         0.000000e+00
val_mean_timeouts           0.000000e+00
Name: 413, dtype: float64
timesteps                   2.719744e+07
wall_time                   1.596616e+05
num_episodes                3.018600e+04
max_episode_rewards         3.000000e+00
mean_episode_rewards        1.125000e+00
min_episode_rewards         0.000000e+00
max_episode_len             1.000000e+03
mean_episode_len            8.282000e+02
min_episode_len             0.000000e+00
mean_timeouts               0.000000e+00
val_max_episode_rewards     2.000000e+00
val_mean_episode_rewards    2.000000e-01
val_min_episode_rewards     0.000000e+00
val_max_episode_len         1.000000e+03
val_mean_episode_len        1.000000e+03
val_min_episode_len         0.000000e+00
val_mean_timeouts           0.000000e+00
Name: 414, dtype: float64
timesteps                   2.726298e+07
wall_time                   1.600634e+05
num_episodes                3.026000e+04
max_episode_rewards         3.000000e+00
mean_episode_rewards        1.000000e+00
min_episode_rewards         0.000000e+00
max_episode_len             1.000000e+03
mean_episode_len            9.347000e+02
min_episode_len             0.000000e+00
mean_timeouts               0.000000e+00
val_max_episode_rewards     2.000000e+00
val_mean_episode_rewards    2.250000e-01
val_min_episode_rewards     0.000000e+00
val_max_episode_len         1.000000e+03
val_mean_episode_len        1.000000e+03
val_min_episode_len         0.000000e+00
val_mean_timeouts           0.000000e+00
Name: 415, dtype: float64
timesteps                   2.732851e+07
wall_time                   1.604631e+05
num_episodes                3.034300e+04
max_episode_rewards         3.000000e+00
mean_episode_rewards        1.200000e+00
min_episode_rewards         0.000000e+00
max_episode_len             1.000000e+03
mean_episode_len            9.302000e+02
min_episode_len             0.000000e+00
mean_timeouts               0.000000e+00
val_max_episode_rewards     2.000000e+00
val_mean_episode_rewards    1.250000e-01
val_min_episode_rewards     0.000000e+00
val_max_episode_len         1.000000e+03
val_mean_episode_len        1.000000e+03
val_min_episode_len         0.000000e+00
val_mean_timeouts           0.000000e+00
Name: 416, dtype: float64
timesteps                   2.739405e+07
wall_time                   1.608654e+05
num_episodes                3.039500e+04
max_episode_rewards         4.000000e+00
mean_episode_rewards        1.350000e+00
min_episode_rewards         0.000000e+00
max_episode_len             1.000000e+03
mean_episode_len            9.068250e+02
min_episode_len             0.000000e+00
mean_timeouts               2.500000e-02
val_max_episode_rewards     2.000000e+00
val_mean_episode_rewards    2.750000e-01
val_min_episode_rewards     0.000000e+00
val_max_episode_len         1.000000e+03
val_mean_episode_len        9.734750e+02
val_min_episode_len         0.000000e+00
val_mean_timeouts           0.000000e+00
Name: 417, dtype: float64
timesteps                   2.745958e+07
wall_time                   1.612671e+05
num_episodes                3.048300e+04
max_episode_rewards         3.000000e+00
mean_episode_rewards        1.025000e+00
min_episode_rewards         0.000000e+00
max_episode_len             1.000000e+03
mean_episode_len            8.225750e+02
min_episode_len             0.000000e+00
mean_timeouts               0.000000e+00
val_max_episode_rewards     2.000000e+00
val_mean_episode_rewards    3.750000e-01
val_min_episode_rewards     0.000000e+00
val_max_episode_len         1.000000e+03
val_mean_episode_len        9.885000e+02
val_min_episode_len         0.000000e+00
val_mean_timeouts           0.000000e+00
Name: 418, dtype: float64
timesteps                   2.752512e+07
wall_time                   1.616613e+05
num_episodes                3.056000e+04
max_episode_rewards         4.000000e+00
mean_episode_rewards        1.250000e+00
min_episode_rewards         0.000000e+00
max_episode_len             1.000000e+03
mean_episode_len            8.178500e+02
min_episode_len             0.000000e+00
mean_timeouts               0.000000e+00
val_max_episode_rewards     2.000000e+00
val_mean_episode_rewards    4.000000e-01
val_min_episode_rewards     0.000000e+00
val_max_episode_len         1.000000e+03
val_mean_episode_len        1.000000e+03
val_min_episode_len         0.000000e+00
val_mean_timeouts           0.000000e+00
Name: 419, dtype: float64
timesteps                   2.759066e+07
wall_time                   1.620561e+05
num_episodes                3.064700e+04
max_episode_rewards         3.000000e+00
mean_episode_rewards        8.000000e-01
min_episode_rewards         0.000000e+00
max_episode_len             1.000000e+03
mean_episode_len            9.533750e+02
min_episode_len             0.000000e+00
mean_timeouts               0.000000e+00
val_max_episode_rewards     2.000000e+00
val_mean_episode_rewards    3.750000e-01
val_min_episode_rewards     0.000000e+00
val_max_episode_len         1.000000e+03
val_mean_episode_len        9.892250e+02
val_min_episode_len         0.000000e+00
val_mean_timeouts           0.000000e+00
Name: 420, dtype: float64
timesteps                   2.765619e+07
wall_time                   1.624501e+05
num_episodes                3.069500e+04
max_episode_rewards         3.000000e+00
mean_episode_rewards        1.325000e+00
min_episode_rewards         0.000000e+00
max_episode_len             1.000000e+03
mean_episode_len            7.925250e+02
min_episode_len             0.000000e+00
mean_timeouts               0.000000e+00
val_max_episode_rewards     2.000000e+00
val_mean_episode_rewards    3.750000e-01
val_min_episode_rewards     0.000000e+00
val_max_episode_len         1.000000e+03
val_mean_episode_len        9.566250e+02
val_min_episode_len         0.000000e+00
val_mean_timeouts           0.000000e+00
Name: 421, dtype: float64
timesteps                   2.772173e+07
wall_time                   1.628414e+05
num_episodes                3.078900e+04
max_episode_rewards         3.000000e+00
mean_episode_rewards        1.250000e+00
min_episode_rewards         0.000000e+00
max_episode_len             1.000000e+03
mean_episode_len            8.946750e+02
min_episode_len             0.000000e+00
mean_timeouts               0.000000e+00
val_max_episode_rewards     2.000000e+00
val_mean_episode_rewards    3.750000e-01
val_min_episode_rewards     0.000000e+00
val_max_episode_len         1.000000e+03
val_mean_episode_len        1.000000e+03
val_min_episode_len         0.000000e+00
val_mean_timeouts           0.000000e+00
Name: 422, dtype: float64
timesteps                   2.778726e+07
wall_time                   1.632362e+05
num_episodes                3.085900e+04
max_episode_rewards         4.000000e+00
mean_episode_rewards        1.000000e+00
min_episode_rewards         0.000000e+00
max_episode_len             1.000000e+03
mean_episode_len            8.795000e+02
min_episode_len             0.000000e+00
mean_timeouts               2.500000e-02
val_max_episode_rewards     2.000000e+00
val_mean_episode_rewards    4.250000e-01
val_min_episode_rewards     0.000000e+00
val_max_episode_len         1.000000e+03
val_mean_episode_len        9.586000e+02
val_min_episode_len         0.000000e+00
val_mean_timeouts           0.000000e+00
Name: 423, dtype: float64
timesteps                   2.785280e+07
wall_time                   1.636266e+05
num_episodes                3.094900e+04
max_episode_rewards         4.000000e+00
mean_episode_rewards        1.200000e+00
min_episode_rewards         0.000000e+00
max_episode_len             1.000000e+03
mean_episode_len            9.060500e+02
min_episode_len             0.000000e+00
mean_timeouts               0.000000e+00
val_max_episode_rewards     2.000000e+00
val_mean_episode_rewards    3.000000e-01
val_min_episode_rewards     0.000000e+00
val_max_episode_len         1.000000e+03
val_mean_episode_len        9.930000e+02
val_min_episode_len         0.000000e+00
val_mean_timeouts           0.000000e+00
Name: 424, dtype: float64
timesteps                   2.791834e+07
wall_time                   1.640144e+05
num_episodes                3.100200e+04
max_episode_rewards         3.000000e+00
mean_episode_rewards        1.250000e+00
min_episode_rewards         0.000000e+00
max_episode_len             1.000000e+03
mean_episode_len            8.775750e+02
min_episode_len             0.000000e+00
mean_timeouts               0.000000e+00
val_max_episode_rewards     3.000000e+00
val_mean_episode_rewards    2.250000e-01
val_min_episode_rewards     0.000000e+00
val_max_episode_len         1.000000e+03
val_mean_episode_len        1.000000e+03
val_min_episode_len         0.000000e+00
val_mean_timeouts           2.500000e-02
Name: 425, dtype: float64
timesteps                   2.798387e+07
wall_time                   1.644062e+05
num_episodes                3.108100e+04
max_episode_rewards         3.000000e+00
mean_episode_rewards        1.275000e+00
min_episode_rewards         0.000000e+00
max_episode_len             1.000000e+03
mean_episode_len            9.024500e+02
min_episode_len             0.000000e+00
mean_timeouts               2.500000e-02
val_max_episode_rewards     2.000000e+00
val_mean_episode_rewards    4.000000e-01
val_min_episode_rewards     0.000000e+00
val_max_episode_len         1.000000e+03
val_mean_episode_len        1.000000e+03
val_min_episode_len         0.000000e+00
val_mean_timeouts           0.000000e+00
Name: 426, dtype: float64
timesteps                   2.804941e+07
wall_time                   1.647949e+05
num_episodes                3.116200e+04
max_episode_rewards         4.000000e+00
mean_episode_rewards        1.325000e+00
min_episode_rewards         0.000000e+00
max_episode_len             1.000000e+03
mean_episode_len            8.285500e+02
min_episode_len             0.000000e+00
mean_timeouts               0.000000e+00
val_max_episode_rewards     1.000000e+00
val_mean_episode_rewards    2.500000e-01
val_min_episode_rewards     0.000000e+00
val_max_episode_len         1.000000e+03
val_mean_episode_len        1.000000e+03
val_min_episode_len         0.000000e+00
val_mean_timeouts           0.000000e+00
Name: 427, dtype: float64
timesteps                   2.811494e+07
wall_time                   1.651922e+05
num_episodes                3.125000e+04
max_episode_rewards         4.000000e+00
mean_episode_rewards        9.000000e-01
min_episode_rewards         0.000000e+00
max_episode_len             1.000000e+03
mean_episode_len            9.080250e+02
min_episode_len             0.000000e+00
mean_timeouts               0.000000e+00
val_max_episode_rewards     2.000000e+00
val_mean_episode_rewards    3.250000e-01
val_min_episode_rewards     0.000000e+00
val_max_episode_len         1.000000e+03
val_mean_episode_len        9.971000e+02
val_min_episode_len         0.000000e+00
val_mean_timeouts           0.000000e+00
Name: 428, dtype: float64
timesteps                   2.818048e+07
wall_time                   1.655945e+05
num_episodes                3.130500e+04
max_episode_rewards         4.000000e+00
mean_episode_rewards        1.250000e+00
min_episode_rewards         0.000000e+00
max_episode_len             1.000000e+03
mean_episode_len            8.437000e+02
min_episode_len             0.000000e+00
mean_timeouts               0.000000e+00
val_max_episode_rewards     2.000000e+00
val_mean_episode_rewards    3.000000e-01
val_min_episode_rewards     0.000000e+00
val_max_episode_len         1.000000e+03
val_mean_episode_len        1.000000e+03
val_min_episode_len         0.000000e+00
val_mean_timeouts           0.000000e+00
Name: 429, dtype: float64
timesteps                   2.824602e+07
wall_time                   1.659989e+05
num_episodes                3.138400e+04
max_episode_rewards         3.000000e+00
mean_episode_rewards        8.500000e-01
min_episode_rewards         0.000000e+00
max_episode_len             1.000000e+03
mean_episode_len            9.099500e+02
min_episode_len             0.000000e+00
mean_timeouts               0.000000e+00
val_max_episode_rewards     2.000000e+00
val_mean_episode_rewards    2.250000e-01
val_min_episode_rewards     0.000000e+00
val_max_episode_len         1.000000e+03
val_mean_episode_len        1.000000e+03
val_min_episode_len         0.000000e+00
val_mean_timeouts           0.000000e+00
Name: 430, dtype: float64
timesteps                   2.831155e+07
wall_time                   1.664036e+05
num_episodes                3.146500e+04
max_episode_rewards         4.000000e+00
mean_episode_rewards        8.750000e-01
min_episode_rewards         0.000000e+00
max_episode_len             1.000000e+03
mean_episode_len            9.451250e+02
min_episode_len             0.000000e+00
mean_timeouts               0.000000e+00
val_max_episode_rewards     1.000000e+00
val_mean_episode_rewards    2.750000e-01
val_min_episode_rewards     0.000000e+00
val_max_episode_len         1.000000e+03
val_mean_episode_len        9.952500e+02
val_min_episode_len         0.000000e+00
val_mean_timeouts           0.000000e+00
Name: 431, dtype: float64
timesteps                   2.837709e+07
wall_time                   1.668015e+05
num_episodes                3.154800e+04
max_episode_rewards         3.000000e+00
mean_episode_rewards        1.025000e+00
min_episode_rewards         0.000000e+00
max_episode_len             1.000000e+03
mean_episode_len            8.040750e+02
min_episode_len             0.000000e+00
mean_timeouts               0.000000e+00
val_max_episode_rewards     3.000000e+00
val_mean_episode_rewards    5.000000e-01
val_min_episode_rewards     0.000000e+00
val_max_episode_len         1.000000e+03
val_mean_episode_len        9.797000e+02
val_min_episode_len         0.000000e+00
val_mean_timeouts           0.000000e+00
Name: 432, dtype: float64
timesteps                   2.844262e+07
wall_time                   1.671975e+05
num_episodes                3.161100e+04
max_episode_rewards         3.000000e+00
mean_episode_rewards        1.075000e+00
min_episode_rewards         0.000000e+00
max_episode_len             1.000000e+03
mean_episode_len            8.662250e+02
min_episode_len             0.000000e+00
mean_timeouts               0.000000e+00
val_max_episode_rewards     2.000000e+00
val_mean_episode_rewards    3.500000e-01
val_min_episode_rewards     0.000000e+00
val_max_episode_len         1.000000e+03
val_mean_episode_len        1.000000e+03
val_min_episode_len         0.000000e+00
val_mean_timeouts           0.000000e+00
Name: 433, dtype: float64
timesteps                   2.850816e+07
wall_time                   1.675950e+05
num_episodes                3.168900e+04
max_episode_rewards         6.000000e+00
mean_episode_rewards        1.000000e+00
min_episode_rewards         0.000000e+00
max_episode_len             1.000000e+03
mean_episode_len            9.165750e+02
min_episode_len             0.000000e+00
mean_timeouts               0.000000e+00
val_max_episode_rewards     2.000000e+00
val_mean_episode_rewards    4.000000e-01
val_min_episode_rewards     0.000000e+00
val_max_episode_len         1.000000e+03
val_mean_episode_len        9.831500e+02
val_min_episode_len         0.000000e+00
val_mean_timeouts           0.000000e+00
Name: 434, dtype: float64
timesteps                   2.857370e+07
wall_time                   1.679914e+05
num_episodes                3.176800e+04
max_episode_rewards         4.000000e+00
mean_episode_rewards        1.200000e+00
min_episode_rewards         0.000000e+00
max_episode_len             1.000000e+03
mean_episode_len            8.630750e+02
min_episode_len             0.000000e+00
mean_timeouts               0.000000e+00
val_max_episode_rewards     2.000000e+00
val_mean_episode_rewards    2.500000e-01
val_min_episode_rewards     0.000000e+00
val_max_episode_len         1.000000e+03
val_mean_episode_len        9.522250e+02
val_min_episode_len         0.000000e+00
val_mean_timeouts           0.000000e+00
Name: 435, dtype: float64
timesteps                   2.863923e+07
wall_time                   1.683858e+05
num_episodes                3.184400e+04
max_episode_rewards         4.000000e+00
mean_episode_rewards        1.125000e+00
min_episode_rewards         0.000000e+00
max_episode_len             1.000000e+03
mean_episode_len            8.635000e+02
min_episode_len             0.000000e+00
mean_timeouts               2.500000e-02
val_max_episode_rewards     3.000000e+00
val_mean_episode_rewards    4.000000e-01
val_min_episode_rewards     0.000000e+00
val_max_episode_len         1.000000e+03
val_mean_episode_len        9.330750e+02
val_min_episode_len         0.000000e+00
val_mean_timeouts           0.000000e+00
Name: 436, dtype: float64
timesteps                   2.870477e+07
wall_time                   1.687841e+05
num_episodes                3.190200e+04
max_episode_rewards         4.000000e+00
mean_episode_rewards        9.500000e-01
min_episode_rewards         0.000000e+00
max_episode_len             1.000000e+03
mean_episode_len            9.189750e+02
min_episode_len             0.000000e+00
mean_timeouts               0.000000e+00
val_max_episode_rewards     2.000000e+00
val_mean_episode_rewards    4.000000e-01
val_min_episode_rewards     0.000000e+00
val_max_episode_len         1.000000e+03
val_mean_episode_len        1.000000e+03
val_min_episode_len         0.000000e+00
val_mean_timeouts           0.000000e+00
Name: 437, dtype: float64
timesteps                   2.877030e+07
wall_time                   1.691794e+05
num_episodes                3.197400e+04
max_episode_rewards         3.000000e+00
mean_episode_rewards        9.750000e-01
min_episode_rewards         0.000000e+00
max_episode_len             1.000000e+03
mean_episode_len            8.580250e+02
min_episode_len             0.000000e+00
mean_timeouts               0.000000e+00
val_max_episode_rewards     2.000000e+00
val_mean_episode_rewards    1.750000e-01
val_min_episode_rewards     0.000000e+00
val_max_episode_len         1.000000e+03
val_mean_episode_len        1.000000e+03
val_min_episode_len         0.000000e+00
val_mean_timeouts           2.500000e-02
Name: 438, dtype: float64
timesteps                   2.883584e+07
wall_time                   1.695747e+05
num_episodes                3.206400e+04
max_episode_rewards         3.000000e+00
mean_episode_rewards        1.100000e+00
min_episode_rewards         0.000000e+00
max_episode_len             1.000000e+03
mean_episode_len            9.581000e+02
min_episode_len             0.000000e+00
mean_timeouts               2.500000e-02
val_max_episode_rewards     3.000000e+00
val_mean_episode_rewards    3.500000e-01
val_min_episode_rewards     0.000000e+00
val_max_episode_len         1.000000e+03
val_mean_episode_len        1.000000e+03
val_min_episode_len         0.000000e+00
val_mean_timeouts           5.000000e-02
Name: 439, dtype: float64
timesteps                   2.890138e+07
wall_time                   1.699725e+05
num_episodes                3.213600e+04
max_episode_rewards         4.000000e+00
mean_episode_rewards        1.125000e+00
min_episode_rewards         0.000000e+00
max_episode_len             1.000000e+03
mean_episode_len            8.760250e+02
min_episode_len             0.000000e+00
mean_timeouts               0.000000e+00
val_max_episode_rewards     2.000000e+00
val_mean_episode_rewards    2.750000e-01
val_min_episode_rewards     0.000000e+00
val_max_episode_len         1.000000e+03
val_mean_episode_len        9.768250e+02
val_min_episode_len         0.000000e+00
val_mean_timeouts           0.000000e+00
Name: 440, dtype: float64
timesteps                   2.896691e+07
wall_time                   1.703698e+05
num_episodes                3.220500e+04
max_episode_rewards         3.000000e+00
mean_episode_rewards        1.100000e+00
min_episode_rewards         0.000000e+00
max_episode_len             1.000000e+03
mean_episode_len            8.270500e+02
min_episode_len             0.000000e+00
mean_timeouts               0.000000e+00
val_max_episode_rewards     3.000000e+00
val_mean_episode_rewards    4.000000e-01
val_min_episode_rewards     0.000000e+00
val_max_episode_len         1.000000e+03
val_mean_episode_len        9.949250e+02
val_min_episode_len         0.000000e+00
val_mean_timeouts           0.000000e+00
Name: 441, dtype: float64
timesteps                   2.903245e+07
wall_time                   1.707644e+05
num_episodes                3.227600e+04
max_episode_rewards         4.000000e+00
mean_episode_rewards        1.275000e+00
min_episode_rewards         0.000000e+00
max_episode_len             1.000000e+03
mean_episode_len            9.089250e+02
min_episode_len             0.000000e+00
mean_timeouts               0.000000e+00
val_max_episode_rewards     2.000000e+00
val_mean_episode_rewards    3.250000e-01
val_min_episode_rewards     0.000000e+00
val_max_episode_len         1.000000e+03
val_mean_episode_len        9.658750e+02
val_min_episode_len         0.000000e+00
val_mean_timeouts           0.000000e+00
Name: 442, dtype: float64
timesteps                   2.909798e+07
wall_time                   1.711644e+05
num_episodes                3.236300e+04
max_episode_rewards         4.000000e+00
mean_episode_rewards        1.400000e+00
min_episode_rewards         0.000000e+00
max_episode_len             1.000000e+03
mean_episode_len            8.483750e+02
min_episode_len             0.000000e+00
mean_timeouts               0.000000e+00
val_max_episode_rewards     1.000000e+00
val_mean_episode_rewards    2.500000e-01
val_min_episode_rewards     0.000000e+00
val_max_episode_len         1.000000e+03
val_mean_episode_len        1.000000e+03
val_min_episode_len         0.000000e+00
val_mean_timeouts           0.000000e+00
Name: 443, dtype: float64
timesteps                   2.916352e+07
wall_time                   1.715605e+05
num_episodes                3.243100e+04
max_episode_rewards         3.000000e+00
mean_episode_rewards        1.100000e+00
min_episode_rewards         0.000000e+00
max_episode_len             1.000000e+03
mean_episode_len            8.712750e+02
min_episode_len             0.000000e+00
mean_timeouts               0.000000e+00
val_max_episode_rewards     2.000000e+00
val_mean_episode_rewards    2.250000e-01
val_min_episode_rewards     0.000000e+00
val_max_episode_len         1.000000e+03
val_mean_episode_len        9.751000e+02
val_min_episode_len         0.000000e+00
val_mean_timeouts           0.000000e+00
Name: 444, dtype: float64
timesteps                   2.922906e+07
wall_time                   1.719579e+05
num_episodes                3.250400e+04
max_episode_rewards         4.000000e+00
mean_episode_rewards        1.250000e+00
min_episode_rewards         0.000000e+00
max_episode_len             1.000000e+03
mean_episode_len            8.182250e+02
min_episode_len             0.000000e+00
mean_timeouts               2.500000e-02
val_max_episode_rewards     2.000000e+00
val_mean_episode_rewards    3.000000e-01
val_min_episode_rewards     0.000000e+00
val_max_episode_len         1.000000e+03
val_mean_episode_len        1.000000e+03
val_min_episode_len         0.000000e+00
val_mean_timeouts           0.000000e+00
Name: 445, dtype: float64
timesteps                   2.929459e+07
wall_time                   1.723617e+05
num_episodes                3.258200e+04
max_episode_rewards         3.000000e+00
mean_episode_rewards        1.325000e+00
min_episode_rewards         0.000000e+00
max_episode_len             1.000000e+03
mean_episode_len            7.423000e+02
min_episode_len             0.000000e+00
mean_timeouts               0.000000e+00
val_max_episode_rewards     2.000000e+00
val_mean_episode_rewards    4.000000e-01
val_min_episode_rewards     0.000000e+00
val_max_episode_len         1.000000e+03
val_mean_episode_len        9.738250e+02
val_min_episode_len         0.000000e+00
val_mean_timeouts           0.000000e+00
Name: 446, dtype: float64
timesteps                   2.936013e+07
wall_time                   1.727547e+05
num_episodes                3.267500e+04
max_episode_rewards         4.000000e+00
mean_episode_rewards        8.750000e-01
min_episode_rewards         0.000000e+00
max_episode_len             1.000000e+03
mean_episode_len            8.574000e+02
min_episode_len             0.000000e+00
mean_timeouts               0.000000e+00
val_max_episode_rewards     3.000000e+00
val_mean_episode_rewards    3.250000e-01
val_min_episode_rewards     0.000000e+00
val_max_episode_len         1.000000e+03
val_mean_episode_len        9.857250e+02
val_min_episode_len         0.000000e+00
val_mean_timeouts           0.000000e+00
Name: 447, dtype: float64
timesteps                   2.942566e+07
wall_time                   1.731384e+05
num_episodes                3.274000e+04
max_episode_rewards         4.000000e+00
mean_episode_rewards        1.075000e+00
min_episode_rewards         0.000000e+00
max_episode_len             1.000000e+03
mean_episode_len            8.997250e+02
min_episode_len             0.000000e+00
mean_timeouts               0.000000e+00
val_max_episode_rewards     2.000000e+00
val_mean_episode_rewards    3.250000e-01
val_min_episode_rewards     0.000000e+00
val_max_episode_len         1.000000e+03
val_mean_episode_len        1.000000e+03
val_min_episode_len         0.000000e+00
val_mean_timeouts           0.000000e+00
Name: 448, dtype: float64
timesteps                   2.949120e+07
wall_time                   1.735268e+05
num_episodes                3.281600e+04
max_episode_rewards         4.000000e+00
mean_episode_rewards        1.475000e+00
min_episode_rewards         0.000000e+00
max_episode_len             1.000000e+03
mean_episode_len            8.979500e+02
min_episode_len             0.000000e+00
mean_timeouts               0.000000e+00
val_max_episode_rewards     2.000000e+00
val_mean_episode_rewards    3.500000e-01
val_min_episode_rewards     0.000000e+00
val_max_episode_len         1.000000e+03
val_mean_episode_len        9.891250e+02
val_min_episode_len         0.000000e+00
val_mean_timeouts           0.000000e+00
Name: 449, dtype: float64
timesteps                   2.955674e+07
wall_time                   1.739181e+05
num_episodes                3.287900e+04
max_episode_rewards         3.000000e+00
mean_episode_rewards        1.000000e+00
min_episode_rewards         0.000000e+00
max_episode_len             1.000000e+03
mean_episode_len            8.357750e+02
min_episode_len             0.000000e+00
mean_timeouts               0.000000e+00
val_max_episode_rewards     1.000000e+00
val_mean_episode_rewards    2.250000e-01
val_min_episode_rewards     0.000000e+00
val_max_episode_len         1.000000e+03
val_mean_episode_len        9.800750e+02
val_min_episode_len         0.000000e+00
val_mean_timeouts           0.000000e+00
Name: 450, dtype: float64
timesteps                   2.962227e+07
wall_time                   1.743068e+05
num_episodes                3.297200e+04
max_episode_rewards         4.000000e+00
mean_episode_rewards        1.150000e+00
min_episode_rewards         0.000000e+00
max_episode_len             1.000000e+03
mean_episode_len            8.847000e+02
min_episode_len             0.000000e+00
mean_timeouts               0.000000e+00
val_max_episode_rewards     2.000000e+00
val_mean_episode_rewards    3.500000e-01
val_min_episode_rewards     0.000000e+00
val_max_episode_len         1.000000e+03
val_mean_episode_len        9.929750e+02
val_min_episode_len         0.000000e+00
val_mean_timeouts           0.000000e+00
Name: 451, dtype: float64
timesteps                   2.968781e+07
wall_time                   1.746932e+05
num_episodes                3.305000e+04
max_episode_rewards         4.000000e+00
mean_episode_rewards        1.475000e+00
min_episode_rewards         0.000000e+00
max_episode_len             1.000000e+03
mean_episode_len            7.585250e+02
min_episode_len             0.000000e+00
mean_timeouts               0.000000e+00
val_max_episode_rewards     2.000000e+00
val_mean_episode_rewards    3.000000e-01
val_min_episode_rewards     0.000000e+00
val_max_episode_len         1.000000e+03
val_mean_episode_len        9.657500e+02
val_min_episode_len         0.000000e+00
val_mean_timeouts           0.000000e+00
Name: 452, dtype: float64
timesteps                   2.975334e+07
wall_time                   1.750883e+05
num_episodes                3.312700e+04
max_episode_rewards         2.000000e+00
mean_episode_rewards        9.500000e-01
min_episode_rewards         0.000000e+00
max_episode_len             1.000000e+03
mean_episode_len            8.858500e+02
min_episode_len             0.000000e+00
mean_timeouts               0.000000e+00
val_max_episode_rewards     2.000000e+00
val_mean_episode_rewards    2.500000e-01
val_min_episode_rewards     0.000000e+00
val_max_episode_len         1.000000e+03
val_mean_episode_len        1.000000e+03
val_min_episode_len         0.000000e+00
val_mean_timeouts           2.500000e-02
Name: 453, dtype: float64
timesteps                   2.981888e+07
wall_time                   1.754850e+05
num_episodes                3.319500e+04
max_episode_rewards         4.000000e+00
mean_episode_rewards        1.225000e+00
min_episode_rewards         0.000000e+00
max_episode_len             1.000000e+03
mean_episode_len            8.491250e+02
min_episode_len             0.000000e+00
mean_timeouts               0.000000e+00
val_max_episode_rewards     2.000000e+00
val_mean_episode_rewards    5.000000e-01
val_min_episode_rewards     0.000000e+00
val_max_episode_len         1.000000e+03
val_mean_episode_len        9.831250e+02
val_min_episode_len         0.000000e+00
val_mean_timeouts           2.500000e-02
Name: 454, dtype: float64
timesteps                   2.988442e+07
wall_time                   1.758911e+05
num_episodes                3.328100e+04
max_episode_rewards         3.000000e+00
mean_episode_rewards        9.500000e-01
min_episode_rewards         0.000000e+00
max_episode_len             1.000000e+03
mean_episode_len            9.269750e+02
min_episode_len             0.000000e+00
mean_timeouts               2.500000e-02
val_max_episode_rewards     2.000000e+00
val_mean_episode_rewards    3.250000e-01
val_min_episode_rewards     0.000000e+00
val_max_episode_len         1.000000e+03
val_mean_episode_len        1.000000e+03
val_min_episode_len         0.000000e+00
val_mean_timeouts           0.000000e+00
Name: 455, dtype: float64
timesteps                   2.994995e+07
wall_time                   1.762905e+05
num_episodes                3.335500e+04
max_episode_rewards         5.000000e+00
mean_episode_rewards        1.350000e+00
min_episode_rewards         0.000000e+00
max_episode_len             1.000000e+03
mean_episode_len            8.282500e+02
min_episode_len             0.000000e+00
mean_timeouts               0.000000e+00
val_max_episode_rewards     2.000000e+00
val_mean_episode_rewards    3.250000e-01
val_min_episode_rewards     0.000000e+00
val_max_episode_len         1.000000e+03
val_mean_episode_len        1.000000e+03
val_min_episode_len         0.000000e+00
val_mean_timeouts           0.000000e+00
Name: 456, dtype: float64
timesteps                   3.001549e+07
wall_time                   1.766862e+05
num_episodes                3.342900e+04
max_episode_rewards         4.000000e+00
mean_episode_rewards        1.400000e+00
min_episode_rewards         0.000000e+00
max_episode_len             1.000000e+03
mean_episode_len            9.017250e+02
min_episode_len             0.000000e+00
mean_timeouts               0.000000e+00
val_max_episode_rewards     2.000000e+00
val_mean_episode_rewards    2.500000e-01
val_min_episode_rewards     0.000000e+00
val_max_episode_len         1.000000e+03
val_mean_episode_len        9.750750e+02
val_min_episode_len         0.000000e+00
val_mean_timeouts           0.000000e+00
Name: 457, dtype: float64
Saving model at timestep 30015489
timesteps                   3.008102e+07
wall_time                   1.770857e+05
num_episodes                3.350000e+04
max_episode_rewards         3.000000e+00
mean_episode_rewards        9.500000e-01
min_episode_rewards         0.000000e+00
max_episode_len             1.000000e+03
mean_episode_len            8.914000e+02
min_episode_len             0.000000e+00
mean_timeouts               2.500000e-02
val_max_episode_rewards     1.000000e+00
val_mean_episode_rewards    3.000000e-01
val_min_episode_rewards     0.000000e+00
val_max_episode_len         1.000000e+03
val_mean_episode_len        9.812750e+02
val_min_episode_len         0.000000e+00
val_mean_timeouts           0.000000e+00
Name: 458, dtype: float64
timesteps                   3.014656e+07
wall_time                   1.774833e+05
num_episodes                3.358300e+04
max_episode_rewards         3.000000e+00
mean_episode_rewards        9.250000e-01
min_episode_rewards         0.000000e+00
max_episode_len             1.000000e+03
mean_episode_len            8.754500e+02
min_episode_len             0.000000e+00
mean_timeouts               0.000000e+00
val_max_episode_rewards     3.000000e+00
val_mean_episode_rewards    2.500000e-01
val_min_episode_rewards     0.000000e+00
val_max_episode_len         1.000000e+03
val_mean_episode_len        9.896250e+02
val_min_episode_len         0.000000e+00
val_mean_timeouts           0.000000e+00
Name: 459, dtype: float64
timesteps                   3.021210e+07
wall_time                   1.778765e+05
num_episodes                3.365500e+04
max_episode_rewards         3.000000e+00
mean_episode_rewards        1.050000e+00
min_episode_rewards         0.000000e+00
max_episode_len             1.000000e+03
mean_episode_len            7.804250e+02
min_episode_len             0.000000e+00
mean_timeouts               0.000000e+00
val_max_episode_rewards     2.000000e+00
val_mean_episode_rewards    3.000000e-01
val_min_episode_rewards     0.000000e+00
val_max_episode_len         1.000000e+03
val_mean_episode_len        1.000000e+03
val_min_episode_len         0.000000e+00
val_mean_timeouts           0.000000e+00
Name: 460, dtype: float64
timesteps                   3.027763e+07
wall_time                   1.782617e+05
num_episodes                3.374100e+04
max_episode_rewards         4.000000e+00
mean_episode_rewards        1.375000e+00
min_episode_rewards         0.000000e+00
max_episode_len             1.000000e+03
mean_episode_len            8.025750e+02
min_episode_len             0.000000e+00
mean_timeouts               0.000000e+00
val_max_episode_rewards     2.000000e+00
val_mean_episode_rewards    2.750000e-01
val_min_episode_rewards     0.000000e+00
val_max_episode_len         1.000000e+03
val_mean_episode_len        9.413250e+02
val_min_episode_len         0.000000e+00
val_mean_timeouts           0.000000e+00
Name: 461, dtype: float64
timesteps                   3.034317e+07
wall_time                   1.786471e+05
num_episodes                3.382300e+04
max_episode_rewards         5.000000e+00
mean_episode_rewards        1.475000e+00
min_episode_rewards         0.000000e+00
max_episode_len             1.000000e+03
mean_episode_len            7.141250e+02
min_episode_len             0.000000e+00
mean_timeouts               0.000000e+00
val_max_episode_rewards     1.000000e+00
val_mean_episode_rewards    1.750000e-01
val_min_episode_rewards     0.000000e+00
val_max_episode_len         1.000000e+03
val_mean_episode_len        1.000000e+03
val_min_episode_len         0.000000e+00
val_mean_timeouts           0.000000e+00
Name: 462, dtype: float64
timesteps                   3.040870e+07
wall_time                   1.790302e+05
num_episodes                3.390700e+04
max_episode_rewards         5.000000e+00
mean_episode_rewards        1.200000e+00
min_episode_rewards         0.000000e+00
max_episode_len             1.000000e+03
mean_episode_len            8.407500e+02
min_episode_len             0.000000e+00
mean_timeouts               0.000000e+00
val_max_episode_rewards     2.000000e+00
val_mean_episode_rewards    4.250000e-01
val_min_episode_rewards     0.000000e+00
val_max_episode_len         1.000000e+03
val_mean_episode_len        1.000000e+03
val_min_episode_len         0.000000e+00
val_mean_timeouts           0.000000e+00
Name: 463, dtype: float64
timesteps                   3.047424e+07
wall_time                   1.794204e+05
num_episodes                3.397600e+04
max_episode_rewards         3.000000e+00
mean_episode_rewards        1.225000e+00
min_episode_rewards         0.000000e+00
max_episode_len             1.000000e+03
mean_episode_len            8.370500e+02
min_episode_len             0.000000e+00
mean_timeouts               0.000000e+00
val_max_episode_rewards     2.000000e+00
val_mean_episode_rewards    2.750000e-01
val_min_episode_rewards     0.000000e+00
val_max_episode_len         1.000000e+03
val_mean_episode_len        1.000000e+03
val_min_episode_len         0.000000e+00
val_mean_timeouts           0.000000e+00
Name: 464, dtype: float64
timesteps                   3.053978e+07
wall_time                   1.798065e+05
num_episodes                3.405100e+04
max_episode_rewards         3.000000e+00
mean_episode_rewards        1.250000e+00
min_episode_rewards         0.000000e+00
max_episode_len             1.000000e+03
mean_episode_len            8.480250e+02
min_episode_len             0.000000e+00
mean_timeouts               0.000000e+00
val_max_episode_rewards     2.000000e+00
val_mean_episode_rewards    2.500000e-01
val_min_episode_rewards     0.000000e+00
val_max_episode_len         1.000000e+03
val_mean_episode_len        1.000000e+03
val_min_episode_len         0.000000e+00
val_mean_timeouts           5.000000e-02
Name: 465, dtype: float64
timesteps                   3.060531e+07
wall_time                   1.801869e+05
num_episodes                3.412500e+04
max_episode_rewards         4.000000e+00
mean_episode_rewards        1.050000e+00
min_episode_rewards         0.000000e+00
max_episode_len             1.000000e+03
mean_episode_len            8.627000e+02
min_episode_len             0.000000e+00
mean_timeouts               0.000000e+00
val_max_episode_rewards     2.000000e+00
val_mean_episode_rewards    3.000000e-01
val_min_episode_rewards     0.000000e+00
val_max_episode_len         1.000000e+03
val_mean_episode_len        9.754500e+02
val_min_episode_len         0.000000e+00
val_mean_timeouts           0.000000e+00
Name: 466, dtype: float64
timesteps                   3.067085e+07
wall_time                   1.805678e+05
num_episodes                3.421400e+04
max_episode_rewards         4.000000e+00
mean_episode_rewards        1.050000e+00
min_episode_rewards         0.000000e+00
max_episode_len             1.000000e+03
mean_episode_len            8.082000e+02
min_episode_len             0.000000e+00
mean_timeouts               0.000000e+00
val_max_episode_rewards     1.000000e+00
val_mean_episode_rewards    2.250000e-01
val_min_episode_rewards     0.000000e+00
val_max_episode_len         1.000000e+03
val_mean_episode_len        9.989250e+02
val_min_episode_len         0.000000e+00
val_mean_timeouts           0.000000e+00
Name: 467, dtype: float64
timesteps                   3.073638e+07
wall_time                   1.809563e+05
num_episodes                3.428500e+04
max_episode_rewards         4.000000e+00
mean_episode_rewards        1.375000e+00
min_episode_rewards         0.000000e+00
max_episode_len             1.000000e+03
mean_episode_len            8.373000e+02
min_episode_len             0.000000e+00
mean_timeouts               0.000000e+00
val_max_episode_rewards     1.000000e+00
val_mean_episode_rewards    1.500000e-01
val_min_episode_rewards     0.000000e+00
val_max_episode_len         1.000000e+03
val_mean_episode_len        1.000000e+03
val_min_episode_len         0.000000e+00
val_mean_timeouts           0.000000e+00
Name: 468, dtype: float64
timesteps                   3.080192e+07
wall_time                   1.813465e+05
num_episodes                3.436300e+04
max_episode_rewards         3.000000e+00
mean_episode_rewards        1.200000e+00
min_episode_rewards         0.000000e+00
max_episode_len             1.000000e+03
mean_episode_len            8.316500e+02
min_episode_len             0.000000e+00
mean_timeouts               0.000000e+00
val_max_episode_rewards     2.000000e+00
val_mean_episode_rewards    2.750000e-01
val_min_episode_rewards     0.000000e+00
val_max_episode_len         1.000000e+03
val_mean_episode_len        1.000000e+03
val_min_episode_len         0.000000e+00
val_mean_timeouts           0.000000e+00
Name: 469, dtype: float64
timesteps                   3.086746e+07
wall_time                   1.817451e+05
num_episodes                3.443200e+04
max_episode_rewards         4.000000e+00
mean_episode_rewards        1.275000e+00
min_episode_rewards         0.000000e+00
max_episode_len             1.000000e+03
mean_episode_len            8.056500e+02
min_episode_len             0.000000e+00
mean_timeouts               0.000000e+00
val_max_episode_rewards     2.000000e+00
val_mean_episode_rewards    3.000000e-01
val_min_episode_rewards     0.000000e+00
val_max_episode_len         1.000000e+03
val_mean_episode_len        9.783000e+02
val_min_episode_len         0.000000e+00
val_mean_timeouts           0.000000e+00
Name: 470, dtype: float64
timesteps                   3.093299e+07
wall_time                   1.821469e+05
num_episodes                3.452500e+04
max_episode_rewards         5.000000e+00
mean_episode_rewards        1.225000e+00
min_episode_rewards         0.000000e+00
max_episode_len             1.000000e+03
mean_episode_len            8.477500e+02
min_episode_len             0.000000e+00
mean_timeouts               0.000000e+00
val_max_episode_rewards     1.000000e+00
val_mean_episode_rewards    1.750000e-01
val_min_episode_rewards     0.000000e+00
val_max_episode_len         1.000000e+03
val_mean_episode_len        9.932250e+02
val_min_episode_len         0.000000e+00
val_mean_timeouts           0.000000e+00
Name: 471, dtype: float64
timesteps                   3.099853e+07
wall_time                   1.825418e+05
num_episodes                3.459300e+04
max_episode_rewards         3.000000e+00
mean_episode_rewards        9.750000e-01
min_episode_rewards         0.000000e+00
max_episode_len             1.000000e+03
mean_episode_len            8.657000e+02
min_episode_len             0.000000e+00
mean_timeouts               2.500000e-02
val_max_episode_rewards     2.000000e+00
val_mean_episode_rewards    2.500000e-01
val_min_episode_rewards     0.000000e+00
val_max_episode_len         1.000000e+03
val_mean_episode_len        1.000000e+03
val_min_episode_len         0.000000e+00
val_mean_timeouts           0.000000e+00
Name: 472, dtype: float64
timesteps                   3.106406e+07
wall_time                   1.829395e+05
num_episodes                3.468100e+04
max_episode_rewards         5.000000e+00
mean_episode_rewards        1.325000e+00
min_episode_rewards         0.000000e+00
max_episode_len             1.000000e+03
mean_episode_len            8.638500e+02
min_episode_len             0.000000e+00
mean_timeouts               0.000000e+00
val_max_episode_rewards     2.000000e+00
val_mean_episode_rewards    2.250000e-01
val_min_episode_rewards     0.000000e+00
val_max_episode_len         1.000000e+03
val_mean_episode_len        1.000000e+03
val_min_episode_len         0.000000e+00
val_mean_timeouts           0.000000e+00
Name: 473, dtype: float64
timesteps                   3.112960e+07
wall_time                   1.833309e+05
num_episodes                3.474800e+04
max_episode_rewards         4.000000e+00
mean_episode_rewards        9.750000e-01
min_episode_rewards         0.000000e+00
max_episode_len             1.000000e+03
mean_episode_len            8.853000e+02
min_episode_len             0.000000e+00
mean_timeouts               0.000000e+00
val_max_episode_rewards     3.000000e+00
val_mean_episode_rewards    3.250000e-01
val_min_episode_rewards     0.000000e+00
val_max_episode_len         1.000000e+03
val_mean_episode_len        9.920500e+02
val_min_episode_len         0.000000e+00
val_mean_timeouts           2.500000e-02
Name: 474, dtype: float64
timesteps                   3.119514e+07
wall_time                   1.837259e+05
num_episodes                3.483400e+04
max_episode_rewards         4.000000e+00
mean_episode_rewards        1.225000e+00
min_episode_rewards         0.000000e+00
max_episode_len             1.000000e+03
mean_episode_len            7.738750e+02
min_episode_len             0.000000e+00
mean_timeouts               0.000000e+00
val_max_episode_rewards     1.000000e+00
val_mean_episode_rewards    1.000000e-01
val_min_episode_rewards     0.000000e+00
val_max_episode_len         1.000000e+03
val_mean_episode_len        1.000000e+03
val_min_episode_len         0.000000e+00
val_mean_timeouts           0.000000e+00
Name: 475, dtype: float64
timesteps                   3.126067e+07
wall_time                   1.841232e+05
num_episodes                3.490300e+04
max_episode_rewards         3.000000e+00
mean_episode_rewards        1.000000e+00
min_episode_rewards         0.000000e+00
max_episode_len             1.000000e+03
mean_episode_len            8.978500e+02
min_episode_len             0.000000e+00
mean_timeouts               0.000000e+00
val_max_episode_rewards     2.000000e+00
val_mean_episode_rewards    2.250000e-01
val_min_episode_rewards     0.000000e+00
val_max_episode_len         1.000000e+03
val_mean_episode_len        1.000000e+03
val_min_episode_len         0.000000e+00
val_mean_timeouts           0.000000e+00
Name: 476, dtype: float64
timesteps                   3.132621e+07
wall_time                   1.845135e+05
num_episodes                3.498300e+04
max_episode_rewards         3.000000e+00
mean_episode_rewards        9.500000e-01
min_episode_rewards         0.000000e+00
max_episode_len             1.000000e+03
mean_episode_len            8.513500e+02
min_episode_len             0.000000e+00
mean_timeouts               0.000000e+00
val_max_episode_rewards     2.000000e+00
val_mean_episode_rewards    3.000000e-01
val_min_episode_rewards     0.000000e+00
val_max_episode_len         1.000000e+03
val_mean_episode_len        9.787250e+02
val_min_episode_len         0.000000e+00
val_mean_timeouts           0.000000e+00
Name: 477, dtype: float64
timesteps                   3.139174e+07
wall_time                   1.849058e+05
num_episodes                3.505800e+04
max_episode_rewards         5.000000e+00
mean_episode_rewards        1.300000e+00
min_episode_rewards         0.000000e+00
max_episode_len             1.000000e+03
mean_episode_len            8.559500e+02
min_episode_len             0.000000e+00
mean_timeouts               0.000000e+00
val_max_episode_rewards     1.000000e+00
val_mean_episode_rewards    7.500000e-02
val_min_episode_rewards     0.000000e+00
val_max_episode_len         1.000000e+03
val_mean_episode_len        1.000000e+03
val_min_episode_len         0.000000e+00
val_mean_timeouts           0.000000e+00
Name: 478, dtype: float64
timesteps                   3.145728e+07
wall_time                   1.852977e+05
num_episodes                3.513600e+04
max_episode_rewards         6.000000e+00
mean_episode_rewards        1.050000e+00
min_episode_rewards         0.000000e+00
max_episode_len             1.000000e+03
mean_episode_len            9.458500e+02
min_episode_len             0.000000e+00
mean_timeouts               2.500000e-02
val_max_episode_rewards     2.000000e+00
val_mean_episode_rewards    2.000000e-01
val_min_episode_rewards     0.000000e+00
val_max_episode_len         1.000000e+03
val_mean_episode_len        1.000000e+03
val_min_episode_len         0.000000e+00
val_mean_timeouts           0.000000e+00
Name: 479, dtype: float64
timesteps                   3.152282e+07
wall_time                   1.856864e+05
num_episodes                3.520400e+04
max_episode_rewards         4.000000e+00
mean_episode_rewards        1.225000e+00
min_episode_rewards         0.000000e+00
max_episode_len             1.000000e+03
mean_episode_len            8.712000e+02
min_episode_len             0.000000e+00
mean_timeouts               0.000000e+00
val_max_episode_rewards     2.000000e+00
val_mean_episode_rewards    2.750000e-01
val_min_episode_rewards     0.000000e+00
val_max_episode_len         1.000000e+03
val_mean_episode_len        1.000000e+03
val_min_episode_len         0.000000e+00
val_mean_timeouts           0.000000e+00
Name: 480, dtype: float64
timesteps                   3.158835e+07
wall_time                   1.860740e+05
num_episodes                3.528600e+04
max_episode_rewards         4.000000e+00
mean_episode_rewards        1.475000e+00
min_episode_rewards         0.000000e+00
max_episode_len             1.000000e+03
mean_episode_len            8.339000e+02
min_episode_len             0.000000e+00
mean_timeouts               0.000000e+00
val_max_episode_rewards     2.000000e+00
val_mean_episode_rewards    3.250000e-01
val_min_episode_rewards     0.000000e+00
val_max_episode_len         1.000000e+03
val_mean_episode_len        9.865250e+02
val_min_episode_len         0.000000e+00
val_mean_timeouts           0.000000e+00
Name: 481, dtype: float64
timesteps                   3.165389e+07
wall_time                   1.864649e+05
num_episodes                3.536600e+04
max_episode_rewards         5.000000e+00
mean_episode_rewards        1.200000e+00
min_episode_rewards         0.000000e+00
max_episode_len             1.000000e+03
mean_episode_len            8.524500e+02
min_episode_len             0.000000e+00
mean_timeouts               0.000000e+00
val_max_episode_rewards     1.000000e+00
val_mean_episode_rewards    1.750000e-01
val_min_episode_rewards     0.000000e+00
val_max_episode_len         1.000000e+03
val_mean_episode_len        1.000000e+03
val_min_episode_len         0.000000e+00
val_mean_timeouts           0.000000e+00
Name: 482, dtype: float64
timesteps                   3.171942e+07
wall_time                   1.868510e+05
num_episodes                3.544500e+04
max_episode_rewards         3.000000e+00
mean_episode_rewards        1.150000e+00
min_episode_rewards         0.000000e+00
max_episode_len             1.000000e+03
mean_episode_len            8.453250e+02
min_episode_len             0.000000e+00
mean_timeouts               0.000000e+00
val_max_episode_rewards     2.000000e+00
val_mean_episode_rewards    2.750000e-01
val_min_episode_rewards     0.000000e+00
val_max_episode_len         1.000000e+03
val_mean_episode_len        1.000000e+03
val_min_episode_len         0.000000e+00
val_mean_timeouts           0.000000e+00
Name: 483, dtype: float64
timesteps                   3.178496e+07
wall_time                   1.872442e+05
num_episodes                3.551700e+04
max_episode_rewards         3.000000e+00
mean_episode_rewards        1.025000e+00
min_episode_rewards         0.000000e+00
max_episode_len             1.000000e+03
mean_episode_len            8.004000e+02
min_episode_len             0.000000e+00
mean_timeouts               0.000000e+00
val_max_episode_rewards     3.000000e+00
val_mean_episode_rewards    4.250000e-01
val_min_episode_rewards     0.000000e+00
val_max_episode_len         1.000000e+03
val_mean_episode_len        9.540000e+02
val_min_episode_len         0.000000e+00
val_mean_timeouts           0.000000e+00
Name: 484, dtype: float64
timesteps                   3.185050e+07
wall_time                   1.876387e+05
num_episodes                3.560200e+04
max_episode_rewards         3.000000e+00
mean_episode_rewards        1.100000e+00
min_episode_rewards         0.000000e+00
max_episode_len             1.000000e+03
mean_episode_len            8.731250e+02
min_episode_len             0.000000e+00
mean_timeouts               0.000000e+00
val_max_episode_rewards     2.000000e+00
val_mean_episode_rewards    3.250000e-01
val_min_episode_rewards     0.000000e+00
val_max_episode_len         1.000000e+03
val_mean_episode_len        1.000000e+03
val_min_episode_len         0.000000e+00
val_mean_timeouts           0.000000e+00
Name: 485, dtype: float64
timesteps                   3.191603e+07
wall_time                   1.880359e+05
num_episodes                3.567800e+04
max_episode_rewards         4.000000e+00
mean_episode_rewards        1.150000e+00
min_episode_rewards         0.000000e+00
max_episode_len             1.000000e+03
mean_episode_len            7.962750e+02
min_episode_len             0.000000e+00
mean_timeouts               0.000000e+00
val_max_episode_rewards     1.000000e+00
val_mean_episode_rewards    3.000000e-01
val_min_episode_rewards     0.000000e+00
val_max_episode_len         1.000000e+03
val_mean_episode_len        1.000000e+03
val_min_episode_len         0.000000e+00
val_mean_timeouts           0.000000e+00
Name: 486, dtype: float64
timesteps                   3.198157e+07
wall_time                   1.884318e+05
num_episodes                3.575600e+04
max_episode_rewards         3.000000e+00
mean_episode_rewards        1.150000e+00
min_episode_rewards         0.000000e+00
max_episode_len             1.000000e+03
mean_episode_len            9.095750e+02
min_episode_len             0.000000e+00
mean_timeouts               0.000000e+00
val_max_episode_rewards     2.000000e+00
val_mean_episode_rewards    4.000000e-01
val_min_episode_rewards     0.000000e+00
val_max_episode_len         1.000000e+03
val_mean_episode_len        9.784250e+02
val_min_episode_len         0.000000e+00
val_mean_timeouts           0.000000e+00
Name: 487, dtype: float64
timesteps                   3.204710e+07
wall_time                   1.888194e+05
num_episodes                3.583500e+04
max_episode_rewards         3.000000e+00
mean_episode_rewards        1.000000e+00
min_episode_rewards         0.000000e+00
max_episode_len             1.000000e+03
mean_episode_len            7.242250e+02
min_episode_len             0.000000e+00
mean_timeouts               0.000000e+00
val_max_episode_rewards     1.000000e+00
val_mean_episode_rewards    2.250000e-01
val_min_episode_rewards     0.000000e+00
val_max_episode_len         1.000000e+03
val_mean_episode_len        9.971000e+02
val_min_episode_len         0.000000e+00
val_mean_timeouts           2.500000e-02
Name: 488, dtype: float64
timesteps                   3.211264e+07
wall_time                   1.892136e+05
num_episodes                3.591500e+04
max_episode_rewards         3.000000e+00
mean_episode_rewards        1.075000e+00
min_episode_rewards         0.000000e+00
max_episode_len             1.000000e+03
mean_episode_len            9.379500e+02
min_episode_len             0.000000e+00
mean_timeouts               0.000000e+00
val_max_episode_rewards     2.000000e+00
val_mean_episode_rewards    2.500000e-01
val_min_episode_rewards     0.000000e+00
val_max_episode_len         1.000000e+03
val_mean_episode_len        1.000000e+03
val_min_episode_len         0.000000e+00
val_mean_timeouts           2.500000e-02
Name: 489, dtype: float64
timesteps                   3.217818e+07
wall_time                   1.896019e+05
num_episodes                3.599600e+04
max_episode_rewards         4.000000e+00
mean_episode_rewards        1.350000e+00
min_episode_rewards         0.000000e+00
max_episode_len             1.000000e+03
mean_episode_len            8.228750e+02
min_episode_len             0.000000e+00
mean_timeouts               0.000000e+00
val_max_episode_rewards     2.000000e+00
val_mean_episode_rewards    2.750000e-01
val_min_episode_rewards     0.000000e+00
val_max_episode_len         1.000000e+03
val_mean_episode_len        1.000000e+03
val_min_episode_len         0.000000e+00
val_mean_timeouts           0.000000e+00
Name: 490, dtype: float64
timesteps                   3.224371e+07
wall_time                   1.899918e+05
num_episodes                3.606900e+04
max_episode_rewards         4.000000e+00
mean_episode_rewards        1.000000e+00
min_episode_rewards         0.000000e+00
max_episode_len             1.000000e+03
mean_episode_len            8.572750e+02
min_episode_len             0.000000e+00
mean_timeouts               2.500000e-02
val_max_episode_rewards     3.000000e+00
val_mean_episode_rewards    2.250000e-01
val_min_episode_rewards     0.000000e+00
val_max_episode_len         1.000000e+03
val_mean_episode_len        9.924500e+02
val_min_episode_len         0.000000e+00
val_mean_timeouts           0.000000e+00
Name: 491, dtype: float64
timesteps                   3.230925e+07
wall_time                   1.903776e+05
num_episodes                3.614800e+04
max_episode_rewards         5.000000e+00
mean_episode_rewards        1.325000e+00
min_episode_rewards         0.000000e+00
max_episode_len             1.000000e+03
mean_episode_len            8.355250e+02
min_episode_len             0.000000e+00
mean_timeouts               2.500000e-02
val_max_episode_rewards     2.000000e+00
val_mean_episode_rewards    2.750000e-01
val_min_episode_rewards     0.000000e+00
val_max_episode_len         1.000000e+03
val_mean_episode_len        1.000000e+03
val_min_episode_len         0.000000e+00
val_mean_timeouts           0.000000e+00
Name: 492, dtype: float64
timesteps                   3.237478e+07
wall_time                   1.907740e+05
num_episodes                3.623600e+04
max_episode_rewards         3.000000e+00
mean_episode_rewards        1.050000e+00
min_episode_rewards         0.000000e+00
max_episode_len             1.000000e+03
mean_episode_len            8.320250e+02
min_episode_len             0.000000e+00
mean_timeouts               0.000000e+00
val_max_episode_rewards     2.000000e+00
val_mean_episode_rewards    3.250000e-01
val_min_episode_rewards     0.000000e+00
val_max_episode_len         1.000000e+03
val_mean_episode_len        9.883250e+02
val_min_episode_len         0.000000e+00
val_mean_timeouts           0.000000e+00
Name: 493, dtype: float64
timesteps                   3.244032e+07
wall_time                   1.911800e+05
num_episodes                3.631400e+04
max_episode_rewards         4.000000e+00
mean_episode_rewards        1.300000e+00
min_episode_rewards         0.000000e+00
max_episode_len             1.000000e+03
mean_episode_len            8.805000e+02
min_episode_len             0.000000e+00
mean_timeouts               0.000000e+00
val_max_episode_rewards     1.000000e+00
val_mean_episode_rewards    1.750000e-01
val_min_episode_rewards     0.000000e+00
val_max_episode_len         1.000000e+03
val_mean_episode_len        1.000000e+03
val_min_episode_len         0.000000e+00
val_mean_timeouts           0.000000e+00
Name: 494, dtype: float64
timesteps                   3.250586e+07
wall_time                   1.915810e+05
num_episodes                3.637900e+04
max_episode_rewards         4.000000e+00
mean_episode_rewards        1.225000e+00
min_episode_rewards         0.000000e+00
max_episode_len             1.000000e+03
mean_episode_len            7.766000e+02
min_episode_len             0.000000e+00
mean_timeouts               0.000000e+00
val_max_episode_rewards     1.000000e+00
val_mean_episode_rewards    2.250000e-01
val_min_episode_rewards     0.000000e+00
val_max_episode_len         1.000000e+03
val_mean_episode_len        1.000000e+03
val_min_episode_len         0.000000e+00
val_mean_timeouts           0.000000e+00
Name: 495, dtype: float64
timesteps                   3.257139e+07
wall_time                   1.919817e+05
num_episodes                3.645500e+04
max_episode_rewards         4.000000e+00
mean_episode_rewards        1.250000e+00
min_episode_rewards         0.000000e+00
max_episode_len             1.000000e+03
mean_episode_len            8.717250e+02
min_episode_len             0.000000e+00
mean_timeouts               0.000000e+00
val_max_episode_rewards     1.000000e+00
val_mean_episode_rewards    3.500000e-01
val_min_episode_rewards     0.000000e+00
val_max_episode_len         1.000000e+03
val_mean_episode_len        1.000000e+03
val_min_episode_len         0.000000e+00
val_mean_timeouts           0.000000e+00
Name: 496, dtype: float64
timesteps                   3.263693e+07
wall_time                   1.923744e+05
num_episodes                3.653900e+04
max_episode_rewards         3.000000e+00
mean_episode_rewards        1.100000e+00
min_episode_rewards         0.000000e+00
max_episode_len             1.000000e+03
mean_episode_len            8.564500e+02
min_episode_len             0.000000e+00
mean_timeouts               0.000000e+00
val_max_episode_rewards     2.000000e+00
val_mean_episode_rewards    3.000000e-01
val_min_episode_rewards     0.000000e+00
val_max_episode_len         1.000000e+03
val_mean_episode_len        9.947500e+02
val_min_episode_len         0.000000e+00
val_mean_timeouts           0.000000e+00
Name: 497, dtype: float64
timesteps                   3.270246e+07
wall_time                   1.927628e+05
num_episodes                3.662400e+04
max_episode_rewards         4.000000e+00
mean_episode_rewards        1.250000e+00
min_episode_rewards         0.000000e+00
max_episode_len             1.000000e+03
mean_episode_len            7.949250e+02
min_episode_len             0.000000e+00
mean_timeouts               0.000000e+00
val_max_episode_rewards     2.000000e+00
val_mean_episode_rewards    1.750000e-01
val_min_episode_rewards     0.000000e+00
val_max_episode_len         1.000000e+03
val_mean_episode_len        1.000000e+03
val_min_episode_len         0.000000e+00
val_mean_timeouts           0.000000e+00
Name: 498, dtype: float64
timesteps                   3.276800e+07
wall_time                   1.931492e+05
num_episodes                3.669700e+04
max_episode_rewards         4.000000e+00
mean_episode_rewards        1.425000e+00
min_episode_rewards         0.000000e+00
max_episode_len             1.000000e+03
mean_episode_len            8.258500e+02
min_episode_len             0.000000e+00
mean_timeouts               0.000000e+00
val_max_episode_rewards     2.000000e+00
val_mean_episode_rewards    4.000000e-01
val_min_episode_rewards     0.000000e+00
val_max_episode_len         1.000000e+03
val_mean_episode_len        9.752250e+02
val_min_episode_len         0.000000e+00
val_mean_timeouts           2.000000e-01
Name: 499, dtype: float64
timesteps                   3.283354e+07
wall_time                   1.935385e+05
num_episodes                3.676300e+04
max_episode_rewards         4.000000e+00
mean_episode_rewards        1.200000e+00
min_episode_rewards         0.000000e+00
max_episode_len             1.000000e+03
mean_episode_len            8.478000e+02
min_episode_len             0.000000e+00
mean_timeouts               0.000000e+00
val_max_episode_rewards     2.000000e+00
val_mean_episode_rewards    3.750000e-01
val_min_episode_rewards     0.000000e+00
val_max_episode_len         1.000000e+03
val_mean_episode_len        9.885500e+02
val_min_episode_len         0.000000e+00
val_mean_timeouts           0.000000e+00
Name: 500, dtype: float64
timesteps                   3.289907e+07
wall_time                   1.939291e+05
num_episodes                3.685200e+04
max_episode_rewards         4.000000e+00
mean_episode_rewards        1.125000e+00
min_episode_rewards         0.000000e+00
max_episode_len             1.000000e+03
mean_episode_len            8.732250e+02
min_episode_len             0.000000e+00
mean_timeouts               2.500000e-02
val_max_episode_rewards     2.000000e+00
val_mean_episode_rewards    4.000000e-01
val_min_episode_rewards     0.000000e+00
val_max_episode_len         1.000000e+03
val_mean_episode_len        9.991250e+02
val_min_episode_len         0.000000e+00
val_mean_timeouts           0.000000e+00
Name: 501, dtype: float64
timesteps                   3.296461e+07
wall_time                   1.943252e+05
num_episodes                3.693300e+04
max_episode_rewards         3.000000e+00
mean_episode_rewards        1.200000e+00
min_episode_rewards         0.000000e+00
max_episode_len             1.000000e+03
mean_episode_len            7.817750e+02
min_episode_len             0.000000e+00
mean_timeouts               0.000000e+00
val_max_episode_rewards     2.000000e+00
val_mean_episode_rewards    2.750000e-01
val_min_episode_rewards     0.000000e+00
val_max_episode_len         1.000000e+03
val_mean_episode_len        1.000000e+03
val_min_episode_len         0.000000e+00
val_mean_timeouts           0.000000e+00
Name: 502, dtype: float64
timesteps                   3.303014e+07
wall_time                   1.947173e+05
num_episodes                3.699900e+04
max_episode_rewards         4.000000e+00
mean_episode_rewards        1.475000e+00
min_episode_rewards         0.000000e+00
max_episode_len             1.000000e+03
mean_episode_len            8.712750e+02
min_episode_len             0.000000e+00
mean_timeouts               0.000000e+00
val_max_episode_rewards     2.000000e+00
val_mean_episode_rewards    2.000000e-01
val_min_episode_rewards     0.000000e+00
val_max_episode_len         1.000000e+03
val_mean_episode_len        9.782250e+02
val_min_episode_len         0.000000e+00
val_mean_timeouts           0.000000e+00
Name: 503, dtype: float64
timesteps                   3.309568e+07
wall_time                   1.951096e+05
num_episodes                3.707700e+04
max_episode_rewards         4.000000e+00
mean_episode_rewards        1.225000e+00
min_episode_rewards         0.000000e+00
max_episode_len             1.000000e+03
mean_episode_len            8.974000e+02
min_episode_len             0.000000e+00
mean_timeouts               0.000000e+00
val_max_episode_rewards     2.000000e+00
val_mean_episode_rewards    2.750000e-01
val_min_episode_rewards     0.000000e+00
val_max_episode_len         1.000000e+03
val_mean_episode_len        9.680500e+02
val_min_episode_len         0.000000e+00
val_mean_timeouts           0.000000e+00
Name: 504, dtype: float64
timesteps                   3.316122e+07
wall_time                   1.955069e+05
num_episodes                3.716500e+04
max_episode_rewards         4.000000e+00
mean_episode_rewards        1.475000e+00
min_episode_rewards         0.000000e+00
max_episode_len             1.000000e+03
mean_episode_len            8.747000e+02
min_episode_len             0.000000e+00
mean_timeouts               0.000000e+00
val_max_episode_rewards     3.000000e+00
val_mean_episode_rewards    4.250000e-01
val_min_episode_rewards     0.000000e+00
val_max_episode_len         1.000000e+03
val_mean_episode_len        9.882750e+02
val_min_episode_len         0.000000e+00
val_mean_timeouts           2.500000e-02
Name: 505, dtype: float64
timesteps                   3.322675e+07
wall_time                   1.959024e+05
num_episodes                3.724900e+04
max_episode_rewards         3.000000e+00
mean_episode_rewards        1.150000e+00
min_episode_rewards         0.000000e+00
max_episode_len             1.000000e+03
mean_episode_len            8.825500e+02
min_episode_len             0.000000e+00
mean_timeouts               0.000000e+00
val_max_episode_rewards     1.000000e+00
val_mean_episode_rewards    2.750000e-01
val_min_episode_rewards     0.000000e+00
val_max_episode_len         1.000000e+03
val_mean_episode_len        1.000000e+03
val_min_episode_len         0.000000e+00
val_mean_timeouts           2.500000e-02
Name: 506, dtype: float64
timesteps                   3.329229e+07
wall_time                   1.963005e+05
num_episodes                3.731900e+04
max_episode_rewards         3.000000e+00
mean_episode_rewards        1.375000e+00
min_episode_rewards         0.000000e+00
max_episode_len             1.000000e+03
mean_episode_len            8.300000e+02
min_episode_len             0.000000e+00
mean_timeouts               0.000000e+00
val_max_episode_rewards     2.000000e+00
val_mean_episode_rewards    1.500000e-01
val_min_episode_rewards     0.000000e+00
val_max_episode_len         1.000000e+03
val_mean_episode_len        1.000000e+03
val_min_episode_len         0.000000e+00
val_mean_timeouts           0.000000e+00
Name: 507, dtype: float64
timesteps                   3.335782e+07
wall_time                   1.967026e+05
num_episodes                3.739800e+04
max_episode_rewards         4.000000e+00
mean_episode_rewards        1.400000e+00
min_episode_rewards         0.000000e+00
max_episode_len             1.000000e+03
mean_episode_len            8.253000e+02
min_episode_len             0.000000e+00
mean_timeouts               0.000000e+00
val_max_episode_rewards     3.000000e+00
val_mean_episode_rewards    3.000000e-01
val_min_episode_rewards     0.000000e+00
val_max_episode_len         1.000000e+03
val_mean_episode_len        1.000000e+03
val_min_episode_len         0.000000e+00
val_mean_timeouts           0.000000e+00
Name: 508, dtype: float64
timesteps                   3.342336e+07
wall_time                   1.970989e+05
num_episodes                3.748100e+04
max_episode_rewards         5.000000e+00
mean_episode_rewards        1.450000e+00
min_episode_rewards         0.000000e+00
max_episode_len             1.000000e+03
mean_episode_len            8.628000e+02
min_episode_len             0.000000e+00
mean_timeouts               0.000000e+00
val_max_episode_rewards     2.000000e+00
val_mean_episode_rewards    2.750000e-01
val_min_episode_rewards     0.000000e+00
val_max_episode_len         1.000000e+03
val_mean_episode_len        9.827750e+02
val_min_episode_len         0.000000e+00
val_mean_timeouts           0.000000e+00
Name: 509, dtype: float64
timesteps                   3.348890e+07
wall_time                   1.974993e+05
num_episodes                3.756500e+04
max_episode_rewards         3.000000e+00
mean_episode_rewards        1.725000e+00
min_episode_rewards         0.000000e+00
max_episode_len             1.000000e+03
mean_episode_len            7.232500e+02
min_episode_len             0.000000e+00
mean_timeouts               0.000000e+00
val_max_episode_rewards     3.000000e+00
val_mean_episode_rewards    5.750000e-01
val_min_episode_rewards     0.000000e+00
val_max_episode_len         1.000000e+03
val_mean_episode_len        9.759250e+02
val_min_episode_len         0.000000e+00
val_mean_timeouts           0.000000e+00
Name: 510, dtype: float64
timesteps                   3.355443e+07
wall_time                   1.978989e+05
num_episodes                3.764200e+04
max_episode_rewards         4.000000e+00
mean_episode_rewards        1.425000e+00
min_episode_rewards         0.000000e+00
max_episode_len             1.000000e+03
mean_episode_len            6.995750e+02
min_episode_len             0.000000e+00
mean_timeouts               0.000000e+00
val_max_episode_rewards     2.000000e+00
val_mean_episode_rewards    3.750000e-01
val_min_episode_rewards     0.000000e+00
val_max_episode_len         1.000000e+03
val_mean_episode_len        1.000000e+03
val_min_episode_len         0.000000e+00
val_mean_timeouts           0.000000e+00
Name: 511, dtype: float64
timesteps                   3.361997e+07
wall_time                   1.982988e+05
num_episodes                3.773600e+04
max_episode_rewards         4.000000e+00
mean_episode_rewards        1.450000e+00
min_episode_rewards         0.000000e+00
max_episode_len             1.000000e+03
mean_episode_len            7.228750e+02
min_episode_len             0.000000e+00
mean_timeouts               0.000000e+00
val_max_episode_rewards     2.000000e+00
val_mean_episode_rewards    2.250000e-01
val_min_episode_rewards     0.000000e+00
val_max_episode_len         1.000000e+03
val_mean_episode_len        1.000000e+03
val_min_episode_len         0.000000e+00
val_mean_timeouts           0.000000e+00
Name: 512, dtype: float64
timesteps                   3.368550e+07
wall_time                   1.986995e+05
num_episodes                3.782500e+04
max_episode_rewards         4.000000e+00
mean_episode_rewards        1.550000e+00
min_episode_rewards         0.000000e+00
max_episode_len             1.000000e+03
mean_episode_len            7.667750e+02
min_episode_len             0.000000e+00
mean_timeouts               2.500000e-02
val_max_episode_rewards     1.000000e+00
val_mean_episode_rewards    1.750000e-01
val_min_episode_rewards     0.000000e+00
val_max_episode_len         1.000000e+03
val_mean_episode_len        9.830750e+02
val_min_episode_len         0.000000e+00
val_mean_timeouts           0.000000e+00
Name: 513, dtype: float64
timesteps                   3.375104e+07
wall_time                   1.990958e+05
num_episodes                3.790700e+04
max_episode_rewards         4.000000e+00
mean_episode_rewards        1.475000e+00
min_episode_rewards         0.000000e+00
max_episode_len             1.000000e+03
mean_episode_len            7.938000e+02
min_episode_len             0.000000e+00
mean_timeouts               2.500000e-02
val_max_episode_rewards     2.000000e+00
val_mean_episode_rewards    3.000000e-01
val_min_episode_rewards     0.000000e+00
val_max_episode_len         1.000000e+03
val_mean_episode_len        1.000000e+03
val_min_episode_len         0.000000e+00
val_mean_timeouts           0.000000e+00
Name: 514, dtype: float64
timesteps                   3.381658e+07
wall_time                   1.994953e+05
num_episodes                3.797300e+04
max_episode_rewards         4.000000e+00
mean_episode_rewards        1.050000e+00
min_episode_rewards         0.000000e+00
max_episode_len             1.000000e+03
mean_episode_len            8.652750e+02
min_episode_len             0.000000e+00
mean_timeouts               0.000000e+00
val_max_episode_rewards     2.000000e+00
val_mean_episode_rewards    3.000000e-01
val_min_episode_rewards     0.000000e+00
val_max_episode_len         1.000000e+03
val_mean_episode_len        9.949250e+02
val_min_episode_len         0.000000e+00
val_mean_timeouts           0.000000e+00
Name: 515, dtype: float64
timesteps                   3.388211e+07
wall_time                   1.998937e+05
num_episodes                3.806100e+04
max_episode_rewards         4.000000e+00
mean_episode_rewards        1.425000e+00
min_episode_rewards         0.000000e+00
max_episode_len             1.000000e+03
mean_episode_len            8.590000e+02
min_episode_len             0.000000e+00
mean_timeouts               0.000000e+00
val_max_episode_rewards     2.000000e+00
val_mean_episode_rewards    3.750000e-01
val_min_episode_rewards     0.000000e+00
val_max_episode_len         1.000000e+03
val_mean_episode_len        9.745750e+02
val_min_episode_len         0.000000e+00
val_mean_timeouts           0.000000e+00
Name: 516, dtype: float64
timesteps                   3.394765e+07
wall_time                   2.002905e+05
num_episodes                3.815100e+04
max_episode_rewards         5.000000e+00
mean_episode_rewards        1.200000e+00
min_episode_rewards         0.000000e+00
max_episode_len             1.000000e+03
mean_episode_len            7.521250e+02
min_episode_len             0.000000e+00
mean_timeouts               0.000000e+00
val_max_episode_rewards     2.000000e+00
val_mean_episode_rewards    2.500000e-01
val_min_episode_rewards     0.000000e+00
val_max_episode_len         1.000000e+03
val_mean_episode_len        9.829500e+02
val_min_episode_len         0.000000e+00
val_mean_timeouts           0.000000e+00
Name: 517, dtype: float64
timesteps                   3.401318e+07
wall_time                   2.006925e+05
num_episodes                3.822300e+04
max_episode_rewards         3.000000e+00
mean_episode_rewards        1.100000e+00
min_episode_rewards         0.000000e+00
max_episode_len             1.000000e+03
mean_episode_len            8.642250e+02
min_episode_len             0.000000e+00
mean_timeouts               0.000000e+00
val_max_episode_rewards     2.000000e+00
val_mean_episode_rewards    3.000000e-01
val_min_episode_rewards     0.000000e+00
val_max_episode_len         1.000000e+03
val_mean_episode_len        1.000000e+03
val_min_episode_len         0.000000e+00
val_mean_timeouts           0.000000e+00
Name: 518, dtype: float64
timesteps                   3.407872e+07
wall_time                   2.010988e+05
num_episodes                3.829600e+04
max_episode_rewards         4.000000e+00
mean_episode_rewards        1.350000e+00
min_episode_rewards         0.000000e+00
max_episode_len             1.000000e+03
mean_episode_len            7.957750e+02
min_episode_len             0.000000e+00
mean_timeouts               2.500000e-02
val_max_episode_rewards     2.000000e+00
val_mean_episode_rewards    3.750000e-01
val_min_episode_rewards     0.000000e+00
val_max_episode_len         1.000000e+03
val_mean_episode_len        9.601500e+02
val_min_episode_len         0.000000e+00
val_mean_timeouts           2.500000e-02
Name: 519, dtype: float64
timesteps                   3.414426e+07
wall_time                   2.014997e+05
num_episodes                3.837700e+04
max_episode_rewards         3.000000e+00
mean_episode_rewards        1.075000e+00
min_episode_rewards         0.000000e+00
max_episode_len             1.000000e+03
mean_episode_len            8.181000e+02
min_episode_len             0.000000e+00
mean_timeouts               0.000000e+00
val_max_episode_rewards     3.000000e+00
val_mean_episode_rewards    4.000000e-01
val_min_episode_rewards     0.000000e+00
val_max_episode_len         1.000000e+03
val_mean_episode_len        1.000000e+03
val_min_episode_len         0.000000e+00
val_mean_timeouts           0.000000e+00
Name: 520, dtype: float64
timesteps                   3.420979e+07
wall_time                   2.019003e+05
num_episodes                3.846500e+04
max_episode_rewards         3.000000e+00
mean_episode_rewards        1.150000e+00
min_episode_rewards         0.000000e+00
max_episode_len             1.000000e+03
mean_episode_len            8.627750e+02
min_episode_len             0.000000e+00
mean_timeouts               2.500000e-02
val_max_episode_rewards     2.000000e+00
val_mean_episode_rewards    2.500000e-01
val_min_episode_rewards     0.000000e+00
val_max_episode_len         1.000000e+03
val_mean_episode_len        9.752750e+02
val_min_episode_len         0.000000e+00
val_mean_timeouts           2.500000e-02
Name: 521, dtype: float64
timesteps                   3.427533e+07
wall_time                   2.022985e+05
num_episodes                3.853800e+04
max_episode_rewards         4.000000e+00
mean_episode_rewards        1.325000e+00
min_episode_rewards         0.000000e+00
max_episode_len             1.000000e+03
mean_episode_len            8.446750e+02
min_episode_len             0.000000e+00
mean_timeouts               0.000000e+00
val_max_episode_rewards     2.000000e+00
val_mean_episode_rewards    3.000000e-01
val_min_episode_rewards     0.000000e+00
val_max_episode_len         1.000000e+03
val_mean_episode_len        9.980750e+02
val_min_episode_len         0.000000e+00
val_mean_timeouts           0.000000e+00
Name: 522, dtype: float64
timesteps                   3.434086e+07
wall_time                   2.026934e+05
num_episodes                3.860900e+04
max_episode_rewards         4.000000e+00
mean_episode_rewards        1.450000e+00
min_episode_rewards         0.000000e+00
max_episode_len             1.000000e+03
mean_episode_len            8.953250e+02
min_episode_len             0.000000e+00
mean_timeouts               0.000000e+00
val_max_episode_rewards     2.000000e+00
val_mean_episode_rewards    2.500000e-01
val_min_episode_rewards     0.000000e+00
val_max_episode_len         1.000000e+03
val_mean_episode_len        9.751500e+02
val_min_episode_len         0.000000e+00
val_mean_timeouts           2.500000e-02
Name: 523, dtype: float64
timesteps                   3.440640e+07
wall_time                   2.030890e+05
num_episodes                3.869700e+04
max_episode_rewards         3.000000e+00
mean_episode_rewards        1.075000e+00
min_episode_rewards         0.000000e+00
max_episode_len             1.000000e+03
mean_episode_len            8.737750e+02
min_episode_len             0.000000e+00
mean_timeouts               0.000000e+00
val_max_episode_rewards     2.000000e+00
val_mean_episode_rewards    3.000000e-01
val_min_episode_rewards     0.000000e+00
val_max_episode_len         1.000000e+03
val_mean_episode_len        9.667750e+02
val_min_episode_len         0.000000e+00
val_mean_timeouts           0.000000e+00
Name: 524, dtype: float64
timesteps                   3.447194e+07
wall_time                   2.034763e+05
num_episodes                3.878600e+04
max_episode_rewards         4.000000e+00
mean_episode_rewards        1.200000e+00
min_episode_rewards         0.000000e+00
max_episode_len             1.000000e+03
mean_episode_len            8.122750e+02
min_episode_len             0.000000e+00
mean_timeouts               0.000000e+00
val_max_episode_rewards     2.000000e+00
val_mean_episode_rewards    3.000000e-01
val_min_episode_rewards     0.000000e+00
val_max_episode_len         1.000000e+03
val_mean_episode_len        1.000000e+03
val_min_episode_len         0.000000e+00
val_mean_timeouts           0.000000e+00
Name: 525, dtype: float64
timesteps                   3.453747e+07
wall_time                   2.038638e+05
num_episodes                3.886400e+04
max_episode_rewards         4.000000e+00
mean_episode_rewards        1.350000e+00
min_episode_rewards         0.000000e+00
max_episode_len             1.000000e+03
mean_episode_len            8.680250e+02
min_episode_len             0.000000e+00
mean_timeouts               2.500000e-02
val_max_episode_rewards     2.000000e+00
val_mean_episode_rewards    3.500000e-01
val_min_episode_rewards     0.000000e+00
val_max_episode_len         1.000000e+03
val_mean_episode_len        9.665000e+02
val_min_episode_len         0.000000e+00
val_mean_timeouts           2.500000e-02
Name: 526, dtype: float64
timesteps                   3.460301e+07
wall_time                   2.042530e+05
num_episodes                3.893800e+04
max_episode_rewards         4.000000e+00
mean_episode_rewards        1.350000e+00
min_episode_rewards         0.000000e+00
max_episode_len             1.000000e+03
mean_episode_len            8.079750e+02
min_episode_len             0.000000e+00
mean_timeouts               2.500000e-02
val_max_episode_rewards     1.000000e+00
val_mean_episode_rewards    2.500000e-01
val_min_episode_rewards     0.000000e+00
val_max_episode_len         1.000000e+03
val_mean_episode_len        1.000000e+03
val_min_episode_len         0.000000e+00
val_mean_timeouts           0.000000e+00
Name: 527, dtype: float64
timesteps                   3.466854e+07
wall_time                   2.046403e+05
num_episodes                3.902500e+04
max_episode_rewards         3.000000e+00
mean_episode_rewards        1.400000e+00
min_episode_rewards         0.000000e+00
max_episode_len             1.000000e+03
mean_episode_len            7.893750e+02
min_episode_len             0.000000e+00
mean_timeouts               0.000000e+00
val_max_episode_rewards     1.000000e+00
val_mean_episode_rewards    1.250000e-01
val_min_episode_rewards     0.000000e+00
val_max_episode_len         1.000000e+03
val_mean_episode_len        9.980500e+02
val_min_episode_len         0.000000e+00
val_mean_timeouts           0.000000e+00
Name: 528, dtype: float64
timesteps                   3.473408e+07
wall_time                   2.050277e+05
num_episodes                3.911400e+04
max_episode_rewards         4.000000e+00
mean_episode_rewards        1.375000e+00
min_episode_rewards         0.000000e+00
max_episode_len             1.000000e+03
mean_episode_len            7.881500e+02
min_episode_len             0.000000e+00
mean_timeouts               2.500000e-02
val_max_episode_rewards     2.000000e+00
val_mean_episode_rewards    1.500000e-01
val_min_episode_rewards     0.000000e+00
val_max_episode_len         1.000000e+03
val_mean_episode_len        1.000000e+03
val_min_episode_len         0.000000e+00
val_mean_timeouts           0.000000e+00
Name: 529, dtype: float64
timesteps                   3.479962e+07
wall_time                   2.054164e+05
num_episodes                3.919300e+04
max_episode_rewards         5.000000e+00
mean_episode_rewards        1.225000e+00
min_episode_rewards         0.000000e+00
max_episode_len             1.000000e+03
mean_episode_len            8.630250e+02
min_episode_len             0.000000e+00
mean_timeouts               0.000000e+00
val_max_episode_rewards     2.000000e+00
val_mean_episode_rewards    2.750000e-01
val_min_episode_rewards     0.000000e+00
val_max_episode_len         1.000000e+03
val_mean_episode_len        9.842500e+02
val_min_episode_len         0.000000e+00
val_mean_timeouts           0.000000e+00
Name: 530, dtype: float64
timesteps                   3.486515e+07
wall_time                   2.058102e+05
num_episodes                3.927500e+04
max_episode_rewards         4.000000e+00
mean_episode_rewards        1.500000e+00
min_episode_rewards         0.000000e+00
max_episode_len             1.000000e+03
mean_episode_len            7.890750e+02
min_episode_len             0.000000e+00
mean_timeouts               0.000000e+00
val_max_episode_rewards     3.000000e+00
val_mean_episode_rewards    3.250000e-01
val_min_episode_rewards     0.000000e+00
val_max_episode_len         1.000000e+03
val_mean_episode_len        1.000000e+03
val_min_episode_len         0.000000e+00
val_mean_timeouts           2.500000e-02
Name: 531, dtype: float64
timesteps                   3.493069e+07
wall_time                   2.062034e+05
num_episodes                3.935900e+04
max_episode_rewards         4.000000e+00
mean_episode_rewards        1.400000e+00
min_episode_rewards         0.000000e+00
max_episode_len             1.000000e+03
mean_episode_len            8.089000e+02
min_episode_len             0.000000e+00
mean_timeouts               0.000000e+00
val_max_episode_rewards     3.000000e+00
val_mean_episode_rewards    3.250000e-01
val_min_episode_rewards     0.000000e+00
val_max_episode_len         1.000000e+03
val_mean_episode_len        1.000000e+03
val_min_episode_len         0.000000e+00
val_mean_timeouts           0.000000e+00
Name: 532, dtype: float64
timesteps                   3.499622e+07
wall_time                   2.065983e+05
num_episodes                3.944300e+04
max_episode_rewards         3.000000e+00
mean_episode_rewards        1.325000e+00
min_episode_rewards         0.000000e+00
max_episode_len             1.000000e+03
mean_episode_len            7.847250e+02
min_episode_len             0.000000e+00
mean_timeouts               0.000000e+00
val_max_episode_rewards     2.000000e+00
val_mean_episode_rewards    2.250000e-01
val_min_episode_rewards     0.000000e+00
val_max_episode_len         1.000000e+03
val_mean_episode_len        9.842250e+02
val_min_episode_len         0.000000e+00
val_mean_timeouts           0.000000e+00
Name: 533, dtype: float64
timesteps                   3.506176e+07
wall_time                   2.070005e+05
num_episodes                3.951200e+04
max_episode_rewards         4.000000e+00
mean_episode_rewards        1.425000e+00
min_episode_rewards         0.000000e+00
max_episode_len             1.000000e+03
mean_episode_len            7.483750e+02
min_episode_len             0.000000e+00
mean_timeouts               0.000000e+00
val_max_episode_rewards     2.000000e+00
val_mean_episode_rewards    1.500000e-01
val_min_episode_rewards     0.000000e+00
val_max_episode_len         1.000000e+03
val_mean_episode_len        1.000000e+03
val_min_episode_len         0.000000e+00
val_mean_timeouts           0.000000e+00
Name: 534, dtype: float64
timesteps                   3.512730e+07
wall_time                   2.073983e+05
num_episodes                3.960800e+04
max_episode_rewards         4.000000e+00
mean_episode_rewards        1.150000e+00
min_episode_rewards         0.000000e+00
max_episode_len             1.000000e+03
mean_episode_len            7.107250e+02
min_episode_len             0.000000e+00
mean_timeouts               0.000000e+00
val_max_episode_rewards     1.000000e+00
val_mean_episode_rewards    2.250000e-01
val_min_episode_rewards     0.000000e+00
val_max_episode_len         1.000000e+03
val_mean_episode_len        1.000000e+03
val_min_episode_len         0.000000e+00
val_mean_timeouts           0.000000e+00
Name: 535, dtype: float64
timesteps                   3.519283e+07
wall_time                   2.077935e+05
num_episodes                3.969600e+04
max_episode_rewards         4.000000e+00
mean_episode_rewards        1.600000e+00
min_episode_rewards         0.000000e+00
max_episode_len             1.000000e+03
mean_episode_len            9.017000e+02
min_episode_len             0.000000e+00
mean_timeouts               0.000000e+00
val_max_episode_rewards     2.000000e+00
val_mean_episode_rewards    2.500000e-01
val_min_episode_rewards     0.000000e+00
val_max_episode_len         1.000000e+03
val_mean_episode_len        9.981750e+02
val_min_episode_len         0.000000e+00
val_mean_timeouts           0.000000e+00
Name: 536, dtype: float64
timesteps                   3.525837e+07
wall_time                   2.081852e+05
num_episodes                3.978200e+04
max_episode_rewards         4.000000e+00
mean_episode_rewards        1.275000e+00
min_episode_rewards         0.000000e+00
max_episode_len             1.000000e+03
mean_episode_len            7.821250e+02
min_episode_len             0.000000e+00
mean_timeouts               0.000000e+00
val_max_episode_rewards     1.000000e+00
val_mean_episode_rewards    3.250000e-01
val_min_episode_rewards     0.000000e+00
val_max_episode_len         1.000000e+03
val_mean_episode_len        1.000000e+03
val_min_episode_len         0.000000e+00
val_mean_timeouts           0.000000e+00
Name: 537, dtype: float64
timesteps                   3.532390e+07
wall_time                   2.085791e+05
num_episodes                3.985300e+04
max_episode_rewards         4.000000e+00
mean_episode_rewards        1.300000e+00
min_episode_rewards         0.000000e+00
max_episode_len             1.000000e+03
mean_episode_len            7.429500e+02
min_episode_len             0.000000e+00
mean_timeouts               0.000000e+00
val_max_episode_rewards     3.000000e+00
val_mean_episode_rewards    2.250000e-01
val_min_episode_rewards     0.000000e+00
val_max_episode_len         1.000000e+03
val_mean_episode_len        9.837000e+02
val_min_episode_len         0.000000e+00
val_mean_timeouts           0.000000e+00
Name: 538, dtype: float64slurmstepd: error: *** JOB 402886 ON gan.ist.berkeley.edu CANCELLED AT 2024-07-23T03:54:59 DUE TO TIME LIMIT ***
