++ /nas/ucb/tutrinh/anaconda3/bin/conda shell.bash hook
+ eval 'export CONDA_EXE='\''/nas/ucb/tutrinh/anaconda3/bin/conda'\''
export _CE_M='\'''\''
export _CE_CONDA='\'''\''
export CONDA_PYTHON_EXE='\''/nas/ucb/tutrinh/anaconda3/bin/python'\''

# Copyright (C) 2012 Anaconda, Inc
# SPDX-License-Identifier: BSD-3-Clause
__conda_exe() (
    "$CONDA_EXE" $_CE_M $_CE_CONDA "$@"
)

__conda_hashr() {
    if [ -n "${ZSH_VERSION:+x}" ]; then
        \rehash
    elif [ -n "${POSH_VERSION:+x}" ]; then
        :  # pass
    else
        \hash -r
    fi
}

__conda_activate() {
    if [ -n "${CONDA_PS1_BACKUP:+x}" ]; then
        # Handle transition from shell activated with conda <= 4.3 to a subsequent activation
        # after conda updated to >= 4.4. See issue #6173.
        PS1="$CONDA_PS1_BACKUP"
        \unset CONDA_PS1_BACKUP
    fi
    \local ask_conda
    ask_conda="$(PS1="${PS1:-}" __conda_exe shell.posix "$@")" || \return
    \eval "$ask_conda"
    __conda_hashr
}

__conda_reactivate() {
    \local ask_conda
    ask_conda="$(PS1="${PS1:-}" __conda_exe shell.posix reactivate)" || \return
    \eval "$ask_conda"
    __conda_hashr
}

conda() {
    \local cmd="${1-__missing__}"
    case "$cmd" in
        activate|deactivate)
            __conda_activate "$@"
            ;;
        install|update|upgrade|remove|uninstall)
            __conda_exe "$@" || \return
            __conda_reactivate
            ;;
        *)
            __conda_exe "$@"
            ;;
    esac
}

if [ -z "${CONDA_SHLVL+x}" ]; then
    \export CONDA_SHLVL=0
    # In dev-mode CONDA_EXE is python.exe and on Windows
    # it is in a different relative location to condabin.
    if [ -n "${_CE_CONDA:+x}" ] && [ -n "${WINDIR+x}" ]; then
        PATH="$(\dirname "$CONDA_EXE")/condabin${PATH:+":${PATH}"}"
    else
        PATH="$(\dirname "$(\dirname "$CONDA_EXE")")/condabin${PATH:+":${PATH}"}"
    fi
    \export PATH

    # We'\''re not allowing PS1 to be unbound. It must at least be set.
    # However, we'\''re not exporting it, which can cause problems when starting a second shell
    # via a first shell (i.e. starting zsh from bash).
    if [ -z "${PS1+x}" ]; then
        PS1=
    fi
fi

conda activate base'
++ export CONDA_EXE=/nas/ucb/tutrinh/anaconda3/bin/conda
++ CONDA_EXE=/nas/ucb/tutrinh/anaconda3/bin/conda
++ export _CE_M=
++ _CE_M=
++ export _CE_CONDA=
++ _CE_CONDA=
++ export CONDA_PYTHON_EXE=/nas/ucb/tutrinh/anaconda3/bin/python
++ CONDA_PYTHON_EXE=/nas/ucb/tutrinh/anaconda3/bin/python
++ '[' -z x ']'
++ conda activate base
++ local cmd=activate
++ case "$cmd" in
++ __conda_activate activate base
++ '[' -n '' ']'
++ local ask_conda
+++ PS1=
+++ __conda_exe shell.posix activate base
+++ /nas/ucb/tutrinh/anaconda3/bin/conda shell.posix activate base
++ ask_conda='PS1='\''(base) '\''
export PATH='\''/home/tutrinh/.local/bin:/nas/ucb/tutrinh/anaconda3/bin:/nas/ucb/tutrinh/anaconda3/condabin:/usr/local/sbin:/usr/local/bin:/usr/sbin:/usr/bin:/sbin:/bin:/usr/games:/usr/local/games:/home/tutrinh/.local/bin'\''
export CONDA_SHLVL='\''1'\''
export CONDA_PROMPT_MODIFIER='\''(base) '\'''
++ eval 'PS1='\''(base) '\''
export PATH='\''/home/tutrinh/.local/bin:/nas/ucb/tutrinh/anaconda3/bin:/nas/ucb/tutrinh/anaconda3/condabin:/usr/local/sbin:/usr/local/bin:/usr/sbin:/usr/bin:/sbin:/bin:/usr/games:/usr/local/games:/home/tutrinh/.local/bin'\''
export CONDA_SHLVL='\''1'\''
export CONDA_PROMPT_MODIFIER='\''(base) '\'''
+++ PS1='(base) '
+++ export PATH=/home/tutrinh/.local/bin:/nas/ucb/tutrinh/anaconda3/bin:/nas/ucb/tutrinh/anaconda3/condabin:/usr/local/sbin:/usr/local/bin:/usr/sbin:/usr/bin:/sbin:/bin:/usr/games:/usr/local/games:/home/tutrinh/.local/bin
+++ PATH=/home/tutrinh/.local/bin:/nas/ucb/tutrinh/anaconda3/bin:/nas/ucb/tutrinh/anaconda3/condabin:/usr/local/sbin:/usr/local/bin:/usr/sbin:/usr/bin:/sbin:/bin:/usr/games:/usr/local/games:/home/tutrinh/.local/bin
+++ export CONDA_SHLVL=1
+++ CONDA_SHLVL=1
+++ export 'CONDA_PROMPT_MODIFIER=(base) '
+++ CONDA_PROMPT_MODIFIER='(base) '
++ __conda_hashr
++ '[' -n '' ']'
++ '[' -n '' ']'
++ hash -r
+ conda activate ood
+ local cmd=activate
+ case "$cmd" in
+ __conda_activate activate ood
+ '[' -n '' ']'
+ local ask_conda
++ PS1='(base) '
++ __conda_exe shell.posix activate ood
++ /nas/ucb/tutrinh/anaconda3/bin/conda shell.posix activate ood
+ ask_conda='PS1='\''(ood) '\''
export PATH='\''/home/tutrinh/.local/bin:/nas/ucb/tutrinh/anaconda3/envs/ood/bin:/nas/ucb/tutrinh/anaconda3/condabin:/usr/local/sbin:/usr/local/bin:/usr/sbin:/usr/bin:/sbin:/bin:/usr/games:/usr/local/games:/home/tutrinh/.local/bin'\''
export CONDA_PREFIX='\''/nas/ucb/tutrinh/anaconda3/envs/ood'\''
export CONDA_SHLVL='\''2'\''
export CONDA_DEFAULT_ENV='\''ood'\''
export CONDA_PROMPT_MODIFIER='\''(ood) '\''
export CONDA_PREFIX_1='\''/nas/ucb/tutrinh/anaconda3'\''
export CONDA_EXE='\''/nas/ucb/tutrinh/anaconda3/bin/conda'\''
export _CE_M='\'''\''
export _CE_CONDA='\'''\''
export CONDA_PYTHON_EXE='\''/nas/ucb/tutrinh/anaconda3/bin/python'\''
. "/nas/ucb/tutrinh/anaconda3/envs/ood/etc/conda/activate.d/activate-binutils_linux-64.sh"
. "/nas/ucb/tutrinh/anaconda3/envs/ood/etc/conda/activate.d/activate-gcc_linux-64.sh"
. "/nas/ucb/tutrinh/anaconda3/envs/ood/etc/conda/activate.d/glib_activate.sh"'
+ eval 'PS1='\''(ood) '\''
export PATH='\''/home/tutrinh/.local/bin:/nas/ucb/tutrinh/anaconda3/envs/ood/bin:/nas/ucb/tutrinh/anaconda3/condabin:/usr/local/sbin:/usr/local/bin:/usr/sbin:/usr/bin:/sbin:/bin:/usr/games:/usr/local/games:/home/tutrinh/.local/bin'\''
export CONDA_PREFIX='\''/nas/ucb/tutrinh/anaconda3/envs/ood'\''
export CONDA_SHLVL='\''2'\''
export CONDA_DEFAULT_ENV='\''ood'\''
export CONDA_PROMPT_MODIFIER='\''(ood) '\''
export CONDA_PREFIX_1='\''/nas/ucb/tutrinh/anaconda3'\''
export CONDA_EXE='\''/nas/ucb/tutrinh/anaconda3/bin/conda'\''
export _CE_M='\'''\''
export _CE_CONDA='\'''\''
export CONDA_PYTHON_EXE='\''/nas/ucb/tutrinh/anaconda3/bin/python'\''
. "/nas/ucb/tutrinh/anaconda3/envs/ood/etc/conda/activate.d/activate-binutils_linux-64.sh"
. "/nas/ucb/tutrinh/anaconda3/envs/ood/etc/conda/activate.d/activate-gcc_linux-64.sh"
. "/nas/ucb/tutrinh/anaconda3/envs/ood/etc/conda/activate.d/glib_activate.sh"'
++ PS1='(ood) '
++ export PATH=/home/tutrinh/.local/bin:/nas/ucb/tutrinh/anaconda3/envs/ood/bin:/nas/ucb/tutrinh/anaconda3/condabin:/usr/local/sbin:/usr/local/bin:/usr/sbin:/usr/bin:/sbin:/bin:/usr/games:/usr/local/games:/home/tutrinh/.local/bin
++ PATH=/home/tutrinh/.local/bin:/nas/ucb/tutrinh/anaconda3/envs/ood/bin:/nas/ucb/tutrinh/anaconda3/condabin:/usr/local/sbin:/usr/local/bin:/usr/sbin:/usr/bin:/sbin:/bin:/usr/games:/usr/local/games:/home/tutrinh/.local/bin
++ export CONDA_PREFIX=/nas/ucb/tutrinh/anaconda3/envs/ood
++ CONDA_PREFIX=/nas/ucb/tutrinh/anaconda3/envs/ood
++ export CONDA_SHLVL=2
++ CONDA_SHLVL=2
++ export CONDA_DEFAULT_ENV=ood
++ CONDA_DEFAULT_ENV=ood
++ export 'CONDA_PROMPT_MODIFIER=(ood) '
++ CONDA_PROMPT_MODIFIER='(ood) '
++ export CONDA_PREFIX_1=/nas/ucb/tutrinh/anaconda3
++ CONDA_PREFIX_1=/nas/ucb/tutrinh/anaconda3
++ export CONDA_EXE=/nas/ucb/tutrinh/anaconda3/bin/conda
++ CONDA_EXE=/nas/ucb/tutrinh/anaconda3/bin/conda
++ export _CE_M=
++ _CE_M=
++ export _CE_CONDA=
++ _CE_CONDA=
++ export CONDA_PYTHON_EXE=/nas/ucb/tutrinh/anaconda3/bin/python
++ CONDA_PYTHON_EXE=/nas/ucb/tutrinh/anaconda3/bin/python
++ . /nas/ucb/tutrinh/anaconda3/envs/ood/etc/conda/activate.d/activate-binutils_linux-64.sh
+++ env
+++ _tc_activation activate host x86_64-conda_cos6-linux-gnu x86_64-conda_cos6-linux-gnu- addr2line ar as c++filt elfedit gprof ld ld.gold nm objcopy objdump ranlib readelf size strings strip
+++ local act_nature=activate
+++ shift
+++ local tc_nature=host
+++ shift
+++ local tc_machine=x86_64-conda_cos6-linux-gnu
+++ shift
+++ local tc_prefix=x86_64-conda_cos6-linux-gnu-
+++ shift
+++ local thing
+++ local newval
+++ local from
+++ local to
+++ local which
+++ local pass
+++ '[' activate = activate ']'
+++ from=
+++ to=CONDA_BACKUP_
+++ for pass in check apply
+++ for thing in $tc_nature,$tc_machine "$@"
+++ case "${thing}" in
++++ sed 's,^[^\,]*\,\(.*\),\1,'
++++ echo host,x86_64-conda_cos6-linux-gnu
+++ newval=x86_64-conda_cos6-linux-gnu
++++ sed 's,^\([^\,]*\)\,.*,\1,'
++++ echo host,x86_64-conda_cos6-linux-gnu
+++ thing=host
+++ '[' check = apply ']'
+++ for thing in $tc_nature,$tc_machine "$@"
+++ case "${thing}" in
++++ which /nas/ucb/tutrinh/anaconda3/envs/ood/bin/x86_64-conda_cos6-linux-gnu-addr2line
+++ newval=/nas/ucb/tutrinh/anaconda3/envs/ood/bin/x86_64-conda_cos6-linux-gnu-addr2line
+++ '[' -z /nas/ucb/tutrinh/anaconda3/envs/ood/bin/x86_64-conda_cos6-linux-gnu-addr2line -a check = check ']'
+++ '[' check = apply ']'
+++ for thing in $tc_nature,$tc_machine "$@"
+++ case "${thing}" in
++++ which /nas/ucb/tutrinh/anaconda3/envs/ood/bin/x86_64-conda_cos6-linux-gnu-ar
+++ newval=/nas/ucb/tutrinh/anaconda3/envs/ood/bin/x86_64-conda_cos6-linux-gnu-ar
+++ '[' -z /nas/ucb/tutrinh/anaconda3/envs/ood/bin/x86_64-conda_cos6-linux-gnu-ar -a check = check ']'
+++ '[' check = apply ']'
+++ for thing in $tc_nature,$tc_machine "$@"
+++ case "${thing}" in
++++ which /nas/ucb/tutrinh/anaconda3/envs/ood/bin/x86_64-conda_cos6-linux-gnu-as
+++ newval=/nas/ucb/tutrinh/anaconda3/envs/ood/bin/x86_64-conda_cos6-linux-gnu-as
+++ '[' -z /nas/ucb/tutrinh/anaconda3/envs/ood/bin/x86_64-conda_cos6-linux-gnu-as -a check = check ']'
+++ '[' check = apply ']'
+++ for thing in $tc_nature,$tc_machine "$@"
+++ case "${thing}" in
++++ which /nas/ucb/tutrinh/anaconda3/envs/ood/bin/x86_64-conda_cos6-linux-gnu-c++filt
+++ newval=/nas/ucb/tutrinh/anaconda3/envs/ood/bin/x86_64-conda_cos6-linux-gnu-c++filt
+++ '[' -z /nas/ucb/tutrinh/anaconda3/envs/ood/bin/x86_64-conda_cos6-linux-gnu-c++filt -a check = check ']'
+++ '[' check = apply ']'
+++ for thing in $tc_nature,$tc_machine "$@"
+++ case "${thing}" in
++++ which /nas/ucb/tutrinh/anaconda3/envs/ood/bin/x86_64-conda_cos6-linux-gnu-elfedit
+++ newval=/nas/ucb/tutrinh/anaconda3/envs/ood/bin/x86_64-conda_cos6-linux-gnu-elfedit
+++ '[' -z /nas/ucb/tutrinh/anaconda3/envs/ood/bin/x86_64-conda_cos6-linux-gnu-elfedit -a check = check ']'
+++ '[' check = apply ']'
+++ for thing in $tc_nature,$tc_machine "$@"
+++ case "${thing}" in
++++ which /nas/ucb/tutrinh/anaconda3/envs/ood/bin/x86_64-conda_cos6-linux-gnu-gprof
+++ newval=/nas/ucb/tutrinh/anaconda3/envs/ood/bin/x86_64-conda_cos6-linux-gnu-gprof
+++ '[' -z /nas/ucb/tutrinh/anaconda3/envs/ood/bin/x86_64-conda_cos6-linux-gnu-gprof -a check = check ']'
+++ '[' check = apply ']'
+++ for thing in $tc_nature,$tc_machine "$@"
+++ case "${thing}" in
++++ which /nas/ucb/tutrinh/anaconda3/envs/ood/bin/x86_64-conda_cos6-linux-gnu-ld
+++ newval=/nas/ucb/tutrinh/anaconda3/envs/ood/bin/x86_64-conda_cos6-linux-gnu-ld
+++ '[' -z /nas/ucb/tutrinh/anaconda3/envs/ood/bin/x86_64-conda_cos6-linux-gnu-ld -a check = check ']'
+++ '[' check = apply ']'
+++ for thing in $tc_nature,$tc_machine "$@"
+++ case "${thing}" in
++++ which /nas/ucb/tutrinh/anaconda3/envs/ood/bin/x86_64-conda_cos6-linux-gnu-ld.gold
+++ newval=/nas/ucb/tutrinh/anaconda3/envs/ood/bin/x86_64-conda_cos6-linux-gnu-ld.gold
+++ '[' -z /nas/ucb/tutrinh/anaconda3/envs/ood/bin/x86_64-conda_cos6-linux-gnu-ld.gold -a check = check ']'
+++ '[' check = apply ']'
+++ for thing in $tc_nature,$tc_machine "$@"
+++ case "${thing}" in
++++ which /nas/ucb/tutrinh/anaconda3/envs/ood/bin/x86_64-conda_cos6-linux-gnu-nm
+++ newval=/nas/ucb/tutrinh/anaconda3/envs/ood/bin/x86_64-conda_cos6-linux-gnu-nm
+++ '[' -z /nas/ucb/tutrinh/anaconda3/envs/ood/bin/x86_64-conda_cos6-linux-gnu-nm -a check = check ']'
+++ '[' check = apply ']'
+++ for thing in $tc_nature,$tc_machine "$@"
+++ case "${thing}" in
++++ which /nas/ucb/tutrinh/anaconda3/envs/ood/bin/x86_64-conda_cos6-linux-gnu-objcopy
+++ newval=/nas/ucb/tutrinh/anaconda3/envs/ood/bin/x86_64-conda_cos6-linux-gnu-objcopy
+++ '[' -z /nas/ucb/tutrinh/anaconda3/envs/ood/bin/x86_64-conda_cos6-linux-gnu-objcopy -a check = check ']'
+++ '[' check = apply ']'
+++ for thing in $tc_nature,$tc_machine "$@"
+++ case "${thing}" in
++++ which /nas/ucb/tutrinh/anaconda3/envs/ood/bin/x86_64-conda_cos6-linux-gnu-objdump
+++ newval=/nas/ucb/tutrinh/anaconda3/envs/ood/bin/x86_64-conda_cos6-linux-gnu-objdump
+++ '[' -z /nas/ucb/tutrinh/anaconda3/envs/ood/bin/x86_64-conda_cos6-linux-gnu-objdump -a check = check ']'
+++ '[' check = apply ']'
+++ for thing in $tc_nature,$tc_machine "$@"
+++ case "${thing}" in
++++ which /nas/ucb/tutrinh/anaconda3/envs/ood/bin/x86_64-conda_cos6-linux-gnu-ranlib
+++ newval=/nas/ucb/tutrinh/anaconda3/envs/ood/bin/x86_64-conda_cos6-linux-gnu-ranlib
+++ '[' -z /nas/ucb/tutrinh/anaconda3/envs/ood/bin/x86_64-conda_cos6-linux-gnu-ranlib -a check = check ']'
+++ '[' check = apply ']'
+++ for thing in $tc_nature,$tc_machine "$@"
+++ case "${thing}" in
++++ which /nas/ucb/tutrinh/anaconda3/envs/ood/bin/x86_64-conda_cos6-linux-gnu-readelf
+++ newval=/nas/ucb/tutrinh/anaconda3/envs/ood/bin/x86_64-conda_cos6-linux-gnu-readelf
+++ '[' -z /nas/ucb/tutrinh/anaconda3/envs/ood/bin/x86_64-conda_cos6-linux-gnu-readelf -a check = check ']'
+++ '[' check = apply ']'
+++ for thing in $tc_nature,$tc_machine "$@"
+++ case "${thing}" in
++++ which /nas/ucb/tutrinh/anaconda3/envs/ood/bin/x86_64-conda_cos6-linux-gnu-size
+++ newval=/nas/ucb/tutrinh/anaconda3/envs/ood/bin/x86_64-conda_cos6-linux-gnu-size
+++ '[' -z /nas/ucb/tutrinh/anaconda3/envs/ood/bin/x86_64-conda_cos6-linux-gnu-size -a check = check ']'
+++ '[' check = apply ']'
+++ for thing in $tc_nature,$tc_machine "$@"
+++ case "${thing}" in
++++ which /nas/ucb/tutrinh/anaconda3/envs/ood/bin/x86_64-conda_cos6-linux-gnu-strings
+++ newval=/nas/ucb/tutrinh/anaconda3/envs/ood/bin/x86_64-conda_cos6-linux-gnu-strings
+++ '[' -z /nas/ucb/tutrinh/anaconda3/envs/ood/bin/x86_64-conda_cos6-linux-gnu-strings -a check = check ']'
+++ '[' check = apply ']'
+++ for thing in $tc_nature,$tc_machine "$@"
+++ case "${thing}" in
++++ which /nas/ucb/tutrinh/anaconda3/envs/ood/bin/x86_64-conda_cos6-linux-gnu-strip
+++ newval=/nas/ucb/tutrinh/anaconda3/envs/ood/bin/x86_64-conda_cos6-linux-gnu-strip
+++ '[' -z /nas/ucb/tutrinh/anaconda3/envs/ood/bin/x86_64-conda_cos6-linux-gnu-strip -a check = check ']'
+++ '[' check = apply ']'
+++ for pass in check apply
+++ for thing in $tc_nature,$tc_machine "$@"
+++ case "${thing}" in
++++ sed 's,^[^\,]*\,\(.*\),\1,'
++++ echo host,x86_64-conda_cos6-linux-gnu
+++ newval=x86_64-conda_cos6-linux-gnu
++++ sed 's,^\([^\,]*\)\,.*,\1,'
++++ echo host,x86_64-conda_cos6-linux-gnu
+++ thing=host
+++ '[' apply = apply ']'
++++ tr a-z+-. A-ZX__
++++ echo host
+++ thing=HOST
+++ eval 'oldval=$HOST'
++++ oldval=
+++ '[' -n '' ']'
+++ eval unset '${to}${thing}'
++++ unset CONDA_BACKUP_HOST
+++ '[' -n x86_64-conda_cos6-linux-gnu ']'
+++ eval export ''\''HOST=x86_64-conda_cos6-linux-gnu'\'''
++++ export HOST=x86_64-conda_cos6-linux-gnu
++++ HOST=x86_64-conda_cos6-linux-gnu
+++ for thing in $tc_nature,$tc_machine "$@"
+++ case "${thing}" in
++++ which /nas/ucb/tutrinh/anaconda3/envs/ood/bin/x86_64-conda_cos6-linux-gnu-addr2line
+++ newval=/nas/ucb/tutrinh/anaconda3/envs/ood/bin/x86_64-conda_cos6-linux-gnu-addr2line
+++ '[' -z /nas/ucb/tutrinh/anaconda3/envs/ood/bin/x86_64-conda_cos6-linux-gnu-addr2line -a apply = check ']'
+++ '[' apply = apply ']'
++++ tr a-z+-. A-ZX__
++++ echo addr2line
+++ thing=ADDR2LINE
+++ eval 'oldval=$ADDR2LINE'
++++ oldval=
+++ '[' -n '' ']'
+++ eval unset '${to}${thing}'
++++ unset CONDA_BACKUP_ADDR2LINE
+++ '[' -n /nas/ucb/tutrinh/anaconda3/envs/ood/bin/x86_64-conda_cos6-linux-gnu-addr2line ']'
+++ eval export ''\''ADDR2LINE=/nas/ucb/tutrinh/anaconda3/envs/ood/bin/x86_64-conda_cos6-linux-gnu-addr2line'\'''
++++ export ADDR2LINE=/nas/ucb/tutrinh/anaconda3/envs/ood/bin/x86_64-conda_cos6-linux-gnu-addr2line
++++ ADDR2LINE=/nas/ucb/tutrinh/anaconda3/envs/ood/bin/x86_64-conda_cos6-linux-gnu-addr2line
+++ for thing in $tc_nature,$tc_machine "$@"
+++ case "${thing}" in
++++ which /nas/ucb/tutrinh/anaconda3/envs/ood/bin/x86_64-conda_cos6-linux-gnu-ar
+++ newval=/nas/ucb/tutrinh/anaconda3/envs/ood/bin/x86_64-conda_cos6-linux-gnu-ar
+++ '[' -z /nas/ucb/tutrinh/anaconda3/envs/ood/bin/x86_64-conda_cos6-linux-gnu-ar -a apply = check ']'
+++ '[' apply = apply ']'
++++ tr a-z+-. A-ZX__
++++ echo ar
+++ thing=AR
+++ eval 'oldval=$AR'
++++ oldval=
+++ '[' -n '' ']'
+++ eval unset '${to}${thing}'
++++ unset CONDA_BACKUP_AR
+++ '[' -n /nas/ucb/tutrinh/anaconda3/envs/ood/bin/x86_64-conda_cos6-linux-gnu-ar ']'
+++ eval export ''\''AR=/nas/ucb/tutrinh/anaconda3/envs/ood/bin/x86_64-conda_cos6-linux-gnu-ar'\'''
++++ export AR=/nas/ucb/tutrinh/anaconda3/envs/ood/bin/x86_64-conda_cos6-linux-gnu-ar
++++ AR=/nas/ucb/tutrinh/anaconda3/envs/ood/bin/x86_64-conda_cos6-linux-gnu-ar
+++ for thing in $tc_nature,$tc_machine "$@"
+++ case "${thing}" in
++++ which /nas/ucb/tutrinh/anaconda3/envs/ood/bin/x86_64-conda_cos6-linux-gnu-as
+++ newval=/nas/ucb/tutrinh/anaconda3/envs/ood/bin/x86_64-conda_cos6-linux-gnu-as
+++ '[' -z /nas/ucb/tutrinh/anaconda3/envs/ood/bin/x86_64-conda_cos6-linux-gnu-as -a apply = check ']'
+++ '[' apply = apply ']'
++++ tr a-z+-. A-ZX__
++++ echo as
+++ thing=AS
+++ eval 'oldval=$AS'
++++ oldval=
+++ '[' -n '' ']'
+++ eval unset '${to}${thing}'
++++ unset CONDA_BACKUP_AS
+++ '[' -n /nas/ucb/tutrinh/anaconda3/envs/ood/bin/x86_64-conda_cos6-linux-gnu-as ']'
+++ eval export ''\''AS=/nas/ucb/tutrinh/anaconda3/envs/ood/bin/x86_64-conda_cos6-linux-gnu-as'\'''
++++ export AS=/nas/ucb/tutrinh/anaconda3/envs/ood/bin/x86_64-conda_cos6-linux-gnu-as
++++ AS=/nas/ucb/tutrinh/anaconda3/envs/ood/bin/x86_64-conda_cos6-linux-gnu-as
+++ for thing in $tc_nature,$tc_machine "$@"
+++ case "${thing}" in
++++ which /nas/ucb/tutrinh/anaconda3/envs/ood/bin/x86_64-conda_cos6-linux-gnu-c++filt
+++ newval=/nas/ucb/tutrinh/anaconda3/envs/ood/bin/x86_64-conda_cos6-linux-gnu-c++filt
+++ '[' -z /nas/ucb/tutrinh/anaconda3/envs/ood/bin/x86_64-conda_cos6-linux-gnu-c++filt -a apply = check ']'
+++ '[' apply = apply ']'
++++ tr a-z+-. A-ZX__
++++ echo c++filt
+++ thing=CXXFILT
+++ eval 'oldval=$CXXFILT'
++++ oldval=
+++ '[' -n '' ']'
+++ eval unset '${to}${thing}'
++++ unset CONDA_BACKUP_CXXFILT
+++ '[' -n /nas/ucb/tutrinh/anaconda3/envs/ood/bin/x86_64-conda_cos6-linux-gnu-c++filt ']'
+++ eval export ''\''CXXFILT=/nas/ucb/tutrinh/anaconda3/envs/ood/bin/x86_64-conda_cos6-linux-gnu-c++filt'\'''
++++ export CXXFILT=/nas/ucb/tutrinh/anaconda3/envs/ood/bin/x86_64-conda_cos6-linux-gnu-c++filt
++++ CXXFILT=/nas/ucb/tutrinh/anaconda3/envs/ood/bin/x86_64-conda_cos6-linux-gnu-c++filt
+++ for thing in $tc_nature,$tc_machine "$@"
+++ case "${thing}" in
++++ which /nas/ucb/tutrinh/anaconda3/envs/ood/bin/x86_64-conda_cos6-linux-gnu-elfedit
+++ newval=/nas/ucb/tutrinh/anaconda3/envs/ood/bin/x86_64-conda_cos6-linux-gnu-elfedit
+++ '[' -z /nas/ucb/tutrinh/anaconda3/envs/ood/bin/x86_64-conda_cos6-linux-gnu-elfedit -a apply = check ']'
+++ '[' apply = apply ']'
++++ tr a-z+-. A-ZX__
++++ echo elfedit
+++ thing=ELFEDIT
+++ eval 'oldval=$ELFEDIT'
++++ oldval=
+++ '[' -n '' ']'
+++ eval unset '${to}${thing}'
++++ unset CONDA_BACKUP_ELFEDIT
+++ '[' -n /nas/ucb/tutrinh/anaconda3/envs/ood/bin/x86_64-conda_cos6-linux-gnu-elfedit ']'
+++ eval export ''\''ELFEDIT=/nas/ucb/tutrinh/anaconda3/envs/ood/bin/x86_64-conda_cos6-linux-gnu-elfedit'\'''
++++ export ELFEDIT=/nas/ucb/tutrinh/anaconda3/envs/ood/bin/x86_64-conda_cos6-linux-gnu-elfedit
++++ ELFEDIT=/nas/ucb/tutrinh/anaconda3/envs/ood/bin/x86_64-conda_cos6-linux-gnu-elfedit
+++ for thing in $tc_nature,$tc_machine "$@"
+++ case "${thing}" in
++++ which /nas/ucb/tutrinh/anaconda3/envs/ood/bin/x86_64-conda_cos6-linux-gnu-gprof
+++ newval=/nas/ucb/tutrinh/anaconda3/envs/ood/bin/x86_64-conda_cos6-linux-gnu-gprof
+++ '[' -z /nas/ucb/tutrinh/anaconda3/envs/ood/bin/x86_64-conda_cos6-linux-gnu-gprof -a apply = check ']'
+++ '[' apply = apply ']'
++++ tr a-z+-. A-ZX__
++++ echo gprof
+++ thing=GPROF
+++ eval 'oldval=$GPROF'
++++ oldval=
+++ '[' -n '' ']'
+++ eval unset '${to}${thing}'
++++ unset CONDA_BACKUP_GPROF
+++ '[' -n /nas/ucb/tutrinh/anaconda3/envs/ood/bin/x86_64-conda_cos6-linux-gnu-gprof ']'
+++ eval export ''\''GPROF=/nas/ucb/tutrinh/anaconda3/envs/ood/bin/x86_64-conda_cos6-linux-gnu-gprof'\'''
++++ export GPROF=/nas/ucb/tutrinh/anaconda3/envs/ood/bin/x86_64-conda_cos6-linux-gnu-gprof
++++ GPROF=/nas/ucb/tutrinh/anaconda3/envs/ood/bin/x86_64-conda_cos6-linux-gnu-gprof
+++ for thing in $tc_nature,$tc_machine "$@"
+++ case "${thing}" in
++++ which /nas/ucb/tutrinh/anaconda3/envs/ood/bin/x86_64-conda_cos6-linux-gnu-ld
+++ newval=/nas/ucb/tutrinh/anaconda3/envs/ood/bin/x86_64-conda_cos6-linux-gnu-ld
+++ '[' -z /nas/ucb/tutrinh/anaconda3/envs/ood/bin/x86_64-conda_cos6-linux-gnu-ld -a apply = check ']'
+++ '[' apply = apply ']'
++++ tr a-z+-. A-ZX__
++++ echo ld
+++ thing=LD
+++ eval 'oldval=$LD'
++++ oldval=
+++ '[' -n '' ']'
+++ eval unset '${to}${thing}'
++++ unset CONDA_BACKUP_LD
+++ '[' -n /nas/ucb/tutrinh/anaconda3/envs/ood/bin/x86_64-conda_cos6-linux-gnu-ld ']'
+++ eval export ''\''LD=/nas/ucb/tutrinh/anaconda3/envs/ood/bin/x86_64-conda_cos6-linux-gnu-ld'\'''
++++ export LD=/nas/ucb/tutrinh/anaconda3/envs/ood/bin/x86_64-conda_cos6-linux-gnu-ld
++++ LD=/nas/ucb/tutrinh/anaconda3/envs/ood/bin/x86_64-conda_cos6-linux-gnu-ld
+++ for thing in $tc_nature,$tc_machine "$@"
+++ case "${thing}" in
++++ which /nas/ucb/tutrinh/anaconda3/envs/ood/bin/x86_64-conda_cos6-linux-gnu-ld.gold
+++ newval=/nas/ucb/tutrinh/anaconda3/envs/ood/bin/x86_64-conda_cos6-linux-gnu-ld.gold
+++ '[' -z /nas/ucb/tutrinh/anaconda3/envs/ood/bin/x86_64-conda_cos6-linux-gnu-ld.gold -a apply = check ']'
+++ '[' apply = apply ']'
++++ tr a-z+-. A-ZX__
++++ echo ld.gold
+++ thing=LD_GOLD
+++ eval 'oldval=$LD_GOLD'
++++ oldval=
+++ '[' -n '' ']'
+++ eval unset '${to}${thing}'
++++ unset CONDA_BACKUP_LD_GOLD
+++ '[' -n /nas/ucb/tutrinh/anaconda3/envs/ood/bin/x86_64-conda_cos6-linux-gnu-ld.gold ']'
+++ eval export ''\''LD_GOLD=/nas/ucb/tutrinh/anaconda3/envs/ood/bin/x86_64-conda_cos6-linux-gnu-ld.gold'\'''
++++ export LD_GOLD=/nas/ucb/tutrinh/anaconda3/envs/ood/bin/x86_64-conda_cos6-linux-gnu-ld.gold
++++ LD_GOLD=/nas/ucb/tutrinh/anaconda3/envs/ood/bin/x86_64-conda_cos6-linux-gnu-ld.gold
+++ for thing in $tc_nature,$tc_machine "$@"
+++ case "${thing}" in
++++ which /nas/ucb/tutrinh/anaconda3/envs/ood/bin/x86_64-conda_cos6-linux-gnu-nm
+++ newval=/nas/ucb/tutrinh/anaconda3/envs/ood/bin/x86_64-conda_cos6-linux-gnu-nm
+++ '[' -z /nas/ucb/tutrinh/anaconda3/envs/ood/bin/x86_64-conda_cos6-linux-gnu-nm -a apply = check ']'
+++ '[' apply = apply ']'
++++ tr a-z+-. A-ZX__
++++ echo nm
+++ thing=NM
+++ eval 'oldval=$NM'
++++ oldval=
+++ '[' -n '' ']'
+++ eval unset '${to}${thing}'
++++ unset CONDA_BACKUP_NM
+++ '[' -n /nas/ucb/tutrinh/anaconda3/envs/ood/bin/x86_64-conda_cos6-linux-gnu-nm ']'
+++ eval export ''\''NM=/nas/ucb/tutrinh/anaconda3/envs/ood/bin/x86_64-conda_cos6-linux-gnu-nm'\'''
++++ export NM=/nas/ucb/tutrinh/anaconda3/envs/ood/bin/x86_64-conda_cos6-linux-gnu-nm
++++ NM=/nas/ucb/tutrinh/anaconda3/envs/ood/bin/x86_64-conda_cos6-linux-gnu-nm
+++ for thing in $tc_nature,$tc_machine "$@"
+++ case "${thing}" in
++++ which /nas/ucb/tutrinh/anaconda3/envs/ood/bin/x86_64-conda_cos6-linux-gnu-objcopy
+++ newval=/nas/ucb/tutrinh/anaconda3/envs/ood/bin/x86_64-conda_cos6-linux-gnu-objcopy
+++ '[' -z /nas/ucb/tutrinh/anaconda3/envs/ood/bin/x86_64-conda_cos6-linux-gnu-objcopy -a apply = check ']'
+++ '[' apply = apply ']'
++++ tr a-z+-. A-ZX__
++++ echo objcopy
+++ thing=OBJCOPY
+++ eval 'oldval=$OBJCOPY'
++++ oldval=
+++ '[' -n '' ']'
+++ eval unset '${to}${thing}'
++++ unset CONDA_BACKUP_OBJCOPY
+++ '[' -n /nas/ucb/tutrinh/anaconda3/envs/ood/bin/x86_64-conda_cos6-linux-gnu-objcopy ']'
+++ eval export ''\''OBJCOPY=/nas/ucb/tutrinh/anaconda3/envs/ood/bin/x86_64-conda_cos6-linux-gnu-objcopy'\'''
++++ export OBJCOPY=/nas/ucb/tutrinh/anaconda3/envs/ood/bin/x86_64-conda_cos6-linux-gnu-objcopy
++++ OBJCOPY=/nas/ucb/tutrinh/anaconda3/envs/ood/bin/x86_64-conda_cos6-linux-gnu-objcopy
+++ for thing in $tc_nature,$tc_machine "$@"
+++ case "${thing}" in
++++ which /nas/ucb/tutrinh/anaconda3/envs/ood/bin/x86_64-conda_cos6-linux-gnu-objdump
+++ newval=/nas/ucb/tutrinh/anaconda3/envs/ood/bin/x86_64-conda_cos6-linux-gnu-objdump
+++ '[' -z /nas/ucb/tutrinh/anaconda3/envs/ood/bin/x86_64-conda_cos6-linux-gnu-objdump -a apply = check ']'
+++ '[' apply = apply ']'
++++ tr a-z+-. A-ZX__
++++ echo objdump
+++ thing=OBJDUMP
+++ eval 'oldval=$OBJDUMP'
++++ oldval=
+++ '[' -n '' ']'
+++ eval unset '${to}${thing}'
++++ unset CONDA_BACKUP_OBJDUMP
+++ '[' -n /nas/ucb/tutrinh/anaconda3/envs/ood/bin/x86_64-conda_cos6-linux-gnu-objdump ']'
+++ eval export ''\''OBJDUMP=/nas/ucb/tutrinh/anaconda3/envs/ood/bin/x86_64-conda_cos6-linux-gnu-objdump'\'''
++++ export OBJDUMP=/nas/ucb/tutrinh/anaconda3/envs/ood/bin/x86_64-conda_cos6-linux-gnu-objdump
++++ OBJDUMP=/nas/ucb/tutrinh/anaconda3/envs/ood/bin/x86_64-conda_cos6-linux-gnu-objdump
+++ for thing in $tc_nature,$tc_machine "$@"
+++ case "${thing}" in
++++ which /nas/ucb/tutrinh/anaconda3/envs/ood/bin/x86_64-conda_cos6-linux-gnu-ranlib
+++ newval=/nas/ucb/tutrinh/anaconda3/envs/ood/bin/x86_64-conda_cos6-linux-gnu-ranlib
+++ '[' -z /nas/ucb/tutrinh/anaconda3/envs/ood/bin/x86_64-conda_cos6-linux-gnu-ranlib -a apply = check ']'
+++ '[' apply = apply ']'
++++ tr a-z+-. A-ZX__
++++ echo ranlib
+++ thing=RANLIB
+++ eval 'oldval=$RANLIB'
++++ oldval=
+++ '[' -n '' ']'
+++ eval unset '${to}${thing}'
++++ unset CONDA_BACKUP_RANLIB
+++ '[' -n /nas/ucb/tutrinh/anaconda3/envs/ood/bin/x86_64-conda_cos6-linux-gnu-ranlib ']'
+++ eval export ''\''RANLIB=/nas/ucb/tutrinh/anaconda3/envs/ood/bin/x86_64-conda_cos6-linux-gnu-ranlib'\'''
++++ export RANLIB=/nas/ucb/tutrinh/anaconda3/envs/ood/bin/x86_64-conda_cos6-linux-gnu-ranlib
++++ RANLIB=/nas/ucb/tutrinh/anaconda3/envs/ood/bin/x86_64-conda_cos6-linux-gnu-ranlib
+++ for thing in $tc_nature,$tc_machine "$@"
+++ case "${thing}" in
++++ which /nas/ucb/tutrinh/anaconda3/envs/ood/bin/x86_64-conda_cos6-linux-gnu-readelf
+++ newval=/nas/ucb/tutrinh/anaconda3/envs/ood/bin/x86_64-conda_cos6-linux-gnu-readelf
+++ '[' -z /nas/ucb/tutrinh/anaconda3/envs/ood/bin/x86_64-conda_cos6-linux-gnu-readelf -a apply = check ']'
+++ '[' apply = apply ']'
++++ tr a-z+-. A-ZX__
++++ echo readelf
+++ thing=READELF
+++ eval 'oldval=$READELF'
++++ oldval=
+++ '[' -n '' ']'
+++ eval unset '${to}${thing}'
++++ unset CONDA_BACKUP_READELF
+++ '[' -n /nas/ucb/tutrinh/anaconda3/envs/ood/bin/x86_64-conda_cos6-linux-gnu-readelf ']'
+++ eval export ''\''READELF=/nas/ucb/tutrinh/anaconda3/envs/ood/bin/x86_64-conda_cos6-linux-gnu-readelf'\'''
++++ export READELF=/nas/ucb/tutrinh/anaconda3/envs/ood/bin/x86_64-conda_cos6-linux-gnu-readelf
++++ READELF=/nas/ucb/tutrinh/anaconda3/envs/ood/bin/x86_64-conda_cos6-linux-gnu-readelf
+++ for thing in $tc_nature,$tc_machine "$@"
+++ case "${thing}" in
++++ which /nas/ucb/tutrinh/anaconda3/envs/ood/bin/x86_64-conda_cos6-linux-gnu-size
+++ newval=/nas/ucb/tutrinh/anaconda3/envs/ood/bin/x86_64-conda_cos6-linux-gnu-size
+++ '[' -z /nas/ucb/tutrinh/anaconda3/envs/ood/bin/x86_64-conda_cos6-linux-gnu-size -a apply = check ']'
+++ '[' apply = apply ']'
++++ tr a-z+-. A-ZX__
++++ echo size
+++ thing=SIZE
+++ eval 'oldval=$SIZE'
++++ oldval=
+++ '[' -n '' ']'
+++ eval unset '${to}${thing}'
++++ unset CONDA_BACKUP_SIZE
+++ '[' -n /nas/ucb/tutrinh/anaconda3/envs/ood/bin/x86_64-conda_cos6-linux-gnu-size ']'
+++ eval export ''\''SIZE=/nas/ucb/tutrinh/anaconda3/envs/ood/bin/x86_64-conda_cos6-linux-gnu-size'\'''
++++ export SIZE=/nas/ucb/tutrinh/anaconda3/envs/ood/bin/x86_64-conda_cos6-linux-gnu-size
++++ SIZE=/nas/ucb/tutrinh/anaconda3/envs/ood/bin/x86_64-conda_cos6-linux-gnu-size
+++ for thing in $tc_nature,$tc_machine "$@"
+++ case "${thing}" in
++++ which /nas/ucb/tutrinh/anaconda3/envs/ood/bin/x86_64-conda_cos6-linux-gnu-strings
+++ newval=/nas/ucb/tutrinh/anaconda3/envs/ood/bin/x86_64-conda_cos6-linux-gnu-strings
+++ '[' -z /nas/ucb/tutrinh/anaconda3/envs/ood/bin/x86_64-conda_cos6-linux-gnu-strings -a apply = check ']'
+++ '[' apply = apply ']'
++++ tr a-z+-. A-ZX__
++++ echo strings
+++ thing=STRINGS
+++ eval 'oldval=$STRINGS'
++++ oldval=
+++ '[' -n '' ']'
+++ eval unset '${to}${thing}'
++++ unset CONDA_BACKUP_STRINGS
+++ '[' -n /nas/ucb/tutrinh/anaconda3/envs/ood/bin/x86_64-conda_cos6-linux-gnu-strings ']'
+++ eval export ''\''STRINGS=/nas/ucb/tutrinh/anaconda3/envs/ood/bin/x86_64-conda_cos6-linux-gnu-strings'\'''
++++ export STRINGS=/nas/ucb/tutrinh/anaconda3/envs/ood/bin/x86_64-conda_cos6-linux-gnu-strings
++++ STRINGS=/nas/ucb/tutrinh/anaconda3/envs/ood/bin/x86_64-conda_cos6-linux-gnu-strings
+++ for thing in $tc_nature,$tc_machine "$@"
+++ case "${thing}" in
++++ which /nas/ucb/tutrinh/anaconda3/envs/ood/bin/x86_64-conda_cos6-linux-gnu-strip
+++ newval=/nas/ucb/tutrinh/anaconda3/envs/ood/bin/x86_64-conda_cos6-linux-gnu-strip
+++ '[' -z /nas/ucb/tutrinh/anaconda3/envs/ood/bin/x86_64-conda_cos6-linux-gnu-strip -a apply = check ']'
+++ '[' apply = apply ']'
++++ tr a-z+-. A-ZX__
++++ echo strip
+++ thing=STRIP
+++ eval 'oldval=$STRIP'
++++ oldval=
+++ '[' -n '' ']'
+++ eval unset '${to}${thing}'
++++ unset CONDA_BACKUP_STRIP
+++ '[' -n /nas/ucb/tutrinh/anaconda3/envs/ood/bin/x86_64-conda_cos6-linux-gnu-strip ']'
+++ eval export ''\''STRIP=/nas/ucb/tutrinh/anaconda3/envs/ood/bin/x86_64-conda_cos6-linux-gnu-strip'\'''
++++ export STRIP=/nas/ucb/tutrinh/anaconda3/envs/ood/bin/x86_64-conda_cos6-linux-gnu-strip
++++ STRIP=/nas/ucb/tutrinh/anaconda3/envs/ood/bin/x86_64-conda_cos6-linux-gnu-strip
+++ return 0
+++ '[' 0 -ne 0 ']'
+++ env
++++ _get_sourced_filename
++++ '[' -n /nas/ucb/tutrinh/anaconda3/envs/ood/etc/conda/activate.d/activate-binutils_linux-64.sh ']'
++++ basename /nas/ucb/tutrinh/anaconda3/envs/ood/etc/conda/activate.d/activate-binutils_linux-64.sh
+++ echo 'INFO: activate-binutils_linux-64.sh made the following environmental changes:'
INFO: activate-binutils_linux-64.sh made the following environmental changes:
+++ diff -U 0 -rN /tmp/old-env-2132154.txt /tmp/new-env-2132154.txt
+++ tail -n +4
+++ grep '^-.*\|^+.*'
+++ sort
+++ grep -v CONDA_BACKUP_
+ADDR2LINE=/nas/ucb/tutrinh/anaconda3/envs/ood/bin/x86_64-conda_cos6-linux-gnu-addr2line
+AR=/nas/ucb/tutrinh/anaconda3/envs/ood/bin/x86_64-conda_cos6-linux-gnu-ar
+AS=/nas/ucb/tutrinh/anaconda3/envs/ood/bin/x86_64-conda_cos6-linux-gnu-as
+CXXFILT=/nas/ucb/tutrinh/anaconda3/envs/ood/bin/x86_64-conda_cos6-linux-gnu-c++filt
+ELFEDIT=/nas/ucb/tutrinh/anaconda3/envs/ood/bin/x86_64-conda_cos6-linux-gnu-elfedit
+GPROF=/nas/ucb/tutrinh/anaconda3/envs/ood/bin/x86_64-conda_cos6-linux-gnu-gprof
+HOST=x86_64-conda_cos6-linux-gnu
+LD_GOLD=/nas/ucb/tutrinh/anaconda3/envs/ood/bin/x86_64-conda_cos6-linux-gnu-ld.gold
+LD=/nas/ucb/tutrinh/anaconda3/envs/ood/bin/x86_64-conda_cos6-linux-gnu-ld
+NM=/nas/ucb/tutrinh/anaconda3/envs/ood/bin/x86_64-conda_cos6-linux-gnu-nm
+OBJCOPY=/nas/ucb/tutrinh/anaconda3/envs/ood/bin/x86_64-conda_cos6-linux-gnu-objcopy
+OBJDUMP=/nas/ucb/tutrinh/anaconda3/envs/ood/bin/x86_64-conda_cos6-linux-gnu-objdump
+RANLIB=/nas/ucb/tutrinh/anaconda3/envs/ood/bin/x86_64-conda_cos6-linux-gnu-ranlib
+READELF=/nas/ucb/tutrinh/anaconda3/envs/ood/bin/x86_64-conda_cos6-linux-gnu-readelf
+SIZE=/nas/ucb/tutrinh/anaconda3/envs/ood/bin/x86_64-conda_cos6-linux-gnu-size
+STRINGS=/nas/ucb/tutrinh/anaconda3/envs/ood/bin/x86_64-conda_cos6-linux-gnu-strings
+STRIP=/nas/ucb/tutrinh/anaconda3/envs/ood/bin/x86_64-conda_cos6-linux-gnu-strip
++ . /nas/ucb/tutrinh/anaconda3/envs/ood/etc/conda/activate.d/activate-gcc_linux-64.sh
+++ env
+++ _tc_activation activate host x86_64-conda_cos6-linux-gnu x86_64-conda_cos6-linux-gnu- cc cpp gcc gcc-ar gcc-nm gcc-ranlib 'CPPFLAGS,-D_FORTIFY_SOURCE=2 -O2' 'CFLAGS,-march=nocona -mtune=haswell -ftree-vectorize -fPIC -fstack-protector-strong -fno-plt -O2 -pipe' LDFLAGS,-Wl,-O2,--sort-common,--as-needed,-z,relro,-z,now 'DEBUG_CFLAGS,-march=nocona -mtune=haswell -ftree-vectorize -fPIC -fstack-protector-strong -fno-plt -O2 -pipe -Og -g -Wall -Wextra -fcheck=all -fbacktrace -fimplicit-none -fvar-tracking-assignments'
+++ local act_nature=activate
+++ shift
+++ local tc_nature=host
+++ shift
+++ local tc_machine=x86_64-conda_cos6-linux-gnu
+++ shift
+++ local tc_prefix=x86_64-conda_cos6-linux-gnu-
+++ shift
+++ local thing
+++ local newval
+++ local from
+++ local to
+++ local which
+++ local pass
+++ '[' activate = activate ']'
+++ from=
+++ to=CONDA_BACKUP_
+++ for pass in check apply
+++ for thing in $tc_nature,$tc_machine "$@"
+++ case "${thing}" in
++++ echo host,x86_64-conda_cos6-linux-gnu
++++ sed 's,^[^\,]*\,\(.*\),\1,'
+++ newval=x86_64-conda_cos6-linux-gnu
++++ sed 's,^\([^\,]*\)\,.*,\1,'
++++ echo host,x86_64-conda_cos6-linux-gnu
+++ thing=host
+++ '[' check = apply ']'
+++ for thing in $tc_nature,$tc_machine "$@"
+++ case "${thing}" in
++++ which /nas/ucb/tutrinh/anaconda3/envs/ood/bin/x86_64-conda_cos6-linux-gnu-cc
+++ newval=/nas/ucb/tutrinh/anaconda3/envs/ood/bin/x86_64-conda_cos6-linux-gnu-cc
+++ '[' -z /nas/ucb/tutrinh/anaconda3/envs/ood/bin/x86_64-conda_cos6-linux-gnu-cc -a check = check ']'
+++ '[' check = apply ']'
+++ for thing in $tc_nature,$tc_machine "$@"
+++ case "${thing}" in
++++ which /nas/ucb/tutrinh/anaconda3/envs/ood/bin/x86_64-conda_cos6-linux-gnu-cpp
+++ newval=/nas/ucb/tutrinh/anaconda3/envs/ood/bin/x86_64-conda_cos6-linux-gnu-cpp
+++ '[' -z /nas/ucb/tutrinh/anaconda3/envs/ood/bin/x86_64-conda_cos6-linux-gnu-cpp -a check = check ']'
+++ '[' check = apply ']'
+++ for thing in $tc_nature,$tc_machine "$@"
+++ case "${thing}" in
++++ which /nas/ucb/tutrinh/anaconda3/envs/ood/bin/x86_64-conda_cos6-linux-gnu-gcc
+++ newval=/nas/ucb/tutrinh/anaconda3/envs/ood/bin/x86_64-conda_cos6-linux-gnu-gcc
+++ '[' -z /nas/ucb/tutrinh/anaconda3/envs/ood/bin/x86_64-conda_cos6-linux-gnu-gcc -a check = check ']'
+++ '[' check = apply ']'
+++ for thing in $tc_nature,$tc_machine "$@"
+++ case "${thing}" in
++++ which /nas/ucb/tutrinh/anaconda3/envs/ood/bin/x86_64-conda_cos6-linux-gnu-gcc-ar
+++ newval=/nas/ucb/tutrinh/anaconda3/envs/ood/bin/x86_64-conda_cos6-linux-gnu-gcc-ar
+++ '[' -z /nas/ucb/tutrinh/anaconda3/envs/ood/bin/x86_64-conda_cos6-linux-gnu-gcc-ar -a check = check ']'
+++ '[' check = apply ']'
+++ for thing in $tc_nature,$tc_machine "$@"
+++ case "${thing}" in
++++ which /nas/ucb/tutrinh/anaconda3/envs/ood/bin/x86_64-conda_cos6-linux-gnu-gcc-nm
+++ newval=/nas/ucb/tutrinh/anaconda3/envs/ood/bin/x86_64-conda_cos6-linux-gnu-gcc-nm
+++ '[' -z /nas/ucb/tutrinh/anaconda3/envs/ood/bin/x86_64-conda_cos6-linux-gnu-gcc-nm -a check = check ']'
+++ '[' check = apply ']'
+++ for thing in $tc_nature,$tc_machine "$@"
+++ case "${thing}" in
++++ which /nas/ucb/tutrinh/anaconda3/envs/ood/bin/x86_64-conda_cos6-linux-gnu-gcc-ranlib
+++ newval=/nas/ucb/tutrinh/anaconda3/envs/ood/bin/x86_64-conda_cos6-linux-gnu-gcc-ranlib
+++ '[' -z /nas/ucb/tutrinh/anaconda3/envs/ood/bin/x86_64-conda_cos6-linux-gnu-gcc-ranlib -a check = check ']'
+++ '[' check = apply ']'
+++ for thing in $tc_nature,$tc_machine "$@"
+++ case "${thing}" in
++++ sed 's,^[^\,]*\,\(.*\),\1,'
++++ echo 'CPPFLAGS,-D_FORTIFY_SOURCE=2 -O2'
+++ newval='-D_FORTIFY_SOURCE=2 -O2'
++++ echo 'CPPFLAGS,-D_FORTIFY_SOURCE=2 -O2'
++++ sed 's,^\([^\,]*\)\,.*,\1,'
+++ thing=CPPFLAGS
+++ '[' check = apply ']'
+++ for thing in $tc_nature,$tc_machine "$@"
+++ case "${thing}" in
++++ sed 's,^[^\,]*\,\(.*\),\1,'
++++ echo 'CFLAGS,-march=nocona -mtune=haswell -ftree-vectorize -fPIC -fstack-protector-strong -fno-plt -O2 -pipe'
+++ newval='-march=nocona -mtune=haswell -ftree-vectorize -fPIC -fstack-protector-strong -fno-plt -O2 -pipe'
++++ sed 's,^\([^\,]*\)\,.*,\1,'
++++ echo 'CFLAGS,-march=nocona -mtune=haswell -ftree-vectorize -fPIC -fstack-protector-strong -fno-plt -O2 -pipe'
+++ thing=CFLAGS
+++ '[' check = apply ']'
+++ for thing in $tc_nature,$tc_machine "$@"
+++ case "${thing}" in
++++ echo LDFLAGS,-Wl,-O2,--sort-common,--as-needed,-z,relro,-z,now
++++ sed 's,^[^\,]*\,\(.*\),\1,'
+++ newval=-Wl,-O2,--sort-common,--as-needed,-z,relro,-z,now
++++ sed 's,^\([^\,]*\)\,.*,\1,'
++++ echo LDFLAGS,-Wl,-O2,--sort-common,--as-needed,-z,relro,-z,now
+++ thing=LDFLAGS
+++ '[' check = apply ']'
+++ for thing in $tc_nature,$tc_machine "$@"
+++ case "${thing}" in
++++ echo 'DEBUG_CFLAGS,-march=nocona -mtune=haswell -ftree-vectorize -fPIC -fstack-protector-strong -fno-plt -O2 -pipe -Og -g -Wall -Wextra -fcheck=all -fbacktrace -fimplicit-none -fvar-tracking-assignments'
++++ sed 's,^[^\,]*\,\(.*\),\1,'
+++ newval='-march=nocona -mtune=haswell -ftree-vectorize -fPIC -fstack-protector-strong -fno-plt -O2 -pipe -Og -g -Wall -Wextra -fcheck=all -fbacktrace -fimplicit-none -fvar-tracking-assignments'
++++ echo 'DEBUG_CFLAGS,-march=nocona -mtune=haswell -ftree-vectorize -fPIC -fstack-protector-strong -fno-plt -O2 -pipe -Og -g -Wall -Wextra -fcheck=all -fbacktrace -fimplicit-none -fvar-tracking-assignments'
++++ sed 's,^\([^\,]*\)\,.*,\1,'
+++ thing=DEBUG_CFLAGS
+++ '[' check = apply ']'
+++ for pass in check apply
+++ for thing in $tc_nature,$tc_machine "$@"
+++ case "${thing}" in
++++ echo host,x86_64-conda_cos6-linux-gnu
++++ sed 's,^[^\,]*\,\(.*\),\1,'
+++ newval=x86_64-conda_cos6-linux-gnu
++++ sed 's,^\([^\,]*\)\,.*,\1,'
++++ echo host,x86_64-conda_cos6-linux-gnu
+++ thing=host
+++ '[' apply = apply ']'
++++ echo host
++++ tr a-z+- A-ZX_
+++ thing=HOST
+++ eval 'oldval=$HOST'
++++ oldval=x86_64-conda_cos6-linux-gnu
+++ '[' -n x86_64-conda_cos6-linux-gnu ']'
+++ eval export 'CONDA_BACKUP_'\''HOST'\''="x86_64-conda_cos6-linux-gnu"'
++++ export CONDA_BACKUP_HOST=x86_64-conda_cos6-linux-gnu
++++ CONDA_BACKUP_HOST=x86_64-conda_cos6-linux-gnu
+++ '[' -n x86_64-conda_cos6-linux-gnu ']'
+++ eval export ''\''HOST=x86_64-conda_cos6-linux-gnu'\'''
++++ export HOST=x86_64-conda_cos6-linux-gnu
++++ HOST=x86_64-conda_cos6-linux-gnu
+++ for thing in $tc_nature,$tc_machine "$@"
+++ case "${thing}" in
++++ which /nas/ucb/tutrinh/anaconda3/envs/ood/bin/x86_64-conda_cos6-linux-gnu-cc
+++ newval=/nas/ucb/tutrinh/anaconda3/envs/ood/bin/x86_64-conda_cos6-linux-gnu-cc
+++ '[' -z /nas/ucb/tutrinh/anaconda3/envs/ood/bin/x86_64-conda_cos6-linux-gnu-cc -a apply = check ']'
+++ '[' apply = apply ']'
++++ echo cc
++++ tr a-z+- A-ZX_
+++ thing=CC
+++ eval 'oldval=$CC'
++++ oldval=
+++ '[' -n '' ']'
+++ eval unset '${to}${thing}'
++++ unset CONDA_BACKUP_CC
+++ '[' -n /nas/ucb/tutrinh/anaconda3/envs/ood/bin/x86_64-conda_cos6-linux-gnu-cc ']'
+++ eval export ''\''CC=/nas/ucb/tutrinh/anaconda3/envs/ood/bin/x86_64-conda_cos6-linux-gnu-cc'\'''
++++ export CC=/nas/ucb/tutrinh/anaconda3/envs/ood/bin/x86_64-conda_cos6-linux-gnu-cc
++++ CC=/nas/ucb/tutrinh/anaconda3/envs/ood/bin/x86_64-conda_cos6-linux-gnu-cc
+++ for thing in $tc_nature,$tc_machine "$@"
+++ case "${thing}" in
++++ which /nas/ucb/tutrinh/anaconda3/envs/ood/bin/x86_64-conda_cos6-linux-gnu-cpp
+++ newval=/nas/ucb/tutrinh/anaconda3/envs/ood/bin/x86_64-conda_cos6-linux-gnu-cpp
+++ '[' -z /nas/ucb/tutrinh/anaconda3/envs/ood/bin/x86_64-conda_cos6-linux-gnu-cpp -a apply = check ']'
+++ '[' apply = apply ']'
++++ echo cpp
++++ tr a-z+- A-ZX_
+++ thing=CPP
+++ eval 'oldval=$CPP'
++++ oldval=
+++ '[' -n '' ']'
+++ eval unset '${to}${thing}'
++++ unset CONDA_BACKUP_CPP
+++ '[' -n /nas/ucb/tutrinh/anaconda3/envs/ood/bin/x86_64-conda_cos6-linux-gnu-cpp ']'
+++ eval export ''\''CPP=/nas/ucb/tutrinh/anaconda3/envs/ood/bin/x86_64-conda_cos6-linux-gnu-cpp'\'''
++++ export CPP=/nas/ucb/tutrinh/anaconda3/envs/ood/bin/x86_64-conda_cos6-linux-gnu-cpp
++++ CPP=/nas/ucb/tutrinh/anaconda3/envs/ood/bin/x86_64-conda_cos6-linux-gnu-cpp
+++ for thing in $tc_nature,$tc_machine "$@"
+++ case "${thing}" in
++++ which /nas/ucb/tutrinh/anaconda3/envs/ood/bin/x86_64-conda_cos6-linux-gnu-gcc
+++ newval=/nas/ucb/tutrinh/anaconda3/envs/ood/bin/x86_64-conda_cos6-linux-gnu-gcc
+++ '[' -z /nas/ucb/tutrinh/anaconda3/envs/ood/bin/x86_64-conda_cos6-linux-gnu-gcc -a apply = check ']'
+++ '[' apply = apply ']'
++++ echo gcc
++++ tr a-z+- A-ZX_
+++ thing=GCC
+++ eval 'oldval=$GCC'
++++ oldval=
+++ '[' -n '' ']'
+++ eval unset '${to}${thing}'
++++ unset CONDA_BACKUP_GCC
+++ '[' -n /nas/ucb/tutrinh/anaconda3/envs/ood/bin/x86_64-conda_cos6-linux-gnu-gcc ']'
+++ eval export ''\''GCC=/nas/ucb/tutrinh/anaconda3/envs/ood/bin/x86_64-conda_cos6-linux-gnu-gcc'\'''
++++ export GCC=/nas/ucb/tutrinh/anaconda3/envs/ood/bin/x86_64-conda_cos6-linux-gnu-gcc
++++ GCC=/nas/ucb/tutrinh/anaconda3/envs/ood/bin/x86_64-conda_cos6-linux-gnu-gcc
+++ for thing in $tc_nature,$tc_machine "$@"
+++ case "${thing}" in
++++ which /nas/ucb/tutrinh/anaconda3/envs/ood/bin/x86_64-conda_cos6-linux-gnu-gcc-ar
+++ newval=/nas/ucb/tutrinh/anaconda3/envs/ood/bin/x86_64-conda_cos6-linux-gnu-gcc-ar
+++ '[' -z /nas/ucb/tutrinh/anaconda3/envs/ood/bin/x86_64-conda_cos6-linux-gnu-gcc-ar -a apply = check ']'
+++ '[' apply = apply ']'
++++ echo gcc-ar
++++ tr a-z+- A-ZX_
+++ thing=GCC_AR
+++ eval 'oldval=$GCC_AR'
++++ oldval=
+++ '[' -n '' ']'
+++ eval unset '${to}${thing}'
++++ unset CONDA_BACKUP_GCC_AR
+++ '[' -n /nas/ucb/tutrinh/anaconda3/envs/ood/bin/x86_64-conda_cos6-linux-gnu-gcc-ar ']'
+++ eval export ''\''GCC_AR=/nas/ucb/tutrinh/anaconda3/envs/ood/bin/x86_64-conda_cos6-linux-gnu-gcc-ar'\'''
++++ export GCC_AR=/nas/ucb/tutrinh/anaconda3/envs/ood/bin/x86_64-conda_cos6-linux-gnu-gcc-ar
++++ GCC_AR=/nas/ucb/tutrinh/anaconda3/envs/ood/bin/x86_64-conda_cos6-linux-gnu-gcc-ar
+++ for thing in $tc_nature,$tc_machine "$@"
+++ case "${thing}" in
++++ which /nas/ucb/tutrinh/anaconda3/envs/ood/bin/x86_64-conda_cos6-linux-gnu-gcc-nm
+++ newval=/nas/ucb/tutrinh/anaconda3/envs/ood/bin/x86_64-conda_cos6-linux-gnu-gcc-nm
+++ '[' -z /nas/ucb/tutrinh/anaconda3/envs/ood/bin/x86_64-conda_cos6-linux-gnu-gcc-nm -a apply = check ']'
+++ '[' apply = apply ']'
++++ tr a-z+- A-ZX_
++++ echo gcc-nm
+++ thing=GCC_NM
+++ eval 'oldval=$GCC_NM'
++++ oldval=
+++ '[' -n '' ']'
+++ eval unset '${to}${thing}'
++++ unset CONDA_BACKUP_GCC_NM
+++ '[' -n /nas/ucb/tutrinh/anaconda3/envs/ood/bin/x86_64-conda_cos6-linux-gnu-gcc-nm ']'
+++ eval export ''\''GCC_NM=/nas/ucb/tutrinh/anaconda3/envs/ood/bin/x86_64-conda_cos6-linux-gnu-gcc-nm'\'''
++++ export GCC_NM=/nas/ucb/tutrinh/anaconda3/envs/ood/bin/x86_64-conda_cos6-linux-gnu-gcc-nm
++++ GCC_NM=/nas/ucb/tutrinh/anaconda3/envs/ood/bin/x86_64-conda_cos6-linux-gnu-gcc-nm
+++ for thing in $tc_nature,$tc_machine "$@"
+++ case "${thing}" in
++++ which /nas/ucb/tutrinh/anaconda3/envs/ood/bin/x86_64-conda_cos6-linux-gnu-gcc-ranlib
+++ newval=/nas/ucb/tutrinh/anaconda3/envs/ood/bin/x86_64-conda_cos6-linux-gnu-gcc-ranlib
+++ '[' -z /nas/ucb/tutrinh/anaconda3/envs/ood/bin/x86_64-conda_cos6-linux-gnu-gcc-ranlib -a apply = check ']'
+++ '[' apply = apply ']'
++++ echo gcc-ranlib
++++ tr a-z+- A-ZX_
+++ thing=GCC_RANLIB
+++ eval 'oldval=$GCC_RANLIB'
++++ oldval=
+++ '[' -n '' ']'
+++ eval unset '${to}${thing}'
++++ unset CONDA_BACKUP_GCC_RANLIB
+++ '[' -n /nas/ucb/tutrinh/anaconda3/envs/ood/bin/x86_64-conda_cos6-linux-gnu-gcc-ranlib ']'
+++ eval export ''\''GCC_RANLIB=/nas/ucb/tutrinh/anaconda3/envs/ood/bin/x86_64-conda_cos6-linux-gnu-gcc-ranlib'\'''
++++ export GCC_RANLIB=/nas/ucb/tutrinh/anaconda3/envs/ood/bin/x86_64-conda_cos6-linux-gnu-gcc-ranlib
++++ GCC_RANLIB=/nas/ucb/tutrinh/anaconda3/envs/ood/bin/x86_64-conda_cos6-linux-gnu-gcc-ranlib
+++ for thing in $tc_nature,$tc_machine "$@"
+++ case "${thing}" in
++++ sed 's,^[^\,]*\,\(.*\),\1,'
++++ echo 'CPPFLAGS,-D_FORTIFY_SOURCE=2 -O2'
+++ newval='-D_FORTIFY_SOURCE=2 -O2'
++++ echo 'CPPFLAGS,-D_FORTIFY_SOURCE=2 -O2'
++++ sed 's,^\([^\,]*\)\,.*,\1,'
+++ thing=CPPFLAGS
+++ '[' apply = apply ']'
++++ echo CPPFLAGS
++++ tr a-z+- A-ZX_
+++ thing=CPPFLAGS
+++ eval 'oldval=$CPPFLAGS'
++++ oldval=
+++ '[' -n '' ']'
+++ eval unset '${to}${thing}'
++++ unset CONDA_BACKUP_CPPFLAGS
+++ '[' -n '-D_FORTIFY_SOURCE=2 -O2' ']'
+++ eval export ''\''CPPFLAGS=-D_FORTIFY_SOURCE=2 -O2'\'''
++++ export 'CPPFLAGS=-D_FORTIFY_SOURCE=2 -O2'
++++ CPPFLAGS='-D_FORTIFY_SOURCE=2 -O2'
+++ for thing in $tc_nature,$tc_machine "$@"
+++ case "${thing}" in
++++ echo 'CFLAGS,-march=nocona -mtune=haswell -ftree-vectorize -fPIC -fstack-protector-strong -fno-plt -O2 -pipe'
++++ sed 's,^[^\,]*\,\(.*\),\1,'
+++ newval='-march=nocona -mtune=haswell -ftree-vectorize -fPIC -fstack-protector-strong -fno-plt -O2 -pipe'
++++ echo 'CFLAGS,-march=nocona -mtune=haswell -ftree-vectorize -fPIC -fstack-protector-strong -fno-plt -O2 -pipe'
++++ sed 's,^\([^\,]*\)\,.*,\1,'
+++ thing=CFLAGS
+++ '[' apply = apply ']'
++++ tr a-z+- A-ZX_
++++ echo CFLAGS
+++ thing=CFLAGS
+++ eval 'oldval=$CFLAGS'
++++ oldval=
+++ '[' -n '' ']'
+++ eval unset '${to}${thing}'
++++ unset CONDA_BACKUP_CFLAGS
+++ '[' -n '-march=nocona -mtune=haswell -ftree-vectorize -fPIC -fstack-protector-strong -fno-plt -O2 -pipe' ']'
+++ eval export ''\''CFLAGS=-march=nocona -mtune=haswell -ftree-vectorize -fPIC -fstack-protector-strong -fno-plt -O2 -pipe'\'''
++++ export 'CFLAGS=-march=nocona -mtune=haswell -ftree-vectorize -fPIC -fstack-protector-strong -fno-plt -O2 -pipe'
++++ CFLAGS='-march=nocona -mtune=haswell -ftree-vectorize -fPIC -fstack-protector-strong -fno-plt -O2 -pipe'
+++ for thing in $tc_nature,$tc_machine "$@"
+++ case "${thing}" in
++++ sed 's,^[^\,]*\,\(.*\),\1,'
++++ echo LDFLAGS,-Wl,-O2,--sort-common,--as-needed,-z,relro,-z,now
+++ newval=-Wl,-O2,--sort-common,--as-needed,-z,relro,-z,now
++++ echo LDFLAGS,-Wl,-O2,--sort-common,--as-needed,-z,relro,-z,now
++++ sed 's,^\([^\,]*\)\,.*,\1,'
+++ thing=LDFLAGS
+++ '[' apply = apply ']'
++++ tr a-z+- A-ZX_
++++ echo LDFLAGS
+++ thing=LDFLAGS
+++ eval 'oldval=$LDFLAGS'
++++ oldval=
+++ '[' -n '' ']'
+++ eval unset '${to}${thing}'
++++ unset CONDA_BACKUP_LDFLAGS
+++ '[' -n -Wl,-O2,--sort-common,--as-needed,-z,relro,-z,now ']'
+++ eval export ''\''LDFLAGS=-Wl,-O2,--sort-common,--as-needed,-z,relro,-z,now'\'''
++++ export LDFLAGS=-Wl,-O2,--sort-common,--as-needed,-z,relro,-z,now
++++ LDFLAGS=-Wl,-O2,--sort-common,--as-needed,-z,relro,-z,now
+++ for thing in $tc_nature,$tc_machine "$@"
+++ case "${thing}" in
++++ echo 'DEBUG_CFLAGS,-march=nocona -mtune=haswell -ftree-vectorize -fPIC -fstack-protector-strong -fno-plt -O2 -pipe -Og -g -Wall -Wextra -fcheck=all -fbacktrace -fimplicit-none -fvar-tracking-assignments'
++++ sed 's,^[^\,]*\,\(.*\),\1,'
+++ newval='-march=nocona -mtune=haswell -ftree-vectorize -fPIC -fstack-protector-strong -fno-plt -O2 -pipe -Og -g -Wall -Wextra -fcheck=all -fbacktrace -fimplicit-none -fvar-tracking-assignments'
++++ echo 'DEBUG_CFLAGS,-march=nocona -mtune=haswell -ftree-vectorize -fPIC -fstack-protector-strong -fno-plt -O2 -pipe -Og -g -Wall -Wextra -fcheck=all -fbacktrace -fimplicit-none -fvar-tracking-assignments'
++++ sed 's,^\([^\,]*\)\,.*,\1,'
+++ thing=DEBUG_CFLAGS
+++ '[' apply = apply ']'
++++ tr a-z+- A-ZX_
++++ echo DEBUG_CFLAGS
+++ thing=DEBUG_CFLAGS
+++ eval 'oldval=$DEBUG_CFLAGS'
++++ oldval=
+++ '[' -n '' ']'
+++ eval unset '${to}${thing}'
++++ unset CONDA_BACKUP_DEBUG_CFLAGS
+++ '[' -n '-march=nocona -mtune=haswell -ftree-vectorize -fPIC -fstack-protector-strong -fno-plt -O2 -pipe -Og -g -Wall -Wextra -fcheck=all -fbacktrace -fimplicit-none -fvar-tracking-assignments' ']'
+++ eval export ''\''DEBUG_CFLAGS=-march=nocona -mtune=haswell -ftree-vectorize -fPIC -fstack-protector-strong -fno-plt -O2 -pipe -Og -g -Wall -Wextra -fcheck=all -fbacktrace -fimplicit-none -fvar-tracking-assignments'\'''
++++ export 'DEBUG_CFLAGS=-march=nocona -mtune=haswell -ftree-vectorize -fPIC -fstack-protector-strong -fno-plt -O2 -pipe -Og -g -Wall -Wextra -fcheck=all -fbacktrace -fimplicit-none -fvar-tracking-assignments'
++++ DEBUG_CFLAGS='-march=nocona -mtune=haswell -ftree-vectorize -fPIC -fstack-protector-strong -fno-plt -O2 -pipe -Og -g -Wall -Wextra -fcheck=all -fbacktrace -fimplicit-none -fvar-tracking-assignments'
+++ return 0
+++ '[' 0 -ne 0 ']'
+++ env
++++ _get_sourced_filename
++++ '[' -n /nas/ucb/tutrinh/anaconda3/envs/ood/etc/conda/activate.d/activate-gcc_linux-64.sh ']'
++++ basename /nas/ucb/tutrinh/anaconda3/envs/ood/etc/conda/activate.d/activate-gcc_linux-64.sh
+++ echo 'INFO: activate-gcc_linux-64.sh made the following environmental changes:'
INFO: activate-gcc_linux-64.sh made the following environmental changes:
+++ tail -n +4
+++ grep -v CONDA_BACKUP_
+++ grep '^-.*\|^+.*'
+++ diff -U 0 -rN /tmp/old-env-2132154.txt /tmp/new-env-2132154.txt
+++ sort
+CC=/nas/ucb/tutrinh/anaconda3/envs/ood/bin/x86_64-conda_cos6-linux-gnu-cc
+CFLAGS=-march=nocona -mtune=haswell -ftree-vectorize -fPIC -fstack-protector-strong -fno-plt -O2 -pipe
+CPPFLAGS=-D_FORTIFY_SOURCE=2 -O2
+CPP=/nas/ucb/tutrinh/anaconda3/envs/ood/bin/x86_64-conda_cos6-linux-gnu-cpp
+DEBUG_CFLAGS=-march=nocona -mtune=haswell -ftree-vectorize -fPIC -fstack-protector-strong -fno-plt -O2 -pipe -Og -g -Wall -Wextra -fcheck=all -fbacktrace -fimplicit-none -fvar-tracking-assignments
+GCC_AR=/nas/ucb/tutrinh/anaconda3/envs/ood/bin/x86_64-conda_cos6-linux-gnu-gcc-ar
+GCC=/nas/ucb/tutrinh/anaconda3/envs/ood/bin/x86_64-conda_cos6-linux-gnu-gcc
+GCC_NM=/nas/ucb/tutrinh/anaconda3/envs/ood/bin/x86_64-conda_cos6-linux-gnu-gcc-nm
+GCC_RANLIB=/nas/ucb/tutrinh/anaconda3/envs/ood/bin/x86_64-conda_cos6-linux-gnu-gcc-ranlib
+LDFLAGS=-Wl,-O2,--sort-common,--as-needed,-z,relro,-z,now
++ . /nas/ucb/tutrinh/anaconda3/envs/ood/etc/conda/activate.d/glib_activate.sh
+++ export GSETTINGS_SCHEMA_DIR_CONDA_BACKUP=
+++ GSETTINGS_SCHEMA_DIR_CONDA_BACKUP=
+++ export GSETTINGS_SCHEMA_DIR=/nas/ucb/tutrinh/anaconda3/envs/ood/share/glib-2.0/schemas
+++ GSETTINGS_SCHEMA_DIR=/nas/ucb/tutrinh/anaconda3/envs/ood/share/glib-2.0/schemas
+ __conda_hashr
+ '[' -n '' ']'
+ '[' -n '' ']'
+ hash -r
+ wandb login 4a6017fc91542ffdb82ee3d6213e9cf0c11fd892
wandb: Appending key for api.wandb.ai to your netrc file: /home/tutrinh/.netrc
+ export CUDA_LAUNCH_BLOCKING=1
+ CUDA_LAUNCH_BLOCKING=1
+ cd /nas/ucb/tutrinh/train-procgen-pytorch
+ export PYTHONPATH=:/nas/ucb/tutrinh/train-procgen-pytorch
+ PYTHONPATH=:/nas/ucb/tutrinh/train-procgen-pytorch
+ python3 train.py --env_name maze_aisc --exp_name save_obs_throughout --num_levels 100000 --distribution_mode hard --param_name hard-500 --num_timesteps 200000000 --save_timesteps 390625 781250 1562500 3125000 6250000 10000000 12500000 20000000 25000000 30000000 40000000 50000000 60000000 70000000 80000000 90000000 100000000 110000000 120000000 130000000 140000000 150000000 160000000 170000000 180000000 190000000 200000000 --seed 8888 --use_wandb --save_observations
SAVING AT TIMESTEPS: [390625, 781250, 1562500, 3125000, 6250000, 10000000, 12500000, 20000000, 25000000, 30000000, 40000000, 50000000, 60000000, 70000000, 80000000, 90000000, 100000000, 110000000, 120000000, 130000000, 140000000, 150000000, 160000000, 170000000, 180000000, 190000000, 200000000]
[LOADING HYPERPARAMETERS...]
algo : ppo
n_envs : 256
n_steps : 256
epoch : 3
mini_batch_per_epoch : 8
mini_batch_size : 8192
gamma : 0.999
lmbda : 0.95
learning_rate : 0.0005
grad_clip_norm : 0.5
eps_clip : 0.2
value_coef : 0.5
entropy_coef : 0.01
normalize_adv : True
normalize_rew : False
use_gae : True
architecture : impala
recurrent : False
INITIALIZAING ENVIRONMENTS...
building procgen...wandb: Currently logged in as: tu-trinh. Use `wandb login --relogin` to force relogin
wandb: wandb version 0.17.5 is available!  To upgrade, please run:
wandb:  $ pip install wandb --upgrade
wandb: Tracking run with wandb version 0.17.0
wandb: Run data is saved locally in /nas/ucb/tutrinh/train-procgen-pytorch/wandb/run-20240720_035435-vw6lagfa
wandb: Run `wandb offline` to turn off syncing.
wandb: Syncing run confused-paper-33
wandb: ⭐️ View project at https://wandb.ai/tu-trinh/chai-internship
wandb: 🚀 View run at https://wandb.ai/tu-trinh/chai-internship/runs/vw6lagfa
done
INITIALIZING LOGGER...
Logging to /nas/ucb/tutrinh/train-procgen-pytorch/logs/train/maze_aisc/save_obs_throughout/2024-07-20__03-54-34__seed_8888
INTIALIZING MODEL...
Using normal action space
INITIALIZING STORAGE...
INTIALIZING AGENT...
START TRAINING...
timesteps                   65536.000000
wall_time                     406.182593
num_episodes                   29.000000
max_episode_rewards            10.000000
mean_episode_rewards           10.000000
min_episode_rewards             0.000000
max_episode_len               244.000000
mean_episode_len               99.862069
min_episode_len                 0.000000
mean_timeouts                   0.000000
val_max_episode_rewards         0.000000
val_mean_episode_rewards             NaN
val_min_episode_rewards         0.000000
val_max_episode_len             0.000000
val_mean_episode_len                 NaN
val_min_episode_len             0.000000
val_mean_timeouts                    NaN
Name: 0, dtype: float64
timesteps                   131072.000000
wall_time                      824.181899
num_episodes                   262.000000
max_episode_rewards             10.000000
mean_episode_rewards             1.000000
min_episode_rewards              0.000000
max_episode_len                500.000000
mean_episode_len               482.875000
min_episode_len                  0.000000
mean_timeouts                    0.000000
val_max_episode_rewards          0.000000
val_mean_episode_rewards         0.000000
val_min_episode_rewards          0.000000
val_max_episode_len            500.000000
val_mean_episode_len           500.000000
val_min_episode_len              0.000000
val_mean_timeouts                0.000000
Name: 1, dtype: float64
timesteps                   196608.000000
wall_time                     1231.899749
num_episodes                   339.000000
max_episode_rewards             10.000000
mean_episode_rewards             7.250000
min_episode_rewards              0.000000
max_episode_len                500.000000
mean_episode_len               236.775000
min_episode_len                  0.000000
mean_timeouts                    0.000000
val_max_episode_rewards          0.000000
val_mean_episode_rewards         0.000000
val_min_episode_rewards          0.000000
val_max_episode_len            500.000000
val_mean_episode_len           500.000000
val_min_episode_len              0.000000
val_mean_timeouts                0.000000
Name: 2, dtype: float64
timesteps                   262144.000000
wall_time                     1656.882522
num_episodes                   543.000000
max_episode_rewards             10.000000
mean_episode_rewards             1.250000
min_episode_rewards              0.000000
max_episode_len                500.000000
mean_episode_len               468.400000
min_episode_len                  0.000000
mean_timeouts                    0.000000
val_max_episode_rewards          0.000000
val_mean_episode_rewards         0.000000
val_min_episode_rewards          0.000000
val_max_episode_len            500.000000
val_mean_episode_len           500.000000
val_min_episode_len              0.000000
val_mean_timeouts                0.000000
Name: 3, dtype: float64
timesteps                   327680.00000
wall_time                     2107.81898
num_episodes                   646.00000
max_episode_rewards             10.00000
mean_episode_rewards             4.25000
min_episode_rewards              0.00000
max_episode_len                500.00000
mean_episode_len               327.97500
min_episode_len                  0.00000
mean_timeouts                    0.00000
val_max_episode_rewards         10.00000
val_mean_episode_rewards         0.25000
val_min_episode_rewards          0.00000
val_max_episode_len            500.00000
val_mean_episode_len           488.15000
val_min_episode_len              0.00000
val_mean_timeouts                0.00000
Name: 4, dtype: float64
timesteps                   393216.000000
wall_time                     2552.792423
num_episodes                   848.000000
max_episode_rewards             10.000000
mean_episode_rewards             2.000000
min_episode_rewards              0.000000
max_episode_len                500.000000
mean_episode_len               438.775000
min_episode_len                  0.000000
mean_timeouts                    0.000000
val_max_episode_rewards          0.000000
val_mean_episode_rewards         0.000000
val_min_episode_rewards          0.000000
val_max_episode_len            500.000000
val_mean_episode_len           500.000000
val_min_episode_len              0.000000
val_mean_timeouts                0.000000
Name: 5, dtype: float64
Saving model at timestep 393217
timesteps                   458752.000000
wall_time                     2984.287414
num_episodes                   966.000000
max_episode_rewards             10.000000
mean_episode_rewards             4.500000
min_episode_rewards              0.000000
max_episode_len                500.000000
mean_episode_len               327.500000
min_episode_len                  0.000000
mean_timeouts                    0.000000
val_max_episode_rewards         10.000000
val_mean_episode_rewards         0.250000
val_min_episode_rewards          0.000000
val_max_episode_len            500.000000
val_mean_episode_len           488.450000
val_min_episode_len              0.000000
val_mean_timeouts                0.000000
Name: 6, dtype: float64
timesteps                   524288.000000
wall_time                     3423.114178
num_episodes                  1154.000000
max_episode_rewards             10.000000
mean_episode_rewards             1.750000
min_episode_rewards              0.000000
max_episode_len                500.000000
mean_episode_len               437.900000
min_episode_len                  0.000000
mean_timeouts                    0.025000
val_max_episode_rewards          0.000000
val_mean_episode_rewards         0.000000
val_min_episode_rewards          0.000000
val_max_episode_len            500.000000
val_mean_episode_len           500.000000
val_min_episode_len              0.000000
val_mean_timeouts                0.000000
Name: 7, dtype: float64
timesteps                   589824.000000
wall_time                     3850.749395
num_episodes                  1272.000000
max_episode_rewards             10.000000
mean_episode_rewards             3.250000
min_episode_rewards              0.000000
max_episode_len                500.000000
mean_episode_len               374.400000
min_episode_len                  0.000000
mean_timeouts                    0.000000
val_max_episode_rewards          0.000000
val_mean_episode_rewards         0.000000
val_min_episode_rewards          0.000000
val_max_episode_len            500.000000
val_mean_episode_len           500.000000
val_min_episode_len              0.000000
val_mean_timeouts                0.000000
Name: 8, dtype: float64
timesteps                   655360.00000
wall_time                     4289.47477
num_episodes                  1454.00000
max_episode_rewards             10.00000
mean_episode_rewards             2.25000
min_episode_rewards              0.00000
max_episode_len                500.00000
mean_episode_len               410.80000
min_episode_len                  0.00000
mean_timeouts                    0.00000
val_max_episode_rewards          0.00000
val_mean_episode_rewards         0.00000
val_min_episode_rewards          0.00000
val_max_episode_len            500.00000
val_mean_episode_len           500.00000
val_min_episode_len              0.00000
val_mean_timeouts                0.00000
Name: 9, dtype: float64
timesteps                   720896.000000
wall_time                     4746.840346
num_episodes                  1580.000000
max_episode_rewards             10.000000
mean_episode_rewards             2.750000
min_episode_rewards              0.000000
max_episode_len                500.000000
mean_episode_len               405.325000
min_episode_len                  0.000000
mean_timeouts                    0.000000
val_max_episode_rewards          0.000000
val_mean_episode_rewards         0.000000
val_min_episode_rewards          0.000000
val_max_episode_len            500.000000
val_mean_episode_len           500.000000
val_min_episode_len              0.000000
val_mean_timeouts                0.000000
Name: 10, dtype: float64
timesteps                   786432.000000
wall_time                     5201.545133
num_episodes                  1767.000000
max_episode_rewards             10.000000
mean_episode_rewards             2.250000
min_episode_rewards              0.000000
max_episode_len                500.000000
mean_episode_len               425.800000
min_episode_len                  0.000000
mean_timeouts                    0.000000
val_max_episode_rewards          0.000000
val_mean_episode_rewards         0.000000
val_min_episode_rewards          0.000000
val_max_episode_len            500.000000
val_mean_episode_len           500.000000
val_min_episode_len              0.000000
val_mean_timeouts                0.000000
Name: 11, dtype: float64
Saving model at timestep 786433
timesteps                   851968.000000
wall_time                     5644.860065
num_episodes                  1878.000000
max_episode_rewards             10.000000
mean_episode_rewards             1.500000
min_episode_rewards              0.000000
max_episode_len                500.000000
mean_episode_len               447.525000
min_episode_len                  0.000000
mean_timeouts                    0.000000
val_max_episode_rewards         10.000000
val_mean_episode_rewards         0.500000
val_min_episode_rewards          0.000000
val_max_episode_len            500.000000
val_mean_episode_len           483.900000
val_min_episode_len              0.000000
val_mean_timeouts                0.000000
Name: 12, dtype: float64
timesteps                   917504.000000
wall_time                     6085.117192
num_episodes                  2072.000000
max_episode_rewards             10.000000
mean_episode_rewards             1.500000
min_episode_rewards              0.000000
max_episode_len                500.000000
mean_episode_len               447.150000
min_episode_len                  0.000000
mean_timeouts                    0.000000
val_max_episode_rewards          0.000000
val_mean_episode_rewards         0.000000
val_min_episode_rewards          0.000000
val_max_episode_len            500.000000
val_mean_episode_len           500.000000
val_min_episode_len              0.000000
val_mean_timeouts                0.000000
Name: 13, dtype: float64
timesteps                   983040.000000
wall_time                     6523.068101
num_episodes                  2197.000000
max_episode_rewards             10.000000
mean_episode_rewards             3.250000
min_episode_rewards              0.000000
max_episode_len                500.000000
mean_episode_len               368.675000
min_episode_len                  0.000000
mean_timeouts                    0.000000
val_max_episode_rewards         10.000000
val_mean_episode_rewards         0.250000
val_min_episode_rewards          0.000000
val_max_episode_len            500.000000
val_mean_episode_len           489.650000
val_min_episode_len              0.000000
val_mean_timeouts                0.000000
Name: 14, dtype: float64
timesteps                   1.048576e+06
wall_time                   6.957738e+03
num_episodes                2.390000e+03
max_episode_rewards         1.000000e+01
mean_episode_rewards        1.750000e+00
min_episode_rewards         0.000000e+00
max_episode_len             5.000000e+02
mean_episode_len            4.271750e+02
min_episode_len             0.000000e+00
mean_timeouts               2.500000e-02
val_max_episode_rewards     0.000000e+00
val_mean_episode_rewards    0.000000e+00
val_min_episode_rewards     0.000000e+00
val_max_episode_len         5.000000e+02
val_mean_episode_len        5.000000e+02
val_min_episode_len         0.000000e+00
val_mean_timeouts           0.000000e+00
Name: 15, dtype: float64
timesteps                   1.114112e+06
wall_time                   7.398184e+03
num_episodes                2.506000e+03
max_episode_rewards         1.000000e+01
mean_episode_rewards        3.000000e+00
min_episode_rewards         0.000000e+00
max_episode_len             5.000000e+02
mean_episode_len            3.769250e+02
min_episode_len             0.000000e+00
mean_timeouts               0.000000e+00
val_max_episode_rewards     1.000000e+01
val_mean_episode_rewards    1.000000e+00
val_min_episode_rewards     0.000000e+00
val_max_episode_len         5.000000e+02
val_mean_episode_len        4.637000e+02
val_min_episode_len         0.000000e+00
val_mean_timeouts           0.000000e+00
Name: 16, dtype: float64
timesteps                   1.179648e+06
wall_time                   7.841691e+03
num_episodes                2.697000e+03
max_episode_rewards         1.000000e+01
mean_episode_rewards        1.750000e+00
min_episode_rewards         0.000000e+00
max_episode_len             5.000000e+02
mean_episode_len            4.232750e+02
min_episode_len             0.000000e+00
mean_timeouts               0.000000e+00
val_max_episode_rewards     0.000000e+00
val_mean_episode_rewards    0.000000e+00
val_min_episode_rewards     0.000000e+00
val_max_episode_len         5.000000e+02
val_mean_episode_len        5.000000e+02
val_min_episode_len         0.000000e+00
val_mean_timeouts           0.000000e+00
Name: 17, dtype: float64
timesteps                   1.245184e+06
wall_time                   8.285500e+03
num_episodes                2.827000e+03
max_episode_rewards         1.000000e+01
mean_episode_rewards        2.750000e+00
min_episode_rewards         0.000000e+00
max_episode_len             5.000000e+02
mean_episode_len            4.033000e+02
min_episode_len             0.000000e+00
mean_timeouts               0.000000e+00
val_max_episode_rewards     0.000000e+00
val_mean_episode_rewards    0.000000e+00
val_min_episode_rewards     0.000000e+00
val_max_episode_len         5.000000e+02
val_mean_episode_len        5.000000e+02
val_min_episode_len         0.000000e+00
val_mean_timeouts           0.000000e+00
Name: 18, dtype: float64
timesteps                   1.310720e+06
wall_time                   8.722222e+03
num_episodes                3.008000e+03
max_episode_rewards         1.000000e+01
mean_episode_rewards        1.250000e+00
min_episode_rewards         0.000000e+00
max_episode_len             5.000000e+02
mean_episode_len            4.585500e+02
min_episode_len             0.000000e+00
mean_timeouts               0.000000e+00
val_max_episode_rewards     1.000000e+01
val_mean_episode_rewards    2.500000e-01
val_min_episode_rewards     0.000000e+00
val_max_episode_len         5.000000e+02
val_mean_episode_len        4.967000e+02
val_min_episode_len         0.000000e+00
val_mean_timeouts           0.000000e+00
Name: 19, dtype: float64
timesteps                   1.376256e+06
wall_time                   9.170805e+03
num_episodes                3.131000e+03
max_episode_rewards         1.000000e+01
mean_episode_rewards        2.250000e+00
min_episode_rewards         0.000000e+00
max_episode_len             5.000000e+02
mean_episode_len            4.140750e+02
min_episode_len             0.000000e+00
mean_timeouts               0.000000e+00
val_max_episode_rewards     1.000000e+01
val_mean_episode_rewards    2.500000e-01
val_min_episode_rewards     0.000000e+00
val_max_episode_len         5.000000e+02
val_mean_episode_len        4.967000e+02
val_min_episode_len         0.000000e+00
val_mean_timeouts           0.000000e+00
Name: 20, dtype: float64
timesteps                   1.441792e+06
wall_time                   9.624127e+03
num_episodes                3.318000e+03
max_episode_rewards         1.000000e+01
mean_episode_rewards        1.250000e+00
min_episode_rewards         0.000000e+00
max_episode_len             5.000000e+02
mean_episode_len            4.521250e+02
min_episode_len             0.000000e+00
mean_timeouts               0.000000e+00
val_max_episode_rewards     0.000000e+00
val_mean_episode_rewards    0.000000e+00
val_min_episode_rewards     0.000000e+00
val_max_episode_len         5.000000e+02
val_mean_episode_len        5.000000e+02
val_min_episode_len         0.000000e+00
val_mean_timeouts           0.000000e+00
Name: 21, dtype: float64
timesteps                   1.507328e+06
wall_time                   1.007855e+04
num_episodes                3.445000e+03
max_episode_rewards         1.000000e+01
mean_episode_rewards        2.500000e+00
min_episode_rewards         0.000000e+00
max_episode_len             5.000000e+02
mean_episode_len            3.911250e+02
min_episode_len             0.000000e+00
mean_timeouts               0.000000e+00
val_max_episode_rewards     1.000000e+01
val_mean_episode_rewards    2.500000e-01
val_min_episode_rewards     0.000000e+00
val_max_episode_len         5.000000e+02
val_mean_episode_len        4.908500e+02
val_min_episode_len         0.000000e+00
val_mean_timeouts           0.000000e+00
Name: 22, dtype: float64
timesteps                   1.572864e+06
wall_time                   1.052774e+04
num_episodes                3.622000e+03
max_episode_rewards         1.000000e+01
mean_episode_rewards        1.500000e+00
min_episode_rewards         0.000000e+00
max_episode_len             5.000000e+02
mean_episode_len            4.325000e+02
min_episode_len             0.000000e+00
mean_timeouts               0.000000e+00
val_max_episode_rewards     0.000000e+00
val_mean_episode_rewards    0.000000e+00
val_min_episode_rewards     0.000000e+00
val_max_episode_len         5.000000e+02
val_mean_episode_len        5.000000e+02
val_min_episode_len         0.000000e+00
val_mean_timeouts           0.000000e+00
Name: 23, dtype: float64
Saving model at timestep 1572865
timesteps                   1.638400e+06
wall_time                   1.097313e+04
num_episodes                3.752000e+03
max_episode_rewards         1.000000e+01
mean_episode_rewards        2.750000e+00
min_episode_rewards         0.000000e+00
max_episode_len             5.000000e+02
mean_episode_len            3.935250e+02
min_episode_len             0.000000e+00
mean_timeouts               2.500000e-02
val_max_episode_rewards     1.000000e+01
val_mean_episode_rewards    2.500000e-01
val_min_episode_rewards     0.000000e+00
val_max_episode_len         5.000000e+02
val_mean_episode_len        4.911500e+02
val_min_episode_len         0.000000e+00
val_mean_timeouts           0.000000e+00
Name: 24, dtype: float64
timesteps                   1.703936e+06
wall_time                   1.140994e+04
num_episodes                3.946000e+03
max_episode_rewards         1.000000e+01
mean_episode_rewards        3.000000e+00
min_episode_rewards         0.000000e+00
max_episode_len             5.000000e+02
mean_episode_len            3.890750e+02
min_episode_len             0.000000e+00
mean_timeouts               0.000000e+00
val_max_episode_rewards     0.000000e+00
val_mean_episode_rewards    0.000000e+00
val_min_episode_rewards     0.000000e+00
val_max_episode_len         5.000000e+02
val_mean_episode_len        5.000000e+02
val_min_episode_len         0.000000e+00
val_mean_timeouts           0.000000e+00
Name: 25, dtype: float64
timesteps                   1.769472e+06
wall_time                   1.182175e+04
num_episodes                4.068000e+03
max_episode_rewards         1.000000e+01
mean_episode_rewards        2.500000e+00
min_episode_rewards         0.000000e+00
max_episode_len             5.000000e+02
mean_episode_len            4.089250e+02
min_episode_len             0.000000e+00
mean_timeouts               0.000000e+00
val_max_episode_rewards     1.000000e+01
val_mean_episode_rewards    2.500000e-01
val_min_episode_rewards     0.000000e+00
val_max_episode_len         5.000000e+02
val_mean_episode_len        4.914500e+02
val_min_episode_len         0.000000e+00
val_mean_timeouts           0.000000e+00
Name: 26, dtype: float64
timesteps                   1.835008e+06
wall_time                   1.224147e+04
num_episodes                4.258000e+03
max_episode_rewards         1.000000e+01
mean_episode_rewards        1.750000e+00
min_episode_rewards         0.000000e+00
max_episode_len             5.000000e+02
mean_episode_len            4.210000e+02
min_episode_len             0.000000e+00
mean_timeouts               0.000000e+00
val_max_episode_rewards     0.000000e+00
val_mean_episode_rewards    0.000000e+00
val_min_episode_rewards     0.000000e+00
val_max_episode_len         5.000000e+02
val_mean_episode_len        5.000000e+02
val_min_episode_len         0.000000e+00
val_mean_timeouts           0.000000e+00
Name: 27, dtype: float64
timesteps                   1.900544e+06
wall_time                   1.268123e+04
num_episodes                4.373000e+03
max_episode_rewards         1.000000e+01
mean_episode_rewards        1.250000e+00
min_episode_rewards         0.000000e+00
max_episode_len             5.000000e+02
mean_episode_len            4.403750e+02
min_episode_len             0.000000e+00
mean_timeouts               0.000000e+00
val_max_episode_rewards     1.000000e+01
val_mean_episode_rewards    1.250000e+00
val_min_episode_rewards     0.000000e+00
val_max_episode_len         5.000000e+02
val_mean_episode_len        4.624500e+02
val_min_episode_len         0.000000e+00
val_mean_timeouts           0.000000e+00
Name: 28, dtype: float64
timesteps                   1.966080e+06
wall_time                   1.311887e+04
num_episodes                4.572000e+03
max_episode_rewards         1.000000e+01
mean_episode_rewards        1.500000e+00
min_episode_rewards         0.000000e+00
max_episode_len             5.000000e+02
mean_episode_len            4.326000e+02
min_episode_len             0.000000e+00
mean_timeouts               0.000000e+00
val_max_episode_rewards     1.000000e+01
val_mean_episode_rewards    2.500000e-01
val_min_episode_rewards     0.000000e+00
val_max_episode_len         5.000000e+02
val_mean_episode_len        4.981500e+02
val_min_episode_len         0.000000e+00
val_mean_timeouts           0.000000e+00
Name: 29, dtype: float64
timesteps                   2.031616e+06
wall_time                   1.356593e+04
num_episodes                4.695000e+03
max_episode_rewards         1.000000e+01
mean_episode_rewards        1.500000e+00
min_episode_rewards         0.000000e+00
max_episode_len             5.000000e+02
mean_episode_len            4.498000e+02
min_episode_len             0.000000e+00
mean_timeouts               2.500000e-02
val_max_episode_rewards     1.000000e+01
val_mean_episode_rewards    7.500000e-01
val_min_episode_rewards     0.000000e+00
val_max_episode_len         5.000000e+02
val_mean_episode_len        4.795000e+02
val_min_episode_len         0.000000e+00
val_mean_timeouts           0.000000e+00
Name: 30, dtype: float64
timesteps                   2.097152e+06
wall_time                   1.399953e+04
num_episodes                4.886000e+03
max_episode_rewards         1.000000e+01
mean_episode_rewards        2.500000e+00
min_episode_rewards         0.000000e+00
max_episode_len             5.000000e+02
mean_episode_len            3.970500e+02
min_episode_len             0.000000e+00
mean_timeouts               0.000000e+00
val_max_episode_rewards     0.000000e+00
val_mean_episode_rewards    0.000000e+00
val_min_episode_rewards     0.000000e+00
val_max_episode_len         5.000000e+02
val_mean_episode_len        5.000000e+02
val_min_episode_len         0.000000e+00
val_mean_timeouts           0.000000e+00
Name: 31, dtype: float64
timesteps                   2.162688e+06
wall_time                   1.442985e+04
num_episodes                5.014000e+03
max_episode_rewards         1.000000e+01
mean_episode_rewards        2.250000e+00
min_episode_rewards         0.000000e+00
max_episode_len             5.000000e+02
mean_episode_len            4.199750e+02
min_episode_len             0.000000e+00
mean_timeouts               0.000000e+00
val_max_episode_rewards     1.000000e+01
val_mean_episode_rewards    5.000000e-01
val_min_episode_rewards     0.000000e+00
val_max_episode_len         5.000000e+02
val_mean_episode_len        4.908000e+02
val_min_episode_len         0.000000e+00
val_mean_timeouts           0.000000e+00
Name: 32, dtype: float64
timesteps                   2.228224e+06
wall_time                   1.487600e+04
num_episodes                5.209000e+03
max_episode_rewards         1.000000e+01
mean_episode_rewards        2.000000e+00
min_episode_rewards         0.000000e+00
max_episode_len             5.000000e+02
mean_episode_len            4.057750e+02
min_episode_len             0.000000e+00
mean_timeouts               2.500000e-02
val_max_episode_rewards     0.000000e+00
val_mean_episode_rewards    0.000000e+00
val_min_episode_rewards     0.000000e+00
val_max_episode_len         5.000000e+02
val_mean_episode_len        5.000000e+02
val_min_episode_len         0.000000e+00
val_mean_timeouts           0.000000e+00
Name: 33, dtype: float64
timesteps                   2.293760e+06
wall_time                   1.531073e+04
num_episodes                5.350000e+03
max_episode_rewards         1.000000e+01
mean_episode_rewards        4.500000e+00
min_episode_rewards         0.000000e+00
max_episode_len             5.000000e+02
mean_episode_len            3.468000e+02
min_episode_len             0.000000e+00
mean_timeouts               0.000000e+00
val_max_episode_rewards     1.000000e+01
val_mean_episode_rewards    5.000000e-01
val_min_episode_rewards     0.000000e+00
val_max_episode_len         5.000000e+02
val_mean_episode_len        4.853500e+02
val_min_episode_len         0.000000e+00
val_mean_timeouts           0.000000e+00
Name: 34, dtype: float64
timesteps                   2.359296e+06
wall_time                   1.575435e+04
num_episodes                5.544000e+03
max_episode_rewards         1.000000e+01
mean_episode_rewards        3.000000e+00
min_episode_rewards         0.000000e+00
max_episode_len             5.000000e+02
mean_episode_len            3.958750e+02
min_episode_len             0.000000e+00
mean_timeouts               0.000000e+00
val_max_episode_rewards     0.000000e+00
val_mean_episode_rewards    0.000000e+00
val_min_episode_rewards     0.000000e+00
val_max_episode_len         5.000000e+02
val_mean_episode_len        5.000000e+02
val_min_episode_len         0.000000e+00
val_mean_timeouts           0.000000e+00
Name: 35, dtype: float64
timesteps                   2.424832e+06
wall_time                   1.619405e+04
num_episodes                5.683000e+03
max_episode_rewards         1.000000e+01
mean_episode_rewards        2.250000e+00
min_episode_rewards         0.000000e+00
max_episode_len             5.000000e+02
mean_episode_len            4.192750e+02
min_episode_len             0.000000e+00
mean_timeouts               0.000000e+00
val_max_episode_rewards     1.000000e+01
val_mean_episode_rewards    2.500000e-01
val_min_episode_rewards     0.000000e+00
val_max_episode_len         5.000000e+02
val_mean_episode_len        4.929500e+02
val_min_episode_len         0.000000e+00
val_mean_timeouts           0.000000e+00
Name: 36, dtype: float64
timesteps                   2.490368e+06
wall_time                   1.662333e+04
num_episodes                5.868000e+03
max_episode_rewards         1.000000e+01
mean_episode_rewards        3.250000e+00
min_episode_rewards         0.000000e+00
max_episode_len             5.000000e+02
mean_episode_len            3.816250e+02
min_episode_len             0.000000e+00
mean_timeouts               2.500000e-02
val_max_episode_rewards     1.000000e+01
val_mean_episode_rewards    2.500000e-01
val_min_episode_rewards     0.000000e+00
val_max_episode_len         5.000000e+02
val_mean_episode_len        4.993500e+02
val_min_episode_len         0.000000e+00
val_mean_timeouts           0.000000e+00
Name: 37, dtype: float64
timesteps                   2.555904e+06
wall_time                   1.706110e+04
num_episodes                6.007000e+03
max_episode_rewards         1.000000e+01
mean_episode_rewards        2.750000e+00
min_episode_rewards         0.000000e+00
max_episode_len             5.000000e+02
mean_episode_len            4.072250e+02
min_episode_len             0.000000e+00
mean_timeouts               2.500000e-02
val_max_episode_rewards     1.000000e+01
val_mean_episode_rewards    5.000000e-01
val_min_episode_rewards     0.000000e+00
val_max_episode_len         5.000000e+02
val_mean_episode_len        4.926000e+02
val_min_episode_len         0.000000e+00
val_mean_timeouts           0.000000e+00
Name: 38, dtype: float64
timesteps                   2.621440e+06
wall_time                   1.750638e+04
num_episodes                6.188000e+03
max_episode_rewards         1.000000e+01
mean_episode_rewards        2.500000e+00
min_episode_rewards         0.000000e+00
max_episode_len             5.000000e+02
mean_episode_len            4.226500e+02
min_episode_len             0.000000e+00
mean_timeouts               0.000000e+00
val_max_episode_rewards     0.000000e+00
val_mean_episode_rewards    0.000000e+00
val_min_episode_rewards     0.000000e+00
val_max_episode_len         5.000000e+02
val_mean_episode_len        5.000000e+02
val_min_episode_len         0.000000e+00
val_mean_timeouts           0.000000e+00
Name: 39, dtype: float64
timesteps                   2.686976e+06
wall_time                   1.794836e+04
num_episodes                6.332000e+03
max_episode_rewards         1.000000e+01
mean_episode_rewards        3.500000e+00
min_episode_rewards         0.000000e+00
max_episode_len             5.000000e+02
mean_episode_len            3.671750e+02
min_episode_len             0.000000e+00
mean_timeouts               0.000000e+00
val_max_episode_rewards     0.000000e+00
val_mean_episode_rewards    0.000000e+00
val_min_episode_rewards     0.000000e+00
val_max_episode_len         5.000000e+02
val_mean_episode_len        5.000000e+02
val_min_episode_len         0.000000e+00
val_mean_timeouts           0.000000e+00
Name: 40, dtype: float64
timesteps                   2.752512e+06
wall_time                   1.838331e+04
num_episodes                6.513000e+03
max_episode_rewards         1.000000e+01
mean_episode_rewards        1.500000e+00
min_episode_rewards         0.000000e+00
max_episode_len             5.000000e+02
mean_episode_len            4.320000e+02
min_episode_len             0.000000e+00
mean_timeouts               0.000000e+00
val_max_episode_rewards     1.000000e+01
val_mean_episode_rewards    2.500000e-01
val_min_episode_rewards     0.000000e+00
val_max_episode_len         5.000000e+02
val_mean_episode_len        5.000000e+02
val_min_episode_len         0.000000e+00
val_mean_timeouts           0.000000e+00
Name: 41, dtype: float64
timesteps                   2.818048e+06
wall_time                   1.882247e+04
num_episodes                6.650000e+03
max_episode_rewards         1.000000e+01
mean_episode_rewards        2.500000e+00
min_episode_rewards         0.000000e+00
max_episode_len             5.000000e+02
mean_episode_len            4.037750e+02
min_episode_len             0.000000e+00
mean_timeouts               2.500000e-02
val_max_episode_rewards     0.000000e+00
val_mean_episode_rewards    0.000000e+00
val_min_episode_rewards     0.000000e+00
val_max_episode_len         5.000000e+02
val_mean_episode_len        5.000000e+02
val_min_episode_len         0.000000e+00
val_mean_timeouts           0.000000e+00
Name: 42, dtype: float64
timesteps                   2.883584e+06
wall_time                   1.925953e+04
num_episodes                6.838000e+03
max_episode_rewards         1.000000e+01
mean_episode_rewards        3.750000e+00
min_episode_rewards         0.000000e+00
max_episode_len             5.000000e+02
mean_episode_len            3.692000e+02
min_episode_len             0.000000e+00
mean_timeouts               0.000000e+00
val_max_episode_rewards     1.000000e+01
val_mean_episode_rewards    2.500000e-01
val_min_episode_rewards     0.000000e+00
val_max_episode_len         5.000000e+02
val_mean_episode_len        4.877500e+02
val_min_episode_len         0.000000e+00
val_mean_timeouts           0.000000e+00
Name: 43, dtype: float64
timesteps                   2.949120e+06
wall_time                   1.970884e+04
num_episodes                6.968000e+03
max_episode_rewards         1.000000e+01
mean_episode_rewards        2.750000e+00
min_episode_rewards         0.000000e+00
max_episode_len             5.000000e+02
mean_episode_len            4.233250e+02
min_episode_len             0.000000e+00
mean_timeouts               0.000000e+00
val_max_episode_rewards     0.000000e+00
val_mean_episode_rewards    0.000000e+00
val_min_episode_rewards     0.000000e+00
val_max_episode_len         5.000000e+02
val_mean_episode_len        5.000000e+02
val_min_episode_len         0.000000e+00
val_mean_timeouts           0.000000e+00
Name: 44, dtype: float64
timesteps                   3.014656e+06
wall_time                   2.016248e+04
num_episodes                7.148000e+03
max_episode_rewards         1.000000e+01
mean_episode_rewards        2.000000e+00
min_episode_rewards         0.000000e+00
max_episode_len             5.000000e+02
mean_episode_len            4.175250e+02
min_episode_len             0.000000e+00
mean_timeouts               0.000000e+00
val_max_episode_rewards     1.000000e+01
val_mean_episode_rewards    5.000000e-01
val_min_episode_rewards     0.000000e+00
val_max_episode_len         5.000000e+02
val_mean_episode_len        4.789000e+02
val_min_episode_len         0.000000e+00
val_mean_timeouts           0.000000e+00
Name: 45, dtype: float64
timesteps                   3.080192e+06
wall_time                   2.062451e+04
num_episodes                7.283000e+03
max_episode_rewards         1.000000e+01
mean_episode_rewards        2.500000e+00
min_episode_rewards         0.000000e+00
max_episode_len             5.000000e+02
mean_episode_len            3.925250e+02
min_episode_len             0.000000e+00
mean_timeouts               2.500000e-02
val_max_episode_rewards     0.000000e+00
val_mean_episode_rewards    0.000000e+00
val_min_episode_rewards     0.000000e+00
val_max_episode_len         5.000000e+02
val_mean_episode_len        5.000000e+02
val_min_episode_len         0.000000e+00
val_mean_timeouts           0.000000e+00
Name: 46, dtype: float64
timesteps                   3.145728e+06
wall_time                   2.106928e+04
num_episodes                7.473000e+03
max_episode_rewards         1.000000e+01
mean_episode_rewards        2.500000e+00
min_episode_rewards         0.000000e+00
max_episode_len             5.000000e+02
mean_episode_len            3.898000e+02
min_episode_len             0.000000e+00
mean_timeouts               0.000000e+00
val_max_episode_rewards     1.000000e+01
val_mean_episode_rewards    2.500000e-01
val_min_episode_rewards     0.000000e+00
val_max_episode_len         5.000000e+02
val_mean_episode_len        4.883500e+02
val_min_episode_len         0.000000e+00
val_mean_timeouts           0.000000e+00
Name: 47, dtype: float64
Saving model at timestep 3145729
timesteps                   3.211264e+06
wall_time                   2.151626e+04
num_episodes                7.629000e+03
max_episode_rewards         1.000000e+01
mean_episode_rewards        2.250000e+00
min_episode_rewards         0.000000e+00
max_episode_len             5.000000e+02
mean_episode_len            4.218750e+02
min_episode_len             0.000000e+00
mean_timeouts               0.000000e+00
val_max_episode_rewards     0.000000e+00
val_mean_episode_rewards    0.000000e+00
val_min_episode_rewards     0.000000e+00
val_max_episode_len         5.000000e+02
val_mean_episode_len        5.000000e+02
val_min_episode_len         0.000000e+00
val_mean_timeouts           0.000000e+00
Name: 48, dtype: float64
timesteps                   3.276800e+06
wall_time                   2.196146e+04
num_episodes                7.791000e+03
max_episode_rewards         1.000000e+01
mean_episode_rewards        1.750000e+00
min_episode_rewards         0.000000e+00
max_episode_len             5.000000e+02
mean_episode_len            4.232750e+02
min_episode_len             0.000000e+00
mean_timeouts               2.500000e-02
val_max_episode_rewards     1.000000e+01
val_mean_episode_rewards    1.000000e+00
val_min_episode_rewards     0.000000e+00
val_max_episode_len         5.000000e+02
val_mean_episode_len        4.547000e+02
val_min_episode_len         0.000000e+00
val_mean_timeouts           0.000000e+00
Name: 49, dtype: float64
timesteps                   3.342336e+06
wall_time                   2.239366e+04
num_episodes                7.949000e+03
max_episode_rewards         1.000000e+01
mean_episode_rewards        1.750000e+00
min_episode_rewards         0.000000e+00
max_episode_len             5.000000e+02
mean_episode_len            4.389500e+02
min_episode_len             0.000000e+00
mean_timeouts               0.000000e+00
val_max_episode_rewards     0.000000e+00
val_mean_episode_rewards    0.000000e+00
val_min_episode_rewards     0.000000e+00
val_max_episode_len         5.000000e+02
val_mean_episode_len        5.000000e+02
val_min_episode_len         0.000000e+00
val_mean_timeouts           0.000000e+00
Name: 50, dtype: float64
timesteps                   3.407872e+06
wall_time                   2.282161e+04
num_episodes                8.113000e+03
max_episode_rewards         1.000000e+01
mean_episode_rewards        2.250000e+00
min_episode_rewards         0.000000e+00
max_episode_len             5.000000e+02
mean_episode_len            3.968250e+02
min_episode_len             0.000000e+00
mean_timeouts               0.000000e+00
val_max_episode_rewards     1.000000e+01
val_mean_episode_rewards    2.500000e-01
val_min_episode_rewards     0.000000e+00
val_max_episode_len         5.000000e+02
val_mean_episode_len        4.889500e+02
val_min_episode_len         0.000000e+00
val_mean_timeouts           0.000000e+00
Name: 51, dtype: float64
timesteps                   3.473408e+06
wall_time                   2.326024e+04
num_episodes                8.274000e+03
max_episode_rewards         1.000000e+01
mean_episode_rewards        2.250000e+00
min_episode_rewards         0.000000e+00
max_episode_len             5.000000e+02
mean_episode_len            4.204000e+02
min_episode_len             0.000000e+00
mean_timeouts               0.000000e+00
val_max_episode_rewards     0.000000e+00
val_mean_episode_rewards    0.000000e+00
val_min_episode_rewards     0.000000e+00
val_max_episode_len         5.000000e+02
val_mean_episode_len        5.000000e+02
val_min_episode_len         0.000000e+00
val_mean_timeouts           0.000000e+00
Name: 52, dtype: float64
timesteps                   3.538944e+06
wall_time                   2.371815e+04
num_episodes                8.428000e+03
max_episode_rewards         1.000000e+01
mean_episode_rewards        1.500000e+00
min_episode_rewards         0.000000e+00
max_episode_len             5.000000e+02
mean_episode_len            4.435500e+02
min_episode_len             0.000000e+00
mean_timeouts               0.000000e+00
val_max_episode_rewards     1.000000e+01
val_mean_episode_rewards    2.500000e-01
val_min_episode_rewards     0.000000e+00
val_max_episode_len         5.000000e+02
val_mean_episode_len        4.981000e+02
val_min_episode_len         0.000000e+00
val_mean_timeouts           0.000000e+00
Name: 53, dtype: float64
timesteps                   3.604480e+06
wall_time                   2.417442e+04
num_episodes                8.582000e+03
max_episode_rewards         1.000000e+01
mean_episode_rewards        2.750000e+00
min_episode_rewards         0.000000e+00
max_episode_len             5.000000e+02
mean_episode_len            3.931000e+02
min_episode_len             0.000000e+00
mean_timeouts               0.000000e+00
val_max_episode_rewards     0.000000e+00
val_mean_episode_rewards    0.000000e+00
val_min_episode_rewards     0.000000e+00
val_max_episode_len         5.000000e+02
val_mean_episode_len        5.000000e+02
val_min_episode_len         0.000000e+00
val_mean_timeouts           0.000000e+00
Name: 54, dtype: float64
timesteps                   3.670016e+06
wall_time                   2.460050e+04
num_episodes                8.762000e+03
max_episode_rewards         1.000000e+01
mean_episode_rewards        3.250000e+00
min_episode_rewards         0.000000e+00
max_episode_len             5.000000e+02
mean_episode_len            3.737500e+02
min_episode_len             0.000000e+00
mean_timeouts               0.000000e+00
val_max_episode_rewards     1.000000e+01
val_mean_episode_rewards    2.500000e-01
val_min_episode_rewards     0.000000e+00
val_max_episode_len         5.000000e+02
val_mean_episode_len        4.895500e+02
val_min_episode_len         0.000000e+00
val_mean_timeouts           0.000000e+00
Name: 55, dtype: float64
timesteps                   3.735552e+06
wall_time                   2.502652e+04
num_episodes                8.922000e+03
max_episode_rewards         1.000000e+01
mean_episode_rewards        4.000000e+00
min_episode_rewards         0.000000e+00
max_episode_len             5.000000e+02
mean_episode_len            3.285000e+02
min_episode_len             0.000000e+00
mean_timeouts               0.000000e+00
val_max_episode_rewards     1.000000e+01
val_mean_episode_rewards    2.500000e-01
val_min_episode_rewards     0.000000e+00
val_max_episode_len         5.000000e+02
val_mean_episode_len        4.940500e+02
val_min_episode_len         0.000000e+00
val_mean_timeouts           0.000000e+00
Name: 56, dtype: float64
timesteps                   3.801088e+06
wall_time                   2.548239e+04
num_episodes                9.102000e+03
max_episode_rewards         1.000000e+01
mean_episode_rewards        2.250000e+00
min_episode_rewards         0.000000e+00
max_episode_len             5.000000e+02
mean_episode_len            4.162000e+02
min_episode_len             0.000000e+00
mean_timeouts               0.000000e+00
val_max_episode_rewards     1.000000e+01
val_mean_episode_rewards    5.000000e-01
val_min_episode_rewards     0.000000e+00
val_max_episode_len         5.000000e+02
val_mean_episode_len        4.798000e+02
val_min_episode_len         0.000000e+00
val_mean_timeouts           0.000000e+00
Name: 57, dtype: float64
timesteps                   3.866624e+06
wall_time                   2.593233e+04
num_episodes                9.252000e+03
max_episode_rewards         1.000000e+01
mean_episode_rewards        2.250000e+00
min_episode_rewards         0.000000e+00
max_episode_len             5.000000e+02
mean_episode_len            3.960000e+02
min_episode_len             0.000000e+00
mean_timeouts               2.500000e-02
val_max_episode_rewards     1.000000e+01
val_mean_episode_rewards    2.500000e-01
val_min_episode_rewards     0.000000e+00
val_max_episode_len         5.000000e+02
val_mean_episode_len        4.962500e+02
val_min_episode_len         0.000000e+00
val_mean_timeouts           0.000000e+00
Name: 58, dtype: float64
timesteps                   3.932160e+06
wall_time                   2.636670e+04
num_episodes                9.423000e+03
max_episode_rewards         1.000000e+01
mean_episode_rewards        2.000000e+00
min_episode_rewards         0.000000e+00
max_episode_len             5.000000e+02
mean_episode_len            4.166000e+02
min_episode_len             0.000000e+00
mean_timeouts               0.000000e+00
val_max_episode_rewards     1.000000e+01
val_mean_episode_rewards    2.500000e-01
val_min_episode_rewards     0.000000e+00
val_max_episode_len         5.000000e+02
val_mean_episode_len        4.902000e+02
val_min_episode_len         0.000000e+00
val_mean_timeouts           0.000000e+00
Name: 59, dtype: float64
timesteps                   3.997696e+06
wall_time                   2.681081e+04
num_episodes                9.585000e+03
max_episode_rewards         1.000000e+01
mean_episode_rewards        3.500000e+00
min_episode_rewards         0.000000e+00
max_episode_len             5.000000e+02
mean_episode_len            3.523250e+02
min_episode_len             0.000000e+00
mean_timeouts               0.000000e+00
val_max_episode_rewards     0.000000e+00
val_mean_episode_rewards    0.000000e+00
val_min_episode_rewards     0.000000e+00
val_max_episode_len         5.000000e+02
val_mean_episode_len        5.000000e+02
val_min_episode_len         0.000000e+00
val_mean_timeouts           0.000000e+00
Name: 60, dtype: float64
timesteps                   4.063232e+06
wall_time                   2.724909e+04
num_episodes                9.745000e+03
max_episode_rewards         1.000000e+01
mean_episode_rewards        2.250000e+00
min_episode_rewards         0.000000e+00
max_episode_len             5.000000e+02
mean_episode_len            3.985500e+02
min_episode_len             0.000000e+00
mean_timeouts               0.000000e+00
val_max_episode_rewards     1.000000e+01
val_mean_episode_rewards    5.000000e-01
val_min_episode_rewards     0.000000e+00
val_max_episode_len         5.000000e+02
val_mean_episode_len        4.822000e+02
val_min_episode_len         0.000000e+00
val_mean_timeouts           0.000000e+00
Name: 61, dtype: float64
timesteps                   4.128768e+06
wall_time                   2.768029e+04
num_episodes                9.916000e+03
max_episode_rewards         1.000000e+01
mean_episode_rewards        2.250000e+00
min_episode_rewards         0.000000e+00
max_episode_len             5.000000e+02
mean_episode_len            4.051000e+02
min_episode_len             0.000000e+00
mean_timeouts               0.000000e+00
val_max_episode_rewards     0.000000e+00
val_mean_episode_rewards    0.000000e+00
val_min_episode_rewards     0.000000e+00
val_max_episode_len         5.000000e+02
val_mean_episode_len        5.000000e+02
val_min_episode_len         0.000000e+00
val_mean_timeouts           0.000000e+00
Name: 62, dtype: float64
timesteps                   4.194304e+06
wall_time                   2.811746e+04
num_episodes                1.006900e+04
max_episode_rewards         1.000000e+01
mean_episode_rewards        2.250000e+00
min_episode_rewards         0.000000e+00
max_episode_len             5.000000e+02
mean_episode_len            4.268500e+02
min_episode_len             0.000000e+00
mean_timeouts               0.000000e+00
val_max_episode_rewards     0.000000e+00
val_mean_episode_rewards    0.000000e+00
val_min_episode_rewards     0.000000e+00
val_max_episode_len         5.000000e+02
val_mean_episode_len        5.000000e+02
val_min_episode_len         0.000000e+00
val_mean_timeouts           0.000000e+00
Name: 63, dtype: float64
timesteps                   4.259840e+06
wall_time                   2.855689e+04
num_episodes                1.023000e+04
max_episode_rewards         1.000000e+01
mean_episode_rewards        3.250000e+00
min_episode_rewards         0.000000e+00
max_episode_len             5.000000e+02
mean_episode_len            3.837750e+02
min_episode_len             0.000000e+00
mean_timeouts               0.000000e+00
val_max_episode_rewards     0.000000e+00
val_mean_episode_rewards    0.000000e+00
val_min_episode_rewards     0.000000e+00
val_max_episode_len         5.000000e+02
val_mean_episode_len        5.000000e+02
val_min_episode_len         0.000000e+00
val_mean_timeouts           0.000000e+00
Name: 64, dtype: float64
timesteps                   4.325376e+06
wall_time                   2.900370e+04
num_episodes                1.040700e+04
max_episode_rewards         1.000000e+01
mean_episode_rewards        3.500000e+00
min_episode_rewards         0.000000e+00
max_episode_len             5.000000e+02
mean_episode_len            3.470750e+02
min_episode_len             0.000000e+00
mean_timeouts               0.000000e+00
val_max_episode_rewards     0.000000e+00
val_mean_episode_rewards    0.000000e+00
val_min_episode_rewards     0.000000e+00
val_max_episode_len         5.000000e+02
val_mean_episode_len        5.000000e+02
val_min_episode_len         0.000000e+00
val_mean_timeouts           0.000000e+00
Name: 65, dtype: float64
timesteps                   4.390912e+06
wall_time                   2.944633e+04
num_episodes                1.056800e+04
max_episode_rewards         1.000000e+01
mean_episode_rewards        2.500000e+00
min_episode_rewards         0.000000e+00
max_episode_len             5.000000e+02
mean_episode_len            4.172500e+02
min_episode_len             0.000000e+00
mean_timeouts               0.000000e+00
val_max_episode_rewards     0.000000e+00
val_mean_episode_rewards    0.000000e+00
val_min_episode_rewards     0.000000e+00
val_max_episode_len         5.000000e+02
val_mean_episode_len        5.000000e+02
val_min_episode_len         0.000000e+00
val_mean_timeouts           0.000000e+00
Name: 66, dtype: float64
timesteps                   4.456448e+06
wall_time                   2.988573e+04
num_episodes                1.073300e+04
max_episode_rewards         1.000000e+01
mean_episode_rewards        2.750000e+00
min_episode_rewards         0.000000e+00
max_episode_len             5.000000e+02
mean_episode_len            3.951250e+02
min_episode_len             0.000000e+00
mean_timeouts               0.000000e+00
val_max_episode_rewards     0.000000e+00
val_mean_episode_rewards    0.000000e+00
val_min_episode_rewards     0.000000e+00
val_max_episode_len         5.000000e+02
val_mean_episode_len        5.000000e+02
val_min_episode_len         0.000000e+00
val_mean_timeouts           0.000000e+00
Name: 67, dtype: float64
timesteps                   4.521984e+06
wall_time                   3.031947e+04
num_episodes                1.089900e+04
max_episode_rewards         1.000000e+01
mean_episode_rewards        2.750000e+00
min_episode_rewards         0.000000e+00
max_episode_len             5.000000e+02
mean_episode_len            3.938250e+02
min_episode_len             0.000000e+00
mean_timeouts               0.000000e+00
val_max_episode_rewards     1.000000e+01
val_mean_episode_rewards    2.500000e-01
val_min_episode_rewards     0.000000e+00
val_max_episode_len         5.000000e+02
val_mean_episode_len        4.977500e+02
val_min_episode_len         0.000000e+00
val_mean_timeouts           0.000000e+00
Name: 68, dtype: float64
timesteps                   4.587520e+06
wall_time                   3.075483e+04
num_episodes                1.105700e+04
max_episode_rewards         1.000000e+01
mean_episode_rewards        3.500000e+00
min_episode_rewards         0.000000e+00
max_episode_len             5.000000e+02
mean_episode_len            3.771750e+02
min_episode_len             0.000000e+00
mean_timeouts               0.000000e+00
val_max_episode_rewards     1.000000e+01
val_mean_episode_rewards    2.500000e-01
val_min_episode_rewards     0.000000e+00
val_max_episode_len         5.000000e+02
val_mean_episode_len        4.916500e+02
val_min_episode_len         0.000000e+00
val_mean_timeouts           0.000000e+00
Name: 69, dtype: float64
timesteps                   4.653056e+06
wall_time                   3.118856e+04
num_episodes                1.122200e+04
max_episode_rewards         1.000000e+01
mean_episode_rewards        2.250000e+00
min_episode_rewards         0.000000e+00
max_episode_len             5.000000e+02
mean_episode_len            4.124750e+02
min_episode_len             0.000000e+00
mean_timeouts               2.500000e-02
val_max_episode_rewards     0.000000e+00
val_mean_episode_rewards    0.000000e+00
val_min_episode_rewards     0.000000e+00
val_max_episode_len         5.000000e+02
val_mean_episode_len        5.000000e+02
val_min_episode_len         0.000000e+00
val_mean_timeouts           0.000000e+00
Name: 70, dtype: float64
timesteps                   4.718592e+06
wall_time                   3.161696e+04
num_episodes                1.138600e+04
max_episode_rewards         1.000000e+01
mean_episode_rewards        2.000000e+00
min_episode_rewards         0.000000e+00
max_episode_len             5.000000e+02
mean_episode_len            4.193500e+02
min_episode_len             0.000000e+00
mean_timeouts               0.000000e+00
val_max_episode_rewards     1.000000e+01
val_mean_episode_rewards    2.500000e-01
val_min_episode_rewards     0.000000e+00
val_max_episode_len         5.000000e+02
val_mean_episode_len        4.919500e+02
val_min_episode_len         0.000000e+00
val_mean_timeouts           0.000000e+00
Name: 71, dtype: float64
timesteps                   4.784128e+06
wall_time                   3.205884e+04
num_episodes                1.154700e+04
max_episode_rewards         1.000000e+01
mean_episode_rewards        2.000000e+00
min_episode_rewards         0.000000e+00
max_episode_len             5.000000e+02
mean_episode_len            4.266500e+02
min_episode_len             0.000000e+00
mean_timeouts               0.000000e+00
val_max_episode_rewards     0.000000e+00
val_mean_episode_rewards    0.000000e+00
val_min_episode_rewards     0.000000e+00
val_max_episode_len         5.000000e+02
val_mean_episode_len        5.000000e+02
val_min_episode_len         0.000000e+00
val_mean_timeouts           0.000000e+00
Name: 72, dtype: float64
timesteps                   4.849664e+06
wall_time                   3.251491e+04
num_episodes                1.170700e+04
max_episode_rewards         1.000000e+01
mean_episode_rewards        1.750000e+00
min_episode_rewards         0.000000e+00
max_episode_len             5.000000e+02
mean_episode_len            4.267750e+02
min_episode_len             0.000000e+00
mean_timeouts               0.000000e+00
val_max_episode_rewards     1.000000e+01
val_mean_episode_rewards    2.500000e-01
val_min_episode_rewards     0.000000e+00
val_max_episode_len         5.000000e+02
val_mean_episode_len        4.977000e+02
val_min_episode_len         0.000000e+00
val_mean_timeouts           0.000000e+00
Name: 73, dtype: float64
timesteps                   4.915200e+06
wall_time                   3.297500e+04
num_episodes                1.188000e+04
max_episode_rewards         1.000000e+01
mean_episode_rewards        4.500000e+00
min_episode_rewards         0.000000e+00
max_episode_len             5.000000e+02
mean_episode_len            3.120250e+02
min_episode_len             0.000000e+00
mean_timeouts               0.000000e+00
val_max_episode_rewards     0.000000e+00
val_mean_episode_rewards    0.000000e+00
val_min_episode_rewards     0.000000e+00
val_max_episode_len         5.000000e+02
val_mean_episode_len        5.000000e+02
val_min_episode_len         0.000000e+00
val_mean_timeouts           0.000000e+00
Name: 74, dtype: float64
timesteps                   4.980736e+06
wall_time                   3.342205e+04
num_episodes                1.206000e+04
max_episode_rewards         1.000000e+01
mean_episode_rewards        2.750000e+00
min_episode_rewards         0.000000e+00
max_episode_len             5.000000e+02
mean_episode_len            3.740750e+02
min_episode_len             0.000000e+00
mean_timeouts               2.500000e-02
val_max_episode_rewards     1.000000e+01
val_mean_episode_rewards    7.500000e-01
val_min_episode_rewards     0.000000e+00
val_max_episode_len         5.000000e+02
val_mean_episode_len        4.765000e+02
val_min_episode_len         0.000000e+00
val_mean_timeouts           0.000000e+00
Name: 75, dtype: float64
timesteps                   5.046272e+06
wall_time                   3.387363e+04
num_episodes                1.220900e+04
max_episode_rewards         1.000000e+01
mean_episode_rewards        1.250000e+00
min_episode_rewards         0.000000e+00
max_episode_len             5.000000e+02
mean_episode_len            4.536250e+02
min_episode_len             0.000000e+00
mean_timeouts               2.500000e-02
val_max_episode_rewards     0.000000e+00
val_mean_episode_rewards    0.000000e+00
val_min_episode_rewards     0.000000e+00
val_max_episode_len         5.000000e+02
val_mean_episode_len        5.000000e+02
val_min_episode_len         0.000000e+00
val_mean_timeouts           0.000000e+00
Name: 76, dtype: float64
timesteps                   5.111808e+06
wall_time                   3.432419e+04
num_episodes                1.239000e+04
max_episode_rewards         1.000000e+01
mean_episode_rewards        3.000000e+00
min_episode_rewards         0.000000e+00
max_episode_len             5.000000e+02
mean_episode_len            3.745250e+02
min_episode_len             0.000000e+00
mean_timeouts               0.000000e+00
val_max_episode_rewards     1.000000e+01
val_mean_episode_rewards    5.000000e-01
val_min_episode_rewards     0.000000e+00
val_max_episode_len         5.000000e+02
val_mean_episode_len        4.845500e+02
val_min_episode_len         0.000000e+00
val_mean_timeouts           0.000000e+00
Name: 77, dtype: float64
timesteps                   5.177344e+06
wall_time                   3.476362e+04
num_episodes                1.254800e+04
max_episode_rewards         1.000000e+01
mean_episode_rewards        2.500000e+00
min_episode_rewards         0.000000e+00
max_episode_len             5.000000e+02
mean_episode_len            3.981500e+02
min_episode_len             0.000000e+00
mean_timeouts               0.000000e+00
val_max_episode_rewards     0.000000e+00
val_mean_episode_rewards    0.000000e+00
val_min_episode_rewards     0.000000e+00
val_max_episode_len         5.000000e+02
val_mean_episode_len        5.000000e+02
val_min_episode_len         0.000000e+00
val_mean_timeouts           0.000000e+00
Name: 78, dtype: float64
timesteps                   5.242880e+06
wall_time                   3.519801e+04
num_episodes                1.272600e+04
max_episode_rewards         1.000000e+01
mean_episode_rewards        2.250000e+00
min_episode_rewards         0.000000e+00
max_episode_len             5.000000e+02
mean_episode_len            4.183750e+02
min_episode_len             0.000000e+00
mean_timeouts               0.000000e+00
val_max_episode_rewards     1.000000e+01
val_mean_episode_rewards    7.500000e-01
val_min_episode_rewards     0.000000e+00
val_max_episode_len         5.000000e+02
val_mean_episode_len        4.795500e+02
val_min_episode_len         0.000000e+00
val_mean_timeouts           0.000000e+00
Name: 79, dtype: float64
timesteps                   5.308416e+06
wall_time                   3.563933e+04
num_episodes                1.286800e+04
max_episode_rewards         1.000000e+01
mean_episode_rewards        2.250000e+00
min_episode_rewards         0.000000e+00
max_episode_len             5.000000e+02
mean_episode_len            4.147750e+02
min_episode_len             0.000000e+00
mean_timeouts               0.000000e+00
val_max_episode_rewards     0.000000e+00
val_mean_episode_rewards    0.000000e+00
val_min_episode_rewards     0.000000e+00
val_max_episode_len         5.000000e+02
val_mean_episode_len        5.000000e+02
val_min_episode_len         0.000000e+00
val_mean_timeouts           0.000000e+00
Name: 80, dtype: float64
timesteps                   5.373952e+06
wall_time                   3.608095e+04
num_episodes                1.304300e+04
max_episode_rewards         1.000000e+01
mean_episode_rewards        1.500000e+00
min_episode_rewards         0.000000e+00
max_episode_len             5.000000e+02
mean_episode_len            4.433750e+02
min_episode_len             0.000000e+00
mean_timeouts               0.000000e+00
val_max_episode_rewards     1.000000e+01
val_mean_episode_rewards    2.500000e-01
val_min_episode_rewards     0.000000e+00
val_max_episode_len         5.000000e+02
val_mean_episode_len        4.934500e+02
val_min_episode_len         0.000000e+00
val_mean_timeouts           0.000000e+00
Name: 81, dtype: float64
timesteps                   5.439488e+06
wall_time                   3.652688e+04
num_episodes                1.318300e+04
max_episode_rewards         1.000000e+01
mean_episode_rewards        2.500000e+00
min_episode_rewards         0.000000e+00
max_episode_len             5.000000e+02
mean_episode_len            4.091500e+02
min_episode_len             0.000000e+00
mean_timeouts               0.000000e+00
val_max_episode_rewards     0.000000e+00
val_mean_episode_rewards    0.000000e+00
val_min_episode_rewards     0.000000e+00
val_max_episode_len         5.000000e+02
val_mean_episode_len        5.000000e+02
val_min_episode_len         0.000000e+00
val_mean_timeouts           0.000000e+00
Name: 82, dtype: float64
timesteps                   5.505024e+06
wall_time                   3.696434e+04
num_episodes                1.336000e+04
max_episode_rewards         1.000000e+01
mean_episode_rewards        2.750000e+00
min_episode_rewards         0.000000e+00
max_episode_len             5.000000e+02
mean_episode_len            3.737000e+02
min_episode_len             0.000000e+00
mean_timeouts               0.000000e+00
val_max_episode_rewards     0.000000e+00
val_mean_episode_rewards    0.000000e+00
val_min_episode_rewards     0.000000e+00
val_max_episode_len         5.000000e+02
val_mean_episode_len        5.000000e+02
val_min_episode_len         0.000000e+00
val_mean_timeouts           0.000000e+00
Name: 83, dtype: float64
timesteps                   5.570560e+06
wall_time                   3.738133e+04
num_episodes                1.350700e+04
max_episode_rewards         1.000000e+01
mean_episode_rewards        2.750000e+00
min_episode_rewards         0.000000e+00
max_episode_len             5.000000e+02
mean_episode_len            4.042000e+02
min_episode_len             0.000000e+00
mean_timeouts               0.000000e+00
val_max_episode_rewards     0.000000e+00
val_mean_episode_rewards    0.000000e+00
val_min_episode_rewards     0.000000e+00
val_max_episode_len         5.000000e+02
val_mean_episode_len        5.000000e+02
val_min_episode_len         0.000000e+00
val_mean_timeouts           0.000000e+00
Name: 84, dtype: float64
timesteps                   5.636096e+06
wall_time                   3.779800e+04
num_episodes                1.369000e+04
max_episode_rewards         1.000000e+01
mean_episode_rewards        3.000000e+00
min_episode_rewards         0.000000e+00
max_episode_len             5.000000e+02
mean_episode_len            3.865250e+02
min_episode_len             0.000000e+00
mean_timeouts               0.000000e+00
val_max_episode_rewards     1.000000e+01
val_mean_episode_rewards    2.500000e-01
val_min_episode_rewards     0.000000e+00
val_max_episode_len         5.000000e+02
val_mean_episode_len        4.940500e+02
val_min_episode_len         0.000000e+00
val_mean_timeouts           0.000000e+00
Name: 85, dtype: float64
timesteps                   5.701632e+06
wall_time                   3.823083e+04
num_episodes                1.384100e+04
max_episode_rewards         1.000000e+01
mean_episode_rewards        4.250000e+00
min_episode_rewards         0.000000e+00
max_episode_len             5.000000e+02
mean_episode_len            3.301000e+02
min_episode_len             0.000000e+00
mean_timeouts               0.000000e+00
val_max_episode_rewards     0.000000e+00
val_mean_episode_rewards    0.000000e+00
val_min_episode_rewards     0.000000e+00
val_max_episode_len         5.000000e+02
val_mean_episode_len        5.000000e+02
val_min_episode_len         0.000000e+00
val_mean_timeouts           0.000000e+00
Name: 86, dtype: float64
timesteps                   5.767168e+06
wall_time                   3.867362e+04
num_episodes                1.400800e+04
max_episode_rewards         1.000000e+01
mean_episode_rewards        7.500000e-01
min_episode_rewards         0.000000e+00
max_episode_len             5.000000e+02
mean_episode_len            4.682000e+02
min_episode_len             0.000000e+00
mean_timeouts               0.000000e+00
val_max_episode_rewards     0.000000e+00
val_mean_episode_rewards    0.000000e+00
val_min_episode_rewards     0.000000e+00
val_max_episode_len         5.000000e+02
val_mean_episode_len        5.000000e+02
val_min_episode_len         0.000000e+00
val_mean_timeouts           0.000000e+00
Name: 87, dtype: float64
timesteps                   5.832704e+06
wall_time                   3.911690e+04
num_episodes                1.417500e+04
max_episode_rewards         1.000000e+01
mean_episode_rewards        2.500000e+00
min_episode_rewards         0.000000e+00
max_episode_len             5.000000e+02
mean_episode_len            4.187750e+02
min_episode_len             0.000000e+00
mean_timeouts               0.000000e+00
val_max_episode_rewards     0.000000e+00
val_mean_episode_rewards    0.000000e+00
val_min_episode_rewards     0.000000e+00
val_max_episode_len         5.000000e+02
val_mean_episode_len        5.000000e+02
val_min_episode_len         0.000000e+00
val_mean_timeouts           0.000000e+00
Name: 88, dtype: float64
timesteps                   5.898240e+06
wall_time                   3.957816e+04
num_episodes                1.434200e+04
max_episode_rewards         1.000000e+01
mean_episode_rewards        3.000000e+00
min_episode_rewards         0.000000e+00
max_episode_len             5.000000e+02
mean_episode_len            3.842750e+02
min_episode_len             0.000000e+00
mean_timeouts               2.500000e-02
val_max_episode_rewards     0.000000e+00
val_mean_episode_rewards    0.000000e+00
val_min_episode_rewards     0.000000e+00
val_max_episode_len         5.000000e+02
val_mean_episode_len        5.000000e+02
val_min_episode_len         0.000000e+00
val_mean_timeouts           0.000000e+00
Name: 89, dtype: float64
timesteps                   5.963776e+06
wall_time                   4.005020e+04
num_episodes                1.449400e+04
max_episode_rewards         1.000000e+01
mean_episode_rewards        3.000000e+00
min_episode_rewards         0.000000e+00
max_episode_len             5.000000e+02
mean_episode_len            3.725250e+02
min_episode_len             0.000000e+00
mean_timeouts               0.000000e+00
val_max_episode_rewards     1.000000e+01
val_mean_episode_rewards    2.500000e-01
val_min_episode_rewards     0.000000e+00
val_max_episode_len         5.000000e+02
val_mean_episode_len        4.935000e+02
val_min_episode_len         0.000000e+00
val_mean_timeouts           0.000000e+00
Name: 90, dtype: float64
timesteps                   6.029312e+06
wall_time                   4.051053e+04
num_episodes                1.466000e+04
max_episode_rewards         1.000000e+01
mean_episode_rewards        2.500000e+00
min_episode_rewards         0.000000e+00
max_episode_len             5.000000e+02
mean_episode_len            3.988250e+02
min_episode_len             0.000000e+00
mean_timeouts               0.000000e+00
val_max_episode_rewards     0.000000e+00
val_mean_episode_rewards    0.000000e+00
val_min_episode_rewards     0.000000e+00
val_max_episode_len         5.000000e+02
val_mean_episode_len        5.000000e+02
val_min_episode_len         0.000000e+00
val_mean_timeouts           0.000000e+00
Name: 91, dtype: float64
timesteps                   6.094848e+06
wall_time                   4.097213e+04
num_episodes                1.481600e+04
max_episode_rewards         1.000000e+01
mean_episode_rewards        2.750000e+00
min_episode_rewards         0.000000e+00
max_episode_len             5.000000e+02
mean_episode_len            3.874750e+02
min_episode_len             0.000000e+00
mean_timeouts               0.000000e+00
val_max_episode_rewards     1.000000e+01
val_mean_episode_rewards    2.500000e-01
val_min_episode_rewards     0.000000e+00
val_max_episode_len         5.000000e+02
val_mean_episode_len        4.907500e+02
val_min_episode_len         0.000000e+00
val_mean_timeouts           0.000000e+00
Name: 92, dtype: float64
timesteps                   6.160384e+06
wall_time                   4.140849e+04
num_episodes                1.498700e+04
max_episode_rewards         1.000000e+01
mean_episode_rewards        3.250000e+00
min_episode_rewards         0.000000e+00
max_episode_len             5.000000e+02
mean_episode_len            3.836250e+02
min_episode_len             0.000000e+00
mean_timeouts               0.000000e+00
val_max_episode_rewards     0.000000e+00
val_mean_episode_rewards    0.000000e+00
val_min_episode_rewards     0.000000e+00
val_max_episode_len         5.000000e+02
val_mean_episode_len        5.000000e+02
val_min_episode_len         0.000000e+00
val_mean_timeouts           0.000000e+00
Name: 93, dtype: float64
timesteps                   6.225920e+06
wall_time                   4.185891e+04
num_episodes                1.514000e+04
max_episode_rewards         1.000000e+01
mean_episode_rewards        2.750000e+00
min_episode_rewards         0.000000e+00
max_episode_len             5.000000e+02
mean_episode_len            3.880250e+02
min_episode_len             0.000000e+00
mean_timeouts               0.000000e+00
val_max_episode_rewards     1.000000e+01
val_mean_episode_rewards    1.000000e+00
val_min_episode_rewards     0.000000e+00
val_max_episode_len         5.000000e+02
val_mean_episode_len        4.567500e+02
val_min_episode_len         0.000000e+00
val_mean_timeouts           0.000000e+00
Name: 94, dtype: float64
timesteps                   6.291456e+06
wall_time                   4.233147e+04
num_episodes                1.529600e+04
max_episode_rewards         1.000000e+01
mean_episode_rewards        2.000000e+00
min_episode_rewards         0.000000e+00
max_episode_len             5.000000e+02
mean_episode_len            4.206000e+02
min_episode_len             0.000000e+00
mean_timeouts               2.500000e-02
val_max_episode_rewards     1.000000e+01
val_mean_episode_rewards    2.500000e-01
val_min_episode_rewards     0.000000e+00
val_max_episode_len         5.000000e+02
val_mean_episode_len        4.928500e+02
val_min_episode_len         0.000000e+00
val_mean_timeouts           0.000000e+00
Name: 95, dtype: float64
Saving model at timestep 6291457
timesteps                   6.356992e+06
wall_time                   4.278916e+04
num_episodes                1.546400e+04
max_episode_rewards         1.000000e+01
mean_episode_rewards        2.000000e+00
min_episode_rewards         0.000000e+00
max_episode_len             5.000000e+02
mean_episode_len            4.136000e+02
min_episode_len             0.000000e+00
mean_timeouts               0.000000e+00
val_max_episode_rewards     1.000000e+01
val_mean_episode_rewards    5.000000e-01
val_min_episode_rewards     0.000000e+00
val_max_episode_len         5.000000e+02
val_mean_episode_len        4.872500e+02
val_min_episode_len         0.000000e+00
val_mean_timeouts           0.000000e+00
Name: 96, dtype: float64
timesteps                   6.422528e+06
wall_time                   4.325539e+04
num_episodes                1.563200e+04
max_episode_rewards         1.000000e+01
mean_episode_rewards        2.250000e+00
min_episode_rewards         0.000000e+00
max_episode_len             5.000000e+02
mean_episode_len            4.262250e+02
min_episode_len             0.000000e+00
mean_timeouts               0.000000e+00
val_max_episode_rewards     1.000000e+01
val_mean_episode_rewards    2.500000e-01
val_min_episode_rewards     0.000000e+00
val_max_episode_len         5.000000e+02
val_mean_episode_len        4.959000e+02
val_min_episode_len         0.000000e+00
val_mean_timeouts           0.000000e+00
Name: 97, dtype: float64
timesteps                   6.488064e+06
wall_time                   4.371723e+04
num_episodes                1.578300e+04
max_episode_rewards         1.000000e+01
mean_episode_rewards        2.250000e+00
min_episode_rewards         0.000000e+00
max_episode_len             5.000000e+02
mean_episode_len            4.123750e+02
min_episode_len             0.000000e+00
mean_timeouts               0.000000e+00
val_max_episode_rewards     0.000000e+00
val_mean_episode_rewards    0.000000e+00
val_min_episode_rewards     0.000000e+00
val_max_episode_len         5.000000e+02
val_mean_episode_len        5.000000e+02
val_min_episode_len         0.000000e+00
val_mean_timeouts           0.000000e+00
Name: 98, dtype: float64
timesteps                   6.553600e+06
wall_time                   4.416822e+04
num_episodes                1.594700e+04
max_episode_rewards         1.000000e+01
mean_episode_rewards        2.000000e+00
min_episode_rewards         0.000000e+00
max_episode_len             5.000000e+02
mean_episode_len            4.218000e+02
min_episode_len             0.000000e+00
mean_timeouts               0.000000e+00
val_max_episode_rewards     0.000000e+00
val_mean_episode_rewards    0.000000e+00
val_min_episode_rewards     0.000000e+00
val_max_episode_len         5.000000e+02
val_mean_episode_len        5.000000e+02
val_min_episode_len         0.000000e+00
val_mean_timeouts           0.000000e+00
Name: 99, dtype: float64
timesteps                   6.619136e+06
wall_time                   4.461481e+04
num_episodes                1.610900e+04
max_episode_rewards         1.000000e+01
mean_episode_rewards        3.750000e+00
min_episode_rewards         0.000000e+00
max_episode_len             5.000000e+02
mean_episode_len            3.469250e+02
min_episode_len             0.000000e+00
mean_timeouts               0.000000e+00
val_max_episode_rewards     1.000000e+01
val_mean_episode_rewards    2.500000e-01
val_min_episode_rewards     0.000000e+00
val_max_episode_len         5.000000e+02
val_mean_episode_len        4.926000e+02
val_min_episode_len         0.000000e+00
val_mean_timeouts           0.000000e+00
Name: 100, dtype: float64
timesteps                   6.684672e+06
wall_time                   4.505230e+04
num_episodes                1.627100e+04
max_episode_rewards         1.000000e+01
mean_episode_rewards        3.000000e+00
min_episode_rewards         0.000000e+00
max_episode_len             5.000000e+02
mean_episode_len            3.953250e+02
min_episode_len             0.000000e+00
mean_timeouts               2.500000e-02
val_max_episode_rewards     0.000000e+00
val_mean_episode_rewards    0.000000e+00
val_min_episode_rewards     0.000000e+00
val_max_episode_len         5.000000e+02
val_mean_episode_len        5.000000e+02
val_min_episode_len         0.000000e+00
val_mean_timeouts           0.000000e+00
Name: 101, dtype: float64
timesteps                   6.750208e+06
wall_time                   4.548601e+04
num_episodes                1.644600e+04
max_episode_rewards         1.000000e+01
mean_episode_rewards        3.000000e+00
min_episode_rewards         0.000000e+00
max_episode_len             5.000000e+02
mean_episode_len            3.995500e+02
min_episode_len             0.000000e+00
mean_timeouts               2.500000e-02
val_max_episode_rewards     1.000000e+01
val_mean_episode_rewards    2.500000e-01
val_min_episode_rewards     0.000000e+00
val_max_episode_len         5.000000e+02
val_mean_episode_len        4.879500e+02
val_min_episode_len         0.000000e+00
val_mean_timeouts           0.000000e+00
Name: 102, dtype: float64
timesteps                   6.815744e+06
wall_time                   4.593065e+04
num_episodes                1.659100e+04
max_episode_rewards         1.000000e+01
mean_episode_rewards        2.000000e+00
min_episode_rewards         0.000000e+00
max_episode_len             5.000000e+02
mean_episode_len            4.254000e+02
min_episode_len             0.000000e+00
mean_timeouts               2.500000e-02
val_max_episode_rewards     0.000000e+00
val_mean_episode_rewards    0.000000e+00
val_min_episode_rewards     0.000000e+00
val_max_episode_len         5.000000e+02
val_mean_episode_len        5.000000e+02
val_min_episode_len         0.000000e+00
val_mean_timeouts           0.000000e+00
Name: 103, dtype: float64
timesteps                   6.881280e+06
wall_time                   4.639671e+04
num_episodes                1.677400e+04
max_episode_rewards         1.000000e+01
mean_episode_rewards        2.000000e+00
min_episode_rewards         0.000000e+00
max_episode_len             5.000000e+02
mean_episode_len            4.329500e+02
min_episode_len             0.000000e+00
mean_timeouts               2.500000e-02
val_max_episode_rewards     1.000000e+01
val_mean_episode_rewards    5.000000e-01
val_min_episode_rewards     0.000000e+00
val_max_episode_len         5.000000e+02
val_mean_episode_len        4.846500e+02
val_min_episode_len         0.000000e+00
val_mean_timeouts           2.500000e-02
Name: 104, dtype: float64
timesteps                   6.946816e+06
wall_time                   4.686529e+04
num_episodes                1.692200e+04
max_episode_rewards         1.000000e+01
mean_episode_rewards        4.000000e+00
min_episode_rewards         0.000000e+00
max_episode_len             5.000000e+02
mean_episode_len            3.343250e+02
min_episode_len             0.000000e+00
mean_timeouts               0.000000e+00
val_max_episode_rewards     0.000000e+00
val_mean_episode_rewards    0.000000e+00
val_min_episode_rewards     0.000000e+00
val_max_episode_len         5.000000e+02
val_mean_episode_len        5.000000e+02
val_min_episode_len         0.000000e+00
val_mean_timeouts           0.000000e+00
Name: 105, dtype: float64
timesteps                   7.012352e+06
wall_time                   4.732460e+04
num_episodes                1.710500e+04
max_episode_rewards         1.000000e+01
mean_episode_rewards        2.000000e+00
min_episode_rewards         0.000000e+00
max_episode_len             5.000000e+02
mean_episode_len            4.191000e+02
min_episode_len             0.000000e+00
mean_timeouts               2.500000e-02
val_max_episode_rewards     1.000000e+01
val_mean_episode_rewards    2.500000e-01
val_min_episode_rewards     0.000000e+00
val_max_episode_len         5.000000e+02
val_mean_episode_len        4.909500e+02
val_min_episode_len         0.000000e+00
val_mean_timeouts           0.000000e+00
Name: 106, dtype: float64
timesteps                   7.077888e+06
wall_time                   4.777534e+04
num_episodes                1.725700e+04
max_episode_rewards         1.000000e+01
mean_episode_rewards        3.250000e+00
min_episode_rewards         0.000000e+00
max_episode_len             5.000000e+02
mean_episode_len            3.841500e+02
min_episode_len             0.000000e+00
mean_timeouts               0.000000e+00
val_max_episode_rewards     0.000000e+00
val_mean_episode_rewards    0.000000e+00
val_min_episode_rewards     0.000000e+00
val_max_episode_len         5.000000e+02
val_mean_episode_len        5.000000e+02
val_min_episode_len         0.000000e+00
val_mean_timeouts           0.000000e+00
Name: 107, dtype: float64
timesteps                   7.143424e+06
wall_time                   4.821653e+04
num_episodes                1.744400e+04
max_episode_rewards         1.000000e+01
mean_episode_rewards        1.500000e+00
min_episode_rewards         0.000000e+00
max_episode_len             5.000000e+02
mean_episode_len            4.398250e+02
min_episode_len             0.000000e+00
mean_timeouts               0.000000e+00
val_max_episode_rewards     0.000000e+00
val_mean_episode_rewards    0.000000e+00
val_min_episode_rewards     0.000000e+00
val_max_episode_len         5.000000e+02
val_mean_episode_len        5.000000e+02
val_min_episode_len         0.000000e+00
val_mean_timeouts           0.000000e+00
Name: 108, dtype: float64
timesteps                   7.208960e+06
wall_time                   4.867004e+04
num_episodes                1.758500e+04
max_episode_rewards         1.000000e+01
mean_episode_rewards        2.000000e+00
min_episode_rewards         0.000000e+00
max_episode_len             5.000000e+02
mean_episode_len            4.383000e+02
min_episode_len             0.000000e+00
mean_timeouts               0.000000e+00
val_max_episode_rewards     1.000000e+01
val_mean_episode_rewards    2.500000e-01
val_min_episode_rewards     0.000000e+00
val_max_episode_len         5.000000e+02
val_mean_episode_len        4.892500e+02
val_min_episode_len         0.000000e+00
val_mean_timeouts           0.000000e+00
Name: 109, dtype: float64
timesteps                   7.274496e+06
wall_time                   4.911617e+04
num_episodes                1.776500e+04
max_episode_rewards         1.000000e+01
mean_episode_rewards        3.750000e+00
min_episode_rewards         0.000000e+00
max_episode_len             5.000000e+02
mean_episode_len            3.605750e+02
min_episode_len             0.000000e+00
mean_timeouts               0.000000e+00
val_max_episode_rewards     0.000000e+00
val_mean_episode_rewards    0.000000e+00
val_min_episode_rewards     0.000000e+00
val_max_episode_len         5.000000e+02
val_mean_episode_len        5.000000e+02
val_min_episode_len         0.000000e+00
val_mean_timeouts           0.000000e+00
Name: 110, dtype: float64
timesteps                   7.340032e+06
wall_time                   4.956391e+04
num_episodes                1.791800e+04
max_episode_rewards         1.000000e+01
mean_episode_rewards        2.750000e+00
min_episode_rewards         0.000000e+00
max_episode_len             5.000000e+02
mean_episode_len            3.792000e+02
min_episode_len             0.000000e+00
mean_timeouts               0.000000e+00
val_max_episode_rewards     0.000000e+00
val_mean_episode_rewards    0.000000e+00
val_min_episode_rewards     0.000000e+00
val_max_episode_len         5.000000e+02
val_mean_episode_len        5.000000e+02
val_min_episode_len         0.000000e+00
val_mean_timeouts           0.000000e+00
Name: 111, dtype: float64
timesteps                   7.405568e+06
wall_time                   5.001454e+04
num_episodes                1.809500e+04
max_episode_rewards         1.000000e+01
mean_episode_rewards        3.250000e+00
min_episode_rewards         0.000000e+00
max_episode_len             5.000000e+02
mean_episode_len            3.705500e+02
min_episode_len             0.000000e+00
mean_timeouts               0.000000e+00
val_max_episode_rewards     0.000000e+00
val_mean_episode_rewards    0.000000e+00
val_min_episode_rewards     0.000000e+00
val_max_episode_len         5.000000e+02
val_mean_episode_len        5.000000e+02
val_min_episode_len         0.000000e+00
val_mean_timeouts           0.000000e+00
Name: 112, dtype: float64
timesteps                   7.471104e+06
wall_time                   5.046625e+04
num_episodes                1.825000e+04
max_episode_rewards         1.000000e+01
mean_episode_rewards        2.750000e+00
min_episode_rewards         0.000000e+00
max_episode_len             5.000000e+02
mean_episode_len            4.165500e+02
min_episode_len             0.000000e+00
mean_timeouts               0.000000e+00
val_max_episode_rewards     0.000000e+00
val_mean_episode_rewards    0.000000e+00
val_min_episode_rewards     0.000000e+00
val_max_episode_len         5.000000e+02
val_mean_episode_len        5.000000e+02
val_min_episode_len         0.000000e+00
val_mean_timeouts           0.000000e+00
Name: 113, dtype: float64
timesteps                   7.536640e+06
wall_time                   5.092356e+04
num_episodes                1.841800e+04
max_episode_rewards         1.000000e+01
mean_episode_rewards        3.500000e+00
min_episode_rewards         0.000000e+00
max_episode_len             5.000000e+02
mean_episode_len            3.673750e+02
min_episode_len             0.000000e+00
mean_timeouts               0.000000e+00
val_max_episode_rewards     1.000000e+01
val_mean_episode_rewards    2.500000e-01
val_min_episode_rewards     0.000000e+00
val_max_episode_len         5.000000e+02
val_mean_episode_len        4.922500e+02
val_min_episode_len         0.000000e+00
val_mean_timeouts           0.000000e+00
Name: 114, dtype: float64
timesteps                   7.602176e+06
wall_time                   5.137291e+04
num_episodes                1.858500e+04
max_episode_rewards         1.000000e+01
mean_episode_rewards        3.250000e+00
min_episode_rewards         0.000000e+00
max_episode_len             5.000000e+02
mean_episode_len            3.826000e+02
min_episode_len             0.000000e+00
mean_timeouts               0.000000e+00
val_max_episode_rewards     0.000000e+00
val_mean_episode_rewards    0.000000e+00
val_min_episode_rewards     0.000000e+00
val_max_episode_len         5.000000e+02
val_mean_episode_len        5.000000e+02
val_min_episode_len         0.000000e+00
val_mean_timeouts           0.000000e+00
Name: 115, dtype: float64
timesteps                   7.667712e+06
wall_time                   5.181739e+04
num_episodes                1.876000e+04
max_episode_rewards         1.000000e+01
mean_episode_rewards        3.250000e+00
min_episode_rewards         0.000000e+00
max_episode_len             5.000000e+02
mean_episode_len            3.934500e+02
min_episode_len             0.000000e+00
mean_timeouts               2.500000e-02
val_max_episode_rewards     1.000000e+01
val_mean_episode_rewards    2.500000e-01
val_min_episode_rewards     0.000000e+00
val_max_episode_len         5.000000e+02
val_mean_episode_len        4.924500e+02
val_min_episode_len         0.000000e+00
val_mean_timeouts           0.000000e+00
Name: 116, dtype: float64
timesteps                   7.733248e+06
wall_time                   5.227098e+04
num_episodes                1.890900e+04
max_episode_rewards         1.000000e+01
mean_episode_rewards        2.000000e+00
min_episode_rewards         0.000000e+00
max_episode_len             5.000000e+02
mean_episode_len            4.236500e+02
min_episode_len             0.000000e+00
mean_timeouts               0.000000e+00
val_max_episode_rewards     1.000000e+01
val_mean_episode_rewards    2.500000e-01
val_min_episode_rewards     0.000000e+00
val_max_episode_len         5.000000e+02
val_mean_episode_len        4.988500e+02
val_min_episode_len         0.000000e+00
val_mean_timeouts           0.000000e+00
Name: 117, dtype: float64
timesteps                   7.798784e+06
wall_time                   5.273091e+04
num_episodes                1.908200e+04
max_episode_rewards         1.000000e+01
mean_episode_rewards        2.750000e+00
min_episode_rewards         0.000000e+00
max_episode_len             5.000000e+02
mean_episode_len            4.173000e+02
min_episode_len             0.000000e+00
mean_timeouts               0.000000e+00
val_max_episode_rewards     0.000000e+00
val_mean_episode_rewards    0.000000e+00
val_min_episode_rewards     0.000000e+00
val_max_episode_len         5.000000e+02
val_mean_episode_len        5.000000e+02
val_min_episode_len         0.000000e+00
val_mean_timeouts           0.000000e+00
Name: 118, dtype: float64
timesteps                   7.864320e+06
wall_time                   5.317496e+04
num_episodes                1.924100e+04
max_episode_rewards         1.000000e+01
mean_episode_rewards        3.250000e+00
min_episode_rewards         0.000000e+00
max_episode_len             5.000000e+02
mean_episode_len            3.661250e+02
min_episode_len             0.000000e+00
mean_timeouts               0.000000e+00
val_max_episode_rewards     1.000000e+01
val_mean_episode_rewards    2.500000e-01
val_min_episode_rewards     0.000000e+00
val_max_episode_len         5.000000e+02
val_mean_episode_len        4.992000e+02
val_min_episode_len         0.000000e+00
val_mean_timeouts           0.000000e+00
Name: 119, dtype: float64
timesteps                   7.929856e+06
wall_time                   5.362358e+04
num_episodes                1.941300e+04
max_episode_rewards         1.000000e+01
mean_episode_rewards        3.250000e+00
min_episode_rewards         0.000000e+00
max_episode_len             5.000000e+02
mean_episode_len            3.963500e+02
min_episode_len             0.000000e+00
mean_timeouts               0.000000e+00
val_max_episode_rewards     0.000000e+00
val_mean_episode_rewards    0.000000e+00
val_min_episode_rewards     0.000000e+00
val_max_episode_len         5.000000e+02
val_mean_episode_len        5.000000e+02
val_min_episode_len         0.000000e+00
val_mean_timeouts           0.000000e+00
Name: 120, dtype: float64
timesteps                   7.995392e+06
wall_time                   5.409062e+04
num_episodes                1.957000e+04
max_episode_rewards         1.000000e+01
mean_episode_rewards        2.500000e+00
min_episode_rewards         0.000000e+00
max_episode_len             5.000000e+02
mean_episode_len            3.966000e+02
min_episode_len             0.000000e+00
mean_timeouts               0.000000e+00
val_max_episode_rewards     0.000000e+00
val_mean_episode_rewards    0.000000e+00
val_min_episode_rewards     0.000000e+00
val_max_episode_len         5.000000e+02
val_mean_episode_len        5.000000e+02
val_min_episode_len         0.000000e+00
val_mean_timeouts           0.000000e+00
Name: 121, dtype: float64
timesteps                   8.060928e+06
wall_time                   5.454902e+04
num_episodes                1.973300e+04
max_episode_rewards         1.000000e+01
mean_episode_rewards        3.250000e+00
min_episode_rewards         0.000000e+00
max_episode_len             5.000000e+02
mean_episode_len            3.852000e+02
min_episode_len             0.000000e+00
mean_timeouts               0.000000e+00
val_max_episode_rewards     0.000000e+00
val_mean_episode_rewards    0.000000e+00
val_min_episode_rewards     0.000000e+00
val_max_episode_len         5.000000e+02
val_mean_episode_len        5.000000e+02
val_min_episode_len         0.000000e+00
val_mean_timeouts           0.000000e+00
Name: 122, dtype: float64
timesteps                   8.126464e+06
wall_time                   5.500521e+04
num_episodes                1.988900e+04
max_episode_rewards         1.000000e+01
mean_episode_rewards        1.750000e+00
min_episode_rewards         0.000000e+00
max_episode_len             5.000000e+02
mean_episode_len            4.348750e+02
min_episode_len             0.000000e+00
mean_timeouts               0.000000e+00
val_max_episode_rewards     0.000000e+00
val_mean_episode_rewards    0.000000e+00
val_min_episode_rewards     0.000000e+00
val_max_episode_len         5.000000e+02
val_mean_episode_len        5.000000e+02
val_min_episode_len         0.000000e+00
val_mean_timeouts           0.000000e+00
Name: 123, dtype: float64
timesteps                   8.192000e+06
wall_time                   5.544603e+04
num_episodes                2.005500e+04
max_episode_rewards         1.000000e+01
mean_episode_rewards        3.750000e+00
min_episode_rewards         0.000000e+00
max_episode_len             5.000000e+02
mean_episode_len            3.718250e+02
min_episode_len             0.000000e+00
mean_timeouts               0.000000e+00
val_max_episode_rewards     0.000000e+00
val_mean_episode_rewards    0.000000e+00
val_min_episode_rewards     0.000000e+00
val_max_episode_len         5.000000e+02
val_mean_episode_len        5.000000e+02
val_min_episode_len         0.000000e+00
val_mean_timeouts           6.750000e-01
Name: 124, dtype: float64
timesteps                   8.257536e+06
wall_time                   5.589691e+04
num_episodes                2.021800e+04
max_episode_rewards         1.000000e+01
mean_episode_rewards        1.500000e+00
min_episode_rewards         0.000000e+00
max_episode_len             5.000000e+02
mean_episode_len            4.334750e+02
min_episode_len             0.000000e+00
mean_timeouts               0.000000e+00
val_max_episode_rewards     0.000000e+00
val_mean_episode_rewards    0.000000e+00
val_min_episode_rewards     0.000000e+00
val_max_episode_len         5.000000e+02
val_mean_episode_len        5.000000e+02
val_min_episode_len         0.000000e+00
val_mean_timeouts           0.000000e+00
Name: 125, dtype: float64
timesteps                   8.323072e+06
wall_time                   5.635569e+04
num_episodes                2.038900e+04
max_episode_rewards         1.000000e+01
mean_episode_rewards        3.750000e+00
min_episode_rewards         0.000000e+00
max_episode_len             5.000000e+02
mean_episode_len            3.534500e+02
min_episode_len             0.000000e+00
mean_timeouts               0.000000e+00
val_max_episode_rewards     1.000000e+01
val_mean_episode_rewards    2.500000e-01
val_min_episode_rewards     0.000000e+00
val_max_episode_len         5.000000e+02
val_mean_episode_len        4.947000e+02
val_min_episode_len         0.000000e+00
val_mean_timeouts           0.000000e+00
Name: 126, dtype: float64
timesteps                   8.388608e+06
wall_time                   5.680628e+04
num_episodes                2.056100e+04
max_episode_rewards         1.000000e+01
mean_episode_rewards        2.500000e+00
min_episode_rewards         0.000000e+00
max_episode_len             5.000000e+02
mean_episode_len            4.084250e+02
min_episode_len             0.000000e+00
mean_timeouts               0.000000e+00
val_max_episode_rewards     0.000000e+00
val_mean_episode_rewards    0.000000e+00
val_min_episode_rewards     0.000000e+00
val_max_episode_len         5.000000e+02
val_mean_episode_len        5.000000e+02
val_min_episode_len         0.000000e+00
val_mean_timeouts           2.500000e-02
Name: 127, dtype: float64
timesteps                   8.454144e+06
wall_time                   5.727897e+04
num_episodes                2.072100e+04
max_episode_rewards         1.000000e+01
mean_episode_rewards        3.250000e+00
min_episode_rewards         0.000000e+00
max_episode_len             5.000000e+02
mean_episode_len            3.678750e+02
min_episode_len             0.000000e+00
mean_timeouts               0.000000e+00
val_max_episode_rewards     0.000000e+00
val_mean_episode_rewards    0.000000e+00
val_min_episode_rewards     0.000000e+00
val_max_episode_len         5.000000e+02
val_mean_episode_len        5.000000e+02
val_min_episode_len         0.000000e+00
val_mean_timeouts           2.500000e-02
Name: 128, dtype: float64
timesteps                   8.519680e+06
wall_time                   5.774592e+04
num_episodes                2.087900e+04
max_episode_rewards         1.000000e+01
mean_episode_rewards        2.000000e+00
min_episode_rewards         0.000000e+00
max_episode_len             5.000000e+02
mean_episode_len            4.274250e+02
min_episode_len             0.000000e+00
mean_timeouts               0.000000e+00
val_max_episode_rewards     1.000000e+01
val_mean_episode_rewards    2.500000e-01
val_min_episode_rewards     0.000000e+00
val_max_episode_len         5.000000e+02
val_mean_episode_len        4.986000e+02
val_min_episode_len         0.000000e+00
val_mean_timeouts           0.000000e+00
Name: 129, dtype: float64
timesteps                   8.585216e+06
wall_time                   5.821725e+04
num_episodes                2.104800e+04
max_episode_rewards         1.000000e+01
mean_episode_rewards        4.000000e+00
min_episode_rewards         0.000000e+00
max_episode_len             5.000000e+02
mean_episode_len            3.627000e+02
min_episode_len             0.000000e+00
mean_timeouts               0.000000e+00
val_max_episode_rewards     0.000000e+00
val_mean_episode_rewards    0.000000e+00
val_min_episode_rewards     0.000000e+00
val_max_episode_len         5.000000e+02
val_mean_episode_len        5.000000e+02
val_min_episode_len         0.000000e+00
val_mean_timeouts           0.000000e+00
Name: 130, dtype: float64
timesteps                   8.650752e+06
wall_time                   5.867468e+04
num_episodes                2.120700e+04
max_episode_rewards         1.000000e+01
mean_episode_rewards        3.250000e+00
min_episode_rewards         0.000000e+00
max_episode_len             5.000000e+02
mean_episode_len            3.768250e+02
min_episode_len             0.000000e+00
mean_timeouts               0.000000e+00
val_max_episode_rewards     0.000000e+00
val_mean_episode_rewards    0.000000e+00
val_min_episode_rewards     0.000000e+00
val_max_episode_len         5.000000e+02
val_mean_episode_len        5.000000e+02
val_min_episode_len         0.000000e+00
val_mean_timeouts           0.000000e+00
Name: 131, dtype: float64
timesteps                   8.716288e+06
wall_time                   5.913461e+04
num_episodes                2.139200e+04
max_episode_rewards         1.000000e+01
mean_episode_rewards        2.750000e+00
min_episode_rewards         0.000000e+00
max_episode_len             5.000000e+02
mean_episode_len            4.009250e+02
min_episode_len             0.000000e+00
mean_timeouts               0.000000e+00
val_max_episode_rewards     0.000000e+00
val_mean_episode_rewards    0.000000e+00
val_min_episode_rewards     0.000000e+00
val_max_episode_len         5.000000e+02
val_mean_episode_len        5.000000e+02
val_min_episode_len         0.000000e+00
val_mean_timeouts           0.000000e+00
Name: 132, dtype: float64
timesteps                   8.781824e+06
wall_time                   5.958635e+04
num_episodes                2.154800e+04
max_episode_rewards         1.000000e+01
mean_episode_rewards        2.750000e+00
min_episode_rewards         0.000000e+00
max_episode_len             5.000000e+02
mean_episode_len            4.044500e+02
min_episode_len             0.000000e+00
mean_timeouts               5.000000e-02
val_max_episode_rewards     0.000000e+00
val_mean_episode_rewards    0.000000e+00
val_min_episode_rewards     0.000000e+00
val_max_episode_len         5.000000e+02
val_mean_episode_len        5.000000e+02
val_min_episode_len         0.000000e+00
val_mean_timeouts           0.000000e+00
Name: 133, dtype: float64
timesteps                   8.847360e+06
wall_time                   6.004413e+04
num_episodes                2.172400e+04
max_episode_rewards         1.000000e+01
mean_episode_rewards        3.250000e+00
min_episode_rewards         0.000000e+00
max_episode_len             5.000000e+02
mean_episode_len            3.747750e+02
min_episode_len             0.000000e+00
mean_timeouts               0.000000e+00
val_max_episode_rewards     1.000000e+01
val_mean_episode_rewards    5.000000e-01
val_min_episode_rewards     0.000000e+00
val_max_episode_len         5.000000e+02
val_mean_episode_len        4.903000e+02
val_min_episode_len         0.000000e+00
val_mean_timeouts           0.000000e+00
Name: 134, dtype: float64
timesteps                   8.912896e+06
wall_time                   6.052163e+04
num_episodes                2.187300e+04
max_episode_rewards         1.000000e+01
mean_episode_rewards        2.500000e+00
min_episode_rewards         0.000000e+00
max_episode_len             5.000000e+02
mean_episode_len            4.178000e+02
min_episode_len             0.000000e+00
mean_timeouts               0.000000e+00
val_max_episode_rewards     0.000000e+00
val_mean_episode_rewards    0.000000e+00
val_min_episode_rewards     0.000000e+00
val_max_episode_len         5.000000e+02
val_mean_episode_len        5.000000e+02
val_min_episode_len         0.000000e+00
val_mean_timeouts           0.000000e+00
Name: 135, dtype: float64
timesteps                   8.978432e+06
wall_time                   6.098185e+04
num_episodes                2.205500e+04
max_episode_rewards         1.000000e+01
mean_episode_rewards        1.500000e+00
min_episode_rewards         0.000000e+00
max_episode_len             5.000000e+02
mean_episode_len            4.470750e+02
min_episode_len             0.000000e+00
mean_timeouts               0.000000e+00
val_max_episode_rewards     1.000000e+01
val_mean_episode_rewards    2.500000e-01
val_min_episode_rewards     0.000000e+00
val_max_episode_len         5.000000e+02
val_mean_episode_len        4.992000e+02
val_min_episode_len         0.000000e+00
val_mean_timeouts           0.000000e+00
Name: 136, dtype: float64
timesteps                   9.043968e+06
wall_time                   6.142772e+04
num_episodes                2.219700e+04
max_episode_rewards         1.000000e+01
mean_episode_rewards        2.500000e+00
min_episode_rewards         0.000000e+00
max_episode_len             5.000000e+02
mean_episode_len            3.986250e+02
min_episode_len             0.000000e+00
mean_timeouts               0.000000e+00
val_max_episode_rewards     0.000000e+00
val_mean_episode_rewards    0.000000e+00
val_min_episode_rewards     0.000000e+00
val_max_episode_len         5.000000e+02
val_mean_episode_len        5.000000e+02
val_min_episode_len         0.000000e+00
val_mean_timeouts           0.000000e+00
Name: 137, dtype: float64
timesteps                   9.109504e+06
wall_time                   6.186842e+04
num_episodes                2.240400e+04
max_episode_rewards         1.000000e+01
mean_episode_rewards        4.750000e+00
min_episode_rewards         0.000000e+00
max_episode_len             5.000000e+02
mean_episode_len            3.165500e+02
min_episode_len             0.000000e+00
mean_timeouts               0.000000e+00
val_max_episode_rewards     0.000000e+00
val_mean_episode_rewards    0.000000e+00
val_min_episode_rewards     0.000000e+00
val_max_episode_len         5.000000e+02
val_mean_episode_len        5.000000e+02
val_min_episode_len         0.000000e+00
val_mean_timeouts           0.000000e+00
Name: 138, dtype: float64
timesteps                   9.175040e+06
wall_time                   6.232393e+04
num_episodes                2.255800e+04
max_episode_rewards         1.000000e+01
mean_episode_rewards        3.000000e+00
min_episode_rewards         0.000000e+00
max_episode_len             5.000000e+02
mean_episode_len            3.762500e+02
min_episode_len             0.000000e+00
mean_timeouts               0.000000e+00
val_max_episode_rewards     1.000000e+01
val_mean_episode_rewards    5.000000e-01
val_min_episode_rewards     0.000000e+00
val_max_episode_len         5.000000e+02
val_mean_episode_len        4.885000e+02
val_min_episode_len         0.000000e+00
val_mean_timeouts           0.000000e+00
Name: 139, dtype: float64
timesteps                   9.240576e+06
wall_time                   6.276849e+04
num_episodes                2.273600e+04
max_episode_rewards         1.000000e+01
mean_episode_rewards        2.250000e+00
min_episode_rewards         0.000000e+00
max_episode_len             5.000000e+02
mean_episode_len            4.286000e+02
min_episode_len             0.000000e+00
mean_timeouts               0.000000e+00
val_max_episode_rewards     0.000000e+00
val_mean_episode_rewards    0.000000e+00
val_min_episode_rewards     0.000000e+00
val_max_episode_len         5.000000e+02
val_mean_episode_len        5.000000e+02
val_min_episode_len         0.000000e+00
val_mean_timeouts           2.500000e-02
Name: 140, dtype: float64
timesteps                   9.306112e+06
wall_time                   6.320870e+04
num_episodes                2.289100e+04
max_episode_rewards         1.000000e+01
mean_episode_rewards        3.500000e+00
min_episode_rewards         0.000000e+00
max_episode_len             5.000000e+02
mean_episode_len            3.666250e+02
min_episode_len             0.000000e+00
mean_timeouts               0.000000e+00
val_max_episode_rewards     0.000000e+00
val_mean_episode_rewards    0.000000e+00
val_min_episode_rewards     0.000000e+00
val_max_episode_len         5.000000e+02
val_mean_episode_len        5.000000e+02
val_min_episode_len         0.000000e+00
val_mean_timeouts           0.000000e+00
Name: 141, dtype: float64
timesteps                   9.371648e+06
wall_time                   6.365467e+04
num_episodes                2.307500e+04
max_episode_rewards         1.000000e+01
mean_episode_rewards        3.500000e+00
min_episode_rewards         0.000000e+00
max_episode_len             5.000000e+02
mean_episode_len            3.432750e+02
min_episode_len             0.000000e+00
mean_timeouts               0.000000e+00
val_max_episode_rewards     0.000000e+00
val_mean_episode_rewards    0.000000e+00
val_min_episode_rewards     0.000000e+00
val_max_episode_len         5.000000e+02
val_mean_episode_len        5.000000e+02
val_min_episode_len         0.000000e+00
val_mean_timeouts           0.000000e+00
Name: 142, dtype: float64
timesteps                   9.437184e+06
wall_time                   6.411678e+04
num_episodes                2.323700e+04
max_episode_rewards         1.000000e+01
mean_episode_rewards        2.250000e+00
min_episode_rewards         0.000000e+00
max_episode_len             5.000000e+02
mean_episode_len            4.052250e+02
min_episode_len             0.000000e+00
mean_timeouts               0.000000e+00
val_max_episode_rewards     0.000000e+00
val_mean_episode_rewards    0.000000e+00
val_min_episode_rewards     0.000000e+00
val_max_episode_len         5.000000e+02
val_mean_episode_len        5.000000e+02
val_min_episode_len         0.000000e+00
val_mean_timeouts           0.000000e+00
Name: 143, dtype: float64
timesteps                   9.502720e+06
wall_time                   6.457189e+04
num_episodes                2.341600e+04
max_episode_rewards         1.000000e+01
mean_episode_rewards        3.250000e+00
min_episode_rewards         0.000000e+00
max_episode_len             5.000000e+02
mean_episode_len            3.931250e+02
min_episode_len             0.000000e+00
mean_timeouts               2.500000e-02
val_max_episode_rewards     0.000000e+00
val_mean_episode_rewards    0.000000e+00
val_min_episode_rewards     0.000000e+00
val_max_episode_len         5.000000e+02
val_mean_episode_len        5.000000e+02
val_min_episode_len         0.000000e+00
val_mean_timeouts           0.000000e+00
Name: 144, dtype: float64
timesteps                   9.568256e+06
wall_time                   6.503547e+04
num_episodes                2.357200e+04
max_episode_rewards         1.000000e+01
mean_episode_rewards        2.250000e+00
min_episode_rewards         0.000000e+00
max_episode_len             5.000000e+02
mean_episode_len            4.129500e+02
min_episode_len             0.000000e+00
mean_timeouts               0.000000e+00
val_max_episode_rewards     1.000000e+01
val_mean_episode_rewards    7.500000e-01
val_min_episode_rewards     0.000000e+00
val_max_episode_len         5.000000e+02
val_mean_episode_len        4.769500e+02
val_min_episode_len         0.000000e+00
val_mean_timeouts           0.000000e+00
Name: 145, dtype: float64
timesteps                   9.633792e+06
wall_time                   6.548526e+04
num_episodes                2.375800e+04
max_episode_rewards         1.000000e+01
mean_episode_rewards        5.250000e+00
min_episode_rewards         0.000000e+00
max_episode_len             5.000000e+02
mean_episode_len            3.187250e+02
min_episode_len             0.000000e+00
mean_timeouts               0.000000e+00
val_max_episode_rewards     0.000000e+00
val_mean_episode_rewards    0.000000e+00
val_min_episode_rewards     0.000000e+00
val_max_episode_len         5.000000e+02
val_mean_episode_len        5.000000e+02
val_min_episode_len         0.000000e+00
val_mean_timeouts           0.000000e+00
Name: 146, dtype: float64
timesteps                   9.699328e+06
wall_time                   6.592803e+04
num_episodes                2.392200e+04
max_episode_rewards         1.000000e+01
mean_episode_rewards        2.750000e+00
min_episode_rewards         0.000000e+00
max_episode_len             5.000000e+02
mean_episode_len            3.977750e+02
min_episode_len             0.000000e+00
mean_timeouts               2.500000e-02
val_max_episode_rewards     0.000000e+00
val_mean_episode_rewards    0.000000e+00
val_min_episode_rewards     0.000000e+00
val_max_episode_len         5.000000e+02
val_mean_episode_len        5.000000e+02
val_min_episode_len         0.000000e+00
val_mean_timeouts           0.000000e+00
Name: 147, dtype: float64
timesteps                   9.764864e+06
wall_time                   6.638902e+04
num_episodes                2.411400e+04
max_episode_rewards         1.000000e+01
mean_episode_rewards        3.500000e+00
min_episode_rewards         0.000000e+00
max_episode_len             5.000000e+02
mean_episode_len            3.607250e+02
min_episode_len             0.000000e+00
mean_timeouts               0.000000e+00
val_max_episode_rewards     0.000000e+00
val_mean_episode_rewards    0.000000e+00
val_min_episode_rewards     0.000000e+00
val_max_episode_len         5.000000e+02
val_mean_episode_len        5.000000e+02
val_min_episode_len         0.000000e+00
val_mean_timeouts           0.000000e+00
Name: 148, dtype: float64
timesteps                   9.830400e+06
wall_time                   6.684402e+04
num_episodes                2.426500e+04
max_episode_rewards         1.000000e+01
mean_episode_rewards        2.750000e+00
min_episode_rewards         0.000000e+00
max_episode_len             5.000000e+02
mean_episode_len            3.810250e+02
min_episode_len             0.000000e+00
mean_timeouts               0.000000e+00
val_max_episode_rewards     0.000000e+00
val_mean_episode_rewards    0.000000e+00
val_min_episode_rewards     0.000000e+00
val_max_episode_len         5.000000e+02
val_mean_episode_len        5.000000e+02
val_min_episode_len         0.000000e+00
val_mean_timeouts           0.000000e+00
Name: 149, dtype: float64
timesteps                   9.895936e+06
wall_time                   6.730142e+04
num_episodes                2.443600e+04
max_episode_rewards         1.000000e+01
mean_episode_rewards        3.000000e+00
min_episode_rewards         0.000000e+00
max_episode_len             5.000000e+02
mean_episode_len            3.796750e+02
min_episode_len             0.000000e+00
mean_timeouts               0.000000e+00
val_max_episode_rewards     1.000000e+01
val_mean_episode_rewards    2.500000e-01
val_min_episode_rewards     0.000000e+00
val_max_episode_len         5.000000e+02
val_mean_episode_len        4.975500e+02
val_min_episode_len         0.000000e+00
val_mean_timeouts           0.000000e+00
Name: 150, dtype: float64
timesteps                   9.961472e+06
wall_time                   6.775422e+04
num_episodes                2.460400e+04
max_episode_rewards         1.000000e+01
mean_episode_rewards        3.000000e+00
min_episode_rewards         0.000000e+00
max_episode_len             5.000000e+02
mean_episode_len            3.825250e+02
min_episode_len             0.000000e+00
mean_timeouts               0.000000e+00
val_max_episode_rewards     0.000000e+00
val_mean_episode_rewards    0.000000e+00
val_min_episode_rewards     0.000000e+00
val_max_episode_len         5.000000e+02
val_mean_episode_len        5.000000e+02
val_min_episode_len         0.000000e+00
val_mean_timeouts           0.000000e+00
Name: 151, dtype: float64
timesteps                   1.002701e+07
wall_time                   6.821491e+04
num_episodes                2.477900e+04
max_episode_rewards         1.000000e+01
mean_episode_rewards        2.750000e+00
min_episode_rewards         0.000000e+00
max_episode_len             5.000000e+02
mean_episode_len            3.926500e+02
min_episode_len             0.000000e+00
mean_timeouts               0.000000e+00
val_max_episode_rewards     1.000000e+01
val_mean_episode_rewards    2.500000e-01
val_min_episode_rewards     0.000000e+00
val_max_episode_len         5.000000e+02
val_mean_episode_len        4.979500e+02
val_min_episode_len         0.000000e+00
val_mean_timeouts           0.000000e+00
Name: 152, dtype: float64
Saving model at timestep 10027009
timesteps                   1.009254e+07
wall_time                   6.866366e+04
num_episodes                2.495400e+04
max_episode_rewards         1.000000e+01
mean_episode_rewards        3.750000e+00
min_episode_rewards         0.000000e+00
max_episode_len             5.000000e+02
mean_episode_len            3.378750e+02
min_episode_len             0.000000e+00
mean_timeouts               0.000000e+00
val_max_episode_rewards     0.000000e+00
val_mean_episode_rewards    0.000000e+00
val_min_episode_rewards     0.000000e+00
val_max_episode_len         5.000000e+02
val_mean_episode_len        5.000000e+02
val_min_episode_len         0.000000e+00
val_mean_timeouts           0.000000e+00
Name: 153, dtype: float64
timesteps                   1.015808e+07
wall_time                   6.911344e+04
num_episodes                2.512200e+04
max_episode_rewards         1.000000e+01
mean_episode_rewards        7.500000e-01
min_episode_rewards         0.000000e+00
max_episode_len             5.000000e+02
mean_episode_len            4.709250e+02
min_episode_len             0.000000e+00
mean_timeouts               0.000000e+00
val_max_episode_rewards     1.000000e+01
val_mean_episode_rewards    2.500000e-01
val_min_episode_rewards     0.000000e+00
val_max_episode_len         5.000000e+02
val_mean_episode_len        4.903500e+02
val_min_episode_len         0.000000e+00
val_mean_timeouts           0.000000e+00
Name: 154, dtype: float64
timesteps                   1.022362e+07
wall_time                   6.955836e+04
num_episodes                2.527400e+04
max_episode_rewards         1.000000e+01
mean_episode_rewards        1.500000e+00
min_episode_rewards         0.000000e+00
max_episode_len             5.000000e+02
mean_episode_len            4.309000e+02
min_episode_len             0.000000e+00
mean_timeouts               0.000000e+00
val_max_episode_rewards     1.000000e+01
val_mean_episode_rewards    5.000000e-01
val_min_episode_rewards     0.000000e+00
val_max_episode_len         5.000000e+02
val_mean_episode_len        4.849500e+02
val_min_episode_len         0.000000e+00
val_mean_timeouts           0.000000e+00
Name: 155, dtype: float64
timesteps                   1.028915e+07
wall_time                   7.001379e+04
num_episodes                2.544800e+04
max_episode_rewards         1.000000e+01
mean_episode_rewards        3.250000e+00
min_episode_rewards         0.000000e+00
max_episode_len             5.000000e+02
mean_episode_len            3.661000e+02
min_episode_len             0.000000e+00
mean_timeouts               0.000000e+00
val_max_episode_rewards     0.000000e+00
val_mean_episode_rewards    0.000000e+00
val_min_episode_rewards     0.000000e+00
val_max_episode_len         5.000000e+02
val_mean_episode_len        5.000000e+02
val_min_episode_len         0.000000e+00
val_mean_timeouts           0.000000e+00
Name: 156, dtype: float64
timesteps                   1.035469e+07
wall_time                   7.047328e+04
num_episodes                2.561900e+04
max_episode_rewards         1.000000e+01
mean_episode_rewards        5.000000e+00
min_episode_rewards         0.000000e+00
max_episode_len             5.000000e+02
mean_episode_len            3.399500e+02
min_episode_len             0.000000e+00
mean_timeouts               0.000000e+00
val_max_episode_rewards     0.000000e+00
val_mean_episode_rewards    0.000000e+00
val_min_episode_rewards     0.000000e+00
val_max_episode_len         5.000000e+02
val_mean_episode_len        5.000000e+02
val_min_episode_len         0.000000e+00
val_mean_timeouts           0.000000e+00
Name: 157, dtype: float64
timesteps                   1.042022e+07
wall_time                   7.092220e+04
num_episodes                2.578200e+04
max_episode_rewards         1.000000e+01
mean_episode_rewards        2.000000e+00
min_episode_rewards         0.000000e+00
max_episode_len             5.000000e+02
mean_episode_len            4.185000e+02
min_episode_len             0.000000e+00
mean_timeouts               0.000000e+00
val_max_episode_rewards     1.000000e+01
val_mean_episode_rewards    2.500000e-01
val_min_episode_rewards     0.000000e+00
val_max_episode_len         5.000000e+02
val_mean_episode_len        4.911500e+02
val_min_episode_len         0.000000e+00
val_mean_timeouts           0.000000e+00
Name: 158, dtype: float64
timesteps                   1.048576e+07
wall_time                   7.138681e+04
num_episodes                2.594500e+04
max_episode_rewards         1.000000e+01
mean_episode_rewards        3.000000e+00
min_episode_rewards         0.000000e+00
max_episode_len             5.000000e+02
mean_episode_len            3.802250e+02
min_episode_len             0.000000e+00
mean_timeouts               0.000000e+00
val_max_episode_rewards     1.000000e+01
val_mean_episode_rewards    1.000000e+00
val_min_episode_rewards     0.000000e+00
val_max_episode_len         5.000000e+02
val_mean_episode_len        4.765500e+02
val_min_episode_len         0.000000e+00
val_mean_timeouts           2.500000e-02
Name: 159, dtype: float64
timesteps                   1.055130e+07
wall_time                   7.185183e+04
num_episodes                2.613300e+04
max_episode_rewards         1.000000e+01
mean_episode_rewards        3.750000e+00
min_episode_rewards         0.000000e+00
max_episode_len             5.000000e+02
mean_episode_len            3.504000e+02
min_episode_len             0.000000e+00
mean_timeouts               0.000000e+00
val_max_episode_rewards     0.000000e+00
val_mean_episode_rewards    0.000000e+00
val_min_episode_rewards     0.000000e+00
val_max_episode_len         5.000000e+02
val_mean_episode_len        5.000000e+02
val_min_episode_len         0.000000e+00
val_mean_timeouts           0.000000e+00
Name: 160, dtype: float64
timesteps                   1.061683e+07
wall_time                   7.231257e+04
num_episodes                2.630500e+04
max_episode_rewards         1.000000e+01
mean_episode_rewards        4.000000e+00
min_episode_rewards         0.000000e+00
max_episode_len             5.000000e+02
mean_episode_len            3.312250e+02
min_episode_len             0.000000e+00
mean_timeouts               0.000000e+00
val_max_episode_rewards     0.000000e+00
val_mean_episode_rewards    0.000000e+00
val_min_episode_rewards     0.000000e+00
val_max_episode_len         5.000000e+02
val_mean_episode_len        5.000000e+02
val_min_episode_len         0.000000e+00
val_mean_timeouts           0.000000e+00
Name: 161, dtype: float64
timesteps                   1.068237e+07
wall_time                   7.277586e+04
num_episodes                2.648400e+04
max_episode_rewards         1.000000e+01
mean_episode_rewards        3.000000e+00
min_episode_rewards         0.000000e+00
max_episode_len             5.000000e+02
mean_episode_len            3.725500e+02
min_episode_len             0.000000e+00
mean_timeouts               0.000000e+00
val_max_episode_rewards     0.000000e+00
val_mean_episode_rewards    0.000000e+00
val_min_episode_rewards     0.000000e+00
val_max_episode_len         5.000000e+02
val_mean_episode_len        5.000000e+02
val_min_episode_len         0.000000e+00
val_mean_timeouts           0.000000e+00
Name: 162, dtype: float64
timesteps                   1.074790e+07
wall_time                   7.323992e+04
num_episodes                2.664000e+04
max_episode_rewards         1.000000e+01
mean_episode_rewards        2.000000e+00
min_episode_rewards         0.000000e+00
max_episode_len             5.000000e+02
mean_episode_len            4.263000e+02
min_episode_len             0.000000e+00
mean_timeouts               0.000000e+00
val_max_episode_rewards     0.000000e+00
val_mean_episode_rewards    0.000000e+00
val_min_episode_rewards     0.000000e+00
val_max_episode_len         5.000000e+02
val_mean_episode_len        5.000000e+02
val_min_episode_len         0.000000e+00
val_mean_timeouts           0.000000e+00
Name: 163, dtype: float64
timesteps                   1.081344e+07
wall_time                   7.370428e+04
num_episodes                2.682000e+04
max_episode_rewards         1.000000e+01
mean_episode_rewards        3.500000e+00
min_episode_rewards         0.000000e+00
max_episode_len             5.000000e+02
mean_episode_len            3.588750e+02
min_episode_len             0.000000e+00
mean_timeouts               0.000000e+00
val_max_episode_rewards     0.000000e+00
val_mean_episode_rewards    0.000000e+00
val_min_episode_rewards     0.000000e+00
val_max_episode_len         5.000000e+02
val_mean_episode_len        5.000000e+02
val_min_episode_len         0.000000e+00
val_mean_timeouts           0.000000e+00
Name: 164, dtype: float64
timesteps                   1.087898e+07
wall_time                   7.416748e+04
num_episodes                2.697800e+04
max_episode_rewards         1.000000e+01
mean_episode_rewards        3.250000e+00
min_episode_rewards         0.000000e+00
max_episode_len             5.000000e+02
mean_episode_len            3.780250e+02
min_episode_len             0.000000e+00
mean_timeouts               2.500000e-02
val_max_episode_rewards     0.000000e+00
val_mean_episode_rewards    0.000000e+00
val_min_episode_rewards     0.000000e+00
val_max_episode_len         5.000000e+02
val_mean_episode_len        5.000000e+02
val_min_episode_len         0.000000e+00
val_mean_timeouts           0.000000e+00
Name: 165, dtype: float64
timesteps                   1.094451e+07
wall_time                   7.464302e+04
num_episodes                2.716500e+04
max_episode_rewards         1.000000e+01
mean_episode_rewards        3.000000e+00
min_episode_rewards         0.000000e+00
max_episode_len             5.000000e+02
mean_episode_len            3.860500e+02
min_episode_len             0.000000e+00
mean_timeouts               2.500000e-02
val_max_episode_rewards     0.000000e+00
val_mean_episode_rewards    0.000000e+00
val_min_episode_rewards     0.000000e+00
val_max_episode_len         5.000000e+02
val_mean_episode_len        5.000000e+02
val_min_episode_len         0.000000e+00
val_mean_timeouts           0.000000e+00
Name: 166, dtype: float64
timesteps                   1.101005e+07
wall_time                   7.511778e+04
num_episodes                2.731800e+04
max_episode_rewards         1.000000e+01
mean_episode_rewards        4.250000e+00
min_episode_rewards         0.000000e+00
max_episode_len             5.000000e+02
mean_episode_len            3.632000e+02
min_episode_len             0.000000e+00
mean_timeouts               2.500000e-02
val_max_episode_rewards     0.000000e+00
val_mean_episode_rewards    0.000000e+00
val_min_episode_rewards     0.000000e+00
val_max_episode_len         5.000000e+02
val_mean_episode_len        5.000000e+02
val_min_episode_len         0.000000e+00
val_mean_timeouts           0.000000e+00
Name: 167, dtype: float64
timesteps                   1.107558e+07
wall_time                   7.557498e+04
num_episodes                2.748600e+04
max_episode_rewards         1.000000e+01
mean_episode_rewards        2.500000e+00
min_episode_rewards         0.000000e+00
max_episode_len             5.000000e+02
mean_episode_len            3.874000e+02
min_episode_len             0.000000e+00
mean_timeouts               0.000000e+00
val_max_episode_rewards     0.000000e+00
val_mean_episode_rewards    0.000000e+00
val_min_episode_rewards     0.000000e+00
val_max_episode_len         5.000000e+02
val_mean_episode_len        5.000000e+02
val_min_episode_len         0.000000e+00
val_mean_timeouts           0.000000e+00
Name: 168, dtype: float64
timesteps                   1.114112e+07
wall_time                   7.602467e+04
num_episodes                2.765100e+04
max_episode_rewards         1.000000e+01
mean_episode_rewards        2.500000e+00
min_episode_rewards         0.000000e+00
max_episode_len             5.000000e+02
mean_episode_len            3.935000e+02
min_episode_len             0.000000e+00
mean_timeouts               2.500000e-02
val_max_episode_rewards     1.000000e+01
val_mean_episode_rewards    2.500000e-01
val_min_episode_rewards     0.000000e+00
val_max_episode_len         5.000000e+02
val_mean_episode_len        4.935000e+02
val_min_episode_len         0.000000e+00
val_mean_timeouts           0.000000e+00
Name: 169, dtype: float64
timesteps                   1.120666e+07
wall_time                   7.647642e+04
num_episodes                2.781000e+04
max_episode_rewards         1.000000e+01
mean_episode_rewards        2.250000e+00
min_episode_rewards         0.000000e+00
max_episode_len             5.000000e+02
mean_episode_len            4.142500e+02
min_episode_len             0.000000e+00
mean_timeouts               0.000000e+00
val_max_episode_rewards     0.000000e+00
val_mean_episode_rewards    0.000000e+00
val_min_episode_rewards     0.000000e+00
val_max_episode_len         5.000000e+02
val_mean_episode_len        5.000000e+02
val_min_episode_len         0.000000e+00
val_mean_timeouts           0.000000e+00
Name: 170, dtype: float64
timesteps                   1.127219e+07
wall_time                   7.693929e+04
num_episodes                2.798300e+04
max_episode_rewards         1.000000e+01
mean_episode_rewards        3.750000e+00
min_episode_rewards         0.000000e+00
max_episode_len             5.000000e+02
mean_episode_len            3.614000e+02
min_episode_len             0.000000e+00
mean_timeouts               0.000000e+00
val_max_episode_rewards     0.000000e+00
val_mean_episode_rewards    0.000000e+00
val_min_episode_rewards     0.000000e+00
val_max_episode_len         5.000000e+02
val_mean_episode_len        5.000000e+02
val_min_episode_len         0.000000e+00
val_mean_timeouts           0.000000e+00
Name: 171, dtype: float64
timesteps                   1.133773e+07
wall_time                   7.739940e+04
num_episodes                2.814200e+04
max_episode_rewards         1.000000e+01
mean_episode_rewards        2.750000e+00
min_episode_rewards         0.000000e+00
max_episode_len             5.000000e+02
mean_episode_len            3.914250e+02
min_episode_len             0.000000e+00
mean_timeouts               0.000000e+00
val_max_episode_rewards     0.000000e+00
val_mean_episode_rewards    0.000000e+00
val_min_episode_rewards     0.000000e+00
val_max_episode_len         5.000000e+02
val_mean_episode_len        5.000000e+02
val_min_episode_len         0.000000e+00
val_mean_timeouts           0.000000e+00
Name: 172, dtype: float64
timesteps                   1.140326e+07
wall_time                   7.784554e+04
num_episodes                2.833600e+04
max_episode_rewards         1.000000e+01
mean_episode_rewards        4.000000e+00
min_episode_rewards         0.000000e+00
max_episode_len             5.000000e+02
mean_episode_len            3.484250e+02
min_episode_len             0.000000e+00
mean_timeouts               0.000000e+00
val_max_episode_rewards     0.000000e+00
val_mean_episode_rewards    0.000000e+00
val_min_episode_rewards     0.000000e+00
val_max_episode_len         5.000000e+02
val_mean_episode_len        5.000000e+02
val_min_episode_len         0.000000e+00
val_mean_timeouts           0.000000e+00
Name: 173, dtype: float64
timesteps                   1.146880e+07
wall_time                   7.829207e+04
num_episodes                2.848600e+04
max_episode_rewards         1.000000e+01
mean_episode_rewards        2.750000e+00
min_episode_rewards         0.000000e+00
max_episode_len             5.000000e+02
mean_episode_len            3.911750e+02
min_episode_len             0.000000e+00
mean_timeouts               2.500000e-02
val_max_episode_rewards     0.000000e+00
val_mean_episode_rewards    0.000000e+00
val_min_episode_rewards     0.000000e+00
val_max_episode_len         5.000000e+02
val_mean_episode_len        5.000000e+02
val_min_episode_len         0.000000e+00
val_mean_timeouts           2.500000e-02
Name: 174, dtype: float64
timesteps                   1.153434e+07
wall_time                   7.874400e+04
num_episodes                2.867300e+04
max_episode_rewards         1.000000e+01
mean_episode_rewards        1.750000e+00
min_episode_rewards         0.000000e+00
max_episode_len             5.000000e+02
mean_episode_len            4.309750e+02
min_episode_len             0.000000e+00
mean_timeouts               0.000000e+00
val_max_episode_rewards     0.000000e+00
val_mean_episode_rewards    0.000000e+00
val_min_episode_rewards     0.000000e+00
val_max_episode_len         5.000000e+02
val_mean_episode_len        5.000000e+02
val_min_episode_len         0.000000e+00
val_mean_timeouts           0.000000e+00
Name: 175, dtype: float64
timesteps                   1.159987e+07
wall_time                   7.919604e+04
num_episodes                2.883000e+04
max_episode_rewards         1.000000e+01
mean_episode_rewards        3.000000e+00
min_episode_rewards         0.000000e+00
max_episode_len             5.000000e+02
mean_episode_len            3.783500e+02
min_episode_len             0.000000e+00
mean_timeouts               2.500000e-02
val_max_episode_rewards     1.000000e+01
val_mean_episode_rewards    5.000000e-01
val_min_episode_rewards     0.000000e+00
val_max_episode_len         5.000000e+02
val_mean_episode_len        4.951500e+02
val_min_episode_len         0.000000e+00
val_mean_timeouts           0.000000e+00
Name: 176, dtype: float64
timesteps                   1.166541e+07
wall_time                   7.965894e+04
num_episodes                2.900500e+04
max_episode_rewards         1.000000e+01
mean_episode_rewards        2.750000e+00
min_episode_rewards         0.000000e+00
max_episode_len             5.000000e+02
mean_episode_len            4.033500e+02
min_episode_len             0.000000e+00
mean_timeouts               0.000000e+00
val_max_episode_rewards     1.000000e+01
val_mean_episode_rewards    2.500000e-01
val_min_episode_rewards     0.000000e+00
val_max_episode_len         5.000000e+02
val_mean_episode_len        4.954500e+02
val_min_episode_len         0.000000e+00
val_mean_timeouts           0.000000e+00
Name: 177, dtype: float64
timesteps                   1.173094e+07
wall_time                   8.011883e+04
num_episodes                2.916600e+04
max_episode_rewards         1.000000e+01
mean_episode_rewards        2.750000e+00
min_episode_rewards         0.000000e+00
max_episode_len             5.000000e+02
mean_episode_len            3.816000e+02
min_episode_len             0.000000e+00
mean_timeouts               0.000000e+00
val_max_episode_rewards     1.000000e+01
val_mean_episode_rewards    2.500000e-01
val_min_episode_rewards     0.000000e+00
val_max_episode_len         5.000000e+02
val_mean_episode_len        4.968000e+02
val_min_episode_len         0.000000e+00
val_mean_timeouts           0.000000e+00
Name: 178, dtype: float64
timesteps                   1.179648e+07
wall_time                   8.057011e+04
num_episodes                2.935000e+04
max_episode_rewards         1.000000e+01
mean_episode_rewards        2.500000e+00
min_episode_rewards         0.000000e+00
max_episode_len             5.000000e+02
mean_episode_len            4.096500e+02
min_episode_len             0.000000e+00
mean_timeouts               0.000000e+00
val_max_episode_rewards     0.000000e+00
val_mean_episode_rewards    0.000000e+00
val_min_episode_rewards     0.000000e+00
val_max_episode_len         5.000000e+02
val_mean_episode_len        5.000000e+02
val_min_episode_len         0.000000e+00
val_mean_timeouts           0.000000e+00
Name: 179, dtype: float64
timesteps                   1.186202e+07
wall_time                   8.102416e+04
num_episodes                2.949900e+04
max_episode_rewards         1.000000e+01
mean_episode_rewards        3.250000e+00
min_episode_rewards         0.000000e+00
max_episode_len             5.000000e+02
mean_episode_len            3.860000e+02
min_episode_len             0.000000e+00
mean_timeouts               0.000000e+00
val_max_episode_rewards     1.000000e+01
val_mean_episode_rewards    2.500000e-01
val_min_episode_rewards     0.000000e+00
val_max_episode_len         5.000000e+02
val_mean_episode_len        4.913000e+02
val_min_episode_len         0.000000e+00
val_mean_timeouts           2.500000e-02
Name: 180, dtype: float64
timesteps                   1.192755e+07
wall_time                   8.149146e+04
num_episodes                2.968100e+04
max_episode_rewards         1.000000e+01
mean_episode_rewards        2.250000e+00
min_episode_rewards         0.000000e+00
max_episode_len             5.000000e+02
mean_episode_len            4.032750e+02
min_episode_len             0.000000e+00
mean_timeouts               0.000000e+00
val_max_episode_rewards     0.000000e+00
val_mean_episode_rewards    0.000000e+00
val_min_episode_rewards     0.000000e+00
val_max_episode_len         5.000000e+02
val_mean_episode_len        5.000000e+02
val_min_episode_len         0.000000e+00
val_mean_timeouts           0.000000e+00
Name: 181, dtype: float64
timesteps                   1.199309e+07
wall_time                   8.195670e+04
num_episodes                2.984800e+04
max_episode_rewards         1.000000e+01
mean_episode_rewards        3.750000e+00
min_episode_rewards         0.000000e+00
max_episode_len             5.000000e+02
mean_episode_len            3.309000e+02
min_episode_len             0.000000e+00
mean_timeouts               0.000000e+00
val_max_episode_rewards     0.000000e+00
val_mean_episode_rewards    0.000000e+00
val_min_episode_rewards     0.000000e+00
val_max_episode_len         5.000000e+02
val_mean_episode_len        5.000000e+02
val_min_episode_len         0.000000e+00
val_mean_timeouts           0.000000e+00
Name: 182, dtype: float64
timesteps                   1.205862e+07
wall_time                   8.241253e+04
num_episodes                3.002500e+04
max_episode_rewards         1.000000e+01
mean_episode_rewards        3.750000e+00
min_episode_rewards         0.000000e+00
max_episode_len             5.000000e+02
mean_episode_len            3.413750e+02
min_episode_len             0.000000e+00
mean_timeouts               0.000000e+00
val_max_episode_rewards     0.000000e+00
val_mean_episode_rewards    0.000000e+00
val_min_episode_rewards     0.000000e+00
val_max_episode_len         5.000000e+02
val_mean_episode_len        5.000000e+02
val_min_episode_len         0.000000e+00
val_mean_timeouts           0.000000e+00
Name: 183, dtype: float64
timesteps                   1.212416e+07
wall_time                   8.287645e+04
num_episodes                3.018800e+04
max_episode_rewards         1.000000e+01
mean_episode_rewards        3.750000e+00
min_episode_rewards         0.000000e+00
max_episode_len             5.000000e+02
mean_episode_len            3.691000e+02
min_episode_len             0.000000e+00
mean_timeouts               2.500000e-02
val_max_episode_rewards     1.000000e+01
val_mean_episode_rewards    2.500000e-01
val_min_episode_rewards     0.000000e+00
val_max_episode_len         5.000000e+02
val_mean_episode_len        4.880000e+02
val_min_episode_len         0.000000e+00
val_mean_timeouts           0.000000e+00
Name: 184, dtype: float64
timesteps                   1.218970e+07
wall_time                   8.333588e+04
num_episodes                3.036800e+04
max_episode_rewards         1.000000e+01
mean_episode_rewards        1.750000e+00
min_episode_rewards         0.000000e+00
max_episode_len             5.000000e+02
mean_episode_len            4.309750e+02
min_episode_len             0.000000e+00
mean_timeouts               0.000000e+00
val_max_episode_rewards     0.000000e+00
val_mean_episode_rewards    0.000000e+00
val_min_episode_rewards     0.000000e+00
val_max_episode_len         5.000000e+02
val_mean_episode_len        5.000000e+02
val_min_episode_len         0.000000e+00
val_mean_timeouts           2.500000e-02
Name: 185, dtype: float64
timesteps                   1.225523e+07
wall_time                   8.379335e+04
num_episodes                3.052400e+04
max_episode_rewards         1.000000e+01
mean_episode_rewards        3.250000e+00
min_episode_rewards         0.000000e+00
max_episode_len             5.000000e+02
mean_episode_len            3.748500e+02
min_episode_len             0.000000e+00
mean_timeouts               0.000000e+00
val_max_episode_rewards     0.000000e+00
val_mean_episode_rewards    0.000000e+00
val_min_episode_rewards     0.000000e+00
val_max_episode_len         5.000000e+02
val_mean_episode_len        5.000000e+02
val_min_episode_len         0.000000e+00
val_mean_timeouts           0.000000e+00
Name: 186, dtype: float64
timesteps                   1.232077e+07
wall_time                   8.426312e+04
num_episodes                3.070200e+04
max_episode_rewards         1.000000e+01
mean_episode_rewards        4.250000e+00
min_episode_rewards         0.000000e+00
max_episode_len             5.000000e+02
mean_episode_len            3.370250e+02
min_episode_len             0.000000e+00
mean_timeouts               0.000000e+00
val_max_episode_rewards     0.000000e+00
val_mean_episode_rewards    0.000000e+00
val_min_episode_rewards     0.000000e+00
val_max_episode_len         5.000000e+02
val_mean_episode_len        5.000000e+02
val_min_episode_len         0.000000e+00
val_mean_timeouts           0.000000e+00
Name: 187, dtype: float64
timesteps                   1.238630e+07
wall_time                   8.473244e+04
num_episodes                3.086700e+04
max_episode_rewards         1.000000e+01
mean_episode_rewards        3.250000e+00
min_episode_rewards         0.000000e+00
max_episode_len             5.000000e+02
mean_episode_len            3.737250e+02
min_episode_len             0.000000e+00
mean_timeouts               2.500000e-02
val_max_episode_rewards     1.000000e+01
val_mean_episode_rewards    2.500000e-01
val_min_episode_rewards     0.000000e+00
val_max_episode_len         5.000000e+02
val_mean_episode_len        4.907500e+02
val_min_episode_len         0.000000e+00
val_mean_timeouts           0.000000e+00
Name: 188, dtype: float64
timesteps                   1.245184e+07
wall_time                   8.520008e+04
num_episodes                3.103200e+04
max_episode_rewards         1.000000e+01
mean_episode_rewards        2.500000e+00
min_episode_rewards         0.000000e+00
max_episode_len             5.000000e+02
mean_episode_len            3.971250e+02
min_episode_len             0.000000e+00
mean_timeouts               2.500000e-02
val_max_episode_rewards     0.000000e+00
val_mean_episode_rewards    0.000000e+00
val_min_episode_rewards     0.000000e+00
val_max_episode_len         5.000000e+02
val_mean_episode_len        5.000000e+02
val_min_episode_len         0.000000e+00
val_mean_timeouts           0.000000e+00
Name: 189, dtype: float64
timesteps                   1.251738e+07
wall_time                   8.566614e+04
num_episodes                3.120000e+04
max_episode_rewards         1.000000e+01
mean_episode_rewards        3.000000e+00
min_episode_rewards         0.000000e+00
max_episode_len             5.000000e+02
mean_episode_len            3.853500e+02
min_episode_len             0.000000e+00
mean_timeouts               2.500000e-02
val_max_episode_rewards     0.000000e+00
val_mean_episode_rewards    0.000000e+00
val_min_episode_rewards     0.000000e+00
val_max_episode_len         5.000000e+02
val_mean_episode_len        5.000000e+02
val_min_episode_len         0.000000e+00
val_mean_timeouts           2.500000e-02
Name: 190, dtype: float64
Saving model at timestep 12517377
timesteps                   1.258291e+07
wall_time                   8.613234e+04
num_episodes                3.138100e+04
max_episode_rewards         1.000000e+01
mean_episode_rewards        3.250000e+00
min_episode_rewards         0.000000e+00
max_episode_len             5.000000e+02
mean_episode_len            3.655500e+02
min_episode_len             0.000000e+00
mean_timeouts               0.000000e+00
val_max_episode_rewards     1.000000e+01
val_mean_episode_rewards    5.000000e-01
val_min_episode_rewards     0.000000e+00
val_max_episode_len         5.000000e+02
val_mean_episode_len        4.907000e+02
val_min_episode_len         0.000000e+00
val_mean_timeouts           0.000000e+00
Name: 191, dtype: float64
timesteps                   1.264845e+07
wall_time                   8.660010e+04
num_episodes                3.156500e+04
max_episode_rewards         1.000000e+01
mean_episode_rewards        2.000000e+00
min_episode_rewards         0.000000e+00
max_episode_len             5.000000e+02
mean_episode_len            4.347000e+02
min_episode_len             0.000000e+00
mean_timeouts               2.500000e-02
val_max_episode_rewards     0.000000e+00
val_mean_episode_rewards    0.000000e+00
val_min_episode_rewards     0.000000e+00
val_max_episode_len         5.000000e+02
val_mean_episode_len        5.000000e+02
val_min_episode_len         0.000000e+00
val_mean_timeouts           5.000000e-02
Name: 192, dtype: float64
timesteps                   1.271398e+07
wall_time                   8.706592e+04
num_episodes                3.174800e+04
max_episode_rewards         1.000000e+01
mean_episode_rewards        4.750000e+00
min_episode_rewards         0.000000e+00
max_episode_len             5.000000e+02
mean_episode_len            3.171000e+02
min_episode_len             0.000000e+00
mean_timeouts               0.000000e+00
val_max_episode_rewards     0.000000e+00
val_mean_episode_rewards    0.000000e+00
val_min_episode_rewards     0.000000e+00
val_max_episode_len         5.000000e+02
val_mean_episode_len        5.000000e+02
val_min_episode_len         0.000000e+00
val_mean_timeouts           0.000000e+00
Name: 193, dtype: float64
timesteps                   1.277952e+07
wall_time                   8.753366e+04
num_episodes                3.191500e+04
max_episode_rewards         1.000000e+01
mean_episode_rewards        2.750000e+00
min_episode_rewards         0.000000e+00
max_episode_len             5.000000e+02
mean_episode_len            3.925750e+02
min_episode_len             0.000000e+00
mean_timeouts               2.500000e-02
val_max_episode_rewards     1.000000e+01
val_mean_episode_rewards    2.500000e-01
val_min_episode_rewards     0.000000e+00
val_max_episode_len         5.000000e+02
val_mean_episode_len        4.910500e+02
val_min_episode_len         0.000000e+00
val_mean_timeouts           0.000000e+00
Name: 194, dtype: float64
timesteps                   1.284506e+07
wall_time                   8.800274e+04
num_episodes                3.208100e+04
max_episode_rewards         1.000000e+01
mean_episode_rewards        2.250000e+00
min_episode_rewards         0.000000e+00
max_episode_len             5.000000e+02
mean_episode_len            4.057750e+02
min_episode_len             0.000000e+00
mean_timeouts               0.000000e+00
val_max_episode_rewards     0.000000e+00
val_mean_episode_rewards    0.000000e+00
val_min_episode_rewards     0.000000e+00
val_max_episode_len         5.000000e+02
val_mean_episode_len        5.000000e+02
val_min_episode_len         0.000000e+00
val_mean_timeouts           0.000000e+00
Name: 195, dtype: float64
timesteps                   1.291059e+07
wall_time                   8.847852e+04
num_episodes                3.223300e+04
max_episode_rewards         1.000000e+01
mean_episode_rewards        1.750000e+00
min_episode_rewards         0.000000e+00
max_episode_len             5.000000e+02
mean_episode_len            4.219750e+02
min_episode_len             0.000000e+00
mean_timeouts               0.000000e+00
val_max_episode_rewards     0.000000e+00
val_mean_episode_rewards    0.000000e+00
val_min_episode_rewards     0.000000e+00
val_max_episode_len         5.000000e+02
val_mean_episode_len        5.000000e+02
val_min_episode_len         0.000000e+00
val_mean_timeouts           2.500000e-02
Name: 196, dtype: float64
timesteps                   1.297613e+07
wall_time                   8.892730e+04
num_episodes                3.241300e+04
max_episode_rewards         1.000000e+01
mean_episode_rewards        3.500000e+00
min_episode_rewards         0.000000e+00
max_episode_len             5.000000e+02
mean_episode_len            3.484750e+02
min_episode_len             0.000000e+00
mean_timeouts               0.000000e+00
val_max_episode_rewards     0.000000e+00
val_mean_episode_rewards    0.000000e+00
val_min_episode_rewards     0.000000e+00
val_max_episode_len         5.000000e+02
val_mean_episode_len        5.000000e+02
val_min_episode_len         0.000000e+00
val_mean_timeouts           0.000000e+00
Name: 197, dtype: float64
timesteps                   1.304166e+07
wall_time                   8.939919e+04
num_episodes                3.258000e+04
max_episode_rewards         1.000000e+01
mean_episode_rewards        4.000000e+00
min_episode_rewards         0.000000e+00
max_episode_len             5.000000e+02
mean_episode_len            3.681000e+02
min_episode_len             0.000000e+00
mean_timeouts               0.000000e+00
val_max_episode_rewards     1.000000e+01
val_mean_episode_rewards    2.500000e-01
val_min_episode_rewards     0.000000e+00
val_max_episode_len         5.000000e+02
val_mean_episode_len        4.894000e+02
val_min_episode_len         0.000000e+00
val_mean_timeouts           0.000000e+00
Name: 198, dtype: float64
timesteps                   1.310720e+07
wall_time                   8.986833e+04
num_episodes                3.274600e+04
max_episode_rewards         1.000000e+01
mean_episode_rewards        1.750000e+00
min_episode_rewards         0.000000e+00
max_episode_len             5.000000e+02
mean_episode_len            4.301000e+02
min_episode_len             0.000000e+00
mean_timeouts               0.000000e+00
val_max_episode_rewards     0.000000e+00
val_mean_episode_rewards    0.000000e+00
val_min_episode_rewards     0.000000e+00
val_max_episode_len         5.000000e+02
val_mean_episode_len        5.000000e+02
val_min_episode_len         0.000000e+00
val_mean_timeouts           0.000000e+00
Name: 199, dtype: float64
timesteps                   1.317274e+07
wall_time                   9.033190e+04
num_episodes                3.290800e+04
max_episode_rewards         1.000000e+01
mean_episode_rewards        2.250000e+00
min_episode_rewards         0.000000e+00
max_episode_len             5.000000e+02
mean_episode_len            4.143250e+02
min_episode_len             0.000000e+00
mean_timeouts               2.500000e-02
val_max_episode_rewards     0.000000e+00
val_mean_episode_rewards    0.000000e+00
val_min_episode_rewards     0.000000e+00
val_max_episode_len         5.000000e+02
val_mean_episode_len        5.000000e+02
val_min_episode_len         0.000000e+00
val_mean_timeouts           0.000000e+00
Name: 200, dtype: float64
timesteps                   1.323827e+07
wall_time                   9.079574e+04
num_episodes                3.308200e+04
max_episode_rewards         1.000000e+01
mean_episode_rewards        3.000000e+00
min_episode_rewards         0.000000e+00
max_episode_len             5.000000e+02
mean_episode_len            3.945000e+02
min_episode_len             0.000000e+00
mean_timeouts               0.000000e+00
val_max_episode_rewards     0.000000e+00
val_mean_episode_rewards    0.000000e+00
val_min_episode_rewards     0.000000e+00
val_max_episode_len         5.000000e+02
val_mean_episode_len        5.000000e+02
val_min_episode_len         0.000000e+00
val_mean_timeouts           0.000000e+00
Name: 201, dtype: float64
timesteps                   1.330381e+07
wall_time                   9.126353e+04
num_episodes                3.326000e+04
max_episode_rewards         1.000000e+01
mean_episode_rewards        3.750000e+00
min_episode_rewards         0.000000e+00
max_episode_len             5.000000e+02
mean_episode_len            3.491000e+02
min_episode_len             0.000000e+00
mean_timeouts               2.500000e-02
val_max_episode_rewards     1.000000e+01
val_mean_episode_rewards    2.500000e-01
val_min_episode_rewards     0.000000e+00
val_max_episode_len         5.000000e+02
val_mean_episode_len        4.928500e+02
val_min_episode_len         0.000000e+00
val_mean_timeouts           0.000000e+00
Name: 202, dtype: float64
timesteps                   1.336934e+07
wall_time                   9.174132e+04
num_episodes                3.341700e+04
max_episode_rewards         1.000000e+01
mean_episode_rewards        2.250000e+00
min_episode_rewards         0.000000e+00
max_episode_len             5.000000e+02
mean_episode_len            4.119750e+02
min_episode_len             0.000000e+00
mean_timeouts               0.000000e+00
val_max_episode_rewards     0.000000e+00
val_mean_episode_rewards    0.000000e+00
val_min_episode_rewards     0.000000e+00
val_max_episode_len         5.000000e+02
val_mean_episode_len        5.000000e+02
val_min_episode_len         0.000000e+00
val_mean_timeouts           0.000000e+00
Name: 203, dtype: float64
timesteps                   1.343488e+07
wall_time                   9.220590e+04
num_episodes                3.359100e+04
max_episode_rewards         1.000000e+01
mean_episode_rewards        2.500000e+00
min_episode_rewards         0.000000e+00
max_episode_len             5.000000e+02
mean_episode_len            3.864000e+02
min_episode_len             0.000000e+00
mean_timeouts               0.000000e+00
val_max_episode_rewards     1.000000e+01
val_mean_episode_rewards    5.000000e-01
val_min_episode_rewards     0.000000e+00
val_max_episode_len         5.000000e+02
val_mean_episode_len        4.842500e+02
val_min_episode_len         0.000000e+00
val_mean_timeouts           0.000000e+00
Name: 204, dtype: float64
timesteps                   1.350042e+07
wall_time                   9.265760e+04
num_episodes                3.377100e+04
max_episode_rewards         1.000000e+01
mean_episode_rewards        3.750000e+00
min_episode_rewards         0.000000e+00
max_episode_len             5.000000e+02
mean_episode_len            3.497750e+02
min_episode_len             0.000000e+00
mean_timeouts               0.000000e+00
val_max_episode_rewards     1.000000e+01
val_mean_episode_rewards    2.500000e-01
val_min_episode_rewards     0.000000e+00
val_max_episode_len         5.000000e+02
val_mean_episode_len        4.880500e+02
val_min_episode_len         0.000000e+00
val_mean_timeouts           0.000000e+00
Name: 205, dtype: float64
timesteps                   1.356595e+07
wall_time                   9.312114e+04
num_episodes                3.392400e+04
max_episode_rewards         1.000000e+01
mean_episode_rewards        3.250000e+00
min_episode_rewards         0.000000e+00
max_episode_len             5.000000e+02
mean_episode_len            3.613250e+02
min_episode_len             0.000000e+00
mean_timeouts               0.000000e+00
val_max_episode_rewards     0.000000e+00
val_mean_episode_rewards    0.000000e+00
val_min_episode_rewards     0.000000e+00
val_max_episode_len         5.000000e+02
val_mean_episode_len        5.000000e+02
val_min_episode_len         0.000000e+00
val_mean_timeouts           0.000000e+00
Name: 206, dtype: float64
timesteps                   1.363149e+07
wall_time                   9.358375e+04
num_episodes                3.410100e+04
max_episode_rewards         1.000000e+01
mean_episode_rewards        2.500000e+00
min_episode_rewards         0.000000e+00
max_episode_len             5.000000e+02
mean_episode_len            3.980000e+02
min_episode_len             0.000000e+00
mean_timeouts               0.000000e+00
val_max_episode_rewards     0.000000e+00
val_mean_episode_rewards    0.000000e+00
val_min_episode_rewards     0.000000e+00
val_max_episode_len         5.000000e+02
val_mean_episode_len        5.000000e+02
val_min_episode_len         0.000000e+00
val_mean_timeouts           0.000000e+00
Name: 207, dtype: float64
timesteps                   1.369702e+07
wall_time                   9.404055e+04
num_episodes                3.427600e+04
max_episode_rewards         1.000000e+01
mean_episode_rewards        2.750000e+00
min_episode_rewards         0.000000e+00
max_episode_len             5.000000e+02
mean_episode_len            4.087250e+02
min_episode_len             0.000000e+00
mean_timeouts               0.000000e+00
val_max_episode_rewards     0.000000e+00
val_mean_episode_rewards    0.000000e+00
val_min_episode_rewards     0.000000e+00
val_max_episode_len         5.000000e+02
val_mean_episode_len        5.000000e+02
val_min_episode_len         0.000000e+00
val_mean_timeouts           0.000000e+00
Name: 208, dtype: float64
timesteps                   1.376256e+07
wall_time                   9.450141e+04
num_episodes                3.445900e+04
max_episode_rewards         1.000000e+01
mean_episode_rewards        2.750000e+00
min_episode_rewards         0.000000e+00
max_episode_len             5.000000e+02
mean_episode_len            3.813000e+02
min_episode_len             0.000000e+00
mean_timeouts               0.000000e+00
val_max_episode_rewards     1.000000e+01
val_mean_episode_rewards    2.500000e-01
val_min_episode_rewards     0.000000e+00
val_max_episode_len         5.000000e+02
val_mean_episode_len        4.876500e+02
val_min_episode_len         0.000000e+00
val_mean_timeouts           0.000000e+00
Name: 209, dtype: float64
timesteps                   1.382810e+07
wall_time                   9.497271e+04
num_episodes                3.461100e+04
max_episode_rewards         1.000000e+01
mean_episode_rewards        2.250000e+00
min_episode_rewards         0.000000e+00
max_episode_len             5.000000e+02
mean_episode_len            3.955750e+02
min_episode_len             0.000000e+00
mean_timeouts               0.000000e+00
val_max_episode_rewards     0.000000e+00
val_mean_episode_rewards    0.000000e+00
val_min_episode_rewards     0.000000e+00
val_max_episode_len         5.000000e+02
val_mean_episode_len        5.000000e+02
val_min_episode_len         0.000000e+00
val_mean_timeouts           0.000000e+00
Name: 210, dtype: float64
timesteps                   1.389363e+07
wall_time                   9.544873e+04
num_episodes                3.480300e+04
max_episode_rewards         1.000000e+01
mean_episode_rewards        2.750000e+00
min_episode_rewards         0.000000e+00
max_episode_len             5.000000e+02
mean_episode_len            3.910500e+02
min_episode_len             0.000000e+00
mean_timeouts               0.000000e+00
val_max_episode_rewards     0.000000e+00
val_mean_episode_rewards    0.000000e+00
val_min_episode_rewards     0.000000e+00
val_max_episode_len         5.000000e+02
val_mean_episode_len        5.000000e+02
val_min_episode_len         0.000000e+00
val_mean_timeouts           0.000000e+00
Name: 211, dtype: float64
timesteps                   1.395917e+07
wall_time                   9.591825e+04
num_episodes                3.497100e+04
max_episode_rewards         1.000000e+01
mean_episode_rewards        5.500000e+00
min_episode_rewards         0.000000e+00
max_episode_len             5.000000e+02
mean_episode_len            2.677250e+02
min_episode_len             0.000000e+00
mean_timeouts               0.000000e+00
val_max_episode_rewards     1.000000e+01
val_mean_episode_rewards    2.500000e-01
val_min_episode_rewards     0.000000e+00
val_max_episode_len         5.000000e+02
val_mean_episode_len        4.890000e+02
val_min_episode_len         0.000000e+00
val_mean_timeouts           0.000000e+00
Name: 212, dtype: float64
timesteps                   1.402470e+07
wall_time                   9.638119e+04
num_episodes                3.516500e+04
max_episode_rewards         1.000000e+01
mean_episode_rewards        2.750000e+00
min_episode_rewards         0.000000e+00
max_episode_len             5.000000e+02
mean_episode_len            3.803250e+02
min_episode_len             0.000000e+00
mean_timeouts               0.000000e+00
val_max_episode_rewards     0.000000e+00
val_mean_episode_rewards    0.000000e+00
val_min_episode_rewards     0.000000e+00
val_max_episode_len         5.000000e+02
val_mean_episode_len        5.000000e+02
val_min_episode_len         0.000000e+00
val_mean_timeouts           0.000000e+00
Name: 213, dtype: float64
timesteps                   1.409024e+07
wall_time                   9.683701e+04
num_episodes                3.532200e+04
max_episode_rewards         1.000000e+01
mean_episode_rewards        2.750000e+00
min_episode_rewards         0.000000e+00
max_episode_len             5.000000e+02
mean_episode_len            4.260250e+02
min_episode_len             0.000000e+00
mean_timeouts               0.000000e+00
val_max_episode_rewards     0.000000e+00
val_mean_episode_rewards    0.000000e+00
val_min_episode_rewards     0.000000e+00
val_max_episode_len         5.000000e+02
val_mean_episode_len        5.000000e+02
val_min_episode_len         0.000000e+00
val_mean_timeouts           0.000000e+00
Name: 214, dtype: float64
timesteps                   1.415578e+07
wall_time                   9.728623e+04
num_episodes                3.550000e+04
max_episode_rewards         1.000000e+01
mean_episode_rewards        3.500000e+00
min_episode_rewards         0.000000e+00
max_episode_len             5.000000e+02
mean_episode_len            3.620000e+02
min_episode_len             0.000000e+00
mean_timeouts               2.500000e-02
val_max_episode_rewards     0.000000e+00
val_mean_episode_rewards    0.000000e+00
val_min_episode_rewards     0.000000e+00
val_max_episode_len         5.000000e+02
val_mean_episode_len        5.000000e+02
val_min_episode_len         0.000000e+00
val_mean_timeouts           2.500000e-02
Name: 215, dtype: float64
timesteps                   1.422131e+07
wall_time                   9.774167e+04
num_episodes                3.565600e+04
max_episode_rewards         1.000000e+01
mean_episode_rewards        2.750000e+00
min_episode_rewards         0.000000e+00
max_episode_len             5.000000e+02
mean_episode_len            4.230750e+02
min_episode_len             0.000000e+00
mean_timeouts               2.500000e-02
val_max_episode_rewards     0.000000e+00
val_mean_episode_rewards    0.000000e+00
val_min_episode_rewards     0.000000e+00
val_max_episode_len         5.000000e+02
val_mean_episode_len        5.000000e+02
val_min_episode_len         0.000000e+00
val_mean_timeouts           0.000000e+00
Name: 216, dtype: float64
timesteps                   1.428685e+07
wall_time                   9.819720e+04
num_episodes                3.581800e+04
max_episode_rewards         1.000000e+01
mean_episode_rewards        3.000000e+00
min_episode_rewards         0.000000e+00
max_episode_len             5.000000e+02
mean_episode_len            3.844250e+02
min_episode_len             0.000000e+00
mean_timeouts               0.000000e+00
val_max_episode_rewards     0.000000e+00
val_mean_episode_rewards    0.000000e+00
val_min_episode_rewards     0.000000e+00
val_max_episode_len         5.000000e+02
val_mean_episode_len        5.000000e+02
val_min_episode_len         0.000000e+00
val_mean_timeouts           0.000000e+00
Name: 217, dtype: float64
timesteps                   1.435238e+07
wall_time                   9.865604e+04
num_episodes                3.598900e+04
max_episode_rewards         1.000000e+01
mean_episode_rewards        3.250000e+00
min_episode_rewards         0.000000e+00
max_episode_len             5.000000e+02
mean_episode_len            3.638000e+02
min_episode_len             0.000000e+00
mean_timeouts               0.000000e+00
val_max_episode_rewards     0.000000e+00
val_mean_episode_rewards    0.000000e+00
val_min_episode_rewards     0.000000e+00
val_max_episode_len         5.000000e+02
val_mean_episode_len        5.000000e+02
val_min_episode_len         0.000000e+00
val_mean_timeouts           0.000000e+00
Name: 218, dtype: float64
timesteps                   1.441792e+07
wall_time                   9.912886e+04
num_episodes                3.615000e+04
max_episode_rewards         1.000000e+01
mean_episode_rewards        2.750000e+00
min_episode_rewards         0.000000e+00
max_episode_len             5.000000e+02
mean_episode_len            4.113000e+02
min_episode_len             0.000000e+00
mean_timeouts               0.000000e+00
val_max_episode_rewards     0.000000e+00
val_mean_episode_rewards    0.000000e+00
val_min_episode_rewards     0.000000e+00
val_max_episode_len         5.000000e+02
val_mean_episode_len        5.000000e+02
val_min_episode_len         0.000000e+00
val_mean_timeouts           0.000000e+00
Name: 219, dtype: float64
timesteps                   1.448346e+07
wall_time                   9.960588e+04
num_episodes                3.632900e+04
max_episode_rewards         1.000000e+01
mean_episode_rewards        2.750000e+00
min_episode_rewards         0.000000e+00
max_episode_len             5.000000e+02
mean_episode_len            3.835000e+02
min_episode_len             0.000000e+00
mean_timeouts               2.500000e-02
val_max_episode_rewards     1.000000e+01
val_mean_episode_rewards    2.500000e-01
val_min_episode_rewards     0.000000e+00
val_max_episode_len         5.000000e+02
val_mean_episode_len        4.914000e+02
val_min_episode_len         0.000000e+00
val_mean_timeouts           0.000000e+00
Name: 220, dtype: float64
timesteps                   1.454899e+07
wall_time                   1.000720e+05
num_episodes                3.649400e+04
max_episode_rewards         1.000000e+01
mean_episode_rewards        2.750000e+00
min_episode_rewards         0.000000e+00
max_episode_len             5.000000e+02
mean_episode_len            3.854500e+02
min_episode_len             0.000000e+00
mean_timeouts               0.000000e+00
val_max_episode_rewards     0.000000e+00
val_mean_episode_rewards    0.000000e+00
val_min_episode_rewards     0.000000e+00
val_max_episode_len         5.000000e+02
val_mean_episode_len        5.000000e+02
val_min_episode_len         0.000000e+00
val_mean_timeouts           0.000000e+00
Name: 221, dtype: float64
timesteps                   1.461453e+07
wall_time                   1.005264e+05
num_episodes                3.666300e+04
max_episode_rewards         1.000000e+01
mean_episode_rewards        3.750000e+00
min_episode_rewards         0.000000e+00
max_episode_len             5.000000e+02
mean_episode_len            3.578750e+02
min_episode_len             0.000000e+00
mean_timeouts               2.500000e-02
val_max_episode_rewards     0.000000e+00
val_mean_episode_rewards    0.000000e+00
val_min_episode_rewards     0.000000e+00
val_max_episode_len         5.000000e+02
val_mean_episode_len        5.000000e+02
val_min_episode_len         0.000000e+00
val_mean_timeouts           2.500000e-02
Name: 222, dtype: float64
timesteps                   1.468006e+07
wall_time                   1.009936e+05
num_episodes                3.683600e+04
max_episode_rewards         1.000000e+01
mean_episode_rewards        3.500000e+00
min_episode_rewards         0.000000e+00
max_episode_len             5.000000e+02
mean_episode_len            3.785000e+02
min_episode_len             0.000000e+00
mean_timeouts               0.000000e+00
val_max_episode_rewards     0.000000e+00
val_mean_episode_rewards    0.000000e+00
val_min_episode_rewards     0.000000e+00
val_max_episode_len         5.000000e+02
val_mean_episode_len        5.000000e+02
val_min_episode_len         0.000000e+00
val_mean_timeouts           0.000000e+00
Name: 223, dtype: float64
timesteps                   1.474560e+07
wall_time                   1.014694e+05
num_episodes                3.700400e+04
max_episode_rewards         1.000000e+01
mean_episode_rewards        3.250000e+00
min_episode_rewards         0.000000e+00
max_episode_len             5.000000e+02
mean_episode_len            3.809250e+02
min_episode_len             0.000000e+00
mean_timeouts               0.000000e+00
val_max_episode_rewards     0.000000e+00
val_mean_episode_rewards    0.000000e+00
val_min_episode_rewards     0.000000e+00
val_max_episode_len         5.000000e+02
val_mean_episode_len        5.000000e+02
val_min_episode_len         0.000000e+00
val_mean_timeouts           0.000000e+00
Name: 224, dtype: float64
timesteps                   1.481114e+07
wall_time                   1.019397e+05
num_episodes                3.718000e+04
max_episode_rewards         1.000000e+01
mean_episode_rewards        2.500000e+00
min_episode_rewards         0.000000e+00
max_episode_len             5.000000e+02
mean_episode_len            3.932000e+02
min_episode_len             0.000000e+00
mean_timeouts               0.000000e+00
val_max_episode_rewards     0.000000e+00
val_mean_episode_rewards    0.000000e+00
val_min_episode_rewards     0.000000e+00
val_max_episode_len         5.000000e+02
val_mean_episode_len        5.000000e+02
val_min_episode_len         0.000000e+00
val_mean_timeouts           0.000000e+00
Name: 225, dtype: float64
timesteps                   1.487667e+07
wall_time                   1.023910e+05
num_episodes                3.734600e+04
max_episode_rewards         1.000000e+01
mean_episode_rewards        3.000000e+00
min_episode_rewards         0.000000e+00
max_episode_len             5.000000e+02
mean_episode_len            3.829750e+02
min_episode_len             0.000000e+00
mean_timeouts               0.000000e+00
val_max_episode_rewards     0.000000e+00
val_mean_episode_rewards    0.000000e+00
val_min_episode_rewards     0.000000e+00
val_max_episode_len         5.000000e+02
val_mean_episode_len        5.000000e+02
val_min_episode_len         0.000000e+00
val_mean_timeouts           0.000000e+00
Name: 226, dtype: float64
timesteps                   1.494221e+07
wall_time                   1.028448e+05
num_episodes                3.751500e+04
max_episode_rewards         1.000000e+01
mean_episode_rewards        3.500000e+00
min_episode_rewards         0.000000e+00
max_episode_len             5.000000e+02
mean_episode_len            3.793250e+02
min_episode_len             0.000000e+00
mean_timeouts               0.000000e+00
val_max_episode_rewards     0.000000e+00
val_mean_episode_rewards    0.000000e+00
val_min_episode_rewards     0.000000e+00
val_max_episode_len         5.000000e+02
val_mean_episode_len        5.000000e+02
val_min_episode_len         0.000000e+00
val_mean_timeouts           0.000000e+00
Name: 227, dtype: float64
timesteps                   1.500774e+07
wall_time                   1.033090e+05
num_episodes                3.769800e+04
max_episode_rewards         1.000000e+01
mean_episode_rewards        3.500000e+00
min_episode_rewards         0.000000e+00
max_episode_len             5.000000e+02
mean_episode_len            3.635000e+02
min_episode_len             0.000000e+00
mean_timeouts               0.000000e+00
val_max_episode_rewards     0.000000e+00
val_mean_episode_rewards    0.000000e+00
val_min_episode_rewards     0.000000e+00
val_max_episode_len         5.000000e+02
val_mean_episode_len        5.000000e+02
val_min_episode_len         0.000000e+00
val_mean_timeouts           2.500000e-02
Name: 228, dtype: float64
timesteps                   1.507328e+07
wall_time                   1.037773e+05
num_episodes                3.786300e+04
max_episode_rewards         1.000000e+01
mean_episode_rewards        2.500000e+00
min_episode_rewards         0.000000e+00
max_episode_len             5.000000e+02
mean_episode_len            4.071750e+02
min_episode_len             0.000000e+00
mean_timeouts               0.000000e+00
val_max_episode_rewards     0.000000e+00
val_mean_episode_rewards    0.000000e+00
val_min_episode_rewards     0.000000e+00
val_max_episode_len         5.000000e+02
val_mean_episode_len        5.000000e+02
val_min_episode_len         0.000000e+00
val_mean_timeouts           0.000000e+00
Name: 229, dtype: float64
timesteps                   1.513882e+07
wall_time                   1.042254e+05
num_episodes                3.803000e+04
max_episode_rewards         1.000000e+01
mean_episode_rewards        3.250000e+00
min_episode_rewards         0.000000e+00
max_episode_len             5.000000e+02
mean_episode_len            3.804000e+02
min_episode_len             0.000000e+00
mean_timeouts               0.000000e+00
val_max_episode_rewards     0.000000e+00
val_mean_episode_rewards    0.000000e+00
val_min_episode_rewards     0.000000e+00
val_max_episode_len         5.000000e+02
val_mean_episode_len        5.000000e+02
val_min_episode_len         0.000000e+00
val_mean_timeouts           0.000000e+00
Name: 230, dtype: float64
timesteps                   1.520435e+07
wall_time                   1.046702e+05
num_episodes                3.821400e+04
max_episode_rewards         1.000000e+01
mean_episode_rewards        3.250000e+00
min_episode_rewards         0.000000e+00
max_episode_len             5.000000e+02
mean_episode_len            3.698000e+02
min_episode_len             0.000000e+00
mean_timeouts               0.000000e+00
val_max_episode_rewards     1.000000e+01
val_mean_episode_rewards    2.500000e-01
val_min_episode_rewards     0.000000e+00
val_max_episode_len         5.000000e+02
val_mean_episode_len        4.908000e+02
val_min_episode_len         0.000000e+00
val_mean_timeouts           0.000000e+00
Name: 231, dtype: float64
timesteps                   1.526989e+07
wall_time                   1.051322e+05
num_episodes                3.837700e+04
max_episode_rewards         1.000000e+01
mean_episode_rewards        3.750000e+00
min_episode_rewards         0.000000e+00
max_episode_len             5.000000e+02
mean_episode_len            3.667000e+02
min_episode_len             0.000000e+00
mean_timeouts               0.000000e+00
val_max_episode_rewards     0.000000e+00
val_mean_episode_rewards    0.000000e+00
val_min_episode_rewards     0.000000e+00
val_max_episode_len         5.000000e+02
val_mean_episode_len        5.000000e+02
val_min_episode_len         0.000000e+00
val_mean_timeouts           0.000000e+00
Name: 232, dtype: float64
timesteps                   1.533542e+07
wall_time                   1.056066e+05
num_episodes                3.856900e+04
max_episode_rewards         1.000000e+01
mean_episode_rewards        3.000000e+00
min_episode_rewards         0.000000e+00
max_episode_len             5.000000e+02
mean_episode_len            3.738250e+02
min_episode_len             0.000000e+00
mean_timeouts               0.000000e+00
val_max_episode_rewards     1.000000e+01
val_mean_episode_rewards    2.500000e-01
val_min_episode_rewards     0.000000e+00
val_max_episode_len         5.000000e+02
val_mean_episode_len        4.954500e+02
val_min_episode_len         0.000000e+00
val_mean_timeouts           0.000000e+00
Name: 233, dtype: float64
timesteps                   1.540096e+07
wall_time                   1.060809e+05
num_episodes                3.873000e+04
max_episode_rewards         1.000000e+01
mean_episode_rewards        2.750000e+00
min_episode_rewards         0.000000e+00
max_episode_len             5.000000e+02
mean_episode_len            3.804750e+02
min_episode_len             0.000000e+00
mean_timeouts               0.000000e+00
val_max_episode_rewards     0.000000e+00
val_mean_episode_rewards    0.000000e+00
val_min_episode_rewards     0.000000e+00
val_max_episode_len         5.000000e+02
val_mean_episode_len        5.000000e+02
val_min_episode_len         0.000000e+00
val_mean_timeouts           0.000000e+00
Name: 234, dtype: float64
timesteps                   1.546650e+07
wall_time                   1.065433e+05
num_episodes                3.891700e+04
max_episode_rewards         1.000000e+01
mean_episode_rewards        4.750000e+00
min_episode_rewards         0.000000e+00
max_episode_len             5.000000e+02
mean_episode_len            2.996000e+02
min_episode_len             0.000000e+00
mean_timeouts               0.000000e+00
val_max_episode_rewards     0.000000e+00
val_mean_episode_rewards    0.000000e+00
val_min_episode_rewards     0.000000e+00
val_max_episode_len         5.000000e+02
val_mean_episode_len        5.000000e+02
val_min_episode_len         0.000000e+00
val_mean_timeouts           0.000000e+00
Name: 235, dtype: float64
timesteps                   1.553203e+07
wall_time                   1.070149e+05
num_episodes                3.907400e+04
max_episode_rewards         1.000000e+01
mean_episode_rewards        3.500000e+00
min_episode_rewards         0.000000e+00
max_episode_len             5.000000e+02
mean_episode_len            3.725500e+02
min_episode_len             0.000000e+00
mean_timeouts               0.000000e+00
val_max_episode_rewards     0.000000e+00
val_mean_episode_rewards    0.000000e+00
val_min_episode_rewards     0.000000e+00
val_max_episode_len         5.000000e+02
val_mean_episode_len        5.000000e+02
val_min_episode_len         0.000000e+00
val_mean_timeouts           0.000000e+00
Name: 236, dtype: float64
timesteps                   1.559757e+07
wall_time                   1.074846e+05
num_episodes                3.927200e+04
max_episode_rewards         1.000000e+01
mean_episode_rewards        3.750000e+00
min_episode_rewards         0.000000e+00
max_episode_len             5.000000e+02
mean_episode_len            3.679500e+02
min_episode_len             0.000000e+00
mean_timeouts               0.000000e+00
val_max_episode_rewards     0.000000e+00
val_mean_episode_rewards    0.000000e+00
val_min_episode_rewards     0.000000e+00
val_max_episode_len         5.000000e+02
val_mean_episode_len        5.000000e+02
val_min_episode_len         0.000000e+00
val_mean_timeouts           0.000000e+00
Name: 237, dtype: float64
timesteps                   1.566310e+07
wall_time                   1.079598e+05
num_episodes                3.942600e+04
max_episode_rewards         1.000000e+01
mean_episode_rewards        3.250000e+00
min_episode_rewards         0.000000e+00
max_episode_len             5.000000e+02
mean_episode_len            3.821250e+02
min_episode_len             0.000000e+00
mean_timeouts               0.000000e+00
val_max_episode_rewards     1.000000e+01
val_mean_episode_rewards    2.500000e-01
val_min_episode_rewards     0.000000e+00
val_max_episode_len         5.000000e+02
val_mean_episode_len        4.983500e+02
val_min_episode_len         0.000000e+00
val_mean_timeouts           2.500000e-02
Name: 238, dtype: float64
timesteps                   1.572864e+07
wall_time                   1.084381e+05
num_episodes                3.961400e+04
max_episode_rewards         1.000000e+01
mean_episode_rewards        4.250000e+00
min_episode_rewards         0.000000e+00
max_episode_len             5.000000e+02
mean_episode_len            3.589750e+02
min_episode_len             0.000000e+00
mean_timeouts               2.500000e-02
val_max_episode_rewards     0.000000e+00
val_mean_episode_rewards    0.000000e+00
val_min_episode_rewards     0.000000e+00
val_max_episode_len         5.000000e+02
val_mean_episode_len        5.000000e+02
val_min_episode_len         0.000000e+00
val_mean_timeouts           0.000000e+00
Name: 239, dtype: float64
timesteps                   1.579418e+07
wall_time                   1.089084e+05
num_episodes                3.977000e+04
max_episode_rewards         1.000000e+01
mean_episode_rewards        4.250000e+00
min_episode_rewards         0.000000e+00
max_episode_len             5.000000e+02
mean_episode_len            3.391500e+02
min_episode_len             0.000000e+00
mean_timeouts               0.000000e+00
val_max_episode_rewards     0.000000e+00
val_mean_episode_rewards    0.000000e+00
val_min_episode_rewards     0.000000e+00
val_max_episode_len         5.000000e+02
val_mean_episode_len        5.000000e+02
val_min_episode_len         0.000000e+00
val_mean_timeouts           0.000000e+00
Name: 240, dtype: float64
timesteps                   1.585971e+07
wall_time                   1.093717e+05
num_episodes                3.996800e+04
max_episode_rewards         1.000000e+01
mean_episode_rewards        2.750000e+00
min_episode_rewards         0.000000e+00
max_episode_len             5.000000e+02
mean_episode_len            3.802250e+02
min_episode_len             0.000000e+00
mean_timeouts               0.000000e+00
val_max_episode_rewards     1.000000e+01
val_mean_episode_rewards    2.500000e-01
val_min_episode_rewards     0.000000e+00
val_max_episode_len         5.000000e+02
val_mean_episode_len        4.969500e+02
val_min_episode_len         0.000000e+00
val_mean_timeouts           2.500000e-02
Name: 241, dtype: float64
timesteps                   1.592525e+07
wall_time                   1.098346e+05
num_episodes                4.011500e+04
max_episode_rewards         1.000000e+01
mean_episode_rewards        3.500000e+00
min_episode_rewards         0.000000e+00
max_episode_len             5.000000e+02
mean_episode_len            3.590750e+02
min_episode_len             0.000000e+00
mean_timeouts               0.000000e+00
val_max_episode_rewards     1.000000e+01
val_mean_episode_rewards    2.500000e-01
val_min_episode_rewards     0.000000e+00
val_max_episode_len         5.000000e+02
val_mean_episode_len        4.889000e+02
val_min_episode_len         0.000000e+00
val_mean_timeouts           0.000000e+00
Name: 242, dtype: float64
timesteps                   1.599078e+07
wall_time                   1.102904e+05
num_episodes                4.030700e+04
max_episode_rewards         1.000000e+01
mean_episode_rewards        2.500000e+00
min_episode_rewards         0.000000e+00
max_episode_len             5.000000e+02
mean_episode_len            3.946000e+02
min_episode_len             0.000000e+00
mean_timeouts               0.000000e+00
val_max_episode_rewards     1.000000e+01
val_mean_episode_rewards    2.500000e-01
val_min_episode_rewards     0.000000e+00
val_max_episode_len         5.000000e+02
val_mean_episode_len        4.993000e+02
val_min_episode_len         0.000000e+00
val_mean_timeouts           0.000000e+00
Name: 243, dtype: float64
timesteps                   1.605632e+07
wall_time                   1.107703e+05
num_episodes                4.044700e+04
max_episode_rewards         1.000000e+01
mean_episode_rewards        3.000000e+00
min_episode_rewards         0.000000e+00
max_episode_len             5.000000e+02
mean_episode_len            3.654000e+02
min_episode_len             0.000000e+00
mean_timeouts               0.000000e+00
val_max_episode_rewards     0.000000e+00
val_mean_episode_rewards    0.000000e+00
val_min_episode_rewards     0.000000e+00
val_max_episode_len         5.000000e+02
val_mean_episode_len        5.000000e+02
val_min_episode_len         0.000000e+00
val_mean_timeouts           0.000000e+00
Name: 244, dtype: float64
timesteps                   1.612186e+07
wall_time                   1.112660e+05
num_episodes                4.063500e+04
max_episode_rewards         1.000000e+01
mean_episode_rewards        2.500000e+00
min_episode_rewards         0.000000e+00
max_episode_len             5.000000e+02
mean_episode_len            4.004750e+02
min_episode_len             0.000000e+00
mean_timeouts               0.000000e+00
val_max_episode_rewards     0.000000e+00
val_mean_episode_rewards    0.000000e+00
val_min_episode_rewards     0.000000e+00
val_max_episode_len         5.000000e+02
val_mean_episode_len        5.000000e+02
val_min_episode_len         0.000000e+00
val_mean_timeouts           0.000000e+00
Name: 245, dtype: float64
timesteps                   1.618739e+07
wall_time                   1.117427e+05
num_episodes                4.079700e+04
max_episode_rewards         1.000000e+01
mean_episode_rewards        3.750000e+00
min_episode_rewards         0.000000e+00
max_episode_len             5.000000e+02
mean_episode_len            3.425250e+02
min_episode_len             0.000000e+00
mean_timeouts               0.000000e+00
val_max_episode_rewards     0.000000e+00
val_mean_episode_rewards    0.000000e+00
val_min_episode_rewards     0.000000e+00
val_max_episode_len         5.000000e+02
val_mean_episode_len        5.000000e+02
val_min_episode_len         0.000000e+00
val_mean_timeouts           0.000000e+00
Name: 246, dtype: float64
timesteps                   1.625293e+07
wall_time                   1.122030e+05
num_episodes                4.099000e+04
max_episode_rewards         1.000000e+01
mean_episode_rewards        1.750000e+00
min_episode_rewards         0.000000e+00
max_episode_len             5.000000e+02
mean_episode_len            4.292250e+02
min_episode_len             0.000000e+00
mean_timeouts               0.000000e+00
val_max_episode_rewards     0.000000e+00
val_mean_episode_rewards    0.000000e+00
val_min_episode_rewards     0.000000e+00
val_max_episode_len         5.000000e+02
val_mean_episode_len        5.000000e+02
val_min_episode_len         0.000000e+00
val_mean_timeouts           0.000000e+00
Name: 247, dtype: float64
timesteps                   1.631846e+07
wall_time                   1.126651e+05
num_episodes                4.115800e+04
max_episode_rewards         1.000000e+01
mean_episode_rewards        4.000000e+00
min_episode_rewards         0.000000e+00
max_episode_len             5.000000e+02
mean_episode_len            3.535750e+02
min_episode_len             0.000000e+00
mean_timeouts               0.000000e+00
val_max_episode_rewards     1.000000e+01
val_mean_episode_rewards    2.500000e-01
val_min_episode_rewards     0.000000e+00
val_max_episode_len         5.000000e+02
val_mean_episode_len        4.998500e+02
val_min_episode_len         0.000000e+00
val_mean_timeouts           0.000000e+00
Name: 248, dtype: float64
timesteps                   1.638400e+07
wall_time                   1.131343e+05
num_episodes                4.133100e+04
max_episode_rewards         1.000000e+01
mean_episode_rewards        1.750000e+00
min_episode_rewards         0.000000e+00
max_episode_len             5.000000e+02
mean_episode_len            4.408000e+02
min_episode_len             0.000000e+00
mean_timeouts               0.000000e+00
val_max_episode_rewards     1.000000e+01
val_mean_episode_rewards    2.500000e-01
val_min_episode_rewards     0.000000e+00
val_max_episode_len         5.000000e+02
val_mean_episode_len        4.937000e+02
val_min_episode_len         0.000000e+00
val_mean_timeouts           4.000000e-01
Name: 249, dtype: float64
timesteps                   1.644954e+07
wall_time                   1.135982e+05
num_episodes                4.149100e+04
max_episode_rewards         1.000000e+01
mean_episode_rewards        3.000000e+00
min_episode_rewards         0.000000e+00
max_episode_len             5.000000e+02
mean_episode_len            3.689750e+02
min_episode_len             0.000000e+00
mean_timeouts               0.000000e+00
val_max_episode_rewards     1.000000e+01
val_mean_episode_rewards    5.000000e-01
val_min_episode_rewards     0.000000e+00
val_max_episode_len         5.000000e+02
val_mean_episode_len        4.938500e+02
val_min_episode_len         0.000000e+00
val_mean_timeouts           0.000000e+00
Name: 250, dtype: float64
timesteps                   1.651507e+07
wall_time                   1.140720e+05
num_episodes                4.167800e+04
max_episode_rewards         1.000000e+01
mean_episode_rewards        2.750000e+00
min_episode_rewards         0.000000e+00
max_episode_len             5.000000e+02
mean_episode_len            3.892750e+02
min_episode_len             0.000000e+00
mean_timeouts               0.000000e+00
val_max_episode_rewards     0.000000e+00
val_mean_episode_rewards    0.000000e+00
val_min_episode_rewards     0.000000e+00
val_max_episode_len         5.000000e+02
val_mean_episode_len        5.000000e+02
val_min_episode_len         0.000000e+00
val_mean_timeouts           0.000000e+00
Name: 251, dtype: float64
timesteps                   1.658061e+07
wall_time                   1.145450e+05
num_episodes                4.182700e+04
max_episode_rewards         1.000000e+01
mean_episode_rewards        3.250000e+00
min_episode_rewards         0.000000e+00
max_episode_len             5.000000e+02
mean_episode_len            3.613000e+02
min_episode_len             0.000000e+00
mean_timeouts               0.000000e+00
val_max_episode_rewards     0.000000e+00
val_mean_episode_rewards    0.000000e+00
val_min_episode_rewards     0.000000e+00
val_max_episode_len         5.000000e+02
val_mean_episode_len        5.000000e+02
val_min_episode_len         0.000000e+00
val_mean_timeouts           2.500000e-02
Name: 252, dtype: float64
timesteps                   1.664614e+07
wall_time                   1.150165e+05
num_episodes                4.202600e+04
max_episode_rewards         1.000000e+01
mean_episode_rewards        2.500000e+00
min_episode_rewards         0.000000e+00
max_episode_len             5.000000e+02
mean_episode_len            3.901500e+02
min_episode_len             0.000000e+00
mean_timeouts               2.500000e-02
val_max_episode_rewards     0.000000e+00
val_mean_episode_rewards    0.000000e+00
val_min_episode_rewards     0.000000e+00
val_max_episode_len         5.000000e+02
val_mean_episode_len        5.000000e+02
val_min_episode_len         0.000000e+00
val_mean_timeouts           0.000000e+00
Name: 253, dtype: float64
timesteps                   1.671168e+07
wall_time                   1.154986e+05
num_episodes                4.217000e+04
max_episode_rewards         1.000000e+01
mean_episode_rewards        2.500000e+00
min_episode_rewards         0.000000e+00
max_episode_len             5.000000e+02
mean_episode_len            4.116500e+02
min_episode_len             0.000000e+00
mean_timeouts               0.000000e+00
val_max_episode_rewards     0.000000e+00
val_mean_episode_rewards    0.000000e+00
val_min_episode_rewards     0.000000e+00
val_max_episode_len         5.000000e+02
val_mean_episode_len        5.000000e+02
val_min_episode_len         0.000000e+00
val_mean_timeouts           0.000000e+00
Name: 254, dtype: float64
timesteps                   1.677722e+07
wall_time                   1.159702e+05
num_episodes                4.237700e+04
max_episode_rewards         1.000000e+01
mean_episode_rewards        4.000000e+00
min_episode_rewards         0.000000e+00
max_episode_len             5.000000e+02
mean_episode_len            3.591750e+02
min_episode_len             0.000000e+00
mean_timeouts               0.000000e+00
val_max_episode_rewards     1.000000e+01
val_mean_episode_rewards    2.500000e-01
val_min_episode_rewards     0.000000e+00
val_max_episode_len         5.000000e+02
val_mean_episode_len        4.996000e+02
val_min_episode_len         0.000000e+00
val_mean_timeouts           0.000000e+00
Name: 255, dtype: float64
timesteps                   1.684275e+07
wall_time                   1.164458e+05
num_episodes                4.253800e+04
max_episode_rewards         1.000000e+01
mean_episode_rewards        3.500000e+00
min_episode_rewards         0.000000e+00
max_episode_len             5.000000e+02
mean_episode_len            3.659250e+02
min_episode_len             0.000000e+00
mean_timeouts               2.500000e-02
val_max_episode_rewards     0.000000e+00
val_mean_episode_rewards    0.000000e+00
val_min_episode_rewards     0.000000e+00
val_max_episode_len         5.000000e+02
val_mean_episode_len        5.000000e+02
val_min_episode_len         0.000000e+00
val_mean_timeouts           0.000000e+00
Name: 256, dtype: float64
timesteps                   1.690829e+07
wall_time                   1.169289e+05
num_episodes                4.272600e+04
max_episode_rewards         1.000000e+01
mean_episode_rewards        3.750000e+00
min_episode_rewards         0.000000e+00
max_episode_len             5.000000e+02
mean_episode_len            3.518250e+02
min_episode_len             0.000000e+00
mean_timeouts               0.000000e+00
val_max_episode_rewards     0.000000e+00
val_mean_episode_rewards    0.000000e+00
val_min_episode_rewards     0.000000e+00
val_max_episode_len         5.000000e+02
val_mean_episode_len        5.000000e+02
val_min_episode_len         0.000000e+00
val_mean_timeouts           0.000000e+00
Name: 257, dtype: float64
timesteps                   1.697382e+07
wall_time                   1.174086e+05
num_episodes                4.287300e+04
max_episode_rewards         1.000000e+01
mean_episode_rewards        2.500000e+00
min_episode_rewards         0.000000e+00
max_episode_len             5.000000e+02
mean_episode_len            4.051500e+02
min_episode_len             0.000000e+00
mean_timeouts               0.000000e+00
val_max_episode_rewards     0.000000e+00
val_mean_episode_rewards    0.000000e+00
val_min_episode_rewards     0.000000e+00
val_max_episode_len         5.000000e+02
val_mean_episode_len        5.000000e+02
val_min_episode_len         0.000000e+00
val_mean_timeouts           0.000000e+00
Name: 258, dtype: float64
timesteps                   1.703936e+07
wall_time                   1.178675e+05
num_episodes                4.307000e+04
max_episode_rewards         1.000000e+01
mean_episode_rewards        2.750000e+00
min_episode_rewards         0.000000e+00
max_episode_len             5.000000e+02
mean_episode_len            3.822250e+02
min_episode_len             0.000000e+00
mean_timeouts               2.500000e-02
val_max_episode_rewards     0.000000e+00
val_mean_episode_rewards    0.000000e+00
val_min_episode_rewards     0.000000e+00
val_max_episode_len         5.000000e+02
val_mean_episode_len        5.000000e+02
val_min_episode_len         0.000000e+00
val_mean_timeouts           0.000000e+00
Name: 259, dtype: float64
timesteps                   1.710490e+07
wall_time                   1.183306e+05
num_episodes                4.324900e+04
max_episode_rewards         1.000000e+01
mean_episode_rewards        3.750000e+00
min_episode_rewards         0.000000e+00
max_episode_len             5.000000e+02
mean_episode_len            3.348250e+02
min_episode_len             0.000000e+00
mean_timeouts               2.500000e-02
val_max_episode_rewards     1.000000e+01
val_mean_episode_rewards    2.500000e-01
val_min_episode_rewards     0.000000e+00
val_max_episode_len         5.000000e+02
val_mean_episode_len        4.890500e+02
val_min_episode_len         0.000000e+00
val_mean_timeouts           0.000000e+00
Name: 260, dtype: float64
timesteps                   1.717043e+07
wall_time                   1.187869e+05
num_episodes                4.343600e+04
max_episode_rewards         1.000000e+01
mean_episode_rewards        2.500000e+00
min_episode_rewards         0.000000e+00
max_episode_len             5.000000e+02
mean_episode_len            4.032750e+02
min_episode_len             0.000000e+00
mean_timeouts               0.000000e+00
val_max_episode_rewards     0.000000e+00
val_mean_episode_rewards    0.000000e+00
val_min_episode_rewards     0.000000e+00
val_max_episode_len         5.000000e+02
val_mean_episode_len        5.000000e+02
val_min_episode_len         0.000000e+00
val_mean_timeouts           0.000000e+00
Name: 261, dtype: float64
timesteps                   1.723597e+07
wall_time                   1.192472e+05
num_episodes                4.361200e+04
max_episode_rewards         1.000000e+01
mean_episode_rewards        2.750000e+00
min_episode_rewards         0.000000e+00
max_episode_len             5.000000e+02
mean_episode_len            3.906750e+02
min_episode_len             0.000000e+00
mean_timeouts               2.500000e-02
val_max_episode_rewards     0.000000e+00
val_mean_episode_rewards    0.000000e+00
val_min_episode_rewards     0.000000e+00
val_max_episode_len         5.000000e+02
val_mean_episode_len        5.000000e+02
val_min_episode_len         0.000000e+00
val_mean_timeouts           0.000000e+00
Name: 262, dtype: float64
timesteps                   1.730150e+07
wall_time                   1.197108e+05
num_episodes                4.379400e+04
max_episode_rewards         1.000000e+01
mean_episode_rewards        2.000000e+00
min_episode_rewards         0.000000e+00
max_episode_len             5.000000e+02
mean_episode_len            4.237750e+02
min_episode_len             0.000000e+00
mean_timeouts               0.000000e+00
val_max_episode_rewards     0.000000e+00
val_mean_episode_rewards    0.000000e+00
val_min_episode_rewards     0.000000e+00
val_max_episode_len         5.000000e+02
val_mean_episode_len        5.000000e+02
val_min_episode_len         0.000000e+00
val_mean_timeouts           0.000000e+00
Name: 263, dtype: float64
timesteps                   1.736704e+07
wall_time                   1.201766e+05
num_episodes                4.395300e+04
max_episode_rewards         1.000000e+01
mean_episode_rewards        4.500000e+00
min_episode_rewards         0.000000e+00
max_episode_len             5.000000e+02
mean_episode_len            3.077750e+02
min_episode_len             0.000000e+00
mean_timeouts               0.000000e+00
val_max_episode_rewards     0.000000e+00
val_mean_episode_rewards    0.000000e+00
val_min_episode_rewards     0.000000e+00
val_max_episode_len         5.000000e+02
val_mean_episode_len        5.000000e+02
val_min_episode_len         0.000000e+00
val_mean_timeouts           0.000000e+00
Name: 264, dtype: float64
timesteps                   1.743258e+07
wall_time                   1.206414e+05
num_episodes                4.413400e+04
max_episode_rewards         1.000000e+01
mean_episode_rewards        3.250000e+00
min_episode_rewards         0.000000e+00
max_episode_len             5.000000e+02
mean_episode_len            3.800000e+02
min_episode_len             0.000000e+00
mean_timeouts               0.000000e+00
val_max_episode_rewards     0.000000e+00
val_mean_episode_rewards    0.000000e+00
val_min_episode_rewards     0.000000e+00
val_max_episode_len         5.000000e+02
val_mean_episode_len        5.000000e+02
val_min_episode_len         0.000000e+00
val_mean_timeouts           2.500000e-02
Name: 265, dtype: float64
timesteps                   1.749811e+07
wall_time                   1.211105e+05
num_episodes                4.431600e+04
max_episode_rewards         1.000000e+01
mean_episode_rewards        3.750000e+00
min_episode_rewards         0.000000e+00
max_episode_len             5.000000e+02
mean_episode_len            3.462250e+02
min_episode_len             0.000000e+00
mean_timeouts               0.000000e+00
val_max_episode_rewards     0.000000e+00
val_mean_episode_rewards    0.000000e+00
val_min_episode_rewards     0.000000e+00
val_max_episode_len         5.000000e+02
val_mean_episode_len        5.000000e+02
val_min_episode_len         0.000000e+00
val_mean_timeouts           0.000000e+00
Name: 266, dtype: float64
timesteps                   1.756365e+07
wall_time                   1.215761e+05
num_episodes                4.451500e+04
max_episode_rewards         1.000000e+01
mean_episode_rewards        4.750000e+00
min_episode_rewards         0.000000e+00
max_episode_len             5.000000e+02
mean_episode_len            3.225500e+02
min_episode_len             0.000000e+00
mean_timeouts               0.000000e+00
val_max_episode_rewards     1.000000e+01
val_mean_episode_rewards    2.500000e-01
val_min_episode_rewards     0.000000e+00
val_max_episode_len         5.000000e+02
val_mean_episode_len        4.964000e+02
val_min_episode_len         0.000000e+00
val_mean_timeouts           0.000000e+00
Name: 267, dtype: float64
timesteps                   1.762918e+07
wall_time                   1.220452e+05
num_episodes                4.468900e+04
max_episode_rewards         1.000000e+01
mean_episode_rewards        3.250000e+00
min_episode_rewards         0.000000e+00
max_episode_len             5.000000e+02
mean_episode_len            3.573500e+02
min_episode_len             0.000000e+00
mean_timeouts               0.000000e+00
val_max_episode_rewards     0.000000e+00
val_mean_episode_rewards    0.000000e+00
val_min_episode_rewards     0.000000e+00
val_max_episode_len         5.000000e+02
val_mean_episode_len        5.000000e+02
val_min_episode_len         0.000000e+00
val_mean_timeouts           0.000000e+00
Name: 268, dtype: float64
timesteps                   1.769472e+07
wall_time                   1.225170e+05
num_episodes                4.487500e+04
max_episode_rewards         1.000000e+01
mean_episode_rewards        3.000000e+00
min_episode_rewards         0.000000e+00
max_episode_len             5.000000e+02
mean_episode_len            3.793500e+02
min_episode_len             0.000000e+00
mean_timeouts               0.000000e+00
val_max_episode_rewards     1.000000e+01
val_mean_episode_rewards    2.500000e-01
val_min_episode_rewards     0.000000e+00
val_max_episode_len         5.000000e+02
val_mean_episode_len        4.904500e+02
val_min_episode_len         0.000000e+00
val_mean_timeouts           0.000000e+00
Name: 269, dtype: float64
timesteps                   1.776026e+07
wall_time                   1.229878e+05
num_episodes                4.505000e+04
max_episode_rewards         1.000000e+01
mean_episode_rewards        3.000000e+00
min_episode_rewards         0.000000e+00
max_episode_len             5.000000e+02
mean_episode_len            4.019750e+02
min_episode_len             0.000000e+00
mean_timeouts               0.000000e+00
val_max_episode_rewards     1.000000e+01
val_mean_episode_rewards    2.500000e-01
val_min_episode_rewards     0.000000e+00
val_max_episode_len         5.000000e+02
val_mean_episode_len        4.959500e+02
val_min_episode_len         0.000000e+00
val_mean_timeouts           0.000000e+00
Name: 270, dtype: float64
timesteps                   1.782579e+07
wall_time                   1.234483e+05
num_episodes                4.524500e+04
max_episode_rewards         1.000000e+01
mean_episode_rewards        4.250000e+00
min_episode_rewards         0.000000e+00
max_episode_len             5.000000e+02
mean_episode_len            3.136250e+02
min_episode_len             0.000000e+00
mean_timeouts               0.000000e+00
val_max_episode_rewards     1.000000e+01
val_mean_episode_rewards    2.500000e-01
val_min_episode_rewards     0.000000e+00
val_max_episode_len         5.000000e+02
val_mean_episode_len        4.969500e+02
val_min_episode_len         0.000000e+00
val_mean_timeouts           0.000000e+00
Name: 271, dtype: float64
timesteps                   1.789133e+07
wall_time                   1.239074e+05
num_episodes                4.541500e+04
max_episode_rewards         1.000000e+01
mean_episode_rewards        2.750000e+00
min_episode_rewards         0.000000e+00
max_episode_len             5.000000e+02
mean_episode_len            3.830750e+02
min_episode_len             0.000000e+00
mean_timeouts               0.000000e+00
val_max_episode_rewards     0.000000e+00
val_mean_episode_rewards    0.000000e+00
val_min_episode_rewards     0.000000e+00
val_max_episode_len         5.000000e+02
val_mean_episode_len        5.000000e+02
val_min_episode_len         0.000000e+00
val_mean_timeouts           0.000000e+00
Name: 272, dtype: float64
timesteps                   1.795686e+07
wall_time                   1.243784e+05
num_episodes                4.559900e+04
max_episode_rewards         1.000000e+01
mean_episode_rewards        2.250000e+00
min_episode_rewards         0.000000e+00
max_episode_len             5.000000e+02
mean_episode_len            4.047000e+02
min_episode_len             0.000000e+00
mean_timeouts               0.000000e+00
val_max_episode_rewards     1.000000e+01
val_mean_episode_rewards    2.500000e-01
val_min_episode_rewards     0.000000e+00
val_max_episode_len         5.000000e+02
val_mean_episode_len        4.984000e+02
val_min_episode_len         0.000000e+00
val_mean_timeouts           0.000000e+00
Name: 273, dtype: float64
timesteps                   1.802240e+07
wall_time                   1.248626e+05
num_episodes                4.577500e+04
max_episode_rewards         1.000000e+01
mean_episode_rewards        3.750000e+00
min_episode_rewards         0.000000e+00
max_episode_len             5.000000e+02
mean_episode_len            3.368250e+02
min_episode_len             0.000000e+00
mean_timeouts               0.000000e+00
val_max_episode_rewards     0.000000e+00
val_mean_episode_rewards    0.000000e+00
val_min_episode_rewards     0.000000e+00
val_max_episode_len         5.000000e+02
val_mean_episode_len        5.000000e+02
val_min_episode_len         0.000000e+00
val_mean_timeouts           2.500000e-02
Name: 274, dtype: float64
timesteps                   1.808794e+07
wall_time                   1.253232e+05
num_episodes                4.598600e+04
max_episode_rewards         1.000000e+01
mean_episode_rewards        4.000000e+00
min_episode_rewards         0.000000e+00
max_episode_len             5.000000e+02
mean_episode_len            3.159250e+02
min_episode_len             0.000000e+00
mean_timeouts               0.000000e+00
val_max_episode_rewards     0.000000e+00
val_mean_episode_rewards    0.000000e+00
val_min_episode_rewards     0.000000e+00
val_max_episode_len         5.000000e+02
val_mean_episode_len        5.000000e+02
val_min_episode_len         0.000000e+00
val_mean_timeouts           0.000000e+00
Name: 275, dtype: float64
timesteps                   1.815347e+07
wall_time                   1.257836e+05
num_episodes                4.614500e+04
max_episode_rewards         1.000000e+01
mean_episode_rewards        3.250000e+00
min_episode_rewards         0.000000e+00
max_episode_len             5.000000e+02
mean_episode_len            3.692750e+02
min_episode_len             0.000000e+00
mean_timeouts               2.500000e-02
val_max_episode_rewards     0.000000e+00
val_mean_episode_rewards    0.000000e+00
val_min_episode_rewards     0.000000e+00
val_max_episode_len         5.000000e+02
val_mean_episode_len        5.000000e+02
val_min_episode_len         0.000000e+00
val_mean_timeouts           0.000000e+00
Name: 276, dtype: float64
timesteps                   1.821901e+07
wall_time                   1.262440e+05
num_episodes                4.634900e+04
max_episode_rewards         1.000000e+01
mean_episode_rewards        3.750000e+00
min_episode_rewards         0.000000e+00
max_episode_len             5.000000e+02
mean_episode_len            3.493750e+02
min_episode_len             0.000000e+00
mean_timeouts               0.000000e+00
val_max_episode_rewards     0.000000e+00
val_mean_episode_rewards    0.000000e+00
val_min_episode_rewards     0.000000e+00
val_max_episode_len         5.000000e+02
val_mean_episode_len        5.000000e+02
val_min_episode_len         0.000000e+00
val_mean_timeouts           0.000000e+00
Name: 277, dtype: float64
timesteps                   1.828454e+07
wall_time                   1.267062e+05
num_episodes                4.650800e+04
max_episode_rewards         1.000000e+01
mean_episode_rewards        3.500000e+00
min_episode_rewards         0.000000e+00
max_episode_len             5.000000e+02
mean_episode_len            3.558750e+02
min_episode_len             0.000000e+00
mean_timeouts               0.000000e+00
val_max_episode_rewards     1.000000e+01
val_mean_episode_rewards    5.000000e-01
val_min_episode_rewards     0.000000e+00
val_max_episode_len         5.000000e+02
val_mean_episode_len        4.927000e+02
val_min_episode_len         0.000000e+00
val_mean_timeouts           0.000000e+00
Name: 278, dtype: float64
timesteps                   1.835008e+07
wall_time                   1.271751e+05
num_episodes                4.670300e+04
max_episode_rewards         1.000000e+01
mean_episode_rewards        4.000000e+00
min_episode_rewards         0.000000e+00
max_episode_len             5.000000e+02
mean_episode_len            3.383250e+02
min_episode_len             0.000000e+00
mean_timeouts               0.000000e+00
val_max_episode_rewards     0.000000e+00
val_mean_episode_rewards    0.000000e+00
val_min_episode_rewards     0.000000e+00
val_max_episode_len         5.000000e+02
val_mean_episode_len        5.000000e+02
val_min_episode_len         0.000000e+00
val_mean_timeouts           0.000000e+00
Name: 279, dtype: float64
timesteps                   1.841562e+07
wall_time                   1.276466e+05
num_episodes                4.686300e+04
max_episode_rewards         1.000000e+01
mean_episode_rewards        3.500000e+00
min_episode_rewards         0.000000e+00
max_episode_len             5.000000e+02
mean_episode_len            3.705250e+02
min_episode_len             0.000000e+00
mean_timeouts               0.000000e+00
val_max_episode_rewards     1.000000e+01
val_mean_episode_rewards    2.500000e-01
val_min_episode_rewards     0.000000e+00
val_max_episode_len         5.000000e+02
val_mean_episode_len        4.979000e+02
val_min_episode_len         0.000000e+00
val_mean_timeouts           0.000000e+00
Name: 280, dtype: float64
timesteps                   1.848115e+07
wall_time                   1.281190e+05
num_episodes                4.705300e+04
max_episode_rewards         1.000000e+01
mean_episode_rewards        4.250000e+00
min_episode_rewards         0.000000e+00
max_episode_len             5.000000e+02
mean_episode_len            3.268000e+02
min_episode_len             0.000000e+00
mean_timeouts               0.000000e+00
val_max_episode_rewards     0.000000e+00
val_mean_episode_rewards    0.000000e+00
val_min_episode_rewards     0.000000e+00
val_max_episode_len         5.000000e+02
val_mean_episode_len        5.000000e+02
val_min_episode_len         0.000000e+00
val_mean_timeouts           2.500000e-02
Name: 281, dtype: float64
timesteps                   1.854669e+07
wall_time                   1.285959e+05
num_episodes                4.722700e+04
max_episode_rewards         1.000000e+01
mean_episode_rewards        4.000000e+00
min_episode_rewards         0.000000e+00
max_episode_len             5.000000e+02
mean_episode_len            3.589500e+02
min_episode_len             0.000000e+00
mean_timeouts               0.000000e+00
val_max_episode_rewards     1.000000e+01
val_mean_episode_rewards    2.500000e-01
val_min_episode_rewards     0.000000e+00
val_max_episode_len         5.000000e+02
val_mean_episode_len        4.947000e+02
val_min_episode_len         0.000000e+00
val_mean_timeouts           0.000000e+00
Name: 282, dtype: float64
timesteps                   1.861222e+07
wall_time                   1.290635e+05
num_episodes                4.741300e+04
max_episode_rewards         1.000000e+01
mean_episode_rewards        2.250000e+00
min_episode_rewards         0.000000e+00
max_episode_len             5.000000e+02
mean_episode_len            4.162000e+02
min_episode_len             0.000000e+00
mean_timeouts               2.500000e-02
val_max_episode_rewards     0.000000e+00
val_mean_episode_rewards    0.000000e+00
val_min_episode_rewards     0.000000e+00
val_max_episode_len         5.000000e+02
val_mean_episode_len        5.000000e+02
val_min_episode_len         0.000000e+00
val_mean_timeouts           0.000000e+00
Name: 283, dtype: float64
timesteps                   1.867776e+07
wall_time                   1.295253e+05
num_episodes                4.758500e+04
max_episode_rewards         1.000000e+01
mean_episode_rewards        5.000000e+00
min_episode_rewards         0.000000e+00
max_episode_len             5.000000e+02
mean_episode_len            3.087750e+02
min_episode_len             0.000000e+00
mean_timeouts               2.500000e-02
val_max_episode_rewards     0.000000e+00
val_mean_episode_rewards    0.000000e+00
val_min_episode_rewards     0.000000e+00
val_max_episode_len         5.000000e+02
val_mean_episode_len        5.000000e+02
val_min_episode_len         0.000000e+00
val_mean_timeouts           0.000000e+00
Name: 284, dtype: float64
timesteps                   1.874330e+07
wall_time                   1.299959e+05
num_episodes                4.776600e+04
max_episode_rewards         1.000000e+01
mean_episode_rewards        2.500000e+00
min_episode_rewards         0.000000e+00
max_episode_len             5.000000e+02
mean_episode_len            3.938000e+02
min_episode_len             0.000000e+00
mean_timeouts               0.000000e+00
val_max_episode_rewards     0.000000e+00
val_mean_episode_rewards    0.000000e+00
val_min_episode_rewards     0.000000e+00
val_max_episode_len         5.000000e+02
val_mean_episode_len        5.000000e+02
val_min_episode_len         0.000000e+00
val_mean_timeouts           0.000000e+00
Name: 285, dtype: float64
timesteps                   1.880883e+07
wall_time                   1.304663e+05
num_episodes                4.794800e+04
max_episode_rewards         1.000000e+01
mean_episode_rewards        4.250000e+00
min_episode_rewards         0.000000e+00
max_episode_len             5.000000e+02
mean_episode_len            3.352500e+02
min_episode_len             0.000000e+00
mean_timeouts               0.000000e+00
val_max_episode_rewards     0.000000e+00
val_mean_episode_rewards    0.000000e+00
val_min_episode_rewards     0.000000e+00
val_max_episode_len         5.000000e+02
val_mean_episode_len        5.000000e+02
val_min_episode_len         0.000000e+00
val_mean_timeouts           0.000000e+00
Name: 286, dtype: float64
timesteps                   1.887437e+07
wall_time                   1.309187e+05
num_episodes                4.812700e+04
max_episode_rewards         1.000000e+01
mean_episode_rewards        3.250000e+00
min_episode_rewards         0.000000e+00
max_episode_len             5.000000e+02
mean_episode_len            3.571000e+02
min_episode_len             0.000000e+00
mean_timeouts               0.000000e+00
val_max_episode_rewards     0.000000e+00
val_mean_episode_rewards    0.000000e+00
val_min_episode_rewards     0.000000e+00
val_max_episode_len         5.000000e+02
val_mean_episode_len        5.000000e+02
val_min_episode_len         0.000000e+00
val_mean_timeouts           0.000000e+00
Name: 287, dtype: float64
timesteps                   1.893990e+07
wall_time                   1.313759e+05
num_episodes                4.831300e+04
max_episode_rewards         1.000000e+01
mean_episode_rewards        4.250000e+00
min_episode_rewards         0.000000e+00
max_episode_len             5.000000e+02
mean_episode_len            3.105250e+02
min_episode_len             0.000000e+00
mean_timeouts               0.000000e+00
val_max_episode_rewards     0.000000e+00
val_mean_episode_rewards    0.000000e+00
val_min_episode_rewards     0.000000e+00
val_max_episode_len         5.000000e+02
val_mean_episode_len        5.000000e+02
val_min_episode_len         0.000000e+00
val_mean_timeouts           0.000000e+00
Name: 288, dtype: float64
timesteps                   1.900544e+07
wall_time                   1.318443e+05
num_episodes                4.848100e+04
max_episode_rewards         1.000000e+01
mean_episode_rewards        3.250000e+00
min_episode_rewards         0.000000e+00
max_episode_len             5.000000e+02
mean_episode_len            3.788750e+02
min_episode_len             0.000000e+00
mean_timeouts               2.500000e-02
val_max_episode_rewards     0.000000e+00
val_mean_episode_rewards    0.000000e+00
val_min_episode_rewards     0.000000e+00
val_max_episode_len         5.000000e+02
val_mean_episode_len        5.000000e+02
val_min_episode_len         0.000000e+00
val_mean_timeouts           0.000000e+00
Name: 289, dtype: float64
timesteps                   1.907098e+07
wall_time                   1.323127e+05
num_episodes                4.865000e+04
max_episode_rewards         1.000000e+01
mean_episode_rewards        2.250000e+00
min_episode_rewards         0.000000e+00
max_episode_len             5.000000e+02
mean_episode_len            4.173250e+02
min_episode_len             0.000000e+00
mean_timeouts               0.000000e+00
val_max_episode_rewards     0.000000e+00
val_mean_episode_rewards    0.000000e+00
val_min_episode_rewards     0.000000e+00
val_max_episode_len         5.000000e+02
val_mean_episode_len        5.000000e+02
val_min_episode_len         0.000000e+00
val_mean_timeouts           0.000000e+00
Name: 290, dtype: float64
timesteps                   1.913651e+07
wall_time                   1.327937e+05
num_episodes                4.882800e+04
max_episode_rewards         1.000000e+01
mean_episode_rewards        3.750000e+00
min_episode_rewards         0.000000e+00
max_episode_len             5.000000e+02
mean_episode_len            3.505000e+02
min_episode_len             0.000000e+00
mean_timeouts               0.000000e+00
val_max_episode_rewards     1.000000e+01
val_mean_episode_rewards    5.000000e-01
val_min_episode_rewards     0.000000e+00
val_max_episode_len         5.000000e+02
val_mean_episode_len        4.968500e+02
val_min_episode_len         0.000000e+00
val_mean_timeouts           0.000000e+00
Name: 291, dtype: float64
timesteps                   1.920205e+07
wall_time                   1.332688e+05
num_episodes                4.899700e+04
max_episode_rewards         1.000000e+01
mean_episode_rewards        2.750000e+00
min_episode_rewards         0.000000e+00
max_episode_len             5.000000e+02
mean_episode_len            3.751250e+02
min_episode_len             0.000000e+00
mean_timeouts               0.000000e+00
val_max_episode_rewards     0.000000e+00
val_mean_episode_rewards    0.000000e+00
val_min_episode_rewards     0.000000e+00
val_max_episode_len         5.000000e+02
val_mean_episode_len        5.000000e+02
val_min_episode_len         0.000000e+00
val_mean_timeouts           0.000000e+00
Name: 292, dtype: float64
timesteps                   1.926758e+07
wall_time                   1.337395e+05
num_episodes                4.919300e+04
max_episode_rewards         1.000000e+01
mean_episode_rewards        5.000000e+00
min_episode_rewards         0.000000e+00
max_episode_len             5.000000e+02
mean_episode_len            2.891000e+02
min_episode_len             0.000000e+00
mean_timeouts               0.000000e+00
val_max_episode_rewards     1.000000e+01
val_mean_episode_rewards    2.500000e-01
val_min_episode_rewards     0.000000e+00
val_max_episode_len         5.000000e+02
val_mean_episode_len        4.877500e+02
val_min_episode_len         0.000000e+00
val_mean_timeouts           0.000000e+00
Name: 293, dtype: float64
timesteps                   1.933312e+07
wall_time                   1.342013e+05
num_episodes                4.938100e+04
max_episode_rewards         1.000000e+01
mean_episode_rewards        4.250000e+00
min_episode_rewards         0.000000e+00
max_episode_len             5.000000e+02
mean_episode_len            3.234750e+02
min_episode_len             0.000000e+00
mean_timeouts               0.000000e+00
val_max_episode_rewards     1.000000e+01
val_mean_episode_rewards    2.500000e-01
val_min_episode_rewards     0.000000e+00
val_max_episode_len         5.000000e+02
val_mean_episode_len        4.941500e+02
val_min_episode_len         0.000000e+00
val_mean_timeouts           0.000000e+00
Name: 294, dtype: float64
timesteps                   1.939866e+07
wall_time                   1.346568e+05
num_episodes                4.957100e+04
max_episode_rewards         1.000000e+01
mean_episode_rewards        2.000000e+00
min_episode_rewards         0.000000e+00
max_episode_len             5.000000e+02
mean_episode_len            4.177500e+02
min_episode_len             0.000000e+00
mean_timeouts               0.000000e+00
val_max_episode_rewards     0.000000e+00
val_mean_episode_rewards    0.000000e+00
val_min_episode_rewards     0.000000e+00
val_max_episode_len         5.000000e+02
val_mean_episode_len        5.000000e+02
val_min_episode_len         0.000000e+00
val_mean_timeouts           0.000000e+00
Name: 295, dtype: float64
timesteps                   1.946419e+07
wall_time                   1.351088e+05
num_episodes                4.974400e+04
max_episode_rewards         1.000000e+01
mean_episode_rewards        4.000000e+00
min_episode_rewards         0.000000e+00
max_episode_len             5.000000e+02
mean_episode_len            3.373500e+02
min_episode_len             0.000000e+00
mean_timeouts               0.000000e+00
val_max_episode_rewards     0.000000e+00
val_mean_episode_rewards    0.000000e+00
val_min_episode_rewards     0.000000e+00
val_max_episode_len         5.000000e+02
val_mean_episode_len        5.000000e+02
val_min_episode_len         0.000000e+00
val_mean_timeouts           0.000000e+00
Name: 296, dtype: float64
timesteps                   1.952973e+07
wall_time                   1.355651e+05
num_episodes                4.996100e+04
max_episode_rewards         1.000000e+01
mean_episode_rewards        4.000000e+00
min_episode_rewards         0.000000e+00
max_episode_len             5.000000e+02
mean_episode_len            3.188250e+02
min_episode_len             0.000000e+00
mean_timeouts               0.000000e+00
val_max_episode_rewards     1.000000e+01
val_mean_episode_rewards    2.500000e-01
val_min_episode_rewards     0.000000e+00
val_max_episode_len         5.000000e+02
val_mean_episode_len        4.957000e+02
val_min_episode_len         0.000000e+00
val_mean_timeouts           0.000000e+00
Name: 297, dtype: float64
timesteps                   1.959526e+07
wall_time                   1.360467e+05
num_episodes                5.011100e+04
max_episode_rewards         1.000000e+01
mean_episode_rewards        2.250000e+00
min_episode_rewards         0.000000e+00
max_episode_len             5.000000e+02
mean_episode_len            3.996500e+02
min_episode_len             0.000000e+00
mean_timeouts               0.000000e+00
val_max_episode_rewards     0.000000e+00
val_mean_episode_rewards    0.000000e+00
val_min_episode_rewards     0.000000e+00
val_max_episode_len         5.000000e+02
val_mean_episode_len        5.000000e+02
val_min_episode_len         0.000000e+00
val_mean_timeouts           0.000000e+00
Name: 298, dtype: float64
timesteps                   1.966080e+07
wall_time                   1.365278e+05
num_episodes                5.031800e+04
max_episode_rewards         1.000000e+01
mean_episode_rewards        2.250000e+00
min_episode_rewards         0.000000e+00
max_episode_len             5.000000e+02
mean_episode_len            4.140750e+02
min_episode_len             0.000000e+00
mean_timeouts               0.000000e+00
val_max_episode_rewards     0.000000e+00
val_mean_episode_rewards    0.000000e+00
val_min_episode_rewards     0.000000e+00
val_max_episode_len         5.000000e+02
val_mean_episode_len        5.000000e+02
val_min_episode_len         0.000000e+00
val_mean_timeouts           0.000000e+00
Name: 299, dtype: float64
timesteps                   1.972634e+07
wall_time                   1.369991e+05
num_episodes                5.048800e+04
max_episode_rewards         1.000000e+01
mean_episode_rewards        3.000000e+00
min_episode_rewards         0.000000e+00
max_episode_len             5.000000e+02
mean_episode_len            3.877750e+02
min_episode_len             0.000000e+00
mean_timeouts               0.000000e+00
val_max_episode_rewards     0.000000e+00
val_mean_episode_rewards    0.000000e+00
val_min_episode_rewards     0.000000e+00
val_max_episode_len         5.000000e+02
val_mean_episode_len        5.000000e+02
val_min_episode_len         0.000000e+00
val_mean_timeouts           0.000000e+00
Name: 300, dtype: float64
timesteps                   1.979187e+07
wall_time                   1.374836e+05
num_episodes                5.069600e+04
max_episode_rewards         1.000000e+01
mean_episode_rewards        4.250000e+00
min_episode_rewards         0.000000e+00
max_episode_len             5.000000e+02
mean_episode_len            3.353750e+02
min_episode_len             0.000000e+00
mean_timeouts               2.500000e-02
val_max_episode_rewards     1.000000e+01
val_mean_episode_rewards    2.500000e-01
val_min_episode_rewards     0.000000e+00
val_max_episode_len         5.000000e+02
val_mean_episode_len        4.939000e+02
val_min_episode_len         0.000000e+00
val_mean_timeouts           0.000000e+00
Name: 301, dtype: float64
timesteps                   1.985741e+07
wall_time                   1.379546e+05
num_episodes                5.086200e+04
max_episode_rewards         1.000000e+01
mean_episode_rewards        3.250000e+00
min_episode_rewards         0.000000e+00
max_episode_len             5.000000e+02
mean_episode_len            3.588750e+02
min_episode_len             0.000000e+00
mean_timeouts               2.500000e-02
val_max_episode_rewards     0.000000e+00
val_mean_episode_rewards    0.000000e+00
val_min_episode_rewards     0.000000e+00
val_max_episode_len         5.000000e+02
val_mean_episode_len        5.000000e+02
val_min_episode_len         0.000000e+00
val_mean_timeouts           0.000000e+00
Name: 302, dtype: float64
timesteps                   1.992294e+07
wall_time                   1.384196e+05
num_episodes                5.108700e+04
max_episode_rewards         1.000000e+01
mean_episode_rewards        3.250000e+00
min_episode_rewards         0.000000e+00
max_episode_len             5.000000e+02
mean_episode_len            3.663750e+02
min_episode_len             0.000000e+00
mean_timeouts               0.000000e+00
val_max_episode_rewards     1.000000e+01
val_mean_episode_rewards    2.500000e-01
val_min_episode_rewards     0.000000e+00
val_max_episode_len         5.000000e+02
val_mean_episode_len        4.969500e+02
val_min_episode_len         0.000000e+00
val_mean_timeouts           0.000000e+00
Name: 303, dtype: float64
timesteps                   1.998848e+07
wall_time                   1.388861e+05
num_episodes                5.125500e+04
max_episode_rewards         1.000000e+01
mean_episode_rewards        3.750000e+00
min_episode_rewards         0.000000e+00
max_episode_len             5.000000e+02
mean_episode_len            3.431000e+02
min_episode_len             0.000000e+00
mean_timeouts               0.000000e+00
val_max_episode_rewards     0.000000e+00
val_mean_episode_rewards    0.000000e+00
val_min_episode_rewards     0.000000e+00
val_max_episode_len         5.000000e+02
val_mean_episode_len        5.000000e+02
val_min_episode_len         0.000000e+00
val_mean_timeouts           0.000000e+00
Name: 304, dtype: float64
timesteps                   2.005402e+07
wall_time                   1.393510e+05
num_episodes                5.144400e+04
max_episode_rewards         1.000000e+01
mean_episode_rewards        2.500000e+00
min_episode_rewards         0.000000e+00
max_episode_len             5.000000e+02
mean_episode_len            3.889500e+02
min_episode_len             0.000000e+00
mean_timeouts               0.000000e+00
val_max_episode_rewards     1.000000e+01
val_mean_episode_rewards    2.500000e-01
val_min_episode_rewards     0.000000e+00
val_max_episode_len         5.000000e+02
val_mean_episode_len        4.895500e+02
val_min_episode_len         0.000000e+00
val_mean_timeouts           2.500000e-02
Name: 305, dtype: float64
Saving model at timestep 20054017
timesteps                   2.011955e+07
wall_time                   1.398101e+05
num_episodes                5.160200e+04
max_episode_rewards         1.000000e+01
mean_episode_rewards        2.750000e+00
min_episode_rewards         0.000000e+00
max_episode_len             5.000000e+02
mean_episode_len            3.963000e+02
min_episode_len             0.000000e+00
mean_timeouts               2.500000e-02
val_max_episode_rewards     0.000000e+00
val_mean_episode_rewards    0.000000e+00
val_min_episode_rewards     0.000000e+00
val_max_episode_len         5.000000e+02
val_mean_episode_len        5.000000e+02
val_min_episode_len         0.000000e+00
val_mean_timeouts           0.000000e+00
Name: 306, dtype: float64
timesteps                   2.018509e+07
wall_time                   1.402778e+05
num_episodes                5.180100e+04
max_episode_rewards         1.000000e+01
mean_episode_rewards        4.500000e+00
min_episode_rewards         0.000000e+00
max_episode_len             5.000000e+02
mean_episode_len            3.166500e+02
min_episode_len             0.000000e+00
mean_timeouts               0.000000e+00
val_max_episode_rewards     0.000000e+00
val_mean_episode_rewards    0.000000e+00
val_min_episode_rewards     0.000000e+00
val_max_episode_len         5.000000e+02
val_mean_episode_len        5.000000e+02
val_min_episode_len         0.000000e+00
val_mean_timeouts           0.000000e+00
Name: 307, dtype: float64
timesteps                   2.025062e+07
wall_time                   1.407479e+05
num_episodes                5.197400e+04
max_episode_rewards         1.000000e+01
mean_episode_rewards        3.750000e+00
min_episode_rewards         0.000000e+00
max_episode_len             5.000000e+02
mean_episode_len            3.515250e+02
min_episode_len             0.000000e+00
mean_timeouts               0.000000e+00
val_max_episode_rewards     0.000000e+00
val_mean_episode_rewards    0.000000e+00
val_min_episode_rewards     0.000000e+00
val_max_episode_len         5.000000e+02
val_mean_episode_len        5.000000e+02
val_min_episode_len         0.000000e+00
val_mean_timeouts           0.000000e+00
Name: 308, dtype: float64
timesteps                   2.031616e+07
wall_time                   1.412055e+05
num_episodes                5.217000e+04
max_episode_rewards         1.000000e+01
mean_episode_rewards        2.250000e+00
min_episode_rewards         0.000000e+00
max_episode_len             5.000000e+02
mean_episode_len            4.111750e+02
min_episode_len             0.000000e+00
mean_timeouts               0.000000e+00
val_max_episode_rewards     0.000000e+00
val_mean_episode_rewards    0.000000e+00
val_min_episode_rewards     0.000000e+00
val_max_episode_len         5.000000e+02
val_mean_episode_len        5.000000e+02
val_min_episode_len         0.000000e+00
val_mean_timeouts           0.000000e+00
Name: 309, dtype: float64
timesteps                   2.038170e+07
wall_time                   1.416599e+05
num_episodes                5.233200e+04
max_episode_rewards         1.000000e+01
mean_episode_rewards        2.500000e+00
min_episode_rewards         0.000000e+00
max_episode_len             5.000000e+02
mean_episode_len            3.958750e+02
min_episode_len             0.000000e+00
mean_timeouts               0.000000e+00
val_max_episode_rewards     0.000000e+00
val_mean_episode_rewards    0.000000e+00
val_min_episode_rewards     0.000000e+00
val_max_episode_len         5.000000e+02
val_mean_episode_len        5.000000e+02
val_min_episode_len         0.000000e+00
val_mean_timeouts           0.000000e+00
Name: 310, dtype: float64
timesteps                   2.044723e+07
wall_time                   1.421235e+05
num_episodes                5.254200e+04
max_episode_rewards         1.000000e+01
mean_episode_rewards        5.000000e+00
min_episode_rewards         0.000000e+00
max_episode_len             5.000000e+02
mean_episode_len            2.866750e+02
min_episode_len             0.000000e+00
mean_timeouts               0.000000e+00
val_max_episode_rewards     0.000000e+00
val_mean_episode_rewards    0.000000e+00
val_min_episode_rewards     0.000000e+00
val_max_episode_len         5.000000e+02
val_mean_episode_len        5.000000e+02
val_min_episode_len         0.000000e+00
val_mean_timeouts           0.000000e+00
Name: 311, dtype: float64
timesteps                   2.051277e+07
wall_time                   1.425833e+05
num_episodes                5.272000e+04
max_episode_rewards         1.000000e+01
mean_episode_rewards        2.250000e+00
min_episode_rewards         0.000000e+00
max_episode_len             5.000000e+02
mean_episode_len            4.088500e+02
min_episode_len             0.000000e+00
mean_timeouts               5.000000e-02
val_max_episode_rewards     1.000000e+01
val_mean_episode_rewards    2.500000e-01
val_min_episode_rewards     0.000000e+00
val_max_episode_len         5.000000e+02
val_mean_episode_len        4.969000e+02
val_min_episode_len         0.000000e+00
val_mean_timeouts           0.000000e+00
Name: 312, dtype: float64
timesteps                   2.057830e+07
wall_time                   1.430345e+05
num_episodes                5.291300e+04
max_episode_rewards         1.000000e+01
mean_episode_rewards        4.250000e+00
min_episode_rewards         0.000000e+00
max_episode_len             5.000000e+02
mean_episode_len            3.208000e+02
min_episode_len             0.000000e+00
mean_timeouts               0.000000e+00
val_max_episode_rewards     0.000000e+00
val_mean_episode_rewards    0.000000e+00
val_min_episode_rewards     0.000000e+00
val_max_episode_len         5.000000e+02
val_mean_episode_len        5.000000e+02
val_min_episode_len         0.000000e+00
val_mean_timeouts           0.000000e+00
Name: 313, dtype: float64
timesteps                   2.064384e+07
wall_time                   1.434881e+05
num_episodes                5.309000e+04
max_episode_rewards         1.000000e+01
mean_episode_rewards        3.500000e+00
min_episode_rewards         0.000000e+00
max_episode_len             5.000000e+02
mean_episode_len            3.532250e+02
min_episode_len             0.000000e+00
mean_timeouts               2.500000e-02
val_max_episode_rewards     0.000000e+00
val_mean_episode_rewards    0.000000e+00
val_min_episode_rewards     0.000000e+00
val_max_episode_len         5.000000e+02
val_mean_episode_len        5.000000e+02
val_min_episode_len         0.000000e+00
val_mean_timeouts           0.000000e+00
Name: 314, dtype: float64
timesteps                   2.070938e+07
wall_time                   1.439394e+05
num_episodes                5.328600e+04
max_episode_rewards         1.000000e+01
mean_episode_rewards        3.500000e+00
min_episode_rewards         0.000000e+00
max_episode_len             5.000000e+02
mean_episode_len            3.618250e+02
min_episode_len             0.000000e+00
mean_timeouts               0.000000e+00
val_max_episode_rewards     0.000000e+00
val_mean_episode_rewards    0.000000e+00
val_min_episode_rewards     0.000000e+00
val_max_episode_len         5.000000e+02
val_mean_episode_len        5.000000e+02
val_min_episode_len         0.000000e+00
val_mean_timeouts           0.000000e+00
Name: 315, dtype: float64
timesteps                   2.077491e+07
wall_time                   1.444157e+05
num_episodes                5.347200e+04
max_episode_rewards         1.000000e+01
mean_episode_rewards        4.750000e+00
min_episode_rewards         0.000000e+00
max_episode_len             5.000000e+02
mean_episode_len            3.161000e+02
min_episode_len             0.000000e+00
mean_timeouts               0.000000e+00
val_max_episode_rewards     0.000000e+00
val_mean_episode_rewards    0.000000e+00
val_min_episode_rewards     0.000000e+00
val_max_episode_len         5.000000e+02
val_mean_episode_len        5.000000e+02
val_min_episode_len         0.000000e+00
val_mean_timeouts           0.000000e+00
Name: 316, dtype: float64
timesteps                   2.084045e+07
wall_time                   1.449046e+05
num_episodes                5.366800e+04
max_episode_rewards         1.000000e+01
mean_episode_rewards        4.000000e+00
min_episode_rewards         0.000000e+00
max_episode_len             5.000000e+02
mean_episode_len            3.257000e+02
min_episode_len             0.000000e+00
mean_timeouts               0.000000e+00
val_max_episode_rewards     0.000000e+00
val_mean_episode_rewards    0.000000e+00
val_min_episode_rewards     0.000000e+00
val_max_episode_len         5.000000e+02
val_mean_episode_len        5.000000e+02
val_min_episode_len         0.000000e+00
val_mean_timeouts           2.500000e-02
Name: 317, dtype: float64
timesteps                   2.090598e+07
wall_time                   1.453698e+05
num_episodes                5.385800e+04
max_episode_rewards         1.000000e+01
mean_episode_rewards        3.750000e+00
min_episode_rewards         0.000000e+00
max_episode_len             5.000000e+02
mean_episode_len            3.420250e+02
min_episode_len             0.000000e+00
mean_timeouts               0.000000e+00
val_max_episode_rewards     0.000000e+00
val_mean_episode_rewards    0.000000e+00
val_min_episode_rewards     0.000000e+00
val_max_episode_len         5.000000e+02
val_mean_episode_len        5.000000e+02
val_min_episode_len         0.000000e+00
val_mean_timeouts           0.000000e+00
Name: 318, dtype: float64
timesteps                   2.097152e+07
wall_time                   1.458250e+05
num_episodes                5.405400e+04
max_episode_rewards         1.000000e+01
mean_episode_rewards        3.000000e+00
min_episode_rewards         0.000000e+00
max_episode_len             5.000000e+02
mean_episode_len            3.770750e+02
min_episode_len             0.000000e+00
mean_timeouts               0.000000e+00
val_max_episode_rewards     1.000000e+01
val_mean_episode_rewards    2.500000e-01
val_min_episode_rewards     0.000000e+00
val_max_episode_len         5.000000e+02
val_mean_episode_len        4.918000e+02
val_min_episode_len         0.000000e+00
val_mean_timeouts           0.000000e+00
Name: 319, dtype: float64
timesteps                   2.103706e+07
wall_time                   1.463009e+05
num_episodes                5.423300e+04
max_episode_rewards         1.000000e+01
mean_episode_rewards        4.500000e+00
min_episode_rewards         0.000000e+00
max_episode_len             5.000000e+02
mean_episode_len            3.338000e+02
min_episode_len             0.000000e+00
mean_timeouts               0.000000e+00
val_max_episode_rewards     0.000000e+00
val_mean_episode_rewards    0.000000e+00
val_min_episode_rewards     0.000000e+00
val_max_episode_len         5.000000e+02
val_mean_episode_len        5.000000e+02
val_min_episode_len         0.000000e+00
val_mean_timeouts           0.000000e+00
Name: 320, dtype: float64
timesteps                   2.110259e+07
wall_time                   1.467786e+05
num_episodes                5.442000e+04
max_episode_rewards         1.000000e+01
mean_episode_rewards        3.500000e+00
min_episode_rewards         0.000000e+00
max_episode_len             5.000000e+02
mean_episode_len            3.421500e+02
min_episode_len             0.000000e+00
mean_timeouts               2.500000e-02
val_max_episode_rewards     1.000000e+01
val_mean_episode_rewards    2.500000e-01
val_min_episode_rewards     0.000000e+00
val_max_episode_len         5.000000e+02
val_mean_episode_len        4.941000e+02
val_min_episode_len         0.000000e+00
val_mean_timeouts           2.500000e-02
Name: 321, dtype: float64
timesteps                   2.116813e+07
wall_time                   1.472521e+05
num_episodes                5.459300e+04
max_episode_rewards         1.000000e+01
mean_episode_rewards        4.000000e+00
min_episode_rewards         0.000000e+00
max_episode_len             5.000000e+02
mean_episode_len            3.462000e+02
min_episode_len             0.000000e+00
mean_timeouts               0.000000e+00
val_max_episode_rewards     0.000000e+00
val_mean_episode_rewards    0.000000e+00
val_min_episode_rewards     0.000000e+00
val_max_episode_len         5.000000e+02
val_mean_episode_len        5.000000e+02
val_min_episode_len         0.000000e+00
val_mean_timeouts           0.000000e+00
Name: 322, dtype: float64
timesteps                   2.123366e+07
wall_time                   1.477173e+05
num_episodes                5.479500e+04
max_episode_rewards         1.000000e+01
mean_episode_rewards        4.250000e+00
min_episode_rewards         0.000000e+00
max_episode_len             5.000000e+02
mean_episode_len            3.381000e+02
min_episode_len             0.000000e+00
mean_timeouts               0.000000e+00
val_max_episode_rewards     0.000000e+00
val_mean_episode_rewards    0.000000e+00
val_min_episode_rewards     0.000000e+00
val_max_episode_len         5.000000e+02
val_mean_episode_len        5.000000e+02
val_min_episode_len         0.000000e+00
val_mean_timeouts           0.000000e+00
Name: 323, dtype: float64
timesteps                   2.129920e+07
wall_time                   1.481821e+05
num_episodes                5.495700e+04
max_episode_rewards         1.000000e+01
mean_episode_rewards        2.250000e+00
min_episode_rewards         0.000000e+00
max_episode_len             5.000000e+02
mean_episode_len            4.097500e+02
min_episode_len             0.000000e+00
mean_timeouts               0.000000e+00
val_max_episode_rewards     0.000000e+00
val_mean_episode_rewards    0.000000e+00
val_min_episode_rewards     0.000000e+00
val_max_episode_len         5.000000e+02
val_mean_episode_len        5.000000e+02
val_min_episode_len         0.000000e+00
val_mean_timeouts           0.000000e+00
Name: 324, dtype: float64
timesteps                   2.136474e+07
wall_time                   1.486540e+05
num_episodes                5.514800e+04
max_episode_rewards         1.000000e+01
mean_episode_rewards        2.750000e+00
min_episode_rewards         0.000000e+00
max_episode_len             5.000000e+02
mean_episode_len            3.763250e+02
min_episode_len             0.000000e+00
mean_timeouts               0.000000e+00
val_max_episode_rewards     1.000000e+01
val_mean_episode_rewards    2.500000e-01
val_min_episode_rewards     0.000000e+00
val_max_episode_len         5.000000e+02
val_mean_episode_len        4.944000e+02
val_min_episode_len         0.000000e+00
val_mean_timeouts           0.000000e+00
Name: 325, dtype: float64
timesteps                   2.143027e+07
wall_time                   1.491224e+05
num_episodes                5.531400e+04
max_episode_rewards         1.000000e+01
mean_episode_rewards        3.750000e+00
min_episode_rewards         0.000000e+00
max_episode_len             5.000000e+02
mean_episode_len            3.565000e+02
min_episode_len             0.000000e+00
mean_timeouts               2.500000e-02
val_max_episode_rewards     0.000000e+00
val_mean_episode_rewards    0.000000e+00
val_min_episode_rewards     0.000000e+00
val_max_episode_len         5.000000e+02
val_mean_episode_len        5.000000e+02
val_min_episode_len         0.000000e+00
val_mean_timeouts           0.000000e+00
Name: 326, dtype: float64
timesteps                   2.149581e+07
wall_time                   1.495884e+05
num_episodes                5.551200e+04
max_episode_rewards         1.000000e+01
mean_episode_rewards        4.000000e+00
min_episode_rewards         0.000000e+00
max_episode_len             5.000000e+02
mean_episode_len            3.547250e+02
min_episode_len             0.000000e+00
mean_timeouts               0.000000e+00
val_max_episode_rewards     0.000000e+00
val_mean_episode_rewards    0.000000e+00
val_min_episode_rewards     0.000000e+00
val_max_episode_len         5.000000e+02
val_mean_episode_len        5.000000e+02
val_min_episode_len         0.000000e+00
val_mean_timeouts           0.000000e+00
Name: 327, dtype: float64
timesteps                   2.156134e+07
wall_time                   1.500573e+05
num_episodes                5.569600e+04
max_episode_rewards         1.000000e+01
mean_episode_rewards        3.500000e+00
min_episode_rewards         0.000000e+00
max_episode_len             5.000000e+02
mean_episode_len            3.696750e+02
min_episode_len             0.000000e+00
mean_timeouts               0.000000e+00
val_max_episode_rewards     0.000000e+00
val_mean_episode_rewards    0.000000e+00
val_min_episode_rewards     0.000000e+00
val_max_episode_len         5.000000e+02
val_mean_episode_len        5.000000e+02
val_min_episode_len         0.000000e+00
val_mean_timeouts           0.000000e+00
Name: 328, dtype: float64
timesteps                   2.162688e+07
wall_time                   1.505195e+05
num_episodes                5.588800e+04
max_episode_rewards         1.000000e+01
mean_episode_rewards        3.500000e+00
min_episode_rewards         0.000000e+00
max_episode_len             5.000000e+02
mean_episode_len            3.503250e+02
min_episode_len             0.000000e+00
mean_timeouts               0.000000e+00
val_max_episode_rewards     0.000000e+00
val_mean_episode_rewards    0.000000e+00
val_min_episode_rewards     0.000000e+00
val_max_episode_len         5.000000e+02
val_mean_episode_len        5.000000e+02
val_min_episode_len         0.000000e+00
val_mean_timeouts           0.000000e+00
Name: 329, dtype: float64
timesteps                   2.169242e+07
wall_time                   1.509962e+05
num_episodes                5.606200e+04
max_episode_rewards         1.000000e+01
mean_episode_rewards        4.500000e+00
min_episode_rewards         0.000000e+00
max_episode_len             5.000000e+02
mean_episode_len            3.113000e+02
min_episode_len             0.000000e+00
mean_timeouts               0.000000e+00
val_max_episode_rewards     0.000000e+00
val_mean_episode_rewards    0.000000e+00
val_min_episode_rewards     0.000000e+00
val_max_episode_len         5.000000e+02
val_mean_episode_len        5.000000e+02
val_min_episode_len         0.000000e+00
val_mean_timeouts           0.000000e+00
Name: 330, dtype: float64
timesteps                   2.175795e+07
wall_time                   1.514654e+05
num_episodes                5.626200e+04
max_episode_rewards         1.000000e+01
mean_episode_rewards        4.750000e+00
min_episode_rewards         0.000000e+00
max_episode_len             5.000000e+02
mean_episode_len            3.180000e+02
min_episode_len             0.000000e+00
mean_timeouts               0.000000e+00
val_max_episode_rewards     0.000000e+00
val_mean_episode_rewards    0.000000e+00
val_min_episode_rewards     0.000000e+00
val_max_episode_len         5.000000e+02
val_mean_episode_len        5.000000e+02
val_min_episode_len         0.000000e+00
val_mean_timeouts           0.000000e+00
Name: 331, dtype: float64
timesteps                   2.182349e+07
wall_time                   1.519342e+05
num_episodes                5.642500e+04
max_episode_rewards         1.000000e+01
mean_episode_rewards        3.500000e+00
min_episode_rewards         0.000000e+00
max_episode_len             5.000000e+02
mean_episode_len            3.708250e+02
min_episode_len             0.000000e+00
mean_timeouts               2.500000e-02
val_max_episode_rewards     0.000000e+00
val_mean_episode_rewards    0.000000e+00
val_min_episode_rewards     0.000000e+00
val_max_episode_len         5.000000e+02
val_mean_episode_len        5.000000e+02
val_min_episode_len         0.000000e+00
val_mean_timeouts           0.000000e+00
Name: 332, dtype: float64
timesteps                   2.188902e+07
wall_time                   1.524110e+05
num_episodes                5.664100e+04
max_episode_rewards         1.000000e+01
mean_episode_rewards        5.500000e+00
min_episode_rewards         0.000000e+00
max_episode_len             5.000000e+02
mean_episode_len            2.484500e+02
min_episode_len             0.000000e+00
mean_timeouts               0.000000e+00
val_max_episode_rewards     1.000000e+01
val_mean_episode_rewards    2.500000e-01
val_min_episode_rewards     0.000000e+00
val_max_episode_len         5.000000e+02
val_mean_episode_len        4.950000e+02
val_min_episode_len         0.000000e+00
val_mean_timeouts           0.000000e+00
Name: 333, dtype: float64
timesteps                   2.195456e+07
wall_time                   1.528850e+05
num_episodes                5.681500e+04
max_episode_rewards         1.000000e+01
mean_episode_rewards        3.500000e+00
min_episode_rewards         0.000000e+00
max_episode_len             5.000000e+02
mean_episode_len            3.473000e+02
min_episode_len             0.000000e+00
mean_timeouts               0.000000e+00
val_max_episode_rewards     0.000000e+00
val_mean_episode_rewards    0.000000e+00
val_min_episode_rewards     0.000000e+00
val_max_episode_len         5.000000e+02
val_mean_episode_len        5.000000e+02
val_min_episode_len         0.000000e+00
val_mean_timeouts           0.000000e+00
Name: 334, dtype: float64
timesteps                   2.202010e+07
wall_time                   1.533456e+05
num_episodes                5.701400e+04
max_episode_rewards         1.000000e+01
mean_episode_rewards        3.000000e+00
min_episode_rewards         0.000000e+00
max_episode_len             5.000000e+02
mean_episode_len            3.695250e+02
min_episode_len             0.000000e+00
mean_timeouts               0.000000e+00
val_max_episode_rewards     0.000000e+00
val_mean_episode_rewards    0.000000e+00
val_min_episode_rewards     0.000000e+00
val_max_episode_len         5.000000e+02
val_mean_episode_len        5.000000e+02
val_min_episode_len         0.000000e+00
val_mean_timeouts           0.000000e+00
Name: 335, dtype: float64
timesteps                   2.208563e+07
wall_time                   1.538270e+05
num_episodes                5.719200e+04
max_episode_rewards         1.000000e+01
mean_episode_rewards        4.000000e+00
min_episode_rewards         0.000000e+00
max_episode_len             5.000000e+02
mean_episode_len            3.575000e+02
min_episode_len             0.000000e+00
mean_timeouts               0.000000e+00
val_max_episode_rewards     0.000000e+00
val_mean_episode_rewards    0.000000e+00
val_min_episode_rewards     0.000000e+00
val_max_episode_len         5.000000e+02
val_mean_episode_len        5.000000e+02
val_min_episode_len         0.000000e+00
val_mean_timeouts           2.500000e-02
Name: 336, dtype: float64
timesteps                   2.215117e+07
wall_time                   1.543103e+05
num_episodes                5.737200e+04
max_episode_rewards         1.000000e+01
mean_episode_rewards        3.500000e+00
min_episode_rewards         0.000000e+00
max_episode_len             5.000000e+02
mean_episode_len            3.464250e+02
min_episode_len             0.000000e+00
mean_timeouts               0.000000e+00
val_max_episode_rewards     0.000000e+00
val_mean_episode_rewards    0.000000e+00
val_min_episode_rewards     0.000000e+00
val_max_episode_len         5.000000e+02
val_mean_episode_len        5.000000e+02
val_min_episode_len         0.000000e+00
val_mean_timeouts           0.000000e+00
Name: 337, dtype: float64
timesteps                   2.221670e+07
wall_time                   1.548009e+05
num_episodes                5.756300e+04
max_episode_rewards         1.000000e+01
mean_episode_rewards        4.250000e+00
min_episode_rewards         0.000000e+00
max_episode_len             5.000000e+02
mean_episode_len            3.336250e+02
min_episode_len             0.000000e+00
mean_timeouts               0.000000e+00
val_max_episode_rewards     0.000000e+00
val_mean_episode_rewards    0.000000e+00
val_min_episode_rewards     0.000000e+00
val_max_episode_len         5.000000e+02
val_mean_episode_len        5.000000e+02
val_min_episode_len         0.000000e+00
val_mean_timeouts           0.000000e+00
Name: 338, dtype: float64
timesteps                   2.228224e+07
wall_time                   1.552895e+05
num_episodes                5.775200e+04
max_episode_rewards         1.000000e+01
mean_episode_rewards        4.750000e+00
min_episode_rewards         0.000000e+00
max_episode_len             5.000000e+02
mean_episode_len            3.108000e+02
min_episode_len             0.000000e+00
mean_timeouts               0.000000e+00
val_max_episode_rewards     0.000000e+00
val_mean_episode_rewards    0.000000e+00
val_min_episode_rewards     0.000000e+00
val_max_episode_len         5.000000e+02
val_mean_episode_len        5.000000e+02
val_min_episode_len         0.000000e+00
val_mean_timeouts           0.000000e+00
Name: 339, dtype: float64
timesteps                   2.234778e+07
wall_time                   1.557845e+05
num_episodes                5.795100e+04
max_episode_rewards         1.000000e+01
mean_episode_rewards        4.000000e+00
min_episode_rewards         0.000000e+00
max_episode_len             5.000000e+02
mean_episode_len            3.306250e+02
min_episode_len             0.000000e+00
mean_timeouts               2.500000e-02
val_max_episode_rewards     0.000000e+00
val_mean_episode_rewards    0.000000e+00
val_min_episode_rewards     0.000000e+00
val_max_episode_len         5.000000e+02
val_mean_episode_len        5.000000e+02
val_min_episode_len         0.000000e+00
val_mean_timeouts           2.500000e-02
Name: 340, dtype: float64
timesteps                   2.241331e+07
wall_time                   1.562627e+05
num_episodes                5.812800e+04
max_episode_rewards         1.000000e+01
mean_episode_rewards        3.500000e+00
min_episode_rewards         0.000000e+00
max_episode_len             5.000000e+02
mean_episode_len            3.385000e+02
min_episode_len             0.000000e+00
mean_timeouts               0.000000e+00
val_max_episode_rewards     0.000000e+00
val_mean_episode_rewards    0.000000e+00
val_min_episode_rewards     0.000000e+00
val_max_episode_len         5.000000e+02
val_mean_episode_len        5.000000e+02
val_min_episode_len         0.000000e+00
val_mean_timeouts           0.000000e+00
Name: 341, dtype: float64
timesteps                   2.247885e+07
wall_time                   1.567301e+05
num_episodes                5.831400e+04
max_episode_rewards         1.000000e+01
mean_episode_rewards        3.000000e+00
min_episode_rewards         0.000000e+00
max_episode_len             5.000000e+02
mean_episode_len            3.746250e+02
min_episode_len             0.000000e+00
mean_timeouts               0.000000e+00
val_max_episode_rewards     0.000000e+00
val_mean_episode_rewards    0.000000e+00
val_min_episode_rewards     0.000000e+00
val_max_episode_len         5.000000e+02
val_mean_episode_len        5.000000e+02
val_min_episode_len         0.000000e+00
val_mean_timeouts           0.000000e+00
Name: 342, dtype: float64
timesteps                   2.254438e+07
wall_time                   1.572067e+05
num_episodes                5.851900e+04
max_episode_rewards         1.000000e+01
mean_episode_rewards        4.250000e+00
min_episode_rewards         0.000000e+00
max_episode_len             5.000000e+02
mean_episode_len            3.096750e+02
min_episode_len             0.000000e+00
mean_timeouts               0.000000e+00
val_max_episode_rewards     0.000000e+00
val_mean_episode_rewards    0.000000e+00
val_min_episode_rewards     0.000000e+00
val_max_episode_len         5.000000e+02
val_mean_episode_len        5.000000e+02
val_min_episode_len         0.000000e+00
val_mean_timeouts           0.000000e+00
Name: 343, dtype: float64
timesteps                   2.260992e+07
wall_time                   1.576882e+05
num_episodes                5.870700e+04
max_episode_rewards         1.000000e+01
mean_episode_rewards        4.000000e+00
min_episode_rewards         0.000000e+00
max_episode_len             5.000000e+02
mean_episode_len            3.528500e+02
min_episode_len             0.000000e+00
mean_timeouts               0.000000e+00
val_max_episode_rewards     1.000000e+01
val_mean_episode_rewards    2.500000e-01
val_min_episode_rewards     0.000000e+00
val_max_episode_len         5.000000e+02
val_mean_episode_len        4.992500e+02
val_min_episode_len         0.000000e+00
val_mean_timeouts           0.000000e+00
Name: 344, dtype: float64
timesteps                   2.267546e+07
wall_time                   1.581583e+05
num_episodes                5.889600e+04
max_episode_rewards         1.000000e+01
mean_episode_rewards        2.000000e+00
min_episode_rewards         0.000000e+00
max_episode_len             5.000000e+02
mean_episode_len            4.117250e+02
min_episode_len             0.000000e+00
mean_timeouts               0.000000e+00
val_max_episode_rewards     0.000000e+00
val_mean_episode_rewards    0.000000e+00
val_min_episode_rewards     0.000000e+00
val_max_episode_len         5.000000e+02
val_mean_episode_len        5.000000e+02
val_min_episode_len         0.000000e+00
val_mean_timeouts           0.000000e+00
Name: 345, dtype: float64
timesteps                   2.274099e+07
wall_time                   1.586186e+05
num_episodes                5.910900e+04
max_episode_rewards         1.000000e+01
mean_episode_rewards        5.000000e+00
min_episode_rewards         0.000000e+00
max_episode_len             5.000000e+02
mean_episode_len            3.001250e+02
min_episode_len             0.000000e+00
mean_timeouts               0.000000e+00
val_max_episode_rewards     1.000000e+01
val_mean_episode_rewards    2.500000e-01
val_min_episode_rewards     0.000000e+00
val_max_episode_len         5.000000e+02
val_mean_episode_len        4.878000e+02
val_min_episode_len         0.000000e+00
val_mean_timeouts           2.500000e-02
Name: 346, dtype: float64
timesteps                   2.280653e+07
wall_time                   1.590916e+05
num_episodes                5.930500e+04
max_episode_rewards         1.000000e+01
mean_episode_rewards        5.250000e+00
min_episode_rewards         0.000000e+00
max_episode_len             5.000000e+02
mean_episode_len            2.782750e+02
min_episode_len             0.000000e+00
mean_timeouts               0.000000e+00
val_max_episode_rewards     0.000000e+00
val_mean_episode_rewards    0.000000e+00
val_min_episode_rewards     0.000000e+00
val_max_episode_len         5.000000e+02
val_mean_episode_len        5.000000e+02
val_min_episode_len         0.000000e+00
val_mean_timeouts           2.500000e-02
Name: 347, dtype: float64
timesteps                   2.287206e+07
wall_time                   1.595655e+05
num_episodes                5.950000e+04
max_episode_rewards         1.000000e+01
mean_episode_rewards        4.000000e+00
min_episode_rewards         0.000000e+00
max_episode_len             5.000000e+02
mean_episode_len            3.279250e+02
min_episode_len             0.000000e+00
mean_timeouts               0.000000e+00
val_max_episode_rewards     0.000000e+00
val_mean_episode_rewards    0.000000e+00
val_min_episode_rewards     0.000000e+00
val_max_episode_len         5.000000e+02
val_mean_episode_len        5.000000e+02
val_min_episode_len         0.000000e+00
val_mean_timeouts           0.000000e+00
Name: 348, dtype: float64
timesteps                   2.293760e+07
wall_time                   1.600291e+05
num_episodes                5.969600e+04
max_episode_rewards         1.000000e+01
mean_episode_rewards        3.750000e+00
min_episode_rewards         0.000000e+00
max_episode_len             5.000000e+02
mean_episode_len            3.353750e+02
min_episode_len             0.000000e+00
mean_timeouts               2.500000e-02
val_max_episode_rewards     0.000000e+00
val_mean_episode_rewards    0.000000e+00
val_min_episode_rewards     0.000000e+00
val_max_episode_len         5.000000e+02
val_mean_episode_len        5.000000e+02
val_min_episode_len         0.000000e+00
val_mean_timeouts           0.000000e+00
Name: 349, dtype: float64
timesteps                   2.300314e+07
wall_time                   1.604929e+05
num_episodes                5.990100e+04
max_episode_rewards         1.000000e+01
mean_episode_rewards        4.000000e+00
min_episode_rewards         0.000000e+00
max_episode_len             5.000000e+02
mean_episode_len            3.435000e+02
min_episode_len             0.000000e+00
mean_timeouts               0.000000e+00
val_max_episode_rewards     0.000000e+00
val_mean_episode_rewards    0.000000e+00
val_min_episode_rewards     0.000000e+00
val_max_episode_len         5.000000e+02
val_mean_episode_len        5.000000e+02
val_min_episode_len         0.000000e+00
val_mean_timeouts           2.500000e-02
Name: 350, dtype: float64
timesteps                   2.306867e+07
wall_time                   1.609676e+05
num_episodes                6.008900e+04
max_episode_rewards         1.000000e+01
mean_episode_rewards        5.000000e+00
min_episode_rewards         0.000000e+00
max_episode_len             5.000000e+02
mean_episode_len            2.977750e+02
min_episode_len             0.000000e+00
mean_timeouts               0.000000e+00
val_max_episode_rewards     1.000000e+01
val_mean_episode_rewards    2.500000e-01
val_min_episode_rewards     0.000000e+00
val_max_episode_len         5.000000e+02
val_mean_episode_len        4.949500e+02
val_min_episode_len         0.000000e+00
val_mean_timeouts           0.000000e+00
Name: 351, dtype: float64
timesteps                   2.313421e+07
wall_time                   1.614439e+05
num_episodes                6.028000e+04
max_episode_rewards         1.000000e+01
mean_episode_rewards        4.500000e+00
min_episode_rewards         0.000000e+00
max_episode_len             5.000000e+02
mean_episode_len            3.001500e+02
min_episode_len             0.000000e+00
mean_timeouts               0.000000e+00
val_max_episode_rewards     0.000000e+00
val_mean_episode_rewards    0.000000e+00
val_min_episode_rewards     0.000000e+00
val_max_episode_len         5.000000e+02
val_mean_episode_len        5.000000e+02
val_min_episode_len         0.000000e+00
val_mean_timeouts           0.000000e+00
Name: 352, dtype: float64
timesteps                   2.319974e+07
wall_time                   1.619202e+05
num_episodes                6.047900e+04
max_episode_rewards         1.000000e+01
mean_episode_rewards        3.000000e+00
min_episode_rewards         0.000000e+00
max_episode_len             5.000000e+02
mean_episode_len            3.923000e+02
min_episode_len             0.000000e+00
mean_timeouts               0.000000e+00
val_max_episode_rewards     1.000000e+01
val_mean_episode_rewards    2.500000e-01
val_min_episode_rewards     0.000000e+00
val_max_episode_len         5.000000e+02
val_mean_episode_len        4.923000e+02
val_min_episode_len         0.000000e+00
val_mean_timeouts           0.000000e+00
Name: 353, dtype: float64
timesteps                   2.326528e+07
wall_time                   1.624061e+05
num_episodes                6.064900e+04
max_episode_rewards         1.000000e+01
mean_episode_rewards        4.250000e+00
min_episode_rewards         0.000000e+00
max_episode_len             5.000000e+02
mean_episode_len            3.266250e+02
min_episode_len             0.000000e+00
mean_timeouts               0.000000e+00
val_max_episode_rewards     1.000000e+01
val_mean_episode_rewards    5.000000e-01
val_min_episode_rewards     0.000000e+00
val_max_episode_len         5.000000e+02
val_mean_episode_len        4.900000e+02
val_min_episode_len         0.000000e+00
val_mean_timeouts           0.000000e+00
Name: 354, dtype: float64
timesteps                   2.333082e+07
wall_time                   1.628900e+05
num_episodes                6.085900e+04
max_episode_rewards         1.000000e+01
mean_episode_rewards        5.500000e+00
min_episode_rewards         0.000000e+00
max_episode_len             5.000000e+02
mean_episode_len            2.773250e+02
min_episode_len             0.000000e+00
mean_timeouts               0.000000e+00
val_max_episode_rewards     1.000000e+01
val_mean_episode_rewards    2.500000e-01
val_min_episode_rewards     0.000000e+00
val_max_episode_len         5.000000e+02
val_mean_episode_len        4.971000e+02
val_min_episode_len         0.000000e+00
val_mean_timeouts           0.000000e+00
Name: 355, dtype: float64
timesteps                   2.339635e+07
wall_time                   1.633660e+05
num_episodes                6.104400e+04
max_episode_rewards         1.000000e+01
mean_episode_rewards        4.000000e+00
min_episode_rewards         0.000000e+00
max_episode_len             5.000000e+02
mean_episode_len            3.249000e+02
min_episode_len             0.000000e+00
mean_timeouts               0.000000e+00
val_max_episode_rewards     1.000000e+01
val_mean_episode_rewards    2.500000e-01
val_min_episode_rewards     0.000000e+00
val_max_episode_len         5.000000e+02
val_mean_episode_len        4.909500e+02
val_min_episode_len         0.000000e+00
val_mean_timeouts           0.000000e+00
Name: 356, dtype: float64
timesteps                   2.346189e+07
wall_time                   1.638237e+05
num_episodes                6.126900e+04
max_episode_rewards         1.000000e+01
mean_episode_rewards        4.000000e+00
min_episode_rewards         0.000000e+00
max_episode_len             5.000000e+02
mean_episode_len            3.494750e+02
min_episode_len             0.000000e+00
mean_timeouts               2.500000e-02
val_max_episode_rewards     1.000000e+01
val_mean_episode_rewards    2.500000e-01
val_min_episode_rewards     0.000000e+00
val_max_episode_len         5.000000e+02
val_mean_episode_len        4.996500e+02
val_min_episode_len         0.000000e+00
val_mean_timeouts           0.000000e+00
Name: 357, dtype: float64
timesteps                   2.352742e+07
wall_time                   1.642970e+05
num_episodes                6.145100e+04
max_episode_rewards         1.000000e+01
mean_episode_rewards        4.250000e+00
min_episode_rewards         0.000000e+00
max_episode_len             5.000000e+02
mean_episode_len            3.039500e+02
min_episode_len             0.000000e+00
mean_timeouts               0.000000e+00
val_max_episode_rewards     0.000000e+00
val_mean_episode_rewards    0.000000e+00
val_min_episode_rewards     0.000000e+00
val_max_episode_len         5.000000e+02
val_mean_episode_len        5.000000e+02
val_min_episode_len         0.000000e+00
val_mean_timeouts           0.000000e+00
Name: 358, dtype: float64
timesteps                   2.359296e+07
wall_time                   1.647948e+05
num_episodes                6.167100e+04
max_episode_rewards         1.000000e+01
mean_episode_rewards        4.750000e+00
min_episode_rewards         0.000000e+00
max_episode_len             5.000000e+02
mean_episode_len            2.836750e+02
min_episode_len             0.000000e+00
mean_timeouts               0.000000e+00
val_max_episode_rewards     1.000000e+01
val_mean_episode_rewards    2.500000e-01
val_min_episode_rewards     0.000000e+00
val_max_episode_len         5.000000e+02
val_mean_episode_len        4.881000e+02
val_min_episode_len         0.000000e+00
val_mean_timeouts           0.000000e+00
Name: 359, dtype: float64
timesteps                   2.365850e+07
wall_time                   1.652802e+05
num_episodes                6.185900e+04
max_episode_rewards         1.000000e+01
mean_episode_rewards        4.000000e+00
min_episode_rewards         0.000000e+00
max_episode_len             5.000000e+02
mean_episode_len            3.147750e+02
min_episode_len             0.000000e+00
mean_timeouts               0.000000e+00
val_max_episode_rewards     0.000000e+00
val_mean_episode_rewards    0.000000e+00
val_min_episode_rewards     0.000000e+00
val_max_episode_len         5.000000e+02
val_mean_episode_len        5.000000e+02
val_min_episode_len         0.000000e+00
val_mean_timeouts           0.000000e+00
Name: 360, dtype: float64
timesteps                   2.372403e+07
wall_time                   1.657592e+05
num_episodes                6.208100e+04
max_episode_rewards         1.000000e+01
mean_episode_rewards        3.250000e+00
min_episode_rewards         0.000000e+00
max_episode_len             5.000000e+02
mean_episode_len            3.536500e+02
min_episode_len             0.000000e+00
mean_timeouts               0.000000e+00
val_max_episode_rewards     1.000000e+01
val_mean_episode_rewards    2.500000e-01
val_min_episode_rewards     0.000000e+00
val_max_episode_len         5.000000e+02
val_mean_episode_len        4.877000e+02
val_min_episode_len         0.000000e+00
val_mean_timeouts           2.500000e-02
Name: 361, dtype: float64
timesteps                   2.378957e+07
wall_time                   1.662422e+05
num_episodes                6.227200e+04
max_episode_rewards         1.000000e+01
mean_episode_rewards        3.750000e+00
min_episode_rewards         0.000000e+00
max_episode_len             5.000000e+02
mean_episode_len            3.345250e+02
min_episode_len             0.000000e+00
mean_timeouts               0.000000e+00
val_max_episode_rewards     1.000000e+01
val_mean_episode_rewards    5.000000e-01
val_min_episode_rewards     0.000000e+00
val_max_episode_len         5.000000e+02
val_mean_episode_len        4.870500e+02
val_min_episode_len         0.000000e+00
val_mean_timeouts           0.000000e+00
Name: 362, dtype: float64
timesteps                   2.385510e+07
wall_time                   1.667258e+05
num_episodes                6.246200e+04
max_episode_rewards         1.000000e+01
mean_episode_rewards        2.750000e+00
min_episode_rewards         0.000000e+00
max_episode_len             5.000000e+02
mean_episode_len            3.794750e+02
min_episode_len             0.000000e+00
mean_timeouts               0.000000e+00
val_max_episode_rewards     0.000000e+00
val_mean_episode_rewards    0.000000e+00
val_min_episode_rewards     0.000000e+00
val_max_episode_len         5.000000e+02
val_mean_episode_len        5.000000e+02
val_min_episode_len         0.000000e+00
val_mean_timeouts           2.500000e-02
Name: 363, dtype: float64
timesteps                   2.392064e+07
wall_time                   1.671943e+05
num_episodes                6.264800e+04
max_episode_rewards         1.000000e+01
mean_episode_rewards        4.750000e+00
min_episode_rewards         0.000000e+00
max_episode_len             5.000000e+02
mean_episode_len            3.004250e+02
min_episode_len             0.000000e+00
mean_timeouts               0.000000e+00
val_max_episode_rewards     0.000000e+00
val_mean_episode_rewards    0.000000e+00
val_min_episode_rewards     0.000000e+00
val_max_episode_len         5.000000e+02
val_mean_episode_len        5.000000e+02
val_min_episode_len         0.000000e+00
val_mean_timeouts           0.000000e+00
Name: 364, dtype: float64
timesteps                   2.398618e+07
wall_time                   1.676797e+05
num_episodes                6.283700e+04
max_episode_rewards         1.000000e+01
mean_episode_rewards        4.000000e+00
min_episode_rewards         0.000000e+00
max_episode_len             5.000000e+02
mean_episode_len            3.318250e+02
min_episode_len             0.000000e+00
mean_timeouts               0.000000e+00
val_max_episode_rewards     0.000000e+00
val_mean_episode_rewards    0.000000e+00
val_min_episode_rewards     0.000000e+00
val_max_episode_len         5.000000e+02
val_mean_episode_len        5.000000e+02
val_min_episode_len         0.000000e+00
val_mean_timeouts           2.500000e-02
Name: 365, dtype: float64
timesteps                   2.405171e+07
wall_time                   1.681731e+05
num_episodes                6.304900e+04
max_episode_rewards         1.000000e+01
mean_episode_rewards        5.500000e+00
min_episode_rewards         0.000000e+00
max_episode_len             5.000000e+02
mean_episode_len            2.763500e+02
min_episode_len             0.000000e+00
mean_timeouts               0.000000e+00
val_max_episode_rewards     0.000000e+00
val_mean_episode_rewards    0.000000e+00
val_min_episode_rewards     0.000000e+00
val_max_episode_len         5.000000e+02
val_mean_episode_len        5.000000e+02
val_min_episode_len         0.000000e+00
val_mean_timeouts           0.000000e+00
Name: 366, dtype: float64
timesteps                   2.411725e+07
wall_time                   1.686637e+05
num_episodes                6.324700e+04
max_episode_rewards         1.000000e+01
mean_episode_rewards        4.250000e+00
min_episode_rewards         0.000000e+00
max_episode_len             5.000000e+02
mean_episode_len            3.525000e+02
min_episode_len             0.000000e+00
mean_timeouts               0.000000e+00
val_max_episode_rewards     0.000000e+00
val_mean_episode_rewards    0.000000e+00
val_min_episode_rewards     0.000000e+00
val_max_episode_len         5.000000e+02
val_mean_episode_len        5.000000e+02
val_min_episode_len         0.000000e+00
val_mean_timeouts           0.000000e+00
Name: 367, dtype: float64
timesteps                   2.418278e+07
wall_time                   1.691495e+05
num_episodes                6.343800e+04
max_episode_rewards         1.000000e+01
mean_episode_rewards        4.250000e+00
min_episode_rewards         0.000000e+00
max_episode_len             5.000000e+02
mean_episode_len            3.285750e+02
min_episode_len             0.000000e+00
mean_timeouts               2.500000e-02
val_max_episode_rewards     1.000000e+01
val_mean_episode_rewards    2.500000e-01
val_min_episode_rewards     0.000000e+00
val_max_episode_len         5.000000e+02
val_mean_episode_len        4.927500e+02
val_min_episode_len         0.000000e+00
val_mean_timeouts           0.000000e+00
Name: 368, dtype: float64
timesteps                   2.424832e+07
wall_time                   1.696328e+05
num_episodes                6.362500e+04
max_episode_rewards         1.000000e+01
mean_episode_rewards        2.750000e+00
min_episode_rewards         0.000000e+00
max_episode_len             5.000000e+02
mean_episode_len            3.723250e+02
min_episode_len             0.000000e+00
mean_timeouts               0.000000e+00
val_max_episode_rewards     0.000000e+00
val_mean_episode_rewards    0.000000e+00
val_min_episode_rewards     0.000000e+00
val_max_episode_len         5.000000e+02
val_mean_episode_len        5.000000e+02
val_min_episode_len         0.000000e+00
val_mean_timeouts           0.000000e+00
Name: 369, dtype: float64
timesteps                   2.431386e+07
wall_time                   1.701145e+05
num_episodes                6.382400e+04
max_episode_rewards         1.000000e+01
mean_episode_rewards        5.250000e+00
min_episode_rewards         0.000000e+00
max_episode_len             5.000000e+02
mean_episode_len            2.836500e+02
min_episode_len             0.000000e+00
mean_timeouts               0.000000e+00
val_max_episode_rewards     0.000000e+00
val_mean_episode_rewards    0.000000e+00
val_min_episode_rewards     0.000000e+00
val_max_episode_len         5.000000e+02
val_mean_episode_len        5.000000e+02
val_min_episode_len         0.000000e+00
val_mean_timeouts           0.000000e+00
Name: 370, dtype: float64
timesteps                   2.437939e+07
wall_time                   1.705921e+05
num_episodes                6.402900e+04
max_episode_rewards         1.000000e+01
mean_episode_rewards        4.000000e+00
min_episode_rewards         0.000000e+00
max_episode_len             5.000000e+02
mean_episode_len            3.420500e+02
min_episode_len             0.000000e+00
mean_timeouts               0.000000e+00
val_max_episode_rewards     0.000000e+00
val_mean_episode_rewards    0.000000e+00
val_min_episode_rewards     0.000000e+00
val_max_episode_len         5.000000e+02
val_mean_episode_len        5.000000e+02
val_min_episode_len         0.000000e+00
val_mean_timeouts           0.000000e+00
Name: 371, dtype: float64
timesteps                   2.444493e+07
wall_time                   1.710685e+05
num_episodes                6.420400e+04
max_episode_rewards         1.000000e+01
mean_episode_rewards        3.500000e+00
min_episode_rewards         0.000000e+00
max_episode_len             5.000000e+02
mean_episode_len            3.581500e+02
min_episode_len             0.000000e+00
mean_timeouts               0.000000e+00
val_max_episode_rewards     0.000000e+00
val_mean_episode_rewards    0.000000e+00
val_min_episode_rewards     0.000000e+00
val_max_episode_len         5.000000e+02
val_mean_episode_len        5.000000e+02
val_min_episode_len         0.000000e+00
val_mean_timeouts           0.000000e+00
Name: 372, dtype: float64
timesteps                   2.451046e+07
wall_time                   1.715508e+05
num_episodes                6.440700e+04
max_episode_rewards         1.000000e+01
mean_episode_rewards        4.500000e+00
min_episode_rewards         0.000000e+00
max_episode_len             5.000000e+02
mean_episode_len            2.969000e+02
min_episode_len             0.000000e+00
mean_timeouts               2.500000e-02
val_max_episode_rewards     0.000000e+00
val_mean_episode_rewards    0.000000e+00
val_min_episode_rewards     0.000000e+00
val_max_episode_len         5.000000e+02
val_mean_episode_len        5.000000e+02
val_min_episode_len         0.000000e+00
val_mean_timeouts           0.000000e+00
Name: 373, dtype: float64
timesteps                   2.457600e+07
wall_time                   1.720325e+05
num_episodes                6.459100e+04
max_episode_rewards         1.000000e+01
mean_episode_rewards        2.500000e+00
min_episode_rewards         0.000000e+00
max_episode_len             5.000000e+02
mean_episode_len            4.063250e+02
min_episode_len             0.000000e+00
mean_timeouts               0.000000e+00
val_max_episode_rewards     0.000000e+00
val_mean_episode_rewards    0.000000e+00
val_min_episode_rewards     0.000000e+00
val_max_episode_len         5.000000e+02
val_mean_episode_len        5.000000e+02
val_min_episode_len         0.000000e+00
val_mean_timeouts           2.750000e-01
Name: 374, dtype: float64
timesteps                   2.464154e+07
wall_time                   1.725121e+05
num_episodes                6.481400e+04
max_episode_rewards         1.000000e+01
mean_episode_rewards        4.750000e+00
min_episode_rewards         0.000000e+00
max_episode_len             5.000000e+02
mean_episode_len            3.027750e+02
min_episode_len             0.000000e+00
mean_timeouts               0.000000e+00
val_max_episode_rewards     1.000000e+01
val_mean_episode_rewards    2.500000e-01
val_min_episode_rewards     0.000000e+00
val_max_episode_len         5.000000e+02
val_mean_episode_len        4.999000e+02
val_min_episode_len         0.000000e+00
val_mean_timeouts           0.000000e+00
Name: 375, dtype: float64
timesteps                   2.470707e+07
wall_time                   1.729916e+05
num_episodes                6.499600e+04
max_episode_rewards         1.000000e+01
mean_episode_rewards        3.500000e+00
min_episode_rewards         0.000000e+00
max_episode_len             5.000000e+02
mean_episode_len            3.709250e+02
min_episode_len             0.000000e+00
mean_timeouts               0.000000e+00
val_max_episode_rewards     0.000000e+00
val_mean_episode_rewards    0.000000e+00
val_min_episode_rewards     0.000000e+00
val_max_episode_len         5.000000e+02
val_mean_episode_len        5.000000e+02
val_min_episode_len         0.000000e+00
val_mean_timeouts           0.000000e+00
Name: 376, dtype: float64
timesteps                   2.477261e+07
wall_time                   1.734736e+05
num_episodes                6.521000e+04
max_episode_rewards         1.000000e+01
mean_episode_rewards        2.750000e+00
min_episode_rewards         0.000000e+00
max_episode_len             5.000000e+02
mean_episode_len            3.799500e+02
min_episode_len             0.000000e+00
mean_timeouts               0.000000e+00
val_max_episode_rewards     1.000000e+01
val_mean_episode_rewards    2.500000e-01
val_min_episode_rewards     0.000000e+00
val_max_episode_len         5.000000e+02
val_mean_episode_len        4.951000e+02
val_min_episode_len         0.000000e+00
val_mean_timeouts           2.500000e-02
Name: 377, dtype: float64
timesteps                   2.483814e+07
wall_time                   1.739579e+05
num_episodes                6.537100e+04
max_episode_rewards         1.000000e+01
mean_episode_rewards        3.750000e+00
min_episode_rewards         0.000000e+00
max_episode_len             5.000000e+02
mean_episode_len            3.489500e+02
min_episode_len             0.000000e+00
mean_timeouts               0.000000e+00
val_max_episode_rewards     0.000000e+00
val_mean_episode_rewards    0.000000e+00
val_min_episode_rewards     0.000000e+00
val_max_episode_len         5.000000e+02
val_mean_episode_len        5.000000e+02
val_min_episode_len         0.000000e+00
val_mean_timeouts           0.000000e+00
Name: 378, dtype: float64
timesteps                   2.490368e+07
wall_time                   1.744379e+05
num_episodes                6.559900e+04
max_episode_rewards         1.000000e+01
mean_episode_rewards        4.000000e+00
min_episode_rewards         0.000000e+00
max_episode_len             5.000000e+02
mean_episode_len            3.326000e+02
min_episode_len             0.000000e+00
mean_timeouts               2.500000e-02
val_max_episode_rewards     0.000000e+00
val_mean_episode_rewards    0.000000e+00
val_min_episode_rewards     0.000000e+00
val_max_episode_len         5.000000e+02
val_mean_episode_len        5.000000e+02
val_min_episode_len         0.000000e+00
val_mean_timeouts           0.000000e+00
Name: 379, dtype: float64
timesteps                   2.496922e+07
wall_time                   1.749263e+05
num_episodes                6.579300e+04
max_episode_rewards         1.000000e+01
mean_episode_rewards        4.000000e+00
min_episode_rewards         0.000000e+00
max_episode_len             5.000000e+02
mean_episode_len            3.287500e+02
min_episode_len             0.000000e+00
mean_timeouts               2.500000e-02
val_max_episode_rewards     1.000000e+01
val_mean_episode_rewards    2.500000e-01
val_min_episode_rewards     0.000000e+00
val_max_episode_len         5.000000e+02
val_mean_episode_len        4.878500e+02
val_min_episode_len         0.000000e+00
val_mean_timeouts           0.000000e+00
Name: 380, dtype: float64
timesteps                   2.503475e+07
wall_time                   1.754057e+05
num_episodes                6.599800e+04
max_episode_rewards         1.000000e+01
mean_episode_rewards        3.000000e+00
min_episode_rewards         0.000000e+00
max_episode_len             5.000000e+02
mean_episode_len            3.630000e+02
min_episode_len             0.000000e+00
mean_timeouts               0.000000e+00
val_max_episode_rewards     0.000000e+00
val_mean_episode_rewards    0.000000e+00
val_min_episode_rewards     0.000000e+00
val_max_episode_len         5.000000e+02
val_mean_episode_len        5.000000e+02
val_min_episode_len         0.000000e+00
val_mean_timeouts           0.000000e+00
Name: 381, dtype: float64
Saving model at timestep 25034753
timesteps                   2.510029e+07
wall_time                   1.758732e+05
num_episodes                6.619700e+04
max_episode_rewards         1.000000e+01
mean_episode_rewards        3.500000e+00
min_episode_rewards         0.000000e+00
max_episode_len             5.000000e+02
mean_episode_len            3.477250e+02
min_episode_len             0.000000e+00
mean_timeouts               0.000000e+00
val_max_episode_rewards     0.000000e+00
val_mean_episode_rewards    0.000000e+00
val_min_episode_rewards     0.000000e+00
val_max_episode_len         5.000000e+02
val_mean_episode_len        5.000000e+02
val_min_episode_len         0.000000e+00
val_mean_timeouts           0.000000e+00
Name: 382, dtype: float64
timesteps                   2.516582e+07
wall_time                   1.763469e+05
num_episodes                6.640100e+04
max_episode_rewards         1.000000e+01
mean_episode_rewards        3.250000e+00
min_episode_rewards         0.000000e+00
max_episode_len             5.000000e+02
mean_episode_len            3.622750e+02
min_episode_len             0.000000e+00
mean_timeouts               0.000000e+00
val_max_episode_rewards     0.000000e+00
val_mean_episode_rewards    0.000000e+00
val_min_episode_rewards     0.000000e+00
val_max_episode_len         5.000000e+02
val_mean_episode_len        5.000000e+02
val_min_episode_len         0.000000e+00
val_mean_timeouts           0.000000e+00
Name: 383, dtype: float64
timesteps                   2.523136e+07
wall_time                   1.768461e+05
num_episodes                6.658100e+04
max_episode_rewards         1.000000e+01
mean_episode_rewards        3.000000e+00
min_episode_rewards         0.000000e+00
max_episode_len             5.000000e+02
mean_episode_len            3.877750e+02
min_episode_len             0.000000e+00
mean_timeouts               0.000000e+00
val_max_episode_rewards     0.000000e+00
val_mean_episode_rewards    0.000000e+00
val_min_episode_rewards     0.000000e+00
val_max_episode_len         5.000000e+02
val_mean_episode_len        5.000000e+02
val_min_episode_len         0.000000e+00
val_mean_timeouts           0.000000e+00
Name: 384, dtype: float64
timesteps                   2.529690e+07
wall_time                   1.773414e+05
num_episodes                6.679100e+04
max_episode_rewards         1.000000e+01
mean_episode_rewards        3.250000e+00
min_episode_rewards         0.000000e+00
max_episode_len             5.000000e+02
mean_episode_len            3.618500e+02
min_episode_len             0.000000e+00
mean_timeouts               0.000000e+00
val_max_episode_rewards     0.000000e+00
val_mean_episode_rewards    0.000000e+00
val_min_episode_rewards     0.000000e+00
val_max_episode_len         5.000000e+02
val_mean_episode_len        5.000000e+02
val_min_episode_len         0.000000e+00
val_mean_timeouts           0.000000e+00
Name: 385, dtype: float64
timesteps                   2.536243e+07
wall_time                   1.778167e+05
num_episodes                6.697400e+04
max_episode_rewards         1.000000e+01
mean_episode_rewards        4.000000e+00
min_episode_rewards         0.000000e+00
max_episode_len             5.000000e+02
mean_episode_len            3.376000e+02
min_episode_len             0.000000e+00
mean_timeouts               0.000000e+00
val_max_episode_rewards     0.000000e+00
val_mean_episode_rewards    0.000000e+00
val_min_episode_rewards     0.000000e+00
val_max_episode_len         5.000000e+02
val_mean_episode_len        5.000000e+02
val_min_episode_len         0.000000e+00
val_mean_timeouts           0.000000e+00
Name: 386, dtype: float64
timesteps                   2.542797e+07
wall_time                   1.782756e+05
num_episodes                6.721700e+04
max_episode_rewards         1.000000e+01
mean_episode_rewards        5.000000e+00
min_episode_rewards         0.000000e+00
max_episode_len             5.000000e+02
mean_episode_len            2.702500e+02
min_episode_len             0.000000e+00
mean_timeouts               0.000000e+00
val_max_episode_rewards     0.000000e+00
val_mean_episode_rewards    0.000000e+00
val_min_episode_rewards     0.000000e+00
val_max_episode_len         5.000000e+02
val_mean_episode_len        5.000000e+02
val_min_episode_len         0.000000e+00
val_mean_timeouts           0.000000e+00
Name: 387, dtype: float64
timesteps                   2.549350e+07
wall_time                   1.787522e+05
num_episodes                6.740600e+04
max_episode_rewards         1.000000e+01
mean_episode_rewards        4.750000e+00
min_episode_rewards         0.000000e+00
max_episode_len             5.000000e+02
mean_episode_len            3.312250e+02
min_episode_len             0.000000e+00
mean_timeouts               0.000000e+00
val_max_episode_rewards     1.000000e+01
val_mean_episode_rewards    2.500000e-01
val_min_episode_rewards     0.000000e+00
val_max_episode_len         5.000000e+02
val_mean_episode_len        4.969000e+02
val_min_episode_len         0.000000e+00
val_mean_timeouts           0.000000e+00
Name: 388, dtype: float64
timesteps                   2.555904e+07
wall_time                   1.792316e+05
num_episodes                6.761400e+04
max_episode_rewards         1.000000e+01
mean_episode_rewards        4.000000e+00
min_episode_rewards         0.000000e+00
max_episode_len             5.000000e+02
mean_episode_len            3.253500e+02
min_episode_len             0.000000e+00
mean_timeouts               0.000000e+00
val_max_episode_rewards     0.000000e+00
val_mean_episode_rewards    0.000000e+00
val_min_episode_rewards     0.000000e+00
val_max_episode_len         5.000000e+02
val_mean_episode_len        5.000000e+02
val_min_episode_len         0.000000e+00
val_mean_timeouts           0.000000e+00
Name: 389, dtype: float64
timesteps                   2.562458e+07
wall_time                   1.797205e+05
num_episodes                6.781500e+04
max_episode_rewards         1.000000e+01
mean_episode_rewards        4.500000e+00
min_episode_rewards         0.000000e+00
max_episode_len             5.000000e+02
mean_episode_len            3.203750e+02
min_episode_len             0.000000e+00
mean_timeouts               0.000000e+00
val_max_episode_rewards     0.000000e+00
val_mean_episode_rewards    0.000000e+00
val_min_episode_rewards     0.000000e+00
val_max_episode_len         5.000000e+02
val_mean_episode_len        5.000000e+02
val_min_episode_len         0.000000e+00
val_mean_timeouts           0.000000e+00
Name: 390, dtype: float64
timesteps                   2.569011e+07
wall_time                   1.802184e+05
num_episodes                6.799500e+04
max_episode_rewards         1.000000e+01
mean_episode_rewards        3.250000e+00
min_episode_rewards         0.000000e+00
max_episode_len             5.000000e+02
mean_episode_len            3.686500e+02
min_episode_len             0.000000e+00
mean_timeouts               0.000000e+00
val_max_episode_rewards     0.000000e+00
val_mean_episode_rewards    0.000000e+00
val_min_episode_rewards     0.000000e+00
val_max_episode_len         5.000000e+02
val_mean_episode_len        5.000000e+02
val_min_episode_len         0.000000e+00
val_mean_timeouts           0.000000e+00
Name: 391, dtype: float64
timesteps                   2.575565e+07
wall_time                   1.807094e+05
num_episodes                6.819100e+04
max_episode_rewards         1.000000e+01
mean_episode_rewards        4.250000e+00
min_episode_rewards         0.000000e+00
max_episode_len             5.000000e+02
mean_episode_len            3.185250e+02
min_episode_len             0.000000e+00
mean_timeouts               0.000000e+00
val_max_episode_rewards     1.000000e+01
val_mean_episode_rewards    2.500000e-01
val_min_episode_rewards     0.000000e+00
val_max_episode_len         5.000000e+02
val_mean_episode_len        4.999500e+02
val_min_episode_len         0.000000e+00
val_mean_timeouts           0.000000e+00
Name: 392, dtype: float64
timesteps                   2.582118e+07
wall_time                   1.811888e+05
num_episodes                6.837800e+04
max_episode_rewards         1.000000e+01
mean_episode_rewards        3.750000e+00
min_episode_rewards         0.000000e+00
max_episode_len             5.000000e+02
mean_episode_len            3.647750e+02
min_episode_len             0.000000e+00
mean_timeouts               0.000000e+00
val_max_episode_rewards     0.000000e+00
val_mean_episode_rewards    0.000000e+00
val_min_episode_rewards     0.000000e+00
val_max_episode_len         5.000000e+02
val_mean_episode_len        5.000000e+02
val_min_episode_len         0.000000e+00
val_mean_timeouts           0.000000e+00
Name: 393, dtype: float64
timesteps                   2.588672e+07
wall_time                   1.816675e+05
num_episodes                6.859300e+04
max_episode_rewards         1.000000e+01
mean_episode_rewards        4.000000e+00
min_episode_rewards         0.000000e+00
max_episode_len             5.000000e+02
mean_episode_len            3.126750e+02
min_episode_len             0.000000e+00
mean_timeouts               2.500000e-02
val_max_episode_rewards     0.000000e+00
val_mean_episode_rewards    0.000000e+00
val_min_episode_rewards     0.000000e+00
val_max_episode_len         5.000000e+02
val_mean_episode_len        5.000000e+02
val_min_episode_len         0.000000e+00
val_mean_timeouts           0.000000e+00
Name: 394, dtype: float64
timesteps                   2.595226e+07
wall_time                   1.821506e+05
num_episodes                6.876700e+04
max_episode_rewards         1.000000e+01
mean_episode_rewards        2.500000e+00
min_episode_rewards         0.000000e+00
max_episode_len             5.000000e+02
mean_episode_len            4.018750e+02
min_episode_len             0.000000e+00
mean_timeouts               0.000000e+00
val_max_episode_rewards     0.000000e+00
val_mean_episode_rewards    0.000000e+00
val_min_episode_rewards     0.000000e+00
val_max_episode_len         5.000000e+02
val_mean_episode_len        5.000000e+02
val_min_episode_len         0.000000e+00
val_mean_timeouts           2.500000e-02
Name: 395, dtype: float64
timesteps                   2.601779e+07
wall_time                   1.826353e+05
num_episodes                6.900000e+04
max_episode_rewards         1.000000e+01
mean_episode_rewards        4.250000e+00
min_episode_rewards         0.000000e+00
max_episode_len             5.000000e+02
mean_episode_len            3.150000e+02
min_episode_len             0.000000e+00
mean_timeouts               0.000000e+00
val_max_episode_rewards     1.000000e+01
val_mean_episode_rewards    2.500000e-01
val_min_episode_rewards     0.000000e+00
val_max_episode_len         5.000000e+02
val_mean_episode_len        4.970000e+02
val_min_episode_len         0.000000e+00
val_mean_timeouts           0.000000e+00
Name: 396, dtype: float64
timesteps                   2.608333e+07
wall_time                   1.831257e+05
num_episodes                6.917200e+04
max_episode_rewards         1.000000e+01
mean_episode_rewards        4.500000e+00
min_episode_rewards         0.000000e+00
max_episode_len             5.000000e+02
mean_episode_len            3.376750e+02
min_episode_len             0.000000e+00
mean_timeouts               2.500000e-02
val_max_episode_rewards     0.000000e+00
val_mean_episode_rewards    0.000000e+00
val_min_episode_rewards     0.000000e+00
val_max_episode_len         5.000000e+02
val_mean_episode_len        5.000000e+02
val_min_episode_len         0.000000e+00
val_mean_timeouts           0.000000e+00
Name: 397, dtype: float64
timesteps                   2.614886e+07
wall_time                   1.835981e+05
num_episodes                6.938600e+04
max_episode_rewards         1.000000e+01
mean_episode_rewards        3.250000e+00
min_episode_rewards         0.000000e+00
max_episode_len             5.000000e+02
mean_episode_len            3.503250e+02
min_episode_len             0.000000e+00
mean_timeouts               2.500000e-02
val_max_episode_rewards     0.000000e+00
val_mean_episode_rewards    0.000000e+00
val_min_episode_rewards     0.000000e+00
val_max_episode_len         5.000000e+02
val_mean_episode_len        5.000000e+02
val_min_episode_len         0.000000e+00
val_mean_timeouts           0.000000e+00
Name: 398, dtype: float64
timesteps                   2.621440e+07
wall_time                   1.840845e+05
num_episodes                6.957000e+04
max_episode_rewards         1.000000e+01
mean_episode_rewards        2.750000e+00
min_episode_rewards         0.000000e+00
max_episode_len             5.000000e+02
mean_episode_len            3.821000e+02
min_episode_len             0.000000e+00
mean_timeouts               2.500000e-02
val_max_episode_rewards     0.000000e+00
val_mean_episode_rewards    0.000000e+00
val_min_episode_rewards     0.000000e+00
val_max_episode_len         5.000000e+02
val_mean_episode_len        5.000000e+02
val_min_episode_len         0.000000e+00
val_mean_timeouts           2.500000e-02
Name: 399, dtype: float64
timesteps                   2.627994e+07
wall_time                   1.845737e+05
num_episodes                6.977600e+04
max_episode_rewards         1.000000e+01
mean_episode_rewards        4.250000e+00
min_episode_rewards         0.000000e+00
max_episode_len             5.000000e+02
mean_episode_len            3.289250e+02
min_episode_len             0.000000e+00
mean_timeouts               5.000000e-02
val_max_episode_rewards     0.000000e+00
val_mean_episode_rewards    0.000000e+00
val_min_episode_rewards     0.000000e+00
val_max_episode_len         5.000000e+02
val_mean_episode_len        5.000000e+02
val_min_episode_len         0.000000e+00
val_mean_timeouts           0.000000e+00
Name: 400, dtype: float64
timesteps                   2.634547e+07
wall_time                   1.850725e+05
num_episodes                6.997100e+04
max_episode_rewards         1.000000e+01
mean_episode_rewards        4.750000e+00
min_episode_rewards         0.000000e+00
max_episode_len             5.000000e+02
mean_episode_len            3.123250e+02
min_episode_len             0.000000e+00
mean_timeouts               0.000000e+00
val_max_episode_rewards     1.000000e+01
val_mean_episode_rewards    2.500000e-01
val_min_episode_rewards     0.000000e+00
val_max_episode_len         5.000000e+02
val_mean_episode_len        4.959500e+02
val_min_episode_len         0.000000e+00
val_mean_timeouts           0.000000e+00
Name: 401, dtype: float64
timesteps                   2.641101e+07
wall_time                   1.855746e+05
num_episodes                7.016700e+04
max_episode_rewards         1.000000e+01
mean_episode_rewards        3.500000e+00
min_episode_rewards         0.000000e+00
max_episode_len             5.000000e+02
mean_episode_len            3.649250e+02
min_episode_len             0.000000e+00
mean_timeouts               0.000000e+00
val_max_episode_rewards     1.000000e+01
val_mean_episode_rewards    2.500000e-01
val_min_episode_rewards     0.000000e+00
val_max_episode_len         5.000000e+02
val_mean_episode_len        4.944500e+02
val_min_episode_len         0.000000e+00
val_mean_timeouts           0.000000e+00
Name: 402, dtype: float64
timesteps                   2.647654e+07
wall_time                   1.860787e+05
num_episodes                7.036300e+04
max_episode_rewards         1.000000e+01
mean_episode_rewards        4.500000e+00
min_episode_rewards         0.000000e+00
max_episode_len             5.000000e+02
mean_episode_len            2.935500e+02
min_episode_len             0.000000e+00
mean_timeouts               0.000000e+00
val_max_episode_rewards     1.000000e+01
val_mean_episode_rewards    2.500000e-01
val_min_episode_rewards     0.000000e+00
val_max_episode_len         5.000000e+02
val_mean_episode_len        4.877500e+02
val_min_episode_len         0.000000e+00
val_mean_timeouts           0.000000e+00
Name: 403, dtype: float64
timesteps                   2.654208e+07
wall_time                   1.865682e+05
num_episodes                7.056900e+04
max_episode_rewards         1.000000e+01
mean_episode_rewards        3.750000e+00
min_episode_rewards         0.000000e+00
max_episode_len             5.000000e+02
mean_episode_len            3.524250e+02
min_episode_len             0.000000e+00
mean_timeouts               0.000000e+00
val_max_episode_rewards     0.000000e+00
val_mean_episode_rewards    0.000000e+00
val_min_episode_rewards     0.000000e+00
val_max_episode_len         5.000000e+02
val_mean_episode_len        5.000000e+02
val_min_episode_len         0.000000e+00
val_mean_timeouts           0.000000e+00
Name: 404, dtype: float64
timesteps                   2.660762e+07
wall_time                   1.870519e+05
num_episodes                7.077300e+04
max_episode_rewards         1.000000e+01
mean_episode_rewards        6.250000e+00
min_episode_rewards         0.000000e+00
max_episode_len             5.000000e+02
mean_episode_len            2.469750e+02
min_episode_len             0.000000e+00
mean_timeouts               2.500000e-02
val_max_episode_rewards     0.000000e+00
val_mean_episode_rewards    0.000000e+00
val_min_episode_rewards     0.000000e+00
val_max_episode_len         5.000000e+02
val_mean_episode_len        5.000000e+02
val_min_episode_len         0.000000e+00
val_mean_timeouts           0.000000e+00
Name: 405, dtype: float64
timesteps                   2.667315e+07
wall_time                   1.875398e+05
num_episodes                7.096000e+04
max_episode_rewards         1.000000e+01
mean_episode_rewards        3.750000e+00
min_episode_rewards         0.000000e+00
max_episode_len             5.000000e+02
mean_episode_len            3.377750e+02
min_episode_len             0.000000e+00
mean_timeouts               0.000000e+00
val_max_episode_rewards     1.000000e+01
val_mean_episode_rewards    2.500000e-01
val_min_episode_rewards     0.000000e+00
val_max_episode_len         5.000000e+02
val_mean_episode_len        4.953000e+02
val_min_episode_len         0.000000e+00
val_mean_timeouts           0.000000e+00
Name: 406, dtype: float64
timesteps                   2.673869e+07
wall_time                   1.880225e+05
num_episodes                7.116600e+04
max_episode_rewards         1.000000e+01
mean_episode_rewards        4.250000e+00
min_episode_rewards         0.000000e+00
max_episode_len             5.000000e+02
mean_episode_len            3.145000e+02
min_episode_len             0.000000e+00
mean_timeouts               2.500000e-02
val_max_episode_rewards     0.000000e+00
val_mean_episode_rewards    0.000000e+00
val_min_episode_rewards     0.000000e+00
val_max_episode_len         5.000000e+02
val_mean_episode_len        5.000000e+02
val_min_episode_len         0.000000e+00
val_mean_timeouts           0.000000e+00
Name: 407, dtype: float64
timesteps                   2.680422e+07
wall_time                   1.885079e+05
num_episodes                7.137000e+04
max_episode_rewards         1.000000e+01
mean_episode_rewards        5.250000e+00
min_episode_rewards         0.000000e+00
max_episode_len             5.000000e+02
mean_episode_len            2.740500e+02
min_episode_len             0.000000e+00
mean_timeouts               0.000000e+00
val_max_episode_rewards     0.000000e+00
val_mean_episode_rewards    0.000000e+00
val_min_episode_rewards     0.000000e+00
val_max_episode_len         5.000000e+02
val_mean_episode_len        5.000000e+02
val_min_episode_len         0.000000e+00
val_mean_timeouts           0.000000e+00
Name: 408, dtype: float64
timesteps                   2.686976e+07
wall_time                   1.889863e+05
num_episodes                7.157500e+04
max_episode_rewards         1.000000e+01
mean_episode_rewards        5.750000e+00
min_episode_rewards         0.000000e+00
max_episode_len             5.000000e+02
mean_episode_len            2.579750e+02
min_episode_len             0.000000e+00
mean_timeouts               0.000000e+00
val_max_episode_rewards     0.000000e+00
val_mean_episode_rewards    0.000000e+00
val_min_episode_rewards     0.000000e+00
val_max_episode_len         5.000000e+02
val_mean_episode_len        5.000000e+02
val_min_episode_len         0.000000e+00
val_mean_timeouts           0.000000e+00
Name: 409, dtype: float64
timesteps                   2.693530e+07
wall_time                   1.894683e+05
num_episodes                7.177700e+04
max_episode_rewards         1.000000e+01
mean_episode_rewards        4.000000e+00
min_episode_rewards         0.000000e+00
max_episode_len             5.000000e+02
mean_episode_len            3.257000e+02
min_episode_len             0.000000e+00
mean_timeouts               0.000000e+00
val_max_episode_rewards     1.000000e+01
val_mean_episode_rewards    2.500000e-01
val_min_episode_rewards     0.000000e+00
val_max_episode_len         5.000000e+02
val_mean_episode_len        4.922000e+02
val_min_episode_len         0.000000e+00
val_mean_timeouts           0.000000e+00
Name: 410, dtype: float64
timesteps                   2.700083e+07
wall_time                   1.899603e+05
num_episodes                7.198200e+04
max_episode_rewards         1.000000e+01
mean_episode_rewards        2.250000e+00
min_episode_rewards         0.000000e+00
max_episode_len             5.000000e+02
mean_episode_len            4.226500e+02
min_episode_len             0.000000e+00
mean_timeouts               0.000000e+00
val_max_episode_rewards     1.000000e+01
val_mean_episode_rewards    2.500000e-01
val_min_episode_rewards     0.000000e+00
val_max_episode_len         5.000000e+02
val_mean_episode_len        4.880500e+02
val_min_episode_len         0.000000e+00
val_mean_timeouts           0.000000e+00
Name: 411, dtype: float64
timesteps                   2.706637e+07
wall_time                   1.904416e+05
num_episodes                7.219300e+04
max_episode_rewards         1.000000e+01
mean_episode_rewards        4.500000e+00
min_episode_rewards         0.000000e+00
max_episode_len             5.000000e+02
mean_episode_len            3.088500e+02
min_episode_len             0.000000e+00
mean_timeouts               0.000000e+00
val_max_episode_rewards     0.000000e+00
val_mean_episode_rewards    0.000000e+00
val_min_episode_rewards     0.000000e+00
val_max_episode_len         5.000000e+02
val_mean_episode_len        5.000000e+02
val_min_episode_len         0.000000e+00
val_mean_timeouts           0.000000e+00
Name: 412, dtype: float64
timesteps                   2.713190e+07
wall_time                   1.909228e+05
num_episodes                7.238500e+04
max_episode_rewards         1.000000e+01
mean_episode_rewards        3.750000e+00
min_episode_rewards         0.000000e+00
max_episode_len             5.000000e+02
mean_episode_len            3.254500e+02
min_episode_len             0.000000e+00
mean_timeouts               0.000000e+00
val_max_episode_rewards     0.000000e+00
val_mean_episode_rewards    0.000000e+00
val_min_episode_rewards     0.000000e+00
val_max_episode_len         5.000000e+02
val_mean_episode_len        5.000000e+02
val_min_episode_len         0.000000e+00
val_mean_timeouts           0.000000e+00
Name: 413, dtype: float64
timesteps                   2.719744e+07
wall_time                   1.913895e+05
num_episodes                7.261200e+04
max_episode_rewards         1.000000e+01
mean_episode_rewards        4.250000e+00
min_episode_rewards         0.000000e+00
max_episode_len             5.000000e+02
mean_episode_len            3.205000e+02
min_episode_len             0.000000e+00
mean_timeouts               0.000000e+00
val_max_episode_rewards     0.000000e+00
val_mean_episode_rewards    0.000000e+00
val_min_episode_rewards     0.000000e+00
val_max_episode_len         5.000000e+02
val_mean_episode_len        5.000000e+02
val_min_episode_len         0.000000e+00
val_mean_timeouts           0.000000e+00
Name: 414, dtype: float64
timesteps                   2.726298e+07
wall_time                   1.918658e+05
num_episodes                7.281400e+04
max_episode_rewards         1.000000e+01
mean_episode_rewards        4.250000e+00
min_episode_rewards         0.000000e+00
max_episode_len             5.000000e+02
mean_episode_len            3.204000e+02
min_episode_len             0.000000e+00
mean_timeouts               0.000000e+00
val_max_episode_rewards     0.000000e+00
val_mean_episode_rewards    0.000000e+00
val_min_episode_rewards     0.000000e+00
val_max_episode_len         5.000000e+02
val_mean_episode_len        5.000000e+02
val_min_episode_len         0.000000e+00
val_mean_timeouts           0.000000e+00
Name: 415, dtype: float64
timesteps                   2.732851e+07
wall_time                   1.923452e+05
num_episodes                7.302200e+04
max_episode_rewards         1.000000e+01
mean_episode_rewards        3.000000e+00
min_episode_rewards         0.000000e+00
max_episode_len             5.000000e+02
mean_episode_len            3.848250e+02
min_episode_len             0.000000e+00
mean_timeouts               0.000000e+00
val_max_episode_rewards     1.000000e+01
val_mean_episode_rewards    2.500000e-01
val_min_episode_rewards     0.000000e+00
val_max_episode_len         5.000000e+02
val_mean_episode_len        4.943000e+02
val_min_episode_len         0.000000e+00
val_mean_timeouts           2.500000e-02
Name: 416, dtype: float64
timesteps                   2.739405e+07
wall_time                   1.928188e+05
num_episodes                7.322800e+04
max_episode_rewards         1.000000e+01
mean_episode_rewards        5.000000e+00
min_episode_rewards         0.000000e+00
max_episode_len             5.000000e+02
mean_episode_len            2.863500e+02
min_episode_len             0.000000e+00
mean_timeouts               0.000000e+00
val_max_episode_rewards     0.000000e+00
val_mean_episode_rewards    0.000000e+00
val_min_episode_rewards     0.000000e+00
val_max_episode_len         5.000000e+02
val_mean_episode_len        5.000000e+02
val_min_episode_len         0.000000e+00
val_mean_timeouts           0.000000e+00
Name: 417, dtype: float64
timesteps                   2.745958e+07
wall_time                   1.933032e+05
num_episodes                7.343900e+04
max_episode_rewards         1.000000e+01
mean_episode_rewards        5.250000e+00
min_episode_rewards         0.000000e+00
max_episode_len             5.000000e+02
mean_episode_len            2.750500e+02
min_episode_len             0.000000e+00
mean_timeouts               0.000000e+00
val_max_episode_rewards     0.000000e+00
val_mean_episode_rewards    0.000000e+00
val_min_episode_rewards     0.000000e+00
val_max_episode_len         5.000000e+02
val_mean_episode_len        5.000000e+02
val_min_episode_len         0.000000e+00
val_mean_timeouts           0.000000e+00
Name: 418, dtype: float64
timesteps                   2.752512e+07
wall_time                   1.937799e+05
num_episodes                7.366400e+04
max_episode_rewards         1.000000e+01
mean_episode_rewards        4.500000e+00
min_episode_rewards         0.000000e+00
max_episode_len             5.000000e+02
mean_episode_len            3.049500e+02
min_episode_len             0.000000e+00
mean_timeouts               0.000000e+00
val_max_episode_rewards     0.000000e+00
val_mean_episode_rewards    0.000000e+00
val_min_episode_rewards     0.000000e+00
val_max_episode_len         5.000000e+02
val_mean_episode_len        5.000000e+02
val_min_episode_len         0.000000e+00
val_mean_timeouts           0.000000e+00
Name: 419, dtype: float64
timesteps                   2.759066e+07
wall_time                   1.942594e+05
num_episodes                7.387200e+04
max_episode_rewards         1.000000e+01
mean_episode_rewards        4.500000e+00
min_episode_rewards         0.000000e+00
max_episode_len             5.000000e+02
mean_episode_len            3.544000e+02
min_episode_len             0.000000e+00
mean_timeouts               0.000000e+00
val_max_episode_rewards     1.000000e+01
val_mean_episode_rewards    5.000000e-01
val_min_episode_rewards     0.000000e+00
val_max_episode_len         5.000000e+02
val_mean_episode_len        4.808000e+02
val_min_episode_len         0.000000e+00
val_mean_timeouts           0.000000e+00
Name: 420, dtype: float64
timesteps                   2.765619e+07
wall_time                   1.947388e+05
num_episodes                7.408300e+04
max_episode_rewards         1.000000e+01
mean_episode_rewards        4.000000e+00
min_episode_rewards         0.000000e+00
max_episode_len             5.000000e+02
mean_episode_len            3.684250e+02
min_episode_len             0.000000e+00
mean_timeouts               0.000000e+00
val_max_episode_rewards     0.000000e+00
val_mean_episode_rewards    0.000000e+00
val_min_episode_rewards     0.000000e+00
val_max_episode_len         5.000000e+02
val_mean_episode_len        5.000000e+02
val_min_episode_len         0.000000e+00
val_mean_timeouts           0.000000e+00
Name: 421, dtype: float64
timesteps                   2.772173e+07
wall_time                   1.952182e+05
num_episodes                7.427500e+04
max_episode_rewards         1.000000e+01
mean_episode_rewards        5.000000e+00
min_episode_rewards         0.000000e+00
max_episode_len             5.000000e+02
mean_episode_len            2.798750e+02
min_episode_len             0.000000e+00
mean_timeouts               0.000000e+00
val_max_episode_rewards     0.000000e+00
val_mean_episode_rewards    0.000000e+00
val_min_episode_rewards     0.000000e+00
val_max_episode_len         5.000000e+02
val_mean_episode_len        5.000000e+02
val_min_episode_len         0.000000e+00
val_mean_timeouts           0.000000e+00
Name: 422, dtype: float64
timesteps                   2.778726e+07
wall_time                   1.957194e+05
num_episodes                7.448600e+04
max_episode_rewards         1.000000e+01
mean_episode_rewards        4.750000e+00
min_episode_rewards         0.000000e+00
max_episode_len             5.000000e+02
mean_episode_len            3.015250e+02
min_episode_len             0.000000e+00
mean_timeouts               0.000000e+00
val_max_episode_rewards     0.000000e+00
val_mean_episode_rewards    0.000000e+00
val_min_episode_rewards     0.000000e+00
val_max_episode_len         5.000000e+02
val_mean_episode_len        5.000000e+02
val_min_episode_len         0.000000e+00
val_mean_timeouts           0.000000e+00
Name: 423, dtype: float64
timesteps                   2.785280e+07
wall_time                   1.962089e+05
num_episodes                7.468000e+04
max_episode_rewards         1.000000e+01
mean_episode_rewards        4.750000e+00
min_episode_rewards         0.000000e+00
max_episode_len             5.000000e+02
mean_episode_len            2.939000e+02
min_episode_len             0.000000e+00
mean_timeouts               0.000000e+00
val_max_episode_rewards     1.000000e+01
val_mean_episode_rewards    5.000000e-01
val_min_episode_rewards     0.000000e+00
val_max_episode_len         5.000000e+02
val_mean_episode_len        4.813000e+02
val_min_episode_len         0.000000e+00
val_mean_timeouts           0.000000e+00
Name: 424, dtype: float64
timesteps                   2.791834e+07
wall_time                   1.967046e+05
num_episodes                7.490100e+04
max_episode_rewards         1.000000e+01
mean_episode_rewards        4.750000e+00
min_episode_rewards         0.000000e+00
max_episode_len             5.000000e+02
mean_episode_len            3.122000e+02
min_episode_len             0.000000e+00
mean_timeouts               0.000000e+00
val_max_episode_rewards     0.000000e+00
val_mean_episode_rewards    0.000000e+00
val_min_episode_rewards     0.000000e+00
val_max_episode_len         5.000000e+02
val_mean_episode_len        5.000000e+02
val_min_episode_len         0.000000e+00
val_mean_timeouts           0.000000e+00
Name: 425, dtype: float64
timesteps                   2.798387e+07
wall_time                   1.972096e+05
num_episodes                7.506800e+04
max_episode_rewards         1.000000e+01
mean_episode_rewards        4.000000e+00
min_episode_rewards         0.000000e+00
max_episode_len             5.000000e+02
mean_episode_len            3.328500e+02
min_episode_len             0.000000e+00
mean_timeouts               2.500000e-02
val_max_episode_rewards     1.000000e+01
val_mean_episode_rewards    5.000000e-01
val_min_episode_rewards     0.000000e+00
val_max_episode_len         5.000000e+02
val_mean_episode_len        4.803500e+02
val_min_episode_len         0.000000e+00
val_mean_timeouts           0.000000e+00
Name: 426, dtype: float64
timesteps                   2.804941e+07
wall_time                   1.976976e+05
num_episodes                7.526100e+04
max_episode_rewards         1.000000e+01
mean_episode_rewards        3.000000e+00
min_episode_rewards         0.000000e+00
max_episode_len             5.000000e+02
mean_episode_len            3.705000e+02
min_episode_len             0.000000e+00
mean_timeouts               0.000000e+00
val_max_episode_rewards     0.000000e+00
val_mean_episode_rewards    0.000000e+00
val_min_episode_rewards     0.000000e+00
val_max_episode_len         5.000000e+02
val_mean_episode_len        5.000000e+02
val_min_episode_len         0.000000e+00
val_mean_timeouts           0.000000e+00
Name: 427, dtype: float64
timesteps                   2.811494e+07
wall_time                   1.981746e+05
num_episodes                7.543800e+04
max_episode_rewards         1.000000e+01
mean_episode_rewards        3.750000e+00
min_episode_rewards         0.000000e+00
max_episode_len             5.000000e+02
mean_episode_len            3.432500e+02
min_episode_len             0.000000e+00
mean_timeouts               0.000000e+00
val_max_episode_rewards     0.000000e+00
val_mean_episode_rewards    0.000000e+00
val_min_episode_rewards     0.000000e+00
val_max_episode_len         5.000000e+02
val_mean_episode_len        5.000000e+02
val_min_episode_len         0.000000e+00
val_mean_timeouts           0.000000e+00
Name: 428, dtype: float64
timesteps                   2.818048e+07
wall_time                   1.986482e+05
num_episodes                7.564100e+04
max_episode_rewards         1.000000e+01
mean_episode_rewards        4.750000e+00
min_episode_rewards         0.000000e+00
max_episode_len             5.000000e+02
mean_episode_len            3.055500e+02
min_episode_len             0.000000e+00
mean_timeouts               2.500000e-02
val_max_episode_rewards     0.000000e+00
val_mean_episode_rewards    0.000000e+00
val_min_episode_rewards     0.000000e+00
val_max_episode_len         5.000000e+02
val_mean_episode_len        5.000000e+02
val_min_episode_len         0.000000e+00
val_mean_timeouts           0.000000e+00
Name: 429, dtype: float64
timesteps                   2.824602e+07
wall_time                   1.991382e+05
num_episodes                7.582800e+04
max_episode_rewards         1.000000e+01
mean_episode_rewards        4.000000e+00
min_episode_rewards         0.000000e+00
max_episode_len             5.000000e+02
mean_episode_len            3.405500e+02
min_episode_len             0.000000e+00
mean_timeouts               0.000000e+00
val_max_episode_rewards     0.000000e+00
val_mean_episode_rewards    0.000000e+00
val_min_episode_rewards     0.000000e+00
val_max_episode_len         5.000000e+02
val_mean_episode_len        5.000000e+02
val_min_episode_len         0.000000e+00
val_mean_timeouts           2.500000e-02
Name: 430, dtype: float64
timesteps                   2.831155e+07
wall_time                   1.996230e+05
num_episodes                7.603700e+04
max_episode_rewards         1.000000e+01
mean_episode_rewards        4.500000e+00
min_episode_rewards         0.000000e+00
max_episode_len             5.000000e+02
mean_episode_len            2.994750e+02
min_episode_len             0.000000e+00
mean_timeouts               0.000000e+00
val_max_episode_rewards     0.000000e+00
val_mean_episode_rewards    0.000000e+00
val_min_episode_rewards     0.000000e+00
val_max_episode_len         5.000000e+02
val_mean_episode_len        5.000000e+02
val_min_episode_len         0.000000e+00
val_mean_timeouts           0.000000e+00
Name: 431, dtype: float64
timesteps                   2.837709e+07
wall_time                   2.001181e+05
num_episodes                7.622300e+04
max_episode_rewards         1.000000e+01
mean_episode_rewards        3.000000e+00
min_episode_rewards         0.000000e+00
max_episode_len             5.000000e+02
mean_episode_len            3.808750e+02
min_episode_len             0.000000e+00
mean_timeouts               0.000000e+00
val_max_episode_rewards     0.000000e+00
val_mean_episode_rewards    0.000000e+00
val_min_episode_rewards     0.000000e+00
val_max_episode_len         5.000000e+02
val_mean_episode_len        5.000000e+02
val_min_episode_len         0.000000e+00
val_mean_timeouts           0.000000e+00
Name: 432, dtype: float64
timesteps                   2.844262e+07
wall_time                   2.006104e+05
num_episodes                7.645500e+04
max_episode_rewards         1.000000e+01
mean_episode_rewards        5.000000e+00
min_episode_rewards         0.000000e+00
max_episode_len             5.000000e+02
mean_episode_len            2.964000e+02
min_episode_len             0.000000e+00
mean_timeouts               0.000000e+00
val_max_episode_rewards     1.000000e+01
val_mean_episode_rewards    2.500000e-01
val_min_episode_rewards     0.000000e+00
val_max_episode_len         5.000000e+02
val_mean_episode_len        4.999000e+02
val_min_episode_len         0.000000e+00
val_mean_timeouts           0.000000e+00
Name: 433, dtype: float64
timesteps                   2.850816e+07
wall_time                   2.010957e+05
num_episodes                7.668100e+04
max_episode_rewards         1.000000e+01
mean_episode_rewards        4.500000e+00
min_episode_rewards         0.000000e+00
max_episode_len             5.000000e+02
mean_episode_len            3.022750e+02
min_episode_len             0.000000e+00
mean_timeouts               0.000000e+00
val_max_episode_rewards     0.000000e+00
val_mean_episode_rewards    0.000000e+00
val_min_episode_rewards     0.000000e+00
val_max_episode_len         5.000000e+02
val_mean_episode_len        5.000000e+02
val_min_episode_len         0.000000e+00
val_mean_timeouts           2.500000e-02
Name: 434, dtype: float64
timesteps                   2.857370e+07
wall_time                   2.015812e+05
num_episodes                7.687100e+04
max_episode_rewards         1.000000e+01
mean_episode_rewards        3.500000e+00
min_episode_rewards         0.000000e+00
max_episode_len             5.000000e+02
mean_episode_len            3.533750e+02
min_episode_len             0.000000e+00
mean_timeouts               0.000000e+00
val_max_episode_rewards     0.000000e+00
val_mean_episode_rewards    0.000000e+00
val_min_episode_rewards     0.000000e+00
val_max_episode_len         5.000000e+02
val_mean_episode_len        5.000000e+02
val_min_episode_len         0.000000e+00
val_mean_timeouts           0.000000e+00
Name: 435, dtype: float64
timesteps                   2.863923e+07
wall_time                   2.020650e+05
num_episodes                7.708000e+04
max_episode_rewards         1.000000e+01
mean_episode_rewards        4.500000e+00
min_episode_rewards         0.000000e+00
max_episode_len             5.000000e+02
mean_episode_len            3.020250e+02
min_episode_len             0.000000e+00
mean_timeouts               0.000000e+00
val_max_episode_rewards     0.000000e+00
val_mean_episode_rewards    0.000000e+00
val_min_episode_rewards     0.000000e+00
val_max_episode_len         5.000000e+02
val_mean_episode_len        5.000000e+02
val_min_episode_len         0.000000e+00
val_mean_timeouts           0.000000e+00
Name: 436, dtype: float64
timesteps                   2.870477e+07
wall_time                   2.025489e+05
num_episodes                7.726800e+04
max_episode_rewards         1.000000e+01
mean_episode_rewards        3.250000e+00
min_episode_rewards         0.000000e+00
max_episode_len             5.000000e+02
mean_episode_len            3.535000e+02
min_episode_len             0.000000e+00
mean_timeouts               0.000000e+00
val_max_episode_rewards     0.000000e+00
val_mean_episode_rewards    0.000000e+00
val_min_episode_rewards     0.000000e+00
val_max_episode_len         5.000000e+02
val_mean_episode_len        5.000000e+02
val_min_episode_len         0.000000e+00
val_mean_timeouts           0.000000e+00
Name: 437, dtype: float64
timesteps                   2.877030e+07
wall_time                   2.030384e+05
num_episodes                7.747300e+04
max_episode_rewards         1.000000e+01
mean_episode_rewards        4.000000e+00
min_episode_rewards         0.000000e+00
max_episode_len             5.000000e+02
mean_episode_len            3.217500e+02
min_episode_len             0.000000e+00
mean_timeouts               0.000000e+00
val_max_episode_rewards     0.000000e+00
val_mean_episode_rewards    0.000000e+00
val_min_episode_rewards     0.000000e+00
val_max_episode_len         5.000000e+02
val_mean_episode_len        5.000000e+02
val_min_episode_len         0.000000e+00
val_mean_timeouts           0.000000e+00
Name: 438, dtype: float64
timesteps                   2.883584e+07
wall_time                   2.035283e+05
num_episodes                7.768500e+04
max_episode_rewards         1.000000e+01
mean_episode_rewards        5.000000e+00
min_episode_rewards         0.000000e+00
max_episode_len             5.000000e+02
mean_episode_len            3.093500e+02
min_episode_len             0.000000e+00
mean_timeouts               0.000000e+00
val_max_episode_rewards     0.000000e+00
val_mean_episode_rewards    0.000000e+00
val_min_episode_rewards     0.000000e+00
val_max_episode_len         5.000000e+02
val_mean_episode_len        5.000000e+02
val_min_episode_len         0.000000e+00
val_mean_timeouts           0.000000e+00
Name: 439, dtype: float64
timesteps                   2.890138e+07
wall_time                   2.040164e+05
num_episodes                7.787700e+04
max_episode_rewards         1.000000e+01
mean_episode_rewards        4.250000e+00
min_episode_rewards         0.000000e+00
max_episode_len             5.000000e+02
mean_episode_len            3.350000e+02
min_episode_len             0.000000e+00
mean_timeouts               0.000000e+00
val_max_episode_rewards     1.000000e+01
val_mean_episode_rewards    2.500000e-01
val_min_episode_rewards     0.000000e+00
val_max_episode_len         5.000000e+02
val_mean_episode_len        4.992000e+02
val_min_episode_len         0.000000e+00
val_mean_timeouts           0.000000e+00
Name: 440, dtype: float64
timesteps                   2.896691e+07
wall_time                   2.044980e+05
num_episodes                7.810500e+04
max_episode_rewards         1.000000e+01
mean_episode_rewards        5.250000e+00
min_episode_rewards         0.000000e+00
max_episode_len             5.000000e+02
mean_episode_len            2.774500e+02
min_episode_len             0.000000e+00
mean_timeouts               0.000000e+00
val_max_episode_rewards     0.000000e+00
val_mean_episode_rewards    0.000000e+00
val_min_episode_rewards     0.000000e+00
val_max_episode_len         5.000000e+02
val_mean_episode_len        5.000000e+02
val_min_episode_len         0.000000e+00
val_mean_timeouts           0.000000e+00
Name: 441, dtype: float64
timesteps                   2.903245e+07
wall_time                   2.049740e+05
num_episodes                7.830300e+04
max_episode_rewards         1.000000e+01
mean_episode_rewards        5.000000e+00
min_episode_rewards         0.000000e+00
max_episode_len             5.000000e+02
mean_episode_len            2.759000e+02
min_episode_len             0.000000e+00
mean_timeouts               0.000000e+00
val_max_episode_rewards     0.000000e+00
val_mean_episode_rewards    0.000000e+00
val_min_episode_rewards     0.000000e+00
val_max_episode_len         5.000000e+02
val_mean_episode_len        5.000000e+02
val_min_episode_len         0.000000e+00
val_mean_timeouts           2.500000e-02
Name: 442, dtype: float64
timesteps                   2.909798e+07
wall_time                   2.054572e+05
num_episodes                7.853000e+04
max_episode_rewards         1.000000e+01
mean_episode_rewards        5.000000e+00
min_episode_rewards         0.000000e+00
max_episode_len             5.000000e+02
mean_episode_len            2.855000e+02
min_episode_len             0.000000e+00
mean_timeouts               0.000000e+00
val_max_episode_rewards     0.000000e+00
val_mean_episode_rewards    0.000000e+00
val_min_episode_rewards     0.000000e+00
val_max_episode_len         5.000000e+02
val_mean_episode_len        5.000000e+02
val_min_episode_len         0.000000e+00
val_mean_timeouts           0.000000e+00
Name: 443, dtype: float64
timesteps                   2.916352e+07
wall_time                   2.059510e+05
num_episodes                7.873900e+04
max_episode_rewards         1.000000e+01
mean_episode_rewards        5.500000e+00
min_episode_rewards         0.000000e+00
max_episode_len             5.000000e+02
mean_episode_len            2.615750e+02
min_episode_len             0.000000e+00
mean_timeouts               0.000000e+00
val_max_episode_rewards     0.000000e+00
val_mean_episode_rewards    0.000000e+00
val_min_episode_rewards     0.000000e+00
val_max_episode_len         5.000000e+02
val_mean_episode_len        5.000000e+02
val_min_episode_len         0.000000e+00
val_mean_timeouts           0.000000e+00
Name: 444, dtype: float64
timesteps                   2.922906e+07
wall_time                   2.064495e+05
num_episodes                7.896900e+04
max_episode_rewards         1.000000e+01
mean_episode_rewards        5.000000e+00
min_episode_rewards         0.000000e+00
max_episode_len             5.000000e+02
mean_episode_len            2.954000e+02
min_episode_len             0.000000e+00
mean_timeouts               2.500000e-02
val_max_episode_rewards     0.000000e+00
val_mean_episode_rewards    0.000000e+00
val_min_episode_rewards     0.000000e+00
val_max_episode_len         5.000000e+02
val_mean_episode_len        5.000000e+02
val_min_episode_len         0.000000e+00
val_mean_timeouts           0.000000e+00
Name: 445, dtype: float64
timesteps                   2.929459e+07
wall_time                   2.069398e+05
num_episodes                7.917900e+04
max_episode_rewards         1.000000e+01
mean_episode_rewards        5.000000e+00
min_episode_rewards         0.000000e+00
max_episode_len             5.000000e+02
mean_episode_len            2.998000e+02
min_episode_len             0.000000e+00
mean_timeouts               2.500000e-02
val_max_episode_rewards     0.000000e+00
val_mean_episode_rewards    0.000000e+00
val_min_episode_rewards     0.000000e+00
val_max_episode_len         5.000000e+02
val_mean_episode_len        5.000000e+02
val_min_episode_len         0.000000e+00
val_mean_timeouts           2.500000e-02
Name: 446, dtype: float64
timesteps                   2.936013e+07
wall_time                   2.074170e+05
num_episodes                7.940300e+04
max_episode_rewards         1.000000e+01
mean_episode_rewards        5.250000e+00
min_episode_rewards         0.000000e+00
max_episode_len             5.000000e+02
mean_episode_len            2.963250e+02
min_episode_len             0.000000e+00
mean_timeouts               0.000000e+00
val_max_episode_rewards     0.000000e+00
val_mean_episode_rewards    0.000000e+00
val_min_episode_rewards     0.000000e+00
val_max_episode_len         5.000000e+02
val_mean_episode_len        5.000000e+02
val_min_episode_len         0.000000e+00
val_mean_timeouts           0.000000e+00
Name: 447, dtype: float64
timesteps                   2.942566e+07
wall_time                   2.079128e+05
num_episodes                7.960200e+04
max_episode_rewards         1.000000e+01
mean_episode_rewards        5.000000e+00
min_episode_rewards         0.000000e+00
max_episode_len             5.000000e+02
mean_episode_len            2.911500e+02
min_episode_len             0.000000e+00
mean_timeouts               0.000000e+00
val_max_episode_rewards     0.000000e+00
val_mean_episode_rewards    0.000000e+00
val_min_episode_rewards     0.000000e+00
val_max_episode_len         5.000000e+02
val_mean_episode_len        5.000000e+02
val_min_episode_len         0.000000e+00
val_mean_timeouts           0.000000e+00
Name: 448, dtype: float64
timesteps                   2.949120e+07
wall_time                   2.084139e+05
num_episodes                7.980100e+04
max_episode_rewards         1.000000e+01
mean_episode_rewards        2.500000e+00
min_episode_rewards         0.000000e+00
max_episode_len             5.000000e+02
mean_episode_len            3.863250e+02
min_episode_len             0.000000e+00
mean_timeouts               0.000000e+00
val_max_episode_rewards     1.000000e+01
val_mean_episode_rewards    5.000000e-01
val_min_episode_rewards     0.000000e+00
val_max_episode_len         5.000000e+02
val_mean_episode_len        4.905000e+02
val_min_episode_len         0.000000e+00
val_mean_timeouts           0.000000e+00
Name: 449, dtype: float64
timesteps                   2.955674e+07
wall_time                   2.089032e+05
num_episodes                8.003000e+04
max_episode_rewards         1.000000e+01
mean_episode_rewards        3.500000e+00
min_episode_rewards         0.000000e+00
max_episode_len             5.000000e+02
mean_episode_len            3.401000e+02
min_episode_len             0.000000e+00
mean_timeouts               0.000000e+00
val_max_episode_rewards     1.000000e+01
val_mean_episode_rewards    2.500000e-01
val_min_episode_rewards     0.000000e+00
val_max_episode_len         5.000000e+02
val_mean_episode_len        4.953500e+02
val_min_episode_len         0.000000e+00
val_mean_timeouts           0.000000e+00
Name: 450, dtype: float64
timesteps                   2.962227e+07
wall_time                   2.093984e+05
num_episodes                8.023400e+04
max_episode_rewards         1.000000e+01
mean_episode_rewards        4.500000e+00
min_episode_rewards         0.000000e+00
max_episode_len             5.000000e+02
mean_episode_len            3.239750e+02
min_episode_len             0.000000e+00
mean_timeouts               0.000000e+00
val_max_episode_rewards     1.000000e+01
val_mean_episode_rewards    2.500000e-01
val_min_episode_rewards     0.000000e+00
val_max_episode_len         5.000000e+02
val_mean_episode_len        4.969000e+02
val_min_episode_len         0.000000e+00
val_mean_timeouts           0.000000e+00
Name: 451, dtype: float64
timesteps                   2.968781e+07
wall_time                   2.098855e+05
num_episodes                8.043200e+04
max_episode_rewards         1.000000e+01
mean_episode_rewards        3.750000e+00
min_episode_rewards         0.000000e+00
max_episode_len             5.000000e+02
mean_episode_len            3.394000e+02
min_episode_len             0.000000e+00
mean_timeouts               0.000000e+00
val_max_episode_rewards     0.000000e+00
val_mean_episode_rewards    0.000000e+00
val_min_episode_rewards     0.000000e+00
val_max_episode_len         5.000000e+02
val_mean_episode_len        5.000000e+02
val_min_episode_len         0.000000e+00
val_mean_timeouts           0.000000e+00
Name: 452, dtype: float64
timesteps                   2.975334e+07
wall_time                   2.103687e+05
num_episodes                8.064800e+04
max_episode_rewards         1.000000e+01
mean_episode_rewards        5.000000e+00
min_episode_rewards         0.000000e+00
max_episode_len             5.000000e+02
mean_episode_len            2.826750e+02
min_episode_len             0.000000e+00
mean_timeouts               0.000000e+00
val_max_episode_rewards     0.000000e+00
val_mean_episode_rewards    0.000000e+00
val_min_episode_rewards     0.000000e+00
val_max_episode_len         5.000000e+02
val_mean_episode_len        5.000000e+02
val_min_episode_len         0.000000e+00
val_mean_timeouts           0.000000e+00
Name: 453, dtype: float64
timesteps                   2.981888e+07
wall_time                   2.108578e+05
num_episodes                8.083700e+04
max_episode_rewards         1.000000e+01
mean_episode_rewards        5.500000e+00
min_episode_rewards         0.000000e+00
max_episode_len             5.000000e+02
mean_episode_len            2.827750e+02
min_episode_len             0.000000e+00
mean_timeouts               0.000000e+00
val_max_episode_rewards     1.000000e+01
val_mean_episode_rewards    2.500000e-01
val_min_episode_rewards     0.000000e+00
val_max_episode_len         5.000000e+02
val_mean_episode_len        4.932000e+02
val_min_episode_len         0.000000e+00
val_mean_timeouts           0.000000e+00
Name: 454, dtype: float64
timesteps                   2.988442e+07
wall_time                   2.113300e+05
num_episodes                8.108600e+04
max_episode_rewards         1.000000e+01
mean_episode_rewards        4.500000e+00
min_episode_rewards         0.000000e+00
max_episode_len             5.000000e+02
mean_episode_len            3.072750e+02
min_episode_len             0.000000e+00
mean_timeouts               0.000000e+00
val_max_episode_rewards     0.000000e+00
val_mean_episode_rewards    0.000000e+00
val_min_episode_rewards     0.000000e+00
val_max_episode_len         5.000000e+02
val_mean_episode_len        5.000000e+02
val_min_episode_len         0.000000e+00
val_mean_timeouts           0.000000e+00
Name: 455, dtype: float64
timesteps                   2.994995e+07
wall_time                   2.117998e+05
num_episodes                8.130800e+04
max_episode_rewards         1.000000e+01
mean_episode_rewards        4.500000e+00
min_episode_rewards         0.000000e+00
max_episode_len             5.000000e+02
mean_episode_len            3.029500e+02
min_episode_len             0.000000e+00
mean_timeouts               2.500000e-02
val_max_episode_rewards     0.000000e+00
val_mean_episode_rewards    0.000000e+00
val_min_episode_rewards     0.000000e+00
val_max_episode_len         5.000000e+02
val_mean_episode_len        5.000000e+02
val_min_episode_len         0.000000e+00
val_mean_timeouts           0.000000e+00
Name: 456, dtype: float64
timesteps                   3.001549e+07
wall_time                   2.122900e+05
num_episodes                8.152800e+04
max_episode_rewards         1.000000e+01
mean_episode_rewards        5.000000e+00
min_episode_rewards         0.000000e+00
max_episode_len             5.000000e+02
mean_episode_len            2.987500e+02
min_episode_len             0.000000e+00
mean_timeouts               0.000000e+00
val_max_episode_rewards     0.000000e+00
val_mean_episode_rewards    0.000000e+00
val_min_episode_rewards     0.000000e+00
val_max_episode_len         5.000000e+02
val_mean_episode_len        5.000000e+02
val_min_episode_len         0.000000e+00
val_mean_timeouts           0.000000e+00
Name: 457, dtype: float64
Saving model at timestep 30015489
timesteps                   3.008102e+07
wall_time                   2.127858e+05
num_episodes                8.172900e+04
max_episode_rewards         1.000000e+01
mean_episode_rewards        4.500000e+00
min_episode_rewards         0.000000e+00
max_episode_len             5.000000e+02
mean_episode_len            2.990500e+02
min_episode_len             0.000000e+00
mean_timeouts               2.500000e-02
val_max_episode_rewards     0.000000e+00
val_mean_episode_rewards    0.000000e+00
val_min_episode_rewards     0.000000e+00
val_max_episode_len         5.000000e+02
val_mean_episode_len        5.000000e+02
val_min_episode_len         0.000000e+00
val_mean_timeouts           0.000000e+00
Name: 458, dtype: float64
timesteps                   3.014656e+07
wall_time                   2.132763e+05
num_episodes                8.196400e+04
max_episode_rewards         1.000000e+01
mean_episode_rewards        4.750000e+00
min_episode_rewards         0.000000e+00
max_episode_len             5.000000e+02
mean_episode_len            3.014000e+02
min_episode_len             0.000000e+00
mean_timeouts               0.000000e+00
val_max_episode_rewards     1.000000e+01
val_mean_episode_rewards    2.500000e-01
val_min_episode_rewards     0.000000e+00
val_max_episode_len         5.000000e+02
val_mean_episode_len        4.876000e+02
val_min_episode_len         0.000000e+00
val_mean_timeouts           0.000000e+00
Name: 459, dtype: float64
timesteps                   3.021210e+07
wall_time                   2.137613e+05
num_episodes                8.216500e+04
max_episode_rewards         1.000000e+01
mean_episode_rewards        5.000000e+00
min_episode_rewards         0.000000e+00
max_episode_len             5.000000e+02
mean_episode_len            2.749750e+02
min_episode_len             0.000000e+00
mean_timeouts               2.500000e-02
val_max_episode_rewards     1.000000e+01
val_mean_episode_rewards    5.000000e-01
val_min_episode_rewards     0.000000e+00
val_max_episode_len         5.000000e+02
val_mean_episode_len        4.943500e+02
val_min_episode_len         0.000000e+00
val_mean_timeouts           0.000000e+00
Name: 460, dtype: float64
timesteps                   3.027763e+07
wall_time                   2.142421e+05
num_episodes                8.238600e+04
max_episode_rewards         1.000000e+01
mean_episode_rewards        4.500000e+00
min_episode_rewards         0.000000e+00
max_episode_len             5.000000e+02
mean_episode_len            3.298250e+02
min_episode_len             0.000000e+00
mean_timeouts               0.000000e+00
val_max_episode_rewards     0.000000e+00
val_mean_episode_rewards    0.000000e+00
val_min_episode_rewards     0.000000e+00
val_max_episode_len         5.000000e+02
val_mean_episode_len        5.000000e+02
val_min_episode_len         0.000000e+00
val_mean_timeouts           0.000000e+00
Name: 461, dtype: float64
timesteps                   3.034317e+07
wall_time                   2.147387e+05
num_episodes                8.262000e+04
max_episode_rewards         1.000000e+01
mean_episode_rewards        5.250000e+00
min_episode_rewards         0.000000e+00
max_episode_len             5.000000e+02
mean_episode_len            2.704000e+02
min_episode_len             0.000000e+00
mean_timeouts               0.000000e+00
val_max_episode_rewards     0.000000e+00
val_mean_episode_rewards    0.000000e+00
val_min_episode_rewards     0.000000e+00
val_max_episode_len         5.000000e+02
val_mean_episode_len        5.000000e+02
val_min_episode_len         0.000000e+00
val_mean_timeouts           0.000000e+00
Name: 462, dtype: float64
timesteps                   3.040870e+07
wall_time                   2.152460e+05
num_episodes                8.283000e+04
max_episode_rewards         1.000000e+01
mean_episode_rewards        5.000000e+00
min_episode_rewards         0.000000e+00
max_episode_len             5.000000e+02
mean_episode_len            2.627750e+02
min_episode_len             0.000000e+00
mean_timeouts               0.000000e+00
val_max_episode_rewards     0.000000e+00
val_mean_episode_rewards    0.000000e+00
val_min_episode_rewards     0.000000e+00
val_max_episode_len         5.000000e+02
val_mean_episode_len        5.000000e+02
val_min_episode_len         0.000000e+00
val_mean_timeouts           0.000000e+00
Name: 463, dtype: float64
timesteps                   3.047424e+07
wall_time                   2.157396e+05
num_episodes                8.303000e+04
max_episode_rewards         1.000000e+01
mean_episode_rewards        3.750000e+00
min_episode_rewards         0.000000e+00
max_episode_len             5.000000e+02
mean_episode_len            3.500750e+02
min_episode_len             0.000000e+00
mean_timeouts               0.000000e+00
val_max_episode_rewards     0.000000e+00
val_mean_episode_rewards    0.000000e+00
val_min_episode_rewards     0.000000e+00
val_max_episode_len         5.000000e+02
val_mean_episode_len        5.000000e+02
val_min_episode_len         0.000000e+00
val_mean_timeouts           0.000000e+00
Name: 464, dtype: float64
timesteps                   3.053978e+07
wall_time                   2.162188e+05
num_episodes                8.326900e+04
max_episode_rewards         1.000000e+01
mean_episode_rewards        4.250000e+00
min_episode_rewards         0.000000e+00
max_episode_len             5.000000e+02
mean_episode_len            3.095000e+02
min_episode_len             0.000000e+00
mean_timeouts               0.000000e+00
val_max_episode_rewards     1.000000e+01
val_mean_episode_rewards    2.500000e-01
val_min_episode_rewards     0.000000e+00
val_max_episode_len         5.000000e+02
val_mean_episode_len        4.945500e+02
val_min_episode_len         0.000000e+00
val_mean_timeouts           2.500000e-02
Name: 465, dtype: float64
timesteps                   3.060531e+07
wall_time                   2.167021e+05
num_episodes                8.349400e+04
max_episode_rewards         1.000000e+01
mean_episode_rewards        6.500000e+00
min_episode_rewards         0.000000e+00
max_episode_len             5.000000e+02
mean_episode_len            2.266750e+02
min_episode_len             0.000000e+00
mean_timeouts               0.000000e+00
val_max_episode_rewards     0.000000e+00
val_mean_episode_rewards    0.000000e+00
val_min_episode_rewards     0.000000e+00
val_max_episode_len         5.000000e+02
val_mean_episode_len        5.000000e+02
val_min_episode_len         0.000000e+00
val_mean_timeouts           0.000000e+00
Name: 466, dtype: float64
timesteps                   3.067085e+07
wall_time                   2.171976e+05
num_episodes                8.372400e+04
max_episode_rewards         1.000000e+01
mean_episode_rewards        3.500000e+00
min_episode_rewards         0.000000e+00
max_episode_len             5.000000e+02
mean_episode_len            3.417250e+02
min_episode_len             0.000000e+00
mean_timeouts               0.000000e+00
val_max_episode_rewards     0.000000e+00
val_mean_episode_rewards    0.000000e+00
val_min_episode_rewards     0.000000e+00
val_max_episode_len         5.000000e+02
val_mean_episode_len        5.000000e+02
val_min_episode_len         0.000000e+00
val_mean_timeouts           0.000000e+00
Name: 467, dtype: float64
timesteps                   3.073638e+07
wall_time                   2.176868e+05
num_episodes                8.392000e+04
max_episode_rewards         1.000000e+01
mean_episode_rewards        3.750000e+00
min_episode_rewards         0.000000e+00
max_episode_len             5.000000e+02
mean_episode_len            3.331250e+02
min_episode_len             0.000000e+00
mean_timeouts               0.000000e+00
val_max_episode_rewards     1.000000e+01
val_mean_episode_rewards    2.500000e-01
val_min_episode_rewards     0.000000e+00
val_max_episode_len         5.000000e+02
val_mean_episode_len        4.995000e+02
val_min_episode_len         0.000000e+00
val_mean_timeouts           0.000000e+00
Name: 468, dtype: float64
timesteps                   3.080192e+07
wall_time                   2.181779e+05
num_episodes                8.413000e+04
max_episode_rewards         1.000000e+01
mean_episode_rewards        3.500000e+00
min_episode_rewards         0.000000e+00
max_episode_len             5.000000e+02
mean_episode_len            3.416750e+02
min_episode_len             0.000000e+00
mean_timeouts               0.000000e+00
val_max_episode_rewards     0.000000e+00
val_mean_episode_rewards    0.000000e+00
val_min_episode_rewards     0.000000e+00
val_max_episode_len         5.000000e+02
val_mean_episode_len        5.000000e+02
val_min_episode_len         0.000000e+00
val_mean_timeouts           0.000000e+00
Name: 469, dtype: float64
timesteps                   3.086746e+07
wall_time                   2.186747e+05
num_episodes                8.433000e+04
max_episode_rewards         1.000000e+01
mean_episode_rewards        4.750000e+00
min_episode_rewards         0.000000e+00
max_episode_len             5.000000e+02
mean_episode_len            2.932750e+02
min_episode_len             0.000000e+00
mean_timeouts               2.500000e-02
val_max_episode_rewards     0.000000e+00
val_mean_episode_rewards    0.000000e+00
val_min_episode_rewards     0.000000e+00
val_max_episode_len         5.000000e+02
val_mean_episode_len        5.000000e+02
val_min_episode_len         0.000000e+00
val_mean_timeouts           0.000000e+00
Name: 470, dtype: float64
timesteps                   3.093299e+07
wall_time                   2.191564e+05
num_episodes                8.457200e+04
max_episode_rewards         1.000000e+01
mean_episode_rewards        5.250000e+00
min_episode_rewards         0.000000e+00
max_episode_len             5.000000e+02
mean_episode_len            2.921250e+02
min_episode_len             0.000000e+00
mean_timeouts               0.000000e+00
val_max_episode_rewards     0.000000e+00
val_mean_episode_rewards    0.000000e+00
val_min_episode_rewards     0.000000e+00
val_max_episode_len         5.000000e+02
val_mean_episode_len        5.000000e+02
val_min_episode_len         0.000000e+00
val_mean_timeouts           2.500000e-02
Name: 471, dtype: float64
timesteps                   3.099853e+07
wall_time                   2.196360e+05
num_episodes                8.476600e+04
max_episode_rewards         1.000000e+01
mean_episode_rewards        4.750000e+00
min_episode_rewards         0.000000e+00
max_episode_len             5.000000e+02
mean_episode_len            3.057500e+02
min_episode_len             0.000000e+00
mean_timeouts               0.000000e+00
val_max_episode_rewards     0.000000e+00
val_mean_episode_rewards    0.000000e+00
val_min_episode_rewards     0.000000e+00
val_max_episode_len         5.000000e+02
val_mean_episode_len        5.000000e+02
val_min_episode_len         0.000000e+00
val_mean_timeouts           2.500000e-02
Name: 472, dtype: float64
timesteps                   3.106406e+07
wall_time                   2.201259e+05
num_episodes                8.500900e+04
max_episode_rewards         1.000000e+01
mean_episode_rewards        4.500000e+00
min_episode_rewards         0.000000e+00
max_episode_len             5.000000e+02
mean_episode_len            3.004000e+02
min_episode_len             0.000000e+00
mean_timeouts               0.000000e+00
val_max_episode_rewards     1.000000e+01
val_mean_episode_rewards    2.500000e-01
val_min_episode_rewards     0.000000e+00
val_max_episode_len         5.000000e+02
val_mean_episode_len        4.897500e+02
val_min_episode_len         0.000000e+00
val_mean_timeouts           0.000000e+00
Name: 473, dtype: float64
timesteps                   3.112960e+07
wall_time                   2.206267e+05
num_episodes                8.522700e+04
max_episode_rewards         1.000000e+01
mean_episode_rewards        5.750000e+00
min_episode_rewards         0.000000e+00
max_episode_len             5.000000e+02
mean_episode_len            2.560750e+02
min_episode_len             0.000000e+00
mean_timeouts               0.000000e+00
val_max_episode_rewards     0.000000e+00
val_mean_episode_rewards    0.000000e+00
val_min_episode_rewards     0.000000e+00
val_max_episode_len         5.000000e+02
val_mean_episode_len        5.000000e+02
val_min_episode_len         0.000000e+00
val_mean_timeouts           0.000000e+00
Name: 474, dtype: float64
timesteps                   3.119514e+07
wall_time                   2.211200e+05
num_episodes                8.545100e+04
max_episode_rewards         1.000000e+01
mean_episode_rewards        5.250000e+00
min_episode_rewards         0.000000e+00
max_episode_len             5.000000e+02
mean_episode_len            2.749500e+02
min_episode_len             0.000000e+00
mean_timeouts               0.000000e+00
val_max_episode_rewards     1.000000e+01
val_mean_episode_rewards    2.500000e-01
val_min_episode_rewards     0.000000e+00
val_max_episode_len         5.000000e+02
val_mean_episode_len        4.891000e+02
val_min_episode_len         0.000000e+00
val_mean_timeouts           0.000000e+00
Name: 475, dtype: float64
timesteps                   3.126067e+07
wall_time                   2.216112e+05
num_episodes                8.567500e+04
max_episode_rewards         1.000000e+01
mean_episode_rewards        5.000000e+00
min_episode_rewards         0.000000e+00
max_episode_len             5.000000e+02
mean_episode_len            3.051000e+02
min_episode_len             0.000000e+00
mean_timeouts               0.000000e+00
val_max_episode_rewards     0.000000e+00
val_mean_episode_rewards    0.000000e+00
val_min_episode_rewards     0.000000e+00
val_max_episode_len         5.000000e+02
val_mean_episode_len        5.000000e+02
val_min_episode_len         0.000000e+00
val_mean_timeouts           0.000000e+00
Name: 476, dtype: float64
timesteps                   3.132621e+07
wall_time                   2.220988e+05
num_episodes                8.589400e+04
max_episode_rewards         1.000000e+01
mean_episode_rewards        3.500000e+00
min_episode_rewards         0.000000e+00
max_episode_len             5.000000e+02
mean_episode_len            3.493500e+02
min_episode_len             0.000000e+00
mean_timeouts               0.000000e+00
val_max_episode_rewards     1.000000e+01
val_mean_episode_rewards    2.500000e-01
val_min_episode_rewards     0.000000e+00
val_max_episode_len         5.000000e+02
val_mean_episode_len        4.949000e+02
val_min_episode_len         0.000000e+00
val_mean_timeouts           0.000000e+00
Name: 477, dtype: float64
timesteps                   3.139174e+07
wall_time                   2.225851e+05
num_episodes                8.610800e+04
max_episode_rewards         1.000000e+01
mean_episode_rewards        5.000000e+00
min_episode_rewards         0.000000e+00
max_episode_len             5.000000e+02
mean_episode_len            2.948250e+02
min_episode_len             0.000000e+00
mean_timeouts               0.000000e+00
val_max_episode_rewards     0.000000e+00
val_mean_episode_rewards    0.000000e+00
val_min_episode_rewards     0.000000e+00
val_max_episode_len         5.000000e+02
val_mean_episode_len        5.000000e+02
val_min_episode_len         0.000000e+00
val_mean_timeouts           0.000000e+00
Name: 478, dtype: float64
timesteps                   3.145728e+07
wall_time                   2.230797e+05
num_episodes                8.632500e+04
max_episode_rewards         1.000000e+01
mean_episode_rewards        4.750000e+00
min_episode_rewards         0.000000e+00
max_episode_len             5.000000e+02
mean_episode_len            2.816750e+02
min_episode_len             0.000000e+00
mean_timeouts               0.000000e+00
val_max_episode_rewards     1.000000e+01
val_mean_episode_rewards    2.500000e-01
val_min_episode_rewards     0.000000e+00
val_max_episode_len         5.000000e+02
val_mean_episode_len        4.964000e+02
val_min_episode_len         0.000000e+00
val_mean_timeouts           2.500000e-02
Name: 479, dtype: float64
timesteps                   3.152282e+07
wall_time                   2.235702e+05
num_episodes                8.653900e+04
max_episode_rewards         1.000000e+01
mean_episode_rewards        3.500000e+00
min_episode_rewards         0.000000e+00
max_episode_len             5.000000e+02
mean_episode_len            3.530000e+02
min_episode_len             0.000000e+00
mean_timeouts               0.000000e+00
val_max_episode_rewards     0.000000e+00
val_mean_episode_rewards    0.000000e+00
val_min_episode_rewards     0.000000e+00
val_max_episode_len         5.000000e+02
val_mean_episode_len        5.000000e+02
val_min_episode_len         0.000000e+00
val_mean_timeouts           0.000000e+00
Name: 480, dtype: float64
timesteps                   3.158835e+07
wall_time                   2.240539e+05
num_episodes                8.678000e+04
max_episode_rewards         1.000000e+01
mean_episode_rewards        4.750000e+00
min_episode_rewards         0.000000e+00
max_episode_len             5.000000e+02
mean_episode_len            3.072750e+02
min_episode_len             0.000000e+00
mean_timeouts               0.000000e+00
val_max_episode_rewards     0.000000e+00
val_mean_episode_rewards    0.000000e+00
val_min_episode_rewards     0.000000e+00
val_max_episode_len         5.000000e+02
val_mean_episode_len        5.000000e+02
val_min_episode_len         0.000000e+00
val_mean_timeouts           0.000000e+00
Name: 481, dtype: float64
timesteps                   3.165389e+07
wall_time                   2.245217e+05
num_episodes                8.699800e+04
max_episode_rewards         1.000000e+01
mean_episode_rewards        5.750000e+00
min_episode_rewards         0.000000e+00
max_episode_len             5.000000e+02
mean_episode_len            2.411250e+02
min_episode_len             0.000000e+00
mean_timeouts               0.000000e+00
val_max_episode_rewards     0.000000e+00
val_mean_episode_rewards    0.000000e+00
val_min_episode_rewards     0.000000e+00
val_max_episode_len         5.000000e+02
val_mean_episode_len        5.000000e+02
val_min_episode_len         0.000000e+00
val_mean_timeouts           0.000000e+00
Name: 482, dtype: float64
timesteps                   3.171942e+07
wall_time                   2.249969e+05
num_episodes                8.721300e+04
max_episode_rewards         1.000000e+01
mean_episode_rewards        4.500000e+00
min_episode_rewards         0.000000e+00
max_episode_len             5.000000e+02
mean_episode_len            3.045750e+02
min_episode_len             0.000000e+00
mean_timeouts               0.000000e+00
val_max_episode_rewards     0.000000e+00
val_mean_episode_rewards    0.000000e+00
val_min_episode_rewards     0.000000e+00
val_max_episode_len         5.000000e+02
val_mean_episode_len        5.000000e+02
val_min_episode_len         0.000000e+00
val_mean_timeouts           0.000000e+00
Name: 483, dtype: float64
timesteps                   3.178496e+07
wall_time                   2.254684e+05
num_episodes                8.741300e+04
max_episode_rewards         1.000000e+01
mean_episode_rewards        6.000000e+00
min_episode_rewards         0.000000e+00
max_episode_len             5.000000e+02
mean_episode_len            2.471500e+02
min_episode_len             0.000000e+00
mean_timeouts               0.000000e+00
val_max_episode_rewards     1.000000e+01
val_mean_episode_rewards    2.500000e-01
val_min_episode_rewards     0.000000e+00
val_max_episode_len         5.000000e+02
val_mean_episode_len        4.930500e+02
val_min_episode_len         0.000000e+00
val_mean_timeouts           0.000000e+00
Name: 484, dtype: float64
timesteps                   3.185050e+07
wall_time                   2.259321e+05
num_episodes                8.764200e+04
max_episode_rewards         1.000000e+01
mean_episode_rewards        5.250000e+00
min_episode_rewards         0.000000e+00
max_episode_len             5.000000e+02
mean_episode_len            2.648500e+02
min_episode_len             0.000000e+00
mean_timeouts               0.000000e+00
val_max_episode_rewards     0.000000e+00
val_mean_episode_rewards    0.000000e+00
val_min_episode_rewards     0.000000e+00
val_max_episode_len         5.000000e+02
val_mean_episode_len        5.000000e+02
val_min_episode_len         0.000000e+00
val_mean_timeouts           2.500000e-02
Name: 485, dtype: float64
timesteps                   3.191603e+07
wall_time                   2.264005e+05
num_episodes                8.786200e+04
max_episode_rewards         1.000000e+01
mean_episode_rewards        5.000000e+00
min_episode_rewards         0.000000e+00
max_episode_len             5.000000e+02
mean_episode_len            2.710750e+02
min_episode_len             0.000000e+00
mean_timeouts               2.500000e-02
val_max_episode_rewards     0.000000e+00
val_mean_episode_rewards    0.000000e+00
val_min_episode_rewards     0.000000e+00
val_max_episode_len         5.000000e+02
val_mean_episode_len        5.000000e+02
val_min_episode_len         0.000000e+00
val_mean_timeouts           2.500000e-02
Name: 486, dtype: float64
timesteps                   3.198157e+07
wall_time                   2.268905e+05
num_episodes                8.807600e+04
max_episode_rewards         1.000000e+01
mean_episode_rewards        4.750000e+00
min_episode_rewards         0.000000e+00
max_episode_len             5.000000e+02
mean_episode_len            3.055000e+02
min_episode_len             0.000000e+00
mean_timeouts               0.000000e+00
val_max_episode_rewards     0.000000e+00
val_mean_episode_rewards    0.000000e+00
val_min_episode_rewards     0.000000e+00
val_max_episode_len         5.000000e+02
val_mean_episode_len        5.000000e+02
val_min_episode_len         0.000000e+00
val_mean_timeouts           0.000000e+00
Name: 487, dtype: float64
timesteps                   3.204710e+07
wall_time                   2.273808e+05
num_episodes                8.830300e+04
max_episode_rewards         1.000000e+01
mean_episode_rewards        6.500000e+00
min_episode_rewards         0.000000e+00
max_episode_len             5.000000e+02
mean_episode_len            2.238250e+02
min_episode_len             0.000000e+00
mean_timeouts               0.000000e+00
val_max_episode_rewards     0.000000e+00
val_mean_episode_rewards    0.000000e+00
val_min_episode_rewards     0.000000e+00
val_max_episode_len         5.000000e+02
val_mean_episode_len        5.000000e+02
val_min_episode_len         0.000000e+00
val_mean_timeouts           0.000000e+00
Name: 488, dtype: float64
timesteps                   3.211264e+07
wall_time                   2.278622e+05
num_episodes                8.852600e+04
max_episode_rewards         1.000000e+01
mean_episode_rewards        5.250000e+00
min_episode_rewards         0.000000e+00
max_episode_len             5.000000e+02
mean_episode_len            2.786750e+02
min_episode_len             0.000000e+00
mean_timeouts               0.000000e+00
val_max_episode_rewards     1.000000e+01
val_mean_episode_rewards    2.500000e-01
val_min_episode_rewards     0.000000e+00
val_max_episode_len         5.000000e+02
val_mean_episode_len        4.943500e+02
val_min_episode_len         0.000000e+00
val_mean_timeouts           0.000000e+00
Name: 489, dtype: float64
timesteps                   3.217818e+07
wall_time                   2.283406e+05
num_episodes                8.873900e+04
max_episode_rewards         1.000000e+01
mean_episode_rewards        5.500000e+00
min_episode_rewards         0.000000e+00
max_episode_len             5.000000e+02
mean_episode_len            2.636000e+02
min_episode_len             0.000000e+00
mean_timeouts               0.000000e+00
val_max_episode_rewards     0.000000e+00
val_mean_episode_rewards    0.000000e+00
val_min_episode_rewards     0.000000e+00
val_max_episode_len         5.000000e+02
val_mean_episode_len        5.000000e+02
val_min_episode_len         0.000000e+00
val_mean_timeouts           0.000000e+00
Name: 490, dtype: float64
timesteps                   3.224371e+07
wall_time                   2.288243e+05
num_episodes                8.895300e+04
max_episode_rewards         1.000000e+01
mean_episode_rewards        5.000000e+00
min_episode_rewards         0.000000e+00
max_episode_len             5.000000e+02
mean_episode_len            3.066000e+02
min_episode_len             0.000000e+00
mean_timeouts               0.000000e+00
val_max_episode_rewards     0.000000e+00
val_mean_episode_rewards    0.000000e+00
val_min_episode_rewards     0.000000e+00
val_max_episode_len         5.000000e+02
val_mean_episode_len        5.000000e+02
val_min_episode_len         0.000000e+00
val_mean_timeouts           0.000000e+00
Name: 491, dtype: float64
timesteps                   3.230925e+07
wall_time                   2.293018e+05
num_episodes                8.918000e+04
max_episode_rewards         1.000000e+01
mean_episode_rewards        5.000000e+00
min_episode_rewards         0.000000e+00
max_episode_len             5.000000e+02
mean_episode_len            2.710250e+02
min_episode_len             0.000000e+00
mean_timeouts               0.000000e+00
val_max_episode_rewards     1.000000e+01
val_mean_episode_rewards    2.500000e-01
val_min_episode_rewards     0.000000e+00
val_max_episode_len         5.000000e+02
val_mean_episode_len        4.946000e+02
val_min_episode_len         0.000000e+00
val_mean_timeouts           0.000000e+00
Name: 492, dtype: float64
timesteps                   3.237478e+07
wall_time                   2.297956e+05
num_episodes                8.944300e+04
max_episode_rewards         1.000000e+01
mean_episode_rewards        4.500000e+00
min_episode_rewards         0.000000e+00
max_episode_len             5.000000e+02
mean_episode_len            3.144750e+02
min_episode_len             0.000000e+00
mean_timeouts               0.000000e+00
val_max_episode_rewards     1.000000e+01
val_mean_episode_rewards    5.000000e-01
val_min_episode_rewards     0.000000e+00
val_max_episode_len         5.000000e+02
val_mean_episode_len        4.902500e+02
val_min_episode_len         0.000000e+00
val_mean_timeouts           0.000000e+00
Name: 493, dtype: float64
timesteps                   3.244032e+07
wall_time                   2.302727e+05
num_episodes                8.966300e+04
max_episode_rewards         1.000000e+01
mean_episode_rewards        3.750000e+00
min_episode_rewards         0.000000e+00
max_episode_len             5.000000e+02
mean_episode_len            3.281500e+02
min_episode_len             0.000000e+00
mean_timeouts               0.000000e+00
val_max_episode_rewards     0.000000e+00
val_mean_episode_rewards    0.000000e+00
val_min_episode_rewards     0.000000e+00
val_max_episode_len         5.000000e+02
val_mean_episode_len        5.000000e+02
val_min_episode_len         0.000000e+00
val_mean_timeouts           0.000000e+00
Name: 494, dtype: float64
timesteps                   3.250586e+07
wall_time                   2.307410e+05
num_episodes                8.986600e+04
max_episode_rewards         1.000000e+01
mean_episode_rewards        4.750000e+00
min_episode_rewards         0.000000e+00
max_episode_len             5.000000e+02
mean_episode_len            2.858000e+02
min_episode_len             0.000000e+00
mean_timeouts               0.000000e+00
val_max_episode_rewards     1.000000e+01
val_mean_episode_rewards    5.000000e-01
val_min_episode_rewards     0.000000e+00
val_max_episode_len         5.000000e+02
val_mean_episode_len        4.971500e+02
val_min_episode_len         0.000000e+00
val_mean_timeouts           0.000000e+00
Name: 495, dtype: float64
timesteps                   3.257139e+07
wall_time                   2.312192e+05
num_episodes                9.008800e+04
max_episode_rewards         1.000000e+01
mean_episode_rewards        4.500000e+00
min_episode_rewards         0.000000e+00
max_episode_len             5.000000e+02
mean_episode_len            3.161750e+02
min_episode_len             0.000000e+00
mean_timeouts               0.000000e+00
val_max_episode_rewards     0.000000e+00
val_mean_episode_rewards    0.000000e+00
val_min_episode_rewards     0.000000e+00
val_max_episode_len         5.000000e+02
val_mean_episode_len        5.000000e+02
val_min_episode_len         0.000000e+00
val_mean_timeouts           0.000000e+00
Name: 496, dtype: float64
timesteps                   3.263693e+07
wall_time                   2.317254e+05
num_episodes                9.031000e+04
max_episode_rewards         1.000000e+01
mean_episode_rewards        5.500000e+00
min_episode_rewards         0.000000e+00
max_episode_len             5.000000e+02
mean_episode_len            2.948750e+02
min_episode_len             0.000000e+00
mean_timeouts               0.000000e+00
val_max_episode_rewards     1.000000e+01
val_mean_episode_rewards    5.000000e-01
val_min_episode_rewards     0.000000e+00
val_max_episode_len         5.000000e+02
val_mean_episode_len        4.861500e+02
val_min_episode_len         0.000000e+00
val_mean_timeouts           2.500000e-02
Name: 497, dtype: float64
timesteps                   3.270246e+07
wall_time                   2.322102e+05
num_episodes                9.053800e+04
max_episode_rewards         1.000000e+01
mean_episode_rewards        4.500000e+00
min_episode_rewards         0.000000e+00
max_episode_len             5.000000e+02
mean_episode_len            3.096500e+02
min_episode_len             0.000000e+00
mean_timeouts               2.500000e-02
val_max_episode_rewards     1.000000e+01
val_mean_episode_rewards    2.500000e-01
val_min_episode_rewards     0.000000e+00
val_max_episode_len         5.000000e+02
val_mean_episode_len        4.998000e+02
val_min_episode_len         0.000000e+00
val_mean_timeouts           0.000000e+00
Name: 498, dtype: float64
timesteps                   3.276800e+07
wall_time                   2.326830e+05
num_episodes                9.073600e+04
max_episode_rewards         1.000000e+01
mean_episode_rewards        4.500000e+00
min_episode_rewards         0.000000e+00
max_episode_len             5.000000e+02
mean_episode_len            3.030750e+02
min_episode_len             0.000000e+00
mean_timeouts               0.000000e+00
val_max_episode_rewards     0.000000e+00
val_mean_episode_rewards    0.000000e+00
val_min_episode_rewards     0.000000e+00
val_max_episode_len         5.000000e+02
val_mean_episode_len        5.000000e+02
val_min_episode_len         0.000000e+00
val_mean_timeouts           1.750000e-01
Name: 499, dtype: float64
timesteps                   3.283354e+07
wall_time                   2.331810e+05
num_episodes                9.096900e+04
max_episode_rewards         1.000000e+01
mean_episode_rewards        5.000000e+00
min_episode_rewards         0.000000e+00
max_episode_len             5.000000e+02
mean_episode_len            2.708750e+02
min_episode_len             0.000000e+00
mean_timeouts               0.000000e+00
val_max_episode_rewards     0.000000e+00
val_mean_episode_rewards    0.000000e+00
val_min_episode_rewards     0.000000e+00
val_max_episode_len         5.000000e+02
val_mean_episode_len        5.000000e+02
val_min_episode_len         0.000000e+00
val_mean_timeouts           0.000000e+00
Name: 500, dtype: float64
timesteps                   3.289907e+07
wall_time                   2.336794e+05
num_episodes                9.120800e+04
max_episode_rewards         1.000000e+01
mean_episode_rewards        5.250000e+00
min_episode_rewards         0.000000e+00
max_episode_len             5.000000e+02
mean_episode_len            2.665500e+02
min_episode_len             0.000000e+00
mean_timeouts               0.000000e+00
val_max_episode_rewards     0.000000e+00
val_mean_episode_rewards    0.000000e+00
val_min_episode_rewards     0.000000e+00
val_max_episode_len         5.000000e+02
val_mean_episode_len        5.000000e+02
val_min_episode_len         0.000000e+00
val_mean_timeouts           0.000000e+00
Name: 501, dtype: float64
timesteps                   3.296461e+07
wall_time                   2.341645e+05
num_episodes                9.139800e+04
max_episode_rewards         1.000000e+01
mean_episode_rewards        4.000000e+00
min_episode_rewards         0.000000e+00
max_episode_len             5.000000e+02
mean_episode_len            3.423500e+02
min_episode_len             0.000000e+00
mean_timeouts               0.000000e+00
val_max_episode_rewards     0.000000e+00
val_mean_episode_rewards    0.000000e+00
val_min_episode_rewards     0.000000e+00
val_max_episode_len         5.000000e+02
val_mean_episode_len        5.000000e+02
val_min_episode_len         0.000000e+00
val_mean_timeouts           0.000000e+00
Name: 502, dtype: float64
timesteps                   3.303014e+07
wall_time                   2.346392e+05
num_episodes                9.163300e+04
max_episode_rewards         1.000000e+01
mean_episode_rewards        4.500000e+00
min_episode_rewards         0.000000e+00
max_episode_len             5.000000e+02
mean_episode_len            3.027750e+02
min_episode_len             0.000000e+00
mean_timeouts               0.000000e+00
val_max_episode_rewards     0.000000e+00
val_mean_episode_rewards    0.000000e+00
val_min_episode_rewards     0.000000e+00
val_max_episode_len         5.000000e+02
val_mean_episode_len        5.000000e+02
val_min_episode_len         0.000000e+00
val_mean_timeouts           0.000000e+00
Name: 503, dtype: float64
timesteps                   3.309568e+07
wall_time                   2.351207e+05
num_episodes                9.185800e+04
max_episode_rewards         1.000000e+01
mean_episode_rewards        5.000000e+00
min_episode_rewards         0.000000e+00
max_episode_len             5.000000e+02
mean_episode_len            2.926750e+02
min_episode_len             0.000000e+00
mean_timeouts               0.000000e+00
val_max_episode_rewards     1.000000e+01
val_mean_episode_rewards    2.500000e-01
val_min_episode_rewards     0.000000e+00
val_max_episode_len         5.000000e+02
val_mean_episode_len        4.898500e+02
val_min_episode_len         0.000000e+00
val_mean_timeouts           0.000000e+00
Name: 504, dtype: float64
timesteps                   3.316122e+07
wall_time                   2.355930e+05
num_episodes                9.209900e+04
max_episode_rewards         1.000000e+01
mean_episode_rewards        4.750000e+00
min_episode_rewards         0.000000e+00
max_episode_len             5.000000e+02
mean_episode_len            3.049500e+02
min_episode_len             0.000000e+00
mean_timeouts               0.000000e+00
val_max_episode_rewards     1.000000e+01
val_mean_episode_rewards    2.500000e-01
val_min_episode_rewards     0.000000e+00
val_max_episode_len         5.000000e+02
val_mean_episode_len        4.945500e+02
val_min_episode_len         0.000000e+00
val_mean_timeouts           0.000000e+00
Name: 505, dtype: float64
timesteps                   3.322675e+07
wall_time                   2.360749e+05
num_episodes                9.232100e+04
max_episode_rewards         1.000000e+01
mean_episode_rewards        7.000000e+00
min_episode_rewards         0.000000e+00
max_episode_len             5.000000e+02
mean_episode_len            2.395750e+02
min_episode_len             0.000000e+00
mean_timeouts               0.000000e+00
val_max_episode_rewards     0.000000e+00
val_mean_episode_rewards    0.000000e+00
val_min_episode_rewards     0.000000e+00
val_max_episode_len         5.000000e+02
val_mean_episode_len        5.000000e+02
val_min_episode_len         0.000000e+00
val_mean_timeouts           0.000000e+00
Name: 506, dtype: float64
timesteps                   3.329229e+07
wall_time                   2.365654e+05
num_episodes                9.253200e+04
max_episode_rewards         1.000000e+01
mean_episode_rewards        3.750000e+00
min_episode_rewards         0.000000e+00
max_episode_len             5.000000e+02
mean_episode_len            3.361000e+02
min_episode_len             0.000000e+00
mean_timeouts               2.500000e-02
val_max_episode_rewards     0.000000e+00
val_mean_episode_rewards    0.000000e+00
val_min_episode_rewards     0.000000e+00
val_max_episode_len         5.000000e+02
val_mean_episode_len        5.000000e+02
val_min_episode_len         0.000000e+00
val_mean_timeouts           2.500000e-02
Name: 507, dtype: float64
timesteps                   3.335782e+07
wall_time                   2.370457e+05
num_episodes                9.275600e+04
max_episode_rewards         1.000000e+01
mean_episode_rewards        5.500000e+00
min_episode_rewards         0.000000e+00
max_episode_len             5.000000e+02
mean_episode_len            2.695250e+02
min_episode_len             0.000000e+00
mean_timeouts               0.000000e+00
val_max_episode_rewards     0.000000e+00
val_mean_episode_rewards    0.000000e+00
val_min_episode_rewards     0.000000e+00
val_max_episode_len         5.000000e+02
val_mean_episode_len        5.000000e+02
val_min_episode_len         0.000000e+00
val_mean_timeouts           0.000000e+00
Name: 508, dtype: float64
timesteps                   3.342336e+07
wall_time                   2.375292e+05
num_episodes                9.297500e+04
max_episode_rewards         1.000000e+01
mean_episode_rewards        6.250000e+00
min_episode_rewards         0.000000e+00
max_episode_len             5.000000e+02
mean_episode_len            2.466750e+02
min_episode_len             0.000000e+00
mean_timeouts               0.000000e+00
val_max_episode_rewards     0.000000e+00
val_mean_episode_rewards    0.000000e+00
val_min_episode_rewards     0.000000e+00
val_max_episode_len         5.000000e+02
val_mean_episode_len        5.000000e+02
val_min_episode_len         0.000000e+00
val_mean_timeouts           0.000000e+00
Name: 509, dtype: float64
timesteps                   3.348890e+07
wall_time                   2.380194e+05
num_episodes                9.319000e+04
max_episode_rewards         1.000000e+01
mean_episode_rewards        5.500000e+00
min_episode_rewards         0.000000e+00
max_episode_len             5.000000e+02
mean_episode_len            2.628250e+02
min_episode_len             0.000000e+00
mean_timeouts               0.000000e+00
val_max_episode_rewards     0.000000e+00
val_mean_episode_rewards    0.000000e+00
val_min_episode_rewards     0.000000e+00
val_max_episode_len         5.000000e+02
val_mean_episode_len        5.000000e+02
val_min_episode_len         0.000000e+00
val_mean_timeouts           0.000000e+00
Name: 510, dtype: float64
timesteps                   3.355443e+07
wall_time                   2.385184e+05
num_episodes                9.341200e+04
max_episode_rewards         1.000000e+01
mean_episode_rewards        3.500000e+00
min_episode_rewards         0.000000e+00
max_episode_len             5.000000e+02
mean_episode_len            3.621750e+02
min_episode_len             0.000000e+00
mean_timeouts               0.000000e+00
val_max_episode_rewards     0.000000e+00
val_mean_episode_rewards    0.000000e+00
val_min_episode_rewards     0.000000e+00
val_max_episode_len         5.000000e+02
val_mean_episode_len        5.000000e+02
val_min_episode_len         0.000000e+00
val_mean_timeouts           0.000000e+00
Name: 511, dtype: float64
timesteps                   3.361997e+07
wall_time                   2.390189e+05
num_episodes                9.363400e+04
max_episode_rewards         1.000000e+01
mean_episode_rewards        5.000000e+00
min_episode_rewards         0.000000e+00
max_episode_len             5.000000e+02
mean_episode_len            3.020000e+02
min_episode_len             0.000000e+00
mean_timeouts               0.000000e+00
val_max_episode_rewards     1.000000e+01
val_mean_episode_rewards    2.500000e-01
val_min_episode_rewards     0.000000e+00
val_max_episode_len         5.000000e+02
val_mean_episode_len        4.974000e+02
val_min_episode_len         0.000000e+00
val_mean_timeouts           0.000000e+00
Name: 512, dtype: float64
timesteps                   3.368550e+07
wall_time                   2.395088e+05
num_episodes                9.386700e+04
max_episode_rewards         1.000000e+01
mean_episode_rewards        5.750000e+00
min_episode_rewards         0.000000e+00
max_episode_len             5.000000e+02
mean_episode_len            2.776000e+02
min_episode_len             0.000000e+00
mean_timeouts               0.000000e+00
val_max_episode_rewards     1.000000e+01
val_mean_episode_rewards    2.500000e-01
val_min_episode_rewards     0.000000e+00
val_max_episode_len         5.000000e+02
val_mean_episode_len        4.935000e+02
val_min_episode_len         0.000000e+00
val_mean_timeouts           0.000000e+00
Name: 513, dtype: float64
timesteps                   3.375104e+07
wall_time                   2.399964e+05
num_episodes                9.407300e+04
max_episode_rewards         1.000000e+01
mean_episode_rewards        4.750000e+00
min_episode_rewards         0.000000e+00
max_episode_len             5.000000e+02
mean_episode_len            3.177750e+02
min_episode_len             0.000000e+00
mean_timeouts               0.000000e+00
val_max_episode_rewards     0.000000e+00
val_mean_episode_rewards    0.000000e+00
val_min_episode_rewards     0.000000e+00
val_max_episode_len         5.000000e+02
val_mean_episode_len        5.000000e+02
val_min_episode_len         0.000000e+00
val_mean_timeouts           0.000000e+00
Name: 514, dtype: float64
timesteps                   3.381658e+07
wall_time                   2.404818e+05
num_episodes                9.431200e+04
max_episode_rewards         1.000000e+01
mean_episode_rewards        5.000000e+00
min_episode_rewards         0.000000e+00
max_episode_len             5.000000e+02
mean_episode_len            2.796250e+02
min_episode_len             0.000000e+00
mean_timeouts               0.000000e+00
val_max_episode_rewards     0.000000e+00
val_mean_episode_rewards    0.000000e+00
val_min_episode_rewards     0.000000e+00
val_max_episode_len         5.000000e+02
val_mean_episode_len        5.000000e+02
val_min_episode_len         0.000000e+00
val_mean_timeouts           0.000000e+00
Name: 515, dtype: float64
timesteps                   3.388211e+07
wall_time                   2.409535e+05
num_episodes                9.452800e+04
max_episode_rewards         1.000000e+01
mean_episode_rewards        5.500000e+00
min_episode_rewards         0.000000e+00
max_episode_len             5.000000e+02
mean_episode_len            2.938500e+02
min_episode_len             0.000000e+00
mean_timeouts               0.000000e+00
val_max_episode_rewards     0.000000e+00
val_mean_episode_rewards    0.000000e+00
val_min_episode_rewards     0.000000e+00
val_max_episode_len         5.000000e+02
val_mean_episode_len        5.000000e+02
val_min_episode_len         0.000000e+00
val_mean_timeouts           0.000000e+00
Name: 516, dtype: float64
timesteps                   3.394765e+07
wall_time                   2.414274e+05
num_episodes                9.477400e+04
max_episode_rewards         1.000000e+01
mean_episode_rewards        6.500000e+00
min_episode_rewards         0.000000e+00
max_episode_len             5.000000e+02
mean_episode_len            2.294750e+02
min_episode_len             0.000000e+00
mean_timeouts               0.000000e+00
val_max_episode_rewards     1.000000e+01
val_mean_episode_rewards    2.500000e-01
val_min_episode_rewards     0.000000e+00
val_max_episode_len         5.000000e+02
val_mean_episode_len        4.988000e+02
val_min_episode_len         0.000000e+00
val_mean_timeouts           0.000000e+00
Name: 517, dtype: float64
timesteps                   3.401318e+07
wall_time                   2.419245e+05
num_episodes                9.498400e+04
max_episode_rewards         1.000000e+01
mean_episode_rewards        5.250000e+00
min_episode_rewards         0.000000e+00
max_episode_len             5.000000e+02
mean_episode_len            2.829250e+02
min_episode_len             0.000000e+00
mean_timeouts               0.000000e+00
val_max_episode_rewards     1.000000e+01
val_mean_episode_rewards    2.500000e-01
val_min_episode_rewards     0.000000e+00
val_max_episode_len         5.000000e+02
val_mean_episode_len        4.980000e+02
val_min_episode_len         0.000000e+00
val_mean_timeouts           0.000000e+00
Name: 518, dtype: float64
timesteps                   3.407872e+07
wall_time                   2.424221e+05
num_episodes                9.520700e+04
max_episode_rewards         1.000000e+01
mean_episode_rewards        4.500000e+00
min_episode_rewards         0.000000e+00
max_episode_len             5.000000e+02
mean_episode_len            2.989000e+02
min_episode_len             0.000000e+00
mean_timeouts               2.500000e-02
val_max_episode_rewards     0.000000e+00
val_mean_episode_rewards    0.000000e+00
val_min_episode_rewards     0.000000e+00
val_max_episode_len         5.000000e+02
val_mean_episode_len        5.000000e+02
val_min_episode_len         0.000000e+00
val_mean_timeouts           0.000000e+00
Name: 519, dtype: float64
timesteps                   3.414426e+07
wall_time                   2.429234e+05
num_episodes                9.543700e+04
max_episode_rewards         1.000000e+01
mean_episode_rewards        5.250000e+00
min_episode_rewards         0.000000e+00
max_episode_len             5.000000e+02
mean_episode_len            2.680250e+02
min_episode_len             0.000000e+00
mean_timeouts               0.000000e+00
val_max_episode_rewards     0.000000e+00
val_mean_episode_rewards    0.000000e+00
val_min_episode_rewards     0.000000e+00
val_max_episode_len         5.000000e+02
val_mean_episode_len        5.000000e+02
val_min_episode_len         0.000000e+00
val_mean_timeouts           2.500000e-02
Name: 520, dtype: float64
timesteps                   3.420979e+07
wall_time                   2.434171e+05
num_episodes                9.567500e+04
max_episode_rewards         1.000000e+01
mean_episode_rewards        6.000000e+00
min_episode_rewards         0.000000e+00
max_episode_len             5.000000e+02
mean_episode_len            2.549750e+02
min_episode_len             0.000000e+00
mean_timeouts               0.000000e+00
val_max_episode_rewards     0.000000e+00
val_mean_episode_rewards    0.000000e+00
val_min_episode_rewards     0.000000e+00
val_max_episode_len         5.000000e+02
val_mean_episode_len        5.000000e+02
val_min_episode_len         0.000000e+00
val_mean_timeouts           0.000000e+00
Name: 521, dtype: float64
timesteps                   3.427533e+07
wall_time                   2.439003e+05
num_episodes                9.590300e+04
max_episode_rewards         1.000000e+01
mean_episode_rewards        4.750000e+00
min_episode_rewards         0.000000e+00
max_episode_len             5.000000e+02
mean_episode_len            3.006250e+02
min_episode_len             0.000000e+00
mean_timeouts               0.000000e+00
val_max_episode_rewards     0.000000e+00
val_mean_episode_rewards    0.000000e+00
val_min_episode_rewards     0.000000e+00
val_max_episode_len         5.000000e+02
val_mean_episode_len        5.000000e+02
val_min_episode_len         0.000000e+00
val_mean_timeouts           0.000000e+00
Name: 522, dtype: float64
timesteps                   3.434086e+07
wall_time                   2.443751e+05
num_episodes                9.612700e+04
max_episode_rewards         1.000000e+01
mean_episode_rewards        4.250000e+00
min_episode_rewards         0.000000e+00
max_episode_len             5.000000e+02
mean_episode_len            3.186000e+02
min_episode_len             0.000000e+00
mean_timeouts               0.000000e+00
val_max_episode_rewards     0.000000e+00
val_mean_episode_rewards    0.000000e+00
val_min_episode_rewards     0.000000e+00
val_max_episode_len         5.000000e+02
val_mean_episode_len        5.000000e+02
val_min_episode_len         0.000000e+00
val_mean_timeouts           0.000000e+00
Name: 523, dtype: float64
timesteps                   3.440640e+07
wall_time                   2.448468e+05
num_episodes                9.634600e+04
max_episode_rewards         1.000000e+01
mean_episode_rewards        4.750000e+00
min_episode_rewards         0.000000e+00
max_episode_len             5.000000e+02
mean_episode_len            2.820500e+02
min_episode_len             0.000000e+00
mean_timeouts               0.000000e+00
val_max_episode_rewards     0.000000e+00
val_mean_episode_rewards    0.000000e+00
val_min_episode_rewards     0.000000e+00
val_max_episode_len         5.000000e+02
val_mean_episode_len        5.000000e+02
val_min_episode_len         0.000000e+00
val_mean_timeouts           0.000000e+00
Name: 524, dtype: float64
timesteps                   3.447194e+07
wall_time                   2.453285e+05
num_episodes                9.659300e+04
max_episode_rewards         1.000000e+01
mean_episode_rewards        6.250000e+00
min_episode_rewards         0.000000e+00
max_episode_len             5.000000e+02
mean_episode_len            2.143000e+02
min_episode_len             0.000000e+00
mean_timeouts               0.000000e+00
val_max_episode_rewards     0.000000e+00
val_mean_episode_rewards    0.000000e+00
val_min_episode_rewards     0.000000e+00
val_max_episode_len         5.000000e+02
val_mean_episode_len        5.000000e+02
val_min_episode_len         0.000000e+00
val_mean_timeouts           0.000000e+00
Name: 525, dtype: float64
timesteps                   3.453747e+07
wall_time                   2.458143e+05
num_episodes                9.680100e+04
max_episode_rewards         1.000000e+01
mean_episode_rewards        5.000000e+00
min_episode_rewards         0.000000e+00
max_episode_len             5.000000e+02
mean_episode_len            2.925750e+02
min_episode_len             0.000000e+00
mean_timeouts               0.000000e+00
val_max_episode_rewards     1.000000e+01
val_mean_episode_rewards    5.000000e-01
val_min_episode_rewards     0.000000e+00
val_max_episode_len         5.000000e+02
val_mean_episode_len        4.970000e+02
val_min_episode_len         0.000000e+00
val_mean_timeouts           0.000000e+00
Name: 526, dtype: float64
timesteps                   3.460301e+07
wall_time                   2.462959e+05
num_episodes                9.703600e+04
max_episode_rewards         1.000000e+01
mean_episode_rewards        4.250000e+00
min_episode_rewards         0.000000e+00
max_episode_len             5.000000e+02
mean_episode_len            3.272250e+02
min_episode_len             0.000000e+00
mean_timeouts               0.000000e+00
val_max_episode_rewards     0.000000e+00
val_mean_episode_rewards    0.000000e+00
val_min_episode_rewards     0.000000e+00
val_max_episode_len         5.000000e+02
val_mean_episode_len        5.000000e+02
val_min_episode_len         0.000000e+00
val_mean_timeouts           0.000000e+00
Name: 527, dtype: float64
timesteps                   3.466854e+07
wall_time                   2.468025e+05
num_episodes                9.727200e+04
max_episode_rewards         1.000000e+01
mean_episode_rewards        4.750000e+00
min_episode_rewards         0.000000e+00
max_episode_len             5.000000e+02
mean_episode_len            3.048500e+02
min_episode_len             0.000000e+00
mean_timeouts               0.000000e+00
val_max_episode_rewards     0.000000e+00
val_mean_episode_rewards    0.000000e+00
val_min_episode_rewards     0.000000e+00
val_max_episode_len         5.000000e+02
val_mean_episode_len        5.000000e+02
val_min_episode_len         0.000000e+00
val_mean_timeouts           0.000000e+00
Name: 528, dtype: float64
timesteps                   3.473408e+07
wall_time                   2.472844e+05
num_episodes                9.749500e+04
max_episode_rewards         1.000000e+01
mean_episode_rewards        5.250000e+00
min_episode_rewards         0.000000e+00
max_episode_len             5.000000e+02
mean_episode_len            2.704000e+02
min_episode_len             0.000000e+00
mean_timeouts               0.000000e+00
val_max_episode_rewards     0.000000e+00
val_mean_episode_rewards    0.000000e+00
val_min_episode_rewards     0.000000e+00
val_max_episode_len         5.000000e+02
val_mean_episode_len        5.000000e+02
val_min_episode_len         0.000000e+00
val_mean_timeouts           0.000000e+00
Name: 529, dtype: float64
timesteps                   3.479962e+07
wall_time                   2.477703e+05
num_episodes                9.772800e+04
max_episode_rewards         1.000000e+01
mean_episode_rewards        4.500000e+00
min_episode_rewards         0.000000e+00
max_episode_len             5.000000e+02
mean_episode_len            3.134500e+02
min_episode_len             0.000000e+00
mean_timeouts               0.000000e+00
val_max_episode_rewards     1.000000e+01
val_mean_episode_rewards    2.500000e-01
val_min_episode_rewards     0.000000e+00
val_max_episode_len         5.000000e+02
val_mean_episode_len        5.000000e+02
val_min_episode_len         0.000000e+00
val_mean_timeouts           0.000000e+00
Name: 530, dtype: float64
timesteps                   3.486515e+07
wall_time                   2.482666e+05
num_episodes                9.795200e+04
max_episode_rewards         1.000000e+01
mean_episode_rewards        5.250000e+00
min_episode_rewards         0.000000e+00
max_episode_len             5.000000e+02
mean_episode_len            2.735750e+02
min_episode_len             0.000000e+00
mean_timeouts               0.000000e+00
val_max_episode_rewards     0.000000e+00
val_mean_episode_rewards    0.000000e+00
val_min_episode_rewards     0.000000e+00
val_max_episode_len         5.000000e+02
val_mean_episode_len        5.000000e+02
val_min_episode_len         0.000000e+00
val_mean_timeouts           0.000000e+00
Name: 531, dtype: float64
timesteps                   3.493069e+07
wall_time                   2.487524e+05
num_episodes                9.820900e+04
max_episode_rewards         1.000000e+01
mean_episode_rewards        5.500000e+00
min_episode_rewards         0.000000e+00
max_episode_len             5.000000e+02
mean_episode_len            2.461500e+02
min_episode_len             0.000000e+00
mean_timeouts               0.000000e+00
val_max_episode_rewards     0.000000e+00
val_mean_episode_rewards    0.000000e+00
val_min_episode_rewards     0.000000e+00
val_max_episode_len         5.000000e+02
val_mean_episode_len        5.000000e+02
val_min_episode_len         0.000000e+00
val_mean_timeouts           2.500000e-02
Name: 532, dtype: float64
timesteps                   3.499622e+07
wall_time                   2.492311e+05
num_episodes                9.843900e+04
max_episode_rewards         1.000000e+01
mean_episode_rewards        6.000000e+00
min_episode_rewards         0.000000e+00
max_episode_len             5.000000e+02
mean_episode_len            2.335000e+02
min_episode_len             0.000000e+00
mean_timeouts               0.000000e+00
val_max_episode_rewards     0.000000e+00
val_mean_episode_rewards    0.000000e+00
val_min_episode_rewards     0.000000e+00
val_max_episode_len         5.000000e+02
val_mean_episode_len        5.000000e+02
val_min_episode_len         0.000000e+00
val_mean_timeouts           0.000000e+00
Name: 533, dtype: float64
timesteps                   3.506176e+07
wall_time                   2.497123e+05
num_episodes                9.867400e+04
max_episode_rewards         1.000000e+01
mean_episode_rewards        5.250000e+00
min_episode_rewards         0.000000e+00
max_episode_len             5.000000e+02
mean_episode_len            2.841750e+02
min_episode_len             0.000000e+00
mean_timeouts               0.000000e+00
val_max_episode_rewards     0.000000e+00
val_mean_episode_rewards    0.000000e+00
val_min_episode_rewards     0.000000e+00
val_max_episode_len         5.000000e+02
val_mean_episode_len        5.000000e+02
val_min_episode_len         0.000000e+00
val_mean_timeouts           0.000000e+00
Name: 534, dtype: float64
timesteps                   3.512730e+07
wall_time                   2.502031e+05
num_episodes                9.888100e+04
max_episode_rewards         1.000000e+01
mean_episode_rewards        5.000000e+00
min_episode_rewards         0.000000e+00
max_episode_len             5.000000e+02
mean_episode_len            3.073250e+02
min_episode_len             0.000000e+00
mean_timeouts               0.000000e+00
val_max_episode_rewards     0.000000e+00
val_mean_episode_rewards    0.000000e+00
val_min_episode_rewards     0.000000e+00
val_max_episode_len         5.000000e+02
val_mean_episode_len        5.000000e+02
val_min_episode_len         0.000000e+00
val_mean_timeouts           0.000000e+00
Name: 535, dtype: float64
timesteps                   3.519283e+07
wall_time                   2.506959e+05
num_episodes                9.913700e+04
max_episode_rewards         1.000000e+01
mean_episode_rewards        6.500000e+00
min_episode_rewards         0.000000e+00
max_episode_len             5.000000e+02
mean_episode_len            2.299000e+02
min_episode_len             0.000000e+00
mean_timeouts               0.000000e+00
val_max_episode_rewards     0.000000e+00
val_mean_episode_rewards    0.000000e+00
val_min_episode_rewards     0.000000e+00
val_max_episode_len         5.000000e+02
val_mean_episode_len        5.000000e+02
val_min_episode_len         0.000000e+00
val_mean_timeouts           0.000000e+00
Name: 536, dtype: float64
timesteps                   3.525837e+07
wall_time                   2.511848e+05
num_episodes                9.935100e+04
max_episode_rewards         1.000000e+01
mean_episode_rewards        5.250000e+00
min_episode_rewards         0.000000e+00
max_episode_len             5.000000e+02
mean_episode_len            2.760000e+02
min_episode_len             0.000000e+00
mean_timeouts               2.500000e-02
val_max_episode_rewards     0.000000e+00
val_mean_episode_rewards    0.000000e+00
val_min_episode_rewards     0.000000e+00
val_max_episode_len         5.000000e+02
val_mean_episode_len        5.000000e+02
val_min_episode_len         0.000000e+00
val_mean_timeouts           2.500000e-02
Name: 537, dtype: float64
timesteps                   3.532390e+07
wall_time                   2.516781e+05
num_episodes                9.958100e+04
max_episode_rewards         1.000000e+01
mean_episode_rewards        5.000000e+00
min_episode_rewards         0.000000e+00
max_episode_len             5.000000e+02
mean_episode_len            2.826250e+02
min_episode_len             0.000000e+00
mean_timeouts               0.000000e+00
val_max_episode_rewards     1.000000e+01
val_mean_episode_rewards    2.500000e-01
val_min_episode_rewards     0.000000e+00
val_max_episode_len         5.000000e+02
val_mean_episode_len        4.927000e+02
val_min_episode_len         0.000000e+00
val_mean_timeouts           0.000000e+00
Name: 538, dtype: float64slurmstepd: error: *** JOB 402884 ON gan.ist.berkeley.edu CANCELLED AT 2024-07-23T03:54:29 DUE TO TIME LIMIT ***
