++ /nas/ucb/tutrinh/anaconda3/bin/conda shell.bash hook
+ eval 'export CONDA_EXE='\''/nas/ucb/tutrinh/anaconda3/bin/conda'\''
export _CE_M='\'''\''
export _CE_CONDA='\'''\''
export CONDA_PYTHON_EXE='\''/nas/ucb/tutrinh/anaconda3/bin/python'\''

# Copyright (C) 2012 Anaconda, Inc
# SPDX-License-Identifier: BSD-3-Clause
__conda_exe() (
    "$CONDA_EXE" $_CE_M $_CE_CONDA "$@"
)

__conda_hashr() {
    if [ -n "${ZSH_VERSION:+x}" ]; then
        \rehash
    elif [ -n "${POSH_VERSION:+x}" ]; then
        :  # pass
    else
        \hash -r
    fi
}

__conda_activate() {
    if [ -n "${CONDA_PS1_BACKUP:+x}" ]; then
        # Handle transition from shell activated with conda <= 4.3 to a subsequent activation
        # after conda updated to >= 4.4. See issue #6173.
        PS1="$CONDA_PS1_BACKUP"
        \unset CONDA_PS1_BACKUP
    fi
    \local ask_conda
    ask_conda="$(PS1="${PS1:-}" __conda_exe shell.posix "$@")" || \return
    \eval "$ask_conda"
    __conda_hashr
}

__conda_reactivate() {
    \local ask_conda
    ask_conda="$(PS1="${PS1:-}" __conda_exe shell.posix reactivate)" || \return
    \eval "$ask_conda"
    __conda_hashr
}

conda() {
    \local cmd="${1-__missing__}"
    case "$cmd" in
        activate|deactivate)
            __conda_activate "$@"
            ;;
        install|update|upgrade|remove|uninstall)
            __conda_exe "$@" || \return
            __conda_reactivate
            ;;
        *)
            __conda_exe "$@"
            ;;
    esac
}

if [ -z "${CONDA_SHLVL+x}" ]; then
    \export CONDA_SHLVL=0
    # In dev-mode CONDA_EXE is python.exe and on Windows
    # it is in a different relative location to condabin.
    if [ -n "${_CE_CONDA:+x}" ] && [ -n "${WINDIR+x}" ]; then
        PATH="$(\dirname "$CONDA_EXE")/condabin${PATH:+":${PATH}"}"
    else
        PATH="$(\dirname "$(\dirname "$CONDA_EXE")")/condabin${PATH:+":${PATH}"}"
    fi
    \export PATH

    # We'\''re not allowing PS1 to be unbound. It must at least be set.
    # However, we'\''re not exporting it, which can cause problems when starting a second shell
    # via a first shell (i.e. starting zsh from bash).
    if [ -z "${PS1+x}" ]; then
        PS1=
    fi
fi

conda activate base'
++ export CONDA_EXE=/nas/ucb/tutrinh/anaconda3/bin/conda
++ CONDA_EXE=/nas/ucb/tutrinh/anaconda3/bin/conda
++ export _CE_M=
++ _CE_M=
++ export _CE_CONDA=
++ _CE_CONDA=
++ export CONDA_PYTHON_EXE=/nas/ucb/tutrinh/anaconda3/bin/python
++ CONDA_PYTHON_EXE=/nas/ucb/tutrinh/anaconda3/bin/python
++ '[' -z x ']'
++ conda activate base
++ local cmd=activate
++ case "$cmd" in
++ __conda_activate activate base
++ '[' -n '' ']'
++ local ask_conda
+++ PS1=
+++ __conda_exe shell.posix activate base
+++ /nas/ucb/tutrinh/anaconda3/bin/conda shell.posix activate base
++ ask_conda='PS1='\''(base) '\''
export PATH='\''/home/tutrinh/.local/bin:/nas/ucb/tutrinh/anaconda3/bin:/nas/ucb/tutrinh/anaconda3/condabin:/usr/local/sbin:/usr/local/bin:/usr/sbin:/usr/bin:/sbin:/bin:/usr/games:/usr/local/games:/home/tutrinh/.local/bin'\''
export CONDA_SHLVL='\''1'\''
export CONDA_PROMPT_MODIFIER='\''(base) '\'''
++ eval 'PS1='\''(base) '\''
export PATH='\''/home/tutrinh/.local/bin:/nas/ucb/tutrinh/anaconda3/bin:/nas/ucb/tutrinh/anaconda3/condabin:/usr/local/sbin:/usr/local/bin:/usr/sbin:/usr/bin:/sbin:/bin:/usr/games:/usr/local/games:/home/tutrinh/.local/bin'\''
export CONDA_SHLVL='\''1'\''
export CONDA_PROMPT_MODIFIER='\''(base) '\'''
+++ PS1='(base) '
+++ export PATH=/home/tutrinh/.local/bin:/nas/ucb/tutrinh/anaconda3/bin:/nas/ucb/tutrinh/anaconda3/condabin:/usr/local/sbin:/usr/local/bin:/usr/sbin:/usr/bin:/sbin:/bin:/usr/games:/usr/local/games:/home/tutrinh/.local/bin
+++ PATH=/home/tutrinh/.local/bin:/nas/ucb/tutrinh/anaconda3/bin:/nas/ucb/tutrinh/anaconda3/condabin:/usr/local/sbin:/usr/local/bin:/usr/sbin:/usr/bin:/sbin:/bin:/usr/games:/usr/local/games:/home/tutrinh/.local/bin
+++ export CONDA_SHLVL=1
+++ CONDA_SHLVL=1
+++ export 'CONDA_PROMPT_MODIFIER=(base) '
+++ CONDA_PROMPT_MODIFIER='(base) '
++ __conda_hashr
++ '[' -n '' ']'
++ '[' -n '' ']'
++ hash -r
+ conda activate ood
+ local cmd=activate
+ case "$cmd" in
+ __conda_activate activate ood
+ '[' -n '' ']'
+ local ask_conda
++ PS1='(base) '
++ __conda_exe shell.posix activate ood
++ /nas/ucb/tutrinh/anaconda3/bin/conda shell.posix activate ood
+ ask_conda='PS1='\''(ood) '\''
export PATH='\''/home/tutrinh/.local/bin:/nas/ucb/tutrinh/anaconda3/envs/ood/bin:/nas/ucb/tutrinh/anaconda3/condabin:/usr/local/sbin:/usr/local/bin:/usr/sbin:/usr/bin:/sbin:/bin:/usr/games:/usr/local/games:/home/tutrinh/.local/bin'\''
export CONDA_PREFIX='\''/nas/ucb/tutrinh/anaconda3/envs/ood'\''
export CONDA_SHLVL='\''2'\''
export CONDA_DEFAULT_ENV='\''ood'\''
export CONDA_PROMPT_MODIFIER='\''(ood) '\''
export CONDA_PREFIX_1='\''/nas/ucb/tutrinh/anaconda3'\''
export CONDA_EXE='\''/nas/ucb/tutrinh/anaconda3/bin/conda'\''
export _CE_M='\'''\''
export _CE_CONDA='\'''\''
export CONDA_PYTHON_EXE='\''/nas/ucb/tutrinh/anaconda3/bin/python'\''
. "/nas/ucb/tutrinh/anaconda3/envs/ood/etc/conda/activate.d/activate-binutils_linux-64.sh"
. "/nas/ucb/tutrinh/anaconda3/envs/ood/etc/conda/activate.d/activate-gcc_linux-64.sh"
. "/nas/ucb/tutrinh/anaconda3/envs/ood/etc/conda/activate.d/glib_activate.sh"'
+ eval 'PS1='\''(ood) '\''
export PATH='\''/home/tutrinh/.local/bin:/nas/ucb/tutrinh/anaconda3/envs/ood/bin:/nas/ucb/tutrinh/anaconda3/condabin:/usr/local/sbin:/usr/local/bin:/usr/sbin:/usr/bin:/sbin:/bin:/usr/games:/usr/local/games:/home/tutrinh/.local/bin'\''
export CONDA_PREFIX='\''/nas/ucb/tutrinh/anaconda3/envs/ood'\''
export CONDA_SHLVL='\''2'\''
export CONDA_DEFAULT_ENV='\''ood'\''
export CONDA_PROMPT_MODIFIER='\''(ood) '\''
export CONDA_PREFIX_1='\''/nas/ucb/tutrinh/anaconda3'\''
export CONDA_EXE='\''/nas/ucb/tutrinh/anaconda3/bin/conda'\''
export _CE_M='\'''\''
export _CE_CONDA='\'''\''
export CONDA_PYTHON_EXE='\''/nas/ucb/tutrinh/anaconda3/bin/python'\''
. "/nas/ucb/tutrinh/anaconda3/envs/ood/etc/conda/activate.d/activate-binutils_linux-64.sh"
. "/nas/ucb/tutrinh/anaconda3/envs/ood/etc/conda/activate.d/activate-gcc_linux-64.sh"
. "/nas/ucb/tutrinh/anaconda3/envs/ood/etc/conda/activate.d/glib_activate.sh"'
++ PS1='(ood) '
++ export PATH=/home/tutrinh/.local/bin:/nas/ucb/tutrinh/anaconda3/envs/ood/bin:/nas/ucb/tutrinh/anaconda3/condabin:/usr/local/sbin:/usr/local/bin:/usr/sbin:/usr/bin:/sbin:/bin:/usr/games:/usr/local/games:/home/tutrinh/.local/bin
++ PATH=/home/tutrinh/.local/bin:/nas/ucb/tutrinh/anaconda3/envs/ood/bin:/nas/ucb/tutrinh/anaconda3/condabin:/usr/local/sbin:/usr/local/bin:/usr/sbin:/usr/bin:/sbin:/bin:/usr/games:/usr/local/games:/home/tutrinh/.local/bin
++ export CONDA_PREFIX=/nas/ucb/tutrinh/anaconda3/envs/ood
++ CONDA_PREFIX=/nas/ucb/tutrinh/anaconda3/envs/ood
++ export CONDA_SHLVL=2
++ CONDA_SHLVL=2
++ export CONDA_DEFAULT_ENV=ood
++ CONDA_DEFAULT_ENV=ood
++ export 'CONDA_PROMPT_MODIFIER=(ood) '
++ CONDA_PROMPT_MODIFIER='(ood) '
++ export CONDA_PREFIX_1=/nas/ucb/tutrinh/anaconda3
++ CONDA_PREFIX_1=/nas/ucb/tutrinh/anaconda3
++ export CONDA_EXE=/nas/ucb/tutrinh/anaconda3/bin/conda
++ CONDA_EXE=/nas/ucb/tutrinh/anaconda3/bin/conda
++ export _CE_M=
++ _CE_M=
++ export _CE_CONDA=
++ _CE_CONDA=
++ export CONDA_PYTHON_EXE=/nas/ucb/tutrinh/anaconda3/bin/python
++ CONDA_PYTHON_EXE=/nas/ucb/tutrinh/anaconda3/bin/python
++ . /nas/ucb/tutrinh/anaconda3/envs/ood/etc/conda/activate.d/activate-binutils_linux-64.sh
+++ env
+++ _tc_activation activate host x86_64-conda_cos6-linux-gnu x86_64-conda_cos6-linux-gnu- addr2line ar as c++filt elfedit gprof ld ld.gold nm objcopy objdump ranlib readelf size strings strip
+++ local act_nature=activate
+++ shift
+++ local tc_nature=host
+++ shift
+++ local tc_machine=x86_64-conda_cos6-linux-gnu
+++ shift
+++ local tc_prefix=x86_64-conda_cos6-linux-gnu-
+++ shift
+++ local thing
+++ local newval
+++ local from
+++ local to
+++ local which
+++ local pass
+++ '[' activate = activate ']'
+++ from=
+++ to=CONDA_BACKUP_
+++ for pass in check apply
+++ for thing in $tc_nature,$tc_machine "$@"
+++ case "${thing}" in
++++ echo host,x86_64-conda_cos6-linux-gnu
++++ sed 's,^[^\,]*\,\(.*\),\1,'
+++ newval=x86_64-conda_cos6-linux-gnu
++++ sed 's,^\([^\,]*\)\,.*,\1,'
++++ echo host,x86_64-conda_cos6-linux-gnu
+++ thing=host
+++ '[' check = apply ']'
+++ for thing in $tc_nature,$tc_machine "$@"
+++ case "${thing}" in
++++ which /nas/ucb/tutrinh/anaconda3/envs/ood/bin/x86_64-conda_cos6-linux-gnu-addr2line
+++ newval=/nas/ucb/tutrinh/anaconda3/envs/ood/bin/x86_64-conda_cos6-linux-gnu-addr2line
+++ '[' -z /nas/ucb/tutrinh/anaconda3/envs/ood/bin/x86_64-conda_cos6-linux-gnu-addr2line -a check = check ']'
+++ '[' check = apply ']'
+++ for thing in $tc_nature,$tc_machine "$@"
+++ case "${thing}" in
++++ which /nas/ucb/tutrinh/anaconda3/envs/ood/bin/x86_64-conda_cos6-linux-gnu-ar
+++ newval=/nas/ucb/tutrinh/anaconda3/envs/ood/bin/x86_64-conda_cos6-linux-gnu-ar
+++ '[' -z /nas/ucb/tutrinh/anaconda3/envs/ood/bin/x86_64-conda_cos6-linux-gnu-ar -a check = check ']'
+++ '[' check = apply ']'
+++ for thing in $tc_nature,$tc_machine "$@"
+++ case "${thing}" in
++++ which /nas/ucb/tutrinh/anaconda3/envs/ood/bin/x86_64-conda_cos6-linux-gnu-as
+++ newval=/nas/ucb/tutrinh/anaconda3/envs/ood/bin/x86_64-conda_cos6-linux-gnu-as
+++ '[' -z /nas/ucb/tutrinh/anaconda3/envs/ood/bin/x86_64-conda_cos6-linux-gnu-as -a check = check ']'
+++ '[' check = apply ']'
+++ for thing in $tc_nature,$tc_machine "$@"
+++ case "${thing}" in
++++ which /nas/ucb/tutrinh/anaconda3/envs/ood/bin/x86_64-conda_cos6-linux-gnu-c++filt
+++ newval=/nas/ucb/tutrinh/anaconda3/envs/ood/bin/x86_64-conda_cos6-linux-gnu-c++filt
+++ '[' -z /nas/ucb/tutrinh/anaconda3/envs/ood/bin/x86_64-conda_cos6-linux-gnu-c++filt -a check = check ']'
+++ '[' check = apply ']'
+++ for thing in $tc_nature,$tc_machine "$@"
+++ case "${thing}" in
++++ which /nas/ucb/tutrinh/anaconda3/envs/ood/bin/x86_64-conda_cos6-linux-gnu-elfedit
+++ newval=/nas/ucb/tutrinh/anaconda3/envs/ood/bin/x86_64-conda_cos6-linux-gnu-elfedit
+++ '[' -z /nas/ucb/tutrinh/anaconda3/envs/ood/bin/x86_64-conda_cos6-linux-gnu-elfedit -a check = check ']'
+++ '[' check = apply ']'
+++ for thing in $tc_nature,$tc_machine "$@"
+++ case "${thing}" in
++++ which /nas/ucb/tutrinh/anaconda3/envs/ood/bin/x86_64-conda_cos6-linux-gnu-gprof
+++ newval=/nas/ucb/tutrinh/anaconda3/envs/ood/bin/x86_64-conda_cos6-linux-gnu-gprof
+++ '[' -z /nas/ucb/tutrinh/anaconda3/envs/ood/bin/x86_64-conda_cos6-linux-gnu-gprof -a check = check ']'
+++ '[' check = apply ']'
+++ for thing in $tc_nature,$tc_machine "$@"
+++ case "${thing}" in
++++ which /nas/ucb/tutrinh/anaconda3/envs/ood/bin/x86_64-conda_cos6-linux-gnu-ld
+++ newval=/nas/ucb/tutrinh/anaconda3/envs/ood/bin/x86_64-conda_cos6-linux-gnu-ld
+++ '[' -z /nas/ucb/tutrinh/anaconda3/envs/ood/bin/x86_64-conda_cos6-linux-gnu-ld -a check = check ']'
+++ '[' check = apply ']'
+++ for thing in $tc_nature,$tc_machine "$@"
+++ case "${thing}" in
++++ which /nas/ucb/tutrinh/anaconda3/envs/ood/bin/x86_64-conda_cos6-linux-gnu-ld.gold
+++ newval=/nas/ucb/tutrinh/anaconda3/envs/ood/bin/x86_64-conda_cos6-linux-gnu-ld.gold
+++ '[' -z /nas/ucb/tutrinh/anaconda3/envs/ood/bin/x86_64-conda_cos6-linux-gnu-ld.gold -a check = check ']'
+++ '[' check = apply ']'
+++ for thing in $tc_nature,$tc_machine "$@"
+++ case "${thing}" in
++++ which /nas/ucb/tutrinh/anaconda3/envs/ood/bin/x86_64-conda_cos6-linux-gnu-nm
+++ newval=/nas/ucb/tutrinh/anaconda3/envs/ood/bin/x86_64-conda_cos6-linux-gnu-nm
+++ '[' -z /nas/ucb/tutrinh/anaconda3/envs/ood/bin/x86_64-conda_cos6-linux-gnu-nm -a check = check ']'
+++ '[' check = apply ']'
+++ for thing in $tc_nature,$tc_machine "$@"
+++ case "${thing}" in
++++ which /nas/ucb/tutrinh/anaconda3/envs/ood/bin/x86_64-conda_cos6-linux-gnu-objcopy
+++ newval=/nas/ucb/tutrinh/anaconda3/envs/ood/bin/x86_64-conda_cos6-linux-gnu-objcopy
+++ '[' -z /nas/ucb/tutrinh/anaconda3/envs/ood/bin/x86_64-conda_cos6-linux-gnu-objcopy -a check = check ']'
+++ '[' check = apply ']'
+++ for thing in $tc_nature,$tc_machine "$@"
+++ case "${thing}" in
++++ which /nas/ucb/tutrinh/anaconda3/envs/ood/bin/x86_64-conda_cos6-linux-gnu-objdump
+++ newval=/nas/ucb/tutrinh/anaconda3/envs/ood/bin/x86_64-conda_cos6-linux-gnu-objdump
+++ '[' -z /nas/ucb/tutrinh/anaconda3/envs/ood/bin/x86_64-conda_cos6-linux-gnu-objdump -a check = check ']'
+++ '[' check = apply ']'
+++ for thing in $tc_nature,$tc_machine "$@"
+++ case "${thing}" in
++++ which /nas/ucb/tutrinh/anaconda3/envs/ood/bin/x86_64-conda_cos6-linux-gnu-ranlib
+++ newval=/nas/ucb/tutrinh/anaconda3/envs/ood/bin/x86_64-conda_cos6-linux-gnu-ranlib
+++ '[' -z /nas/ucb/tutrinh/anaconda3/envs/ood/bin/x86_64-conda_cos6-linux-gnu-ranlib -a check = check ']'
+++ '[' check = apply ']'
+++ for thing in $tc_nature,$tc_machine "$@"
+++ case "${thing}" in
++++ which /nas/ucb/tutrinh/anaconda3/envs/ood/bin/x86_64-conda_cos6-linux-gnu-readelf
+++ newval=/nas/ucb/tutrinh/anaconda3/envs/ood/bin/x86_64-conda_cos6-linux-gnu-readelf
+++ '[' -z /nas/ucb/tutrinh/anaconda3/envs/ood/bin/x86_64-conda_cos6-linux-gnu-readelf -a check = check ']'
+++ '[' check = apply ']'
+++ for thing in $tc_nature,$tc_machine "$@"
+++ case "${thing}" in
++++ which /nas/ucb/tutrinh/anaconda3/envs/ood/bin/x86_64-conda_cos6-linux-gnu-size
+++ newval=/nas/ucb/tutrinh/anaconda3/envs/ood/bin/x86_64-conda_cos6-linux-gnu-size
+++ '[' -z /nas/ucb/tutrinh/anaconda3/envs/ood/bin/x86_64-conda_cos6-linux-gnu-size -a check = check ']'
+++ '[' check = apply ']'
+++ for thing in $tc_nature,$tc_machine "$@"
+++ case "${thing}" in
++++ which /nas/ucb/tutrinh/anaconda3/envs/ood/bin/x86_64-conda_cos6-linux-gnu-strings
+++ newval=/nas/ucb/tutrinh/anaconda3/envs/ood/bin/x86_64-conda_cos6-linux-gnu-strings
+++ '[' -z /nas/ucb/tutrinh/anaconda3/envs/ood/bin/x86_64-conda_cos6-linux-gnu-strings -a check = check ']'
+++ '[' check = apply ']'
+++ for thing in $tc_nature,$tc_machine "$@"
+++ case "${thing}" in
++++ which /nas/ucb/tutrinh/anaconda3/envs/ood/bin/x86_64-conda_cos6-linux-gnu-strip
+++ newval=/nas/ucb/tutrinh/anaconda3/envs/ood/bin/x86_64-conda_cos6-linux-gnu-strip
+++ '[' -z /nas/ucb/tutrinh/anaconda3/envs/ood/bin/x86_64-conda_cos6-linux-gnu-strip -a check = check ']'
+++ '[' check = apply ']'
+++ for pass in check apply
+++ for thing in $tc_nature,$tc_machine "$@"
+++ case "${thing}" in
++++ sed 's,^[^\,]*\,\(.*\),\1,'
++++ echo host,x86_64-conda_cos6-linux-gnu
+++ newval=x86_64-conda_cos6-linux-gnu
++++ sed 's,^\([^\,]*\)\,.*,\1,'
++++ echo host,x86_64-conda_cos6-linux-gnu
+++ thing=host
+++ '[' apply = apply ']'
++++ tr a-z+-. A-ZX__
++++ echo host
+++ thing=HOST
+++ eval 'oldval=$HOST'
++++ oldval=
+++ '[' -n '' ']'
+++ eval unset '${to}${thing}'
++++ unset CONDA_BACKUP_HOST
+++ '[' -n x86_64-conda_cos6-linux-gnu ']'
+++ eval export ''\''HOST=x86_64-conda_cos6-linux-gnu'\'''
++++ export HOST=x86_64-conda_cos6-linux-gnu
++++ HOST=x86_64-conda_cos6-linux-gnu
+++ for thing in $tc_nature,$tc_machine "$@"
+++ case "${thing}" in
++++ which /nas/ucb/tutrinh/anaconda3/envs/ood/bin/x86_64-conda_cos6-linux-gnu-addr2line
+++ newval=/nas/ucb/tutrinh/anaconda3/envs/ood/bin/x86_64-conda_cos6-linux-gnu-addr2line
+++ '[' -z /nas/ucb/tutrinh/anaconda3/envs/ood/bin/x86_64-conda_cos6-linux-gnu-addr2line -a apply = check ']'
+++ '[' apply = apply ']'
++++ tr a-z+-. A-ZX__
++++ echo addr2line
+++ thing=ADDR2LINE
+++ eval 'oldval=$ADDR2LINE'
++++ oldval=
+++ '[' -n '' ']'
+++ eval unset '${to}${thing}'
++++ unset CONDA_BACKUP_ADDR2LINE
+++ '[' -n /nas/ucb/tutrinh/anaconda3/envs/ood/bin/x86_64-conda_cos6-linux-gnu-addr2line ']'
+++ eval export ''\''ADDR2LINE=/nas/ucb/tutrinh/anaconda3/envs/ood/bin/x86_64-conda_cos6-linux-gnu-addr2line'\'''
++++ export ADDR2LINE=/nas/ucb/tutrinh/anaconda3/envs/ood/bin/x86_64-conda_cos6-linux-gnu-addr2line
++++ ADDR2LINE=/nas/ucb/tutrinh/anaconda3/envs/ood/bin/x86_64-conda_cos6-linux-gnu-addr2line
+++ for thing in $tc_nature,$tc_machine "$@"
+++ case "${thing}" in
++++ which /nas/ucb/tutrinh/anaconda3/envs/ood/bin/x86_64-conda_cos6-linux-gnu-ar
+++ newval=/nas/ucb/tutrinh/anaconda3/envs/ood/bin/x86_64-conda_cos6-linux-gnu-ar
+++ '[' -z /nas/ucb/tutrinh/anaconda3/envs/ood/bin/x86_64-conda_cos6-linux-gnu-ar -a apply = check ']'
+++ '[' apply = apply ']'
++++ tr a-z+-. A-ZX__
++++ echo ar
+++ thing=AR
+++ eval 'oldval=$AR'
++++ oldval=
+++ '[' -n '' ']'
+++ eval unset '${to}${thing}'
++++ unset CONDA_BACKUP_AR
+++ '[' -n /nas/ucb/tutrinh/anaconda3/envs/ood/bin/x86_64-conda_cos6-linux-gnu-ar ']'
+++ eval export ''\''AR=/nas/ucb/tutrinh/anaconda3/envs/ood/bin/x86_64-conda_cos6-linux-gnu-ar'\'''
++++ export AR=/nas/ucb/tutrinh/anaconda3/envs/ood/bin/x86_64-conda_cos6-linux-gnu-ar
++++ AR=/nas/ucb/tutrinh/anaconda3/envs/ood/bin/x86_64-conda_cos6-linux-gnu-ar
+++ for thing in $tc_nature,$tc_machine "$@"
+++ case "${thing}" in
++++ which /nas/ucb/tutrinh/anaconda3/envs/ood/bin/x86_64-conda_cos6-linux-gnu-as
+++ newval=/nas/ucb/tutrinh/anaconda3/envs/ood/bin/x86_64-conda_cos6-linux-gnu-as
+++ '[' -z /nas/ucb/tutrinh/anaconda3/envs/ood/bin/x86_64-conda_cos6-linux-gnu-as -a apply = check ']'
+++ '[' apply = apply ']'
++++ tr a-z+-. A-ZX__
++++ echo as
+++ thing=AS
+++ eval 'oldval=$AS'
++++ oldval=
+++ '[' -n '' ']'
+++ eval unset '${to}${thing}'
++++ unset CONDA_BACKUP_AS
+++ '[' -n /nas/ucb/tutrinh/anaconda3/envs/ood/bin/x86_64-conda_cos6-linux-gnu-as ']'
+++ eval export ''\''AS=/nas/ucb/tutrinh/anaconda3/envs/ood/bin/x86_64-conda_cos6-linux-gnu-as'\'''
++++ export AS=/nas/ucb/tutrinh/anaconda3/envs/ood/bin/x86_64-conda_cos6-linux-gnu-as
++++ AS=/nas/ucb/tutrinh/anaconda3/envs/ood/bin/x86_64-conda_cos6-linux-gnu-as
+++ for thing in $tc_nature,$tc_machine "$@"
+++ case "${thing}" in
++++ which /nas/ucb/tutrinh/anaconda3/envs/ood/bin/x86_64-conda_cos6-linux-gnu-c++filt
+++ newval=/nas/ucb/tutrinh/anaconda3/envs/ood/bin/x86_64-conda_cos6-linux-gnu-c++filt
+++ '[' -z /nas/ucb/tutrinh/anaconda3/envs/ood/bin/x86_64-conda_cos6-linux-gnu-c++filt -a apply = check ']'
+++ '[' apply = apply ']'
++++ tr a-z+-. A-ZX__
++++ echo c++filt
+++ thing=CXXFILT
+++ eval 'oldval=$CXXFILT'
++++ oldval=
+++ '[' -n '' ']'
+++ eval unset '${to}${thing}'
++++ unset CONDA_BACKUP_CXXFILT
+++ '[' -n /nas/ucb/tutrinh/anaconda3/envs/ood/bin/x86_64-conda_cos6-linux-gnu-c++filt ']'
+++ eval export ''\''CXXFILT=/nas/ucb/tutrinh/anaconda3/envs/ood/bin/x86_64-conda_cos6-linux-gnu-c++filt'\'''
++++ export CXXFILT=/nas/ucb/tutrinh/anaconda3/envs/ood/bin/x86_64-conda_cos6-linux-gnu-c++filt
++++ CXXFILT=/nas/ucb/tutrinh/anaconda3/envs/ood/bin/x86_64-conda_cos6-linux-gnu-c++filt
+++ for thing in $tc_nature,$tc_machine "$@"
+++ case "${thing}" in
++++ which /nas/ucb/tutrinh/anaconda3/envs/ood/bin/x86_64-conda_cos6-linux-gnu-elfedit
+++ newval=/nas/ucb/tutrinh/anaconda3/envs/ood/bin/x86_64-conda_cos6-linux-gnu-elfedit
+++ '[' -z /nas/ucb/tutrinh/anaconda3/envs/ood/bin/x86_64-conda_cos6-linux-gnu-elfedit -a apply = check ']'
+++ '[' apply = apply ']'
++++ tr a-z+-. A-ZX__
++++ echo elfedit
+++ thing=ELFEDIT
+++ eval 'oldval=$ELFEDIT'
++++ oldval=
+++ '[' -n '' ']'
+++ eval unset '${to}${thing}'
++++ unset CONDA_BACKUP_ELFEDIT
+++ '[' -n /nas/ucb/tutrinh/anaconda3/envs/ood/bin/x86_64-conda_cos6-linux-gnu-elfedit ']'
+++ eval export ''\''ELFEDIT=/nas/ucb/tutrinh/anaconda3/envs/ood/bin/x86_64-conda_cos6-linux-gnu-elfedit'\'''
++++ export ELFEDIT=/nas/ucb/tutrinh/anaconda3/envs/ood/bin/x86_64-conda_cos6-linux-gnu-elfedit
++++ ELFEDIT=/nas/ucb/tutrinh/anaconda3/envs/ood/bin/x86_64-conda_cos6-linux-gnu-elfedit
+++ for thing in $tc_nature,$tc_machine "$@"
+++ case "${thing}" in
++++ which /nas/ucb/tutrinh/anaconda3/envs/ood/bin/x86_64-conda_cos6-linux-gnu-gprof
+++ newval=/nas/ucb/tutrinh/anaconda3/envs/ood/bin/x86_64-conda_cos6-linux-gnu-gprof
+++ '[' -z /nas/ucb/tutrinh/anaconda3/envs/ood/bin/x86_64-conda_cos6-linux-gnu-gprof -a apply = check ']'
+++ '[' apply = apply ']'
++++ tr a-z+-. A-ZX__
++++ echo gprof
+++ thing=GPROF
+++ eval 'oldval=$GPROF'
++++ oldval=
+++ '[' -n '' ']'
+++ eval unset '${to}${thing}'
++++ unset CONDA_BACKUP_GPROF
+++ '[' -n /nas/ucb/tutrinh/anaconda3/envs/ood/bin/x86_64-conda_cos6-linux-gnu-gprof ']'
+++ eval export ''\''GPROF=/nas/ucb/tutrinh/anaconda3/envs/ood/bin/x86_64-conda_cos6-linux-gnu-gprof'\'''
++++ export GPROF=/nas/ucb/tutrinh/anaconda3/envs/ood/bin/x86_64-conda_cos6-linux-gnu-gprof
++++ GPROF=/nas/ucb/tutrinh/anaconda3/envs/ood/bin/x86_64-conda_cos6-linux-gnu-gprof
+++ for thing in $tc_nature,$tc_machine "$@"
+++ case "${thing}" in
++++ which /nas/ucb/tutrinh/anaconda3/envs/ood/bin/x86_64-conda_cos6-linux-gnu-ld
+++ newval=/nas/ucb/tutrinh/anaconda3/envs/ood/bin/x86_64-conda_cos6-linux-gnu-ld
+++ '[' -z /nas/ucb/tutrinh/anaconda3/envs/ood/bin/x86_64-conda_cos6-linux-gnu-ld -a apply = check ']'
+++ '[' apply = apply ']'
++++ tr a-z+-. A-ZX__
++++ echo ld
+++ thing=LD
+++ eval 'oldval=$LD'
++++ oldval=
+++ '[' -n '' ']'
+++ eval unset '${to}${thing}'
++++ unset CONDA_BACKUP_LD
+++ '[' -n /nas/ucb/tutrinh/anaconda3/envs/ood/bin/x86_64-conda_cos6-linux-gnu-ld ']'
+++ eval export ''\''LD=/nas/ucb/tutrinh/anaconda3/envs/ood/bin/x86_64-conda_cos6-linux-gnu-ld'\'''
++++ export LD=/nas/ucb/tutrinh/anaconda3/envs/ood/bin/x86_64-conda_cos6-linux-gnu-ld
++++ LD=/nas/ucb/tutrinh/anaconda3/envs/ood/bin/x86_64-conda_cos6-linux-gnu-ld
+++ for thing in $tc_nature,$tc_machine "$@"
+++ case "${thing}" in
++++ which /nas/ucb/tutrinh/anaconda3/envs/ood/bin/x86_64-conda_cos6-linux-gnu-ld.gold
+++ newval=/nas/ucb/tutrinh/anaconda3/envs/ood/bin/x86_64-conda_cos6-linux-gnu-ld.gold
+++ '[' -z /nas/ucb/tutrinh/anaconda3/envs/ood/bin/x86_64-conda_cos6-linux-gnu-ld.gold -a apply = check ']'
+++ '[' apply = apply ']'
++++ tr a-z+-. A-ZX__
++++ echo ld.gold
+++ thing=LD_GOLD
+++ eval 'oldval=$LD_GOLD'
++++ oldval=
+++ '[' -n '' ']'
+++ eval unset '${to}${thing}'
++++ unset CONDA_BACKUP_LD_GOLD
+++ '[' -n /nas/ucb/tutrinh/anaconda3/envs/ood/bin/x86_64-conda_cos6-linux-gnu-ld.gold ']'
+++ eval export ''\''LD_GOLD=/nas/ucb/tutrinh/anaconda3/envs/ood/bin/x86_64-conda_cos6-linux-gnu-ld.gold'\'''
++++ export LD_GOLD=/nas/ucb/tutrinh/anaconda3/envs/ood/bin/x86_64-conda_cos6-linux-gnu-ld.gold
++++ LD_GOLD=/nas/ucb/tutrinh/anaconda3/envs/ood/bin/x86_64-conda_cos6-linux-gnu-ld.gold
+++ for thing in $tc_nature,$tc_machine "$@"
+++ case "${thing}" in
++++ which /nas/ucb/tutrinh/anaconda3/envs/ood/bin/x86_64-conda_cos6-linux-gnu-nm
+++ newval=/nas/ucb/tutrinh/anaconda3/envs/ood/bin/x86_64-conda_cos6-linux-gnu-nm
+++ '[' -z /nas/ucb/tutrinh/anaconda3/envs/ood/bin/x86_64-conda_cos6-linux-gnu-nm -a apply = check ']'
+++ '[' apply = apply ']'
++++ tr a-z+-. A-ZX__
++++ echo nm
+++ thing=NM
+++ eval 'oldval=$NM'
++++ oldval=
+++ '[' -n '' ']'
+++ eval unset '${to}${thing}'
++++ unset CONDA_BACKUP_NM
+++ '[' -n /nas/ucb/tutrinh/anaconda3/envs/ood/bin/x86_64-conda_cos6-linux-gnu-nm ']'
+++ eval export ''\''NM=/nas/ucb/tutrinh/anaconda3/envs/ood/bin/x86_64-conda_cos6-linux-gnu-nm'\'''
++++ export NM=/nas/ucb/tutrinh/anaconda3/envs/ood/bin/x86_64-conda_cos6-linux-gnu-nm
++++ NM=/nas/ucb/tutrinh/anaconda3/envs/ood/bin/x86_64-conda_cos6-linux-gnu-nm
+++ for thing in $tc_nature,$tc_machine "$@"
+++ case "${thing}" in
++++ which /nas/ucb/tutrinh/anaconda3/envs/ood/bin/x86_64-conda_cos6-linux-gnu-objcopy
+++ newval=/nas/ucb/tutrinh/anaconda3/envs/ood/bin/x86_64-conda_cos6-linux-gnu-objcopy
+++ '[' -z /nas/ucb/tutrinh/anaconda3/envs/ood/bin/x86_64-conda_cos6-linux-gnu-objcopy -a apply = check ']'
+++ '[' apply = apply ']'
++++ tr a-z+-. A-ZX__
++++ echo objcopy
+++ thing=OBJCOPY
+++ eval 'oldval=$OBJCOPY'
++++ oldval=
+++ '[' -n '' ']'
+++ eval unset '${to}${thing}'
++++ unset CONDA_BACKUP_OBJCOPY
+++ '[' -n /nas/ucb/tutrinh/anaconda3/envs/ood/bin/x86_64-conda_cos6-linux-gnu-objcopy ']'
+++ eval export ''\''OBJCOPY=/nas/ucb/tutrinh/anaconda3/envs/ood/bin/x86_64-conda_cos6-linux-gnu-objcopy'\'''
++++ export OBJCOPY=/nas/ucb/tutrinh/anaconda3/envs/ood/bin/x86_64-conda_cos6-linux-gnu-objcopy
++++ OBJCOPY=/nas/ucb/tutrinh/anaconda3/envs/ood/bin/x86_64-conda_cos6-linux-gnu-objcopy
+++ for thing in $tc_nature,$tc_machine "$@"
+++ case "${thing}" in
++++ which /nas/ucb/tutrinh/anaconda3/envs/ood/bin/x86_64-conda_cos6-linux-gnu-objdump
+++ newval=/nas/ucb/tutrinh/anaconda3/envs/ood/bin/x86_64-conda_cos6-linux-gnu-objdump
+++ '[' -z /nas/ucb/tutrinh/anaconda3/envs/ood/bin/x86_64-conda_cos6-linux-gnu-objdump -a apply = check ']'
+++ '[' apply = apply ']'
++++ tr a-z+-. A-ZX__
++++ echo objdump
+++ thing=OBJDUMP
+++ eval 'oldval=$OBJDUMP'
++++ oldval=
+++ '[' -n '' ']'
+++ eval unset '${to}${thing}'
++++ unset CONDA_BACKUP_OBJDUMP
+++ '[' -n /nas/ucb/tutrinh/anaconda3/envs/ood/bin/x86_64-conda_cos6-linux-gnu-objdump ']'
+++ eval export ''\''OBJDUMP=/nas/ucb/tutrinh/anaconda3/envs/ood/bin/x86_64-conda_cos6-linux-gnu-objdump'\'''
++++ export OBJDUMP=/nas/ucb/tutrinh/anaconda3/envs/ood/bin/x86_64-conda_cos6-linux-gnu-objdump
++++ OBJDUMP=/nas/ucb/tutrinh/anaconda3/envs/ood/bin/x86_64-conda_cos6-linux-gnu-objdump
+++ for thing in $tc_nature,$tc_machine "$@"
+++ case "${thing}" in
++++ which /nas/ucb/tutrinh/anaconda3/envs/ood/bin/x86_64-conda_cos6-linux-gnu-ranlib
+++ newval=/nas/ucb/tutrinh/anaconda3/envs/ood/bin/x86_64-conda_cos6-linux-gnu-ranlib
+++ '[' -z /nas/ucb/tutrinh/anaconda3/envs/ood/bin/x86_64-conda_cos6-linux-gnu-ranlib -a apply = check ']'
+++ '[' apply = apply ']'
++++ tr a-z+-. A-ZX__
++++ echo ranlib
+++ thing=RANLIB
+++ eval 'oldval=$RANLIB'
++++ oldval=
+++ '[' -n '' ']'
+++ eval unset '${to}${thing}'
++++ unset CONDA_BACKUP_RANLIB
+++ '[' -n /nas/ucb/tutrinh/anaconda3/envs/ood/bin/x86_64-conda_cos6-linux-gnu-ranlib ']'
+++ eval export ''\''RANLIB=/nas/ucb/tutrinh/anaconda3/envs/ood/bin/x86_64-conda_cos6-linux-gnu-ranlib'\'''
++++ export RANLIB=/nas/ucb/tutrinh/anaconda3/envs/ood/bin/x86_64-conda_cos6-linux-gnu-ranlib
++++ RANLIB=/nas/ucb/tutrinh/anaconda3/envs/ood/bin/x86_64-conda_cos6-linux-gnu-ranlib
+++ for thing in $tc_nature,$tc_machine "$@"
+++ case "${thing}" in
++++ which /nas/ucb/tutrinh/anaconda3/envs/ood/bin/x86_64-conda_cos6-linux-gnu-readelf
+++ newval=/nas/ucb/tutrinh/anaconda3/envs/ood/bin/x86_64-conda_cos6-linux-gnu-readelf
+++ '[' -z /nas/ucb/tutrinh/anaconda3/envs/ood/bin/x86_64-conda_cos6-linux-gnu-readelf -a apply = check ']'
+++ '[' apply = apply ']'
++++ tr a-z+-. A-ZX__
++++ echo readelf
+++ thing=READELF
+++ eval 'oldval=$READELF'
++++ oldval=
+++ '[' -n '' ']'
+++ eval unset '${to}${thing}'
++++ unset CONDA_BACKUP_READELF
+++ '[' -n /nas/ucb/tutrinh/anaconda3/envs/ood/bin/x86_64-conda_cos6-linux-gnu-readelf ']'
+++ eval export ''\''READELF=/nas/ucb/tutrinh/anaconda3/envs/ood/bin/x86_64-conda_cos6-linux-gnu-readelf'\'''
++++ export READELF=/nas/ucb/tutrinh/anaconda3/envs/ood/bin/x86_64-conda_cos6-linux-gnu-readelf
++++ READELF=/nas/ucb/tutrinh/anaconda3/envs/ood/bin/x86_64-conda_cos6-linux-gnu-readelf
+++ for thing in $tc_nature,$tc_machine "$@"
+++ case "${thing}" in
++++ which /nas/ucb/tutrinh/anaconda3/envs/ood/bin/x86_64-conda_cos6-linux-gnu-size
+++ newval=/nas/ucb/tutrinh/anaconda3/envs/ood/bin/x86_64-conda_cos6-linux-gnu-size
+++ '[' -z /nas/ucb/tutrinh/anaconda3/envs/ood/bin/x86_64-conda_cos6-linux-gnu-size -a apply = check ']'
+++ '[' apply = apply ']'
++++ echo size
++++ tr a-z+-. A-ZX__
+++ thing=SIZE
+++ eval 'oldval=$SIZE'
++++ oldval=
+++ '[' -n '' ']'
+++ eval unset '${to}${thing}'
++++ unset CONDA_BACKUP_SIZE
+++ '[' -n /nas/ucb/tutrinh/anaconda3/envs/ood/bin/x86_64-conda_cos6-linux-gnu-size ']'
+++ eval export ''\''SIZE=/nas/ucb/tutrinh/anaconda3/envs/ood/bin/x86_64-conda_cos6-linux-gnu-size'\'''
++++ export SIZE=/nas/ucb/tutrinh/anaconda3/envs/ood/bin/x86_64-conda_cos6-linux-gnu-size
++++ SIZE=/nas/ucb/tutrinh/anaconda3/envs/ood/bin/x86_64-conda_cos6-linux-gnu-size
+++ for thing in $tc_nature,$tc_machine "$@"
+++ case "${thing}" in
++++ which /nas/ucb/tutrinh/anaconda3/envs/ood/bin/x86_64-conda_cos6-linux-gnu-strings
+++ newval=/nas/ucb/tutrinh/anaconda3/envs/ood/bin/x86_64-conda_cos6-linux-gnu-strings
+++ '[' -z /nas/ucb/tutrinh/anaconda3/envs/ood/bin/x86_64-conda_cos6-linux-gnu-strings -a apply = check ']'
+++ '[' apply = apply ']'
++++ tr a-z+-. A-ZX__
++++ echo strings
+++ thing=STRINGS
+++ eval 'oldval=$STRINGS'
++++ oldval=
+++ '[' -n '' ']'
+++ eval unset '${to}${thing}'
++++ unset CONDA_BACKUP_STRINGS
+++ '[' -n /nas/ucb/tutrinh/anaconda3/envs/ood/bin/x86_64-conda_cos6-linux-gnu-strings ']'
+++ eval export ''\''STRINGS=/nas/ucb/tutrinh/anaconda3/envs/ood/bin/x86_64-conda_cos6-linux-gnu-strings'\'''
++++ export STRINGS=/nas/ucb/tutrinh/anaconda3/envs/ood/bin/x86_64-conda_cos6-linux-gnu-strings
++++ STRINGS=/nas/ucb/tutrinh/anaconda3/envs/ood/bin/x86_64-conda_cos6-linux-gnu-strings
+++ for thing in $tc_nature,$tc_machine "$@"
+++ case "${thing}" in
++++ which /nas/ucb/tutrinh/anaconda3/envs/ood/bin/x86_64-conda_cos6-linux-gnu-strip
+++ newval=/nas/ucb/tutrinh/anaconda3/envs/ood/bin/x86_64-conda_cos6-linux-gnu-strip
+++ '[' -z /nas/ucb/tutrinh/anaconda3/envs/ood/bin/x86_64-conda_cos6-linux-gnu-strip -a apply = check ']'
+++ '[' apply = apply ']'
++++ echo strip
++++ tr a-z+-. A-ZX__
+++ thing=STRIP
+++ eval 'oldval=$STRIP'
++++ oldval=
+++ '[' -n '' ']'
+++ eval unset '${to}${thing}'
++++ unset CONDA_BACKUP_STRIP
+++ '[' -n /nas/ucb/tutrinh/anaconda3/envs/ood/bin/x86_64-conda_cos6-linux-gnu-strip ']'
+++ eval export ''\''STRIP=/nas/ucb/tutrinh/anaconda3/envs/ood/bin/x86_64-conda_cos6-linux-gnu-strip'\'''
++++ export STRIP=/nas/ucb/tutrinh/anaconda3/envs/ood/bin/x86_64-conda_cos6-linux-gnu-strip
++++ STRIP=/nas/ucb/tutrinh/anaconda3/envs/ood/bin/x86_64-conda_cos6-linux-gnu-strip
+++ return 0
+++ '[' 0 -ne 0 ']'
+++ env
++++ _get_sourced_filename
++++ '[' -n /nas/ucb/tutrinh/anaconda3/envs/ood/etc/conda/activate.d/activate-binutils_linux-64.sh ']'
++++ basename /nas/ucb/tutrinh/anaconda3/envs/ood/etc/conda/activate.d/activate-binutils_linux-64.sh
+++ echo 'INFO: activate-binutils_linux-64.sh made the following environmental changes:'
INFO: activate-binutils_linux-64.sh made the following environmental changes:
+++ tail -n +4
+++ grep '^-.*\|^+.*'
+++ sort
+++ diff -U 0 -rN /tmp/old-env-2132159.txt /tmp/new-env-2132159.txt
+++ grep -v CONDA_BACKUP_
+ADDR2LINE=/nas/ucb/tutrinh/anaconda3/envs/ood/bin/x86_64-conda_cos6-linux-gnu-addr2line
+AR=/nas/ucb/tutrinh/anaconda3/envs/ood/bin/x86_64-conda_cos6-linux-gnu-ar
+AS=/nas/ucb/tutrinh/anaconda3/envs/ood/bin/x86_64-conda_cos6-linux-gnu-as
+CXXFILT=/nas/ucb/tutrinh/anaconda3/envs/ood/bin/x86_64-conda_cos6-linux-gnu-c++filt
+ELFEDIT=/nas/ucb/tutrinh/anaconda3/envs/ood/bin/x86_64-conda_cos6-linux-gnu-elfedit
+GPROF=/nas/ucb/tutrinh/anaconda3/envs/ood/bin/x86_64-conda_cos6-linux-gnu-gprof
+HOST=x86_64-conda_cos6-linux-gnu
+LD_GOLD=/nas/ucb/tutrinh/anaconda3/envs/ood/bin/x86_64-conda_cos6-linux-gnu-ld.gold
+LD=/nas/ucb/tutrinh/anaconda3/envs/ood/bin/x86_64-conda_cos6-linux-gnu-ld
+NM=/nas/ucb/tutrinh/anaconda3/envs/ood/bin/x86_64-conda_cos6-linux-gnu-nm
+OBJCOPY=/nas/ucb/tutrinh/anaconda3/envs/ood/bin/x86_64-conda_cos6-linux-gnu-objcopy
+OBJDUMP=/nas/ucb/tutrinh/anaconda3/envs/ood/bin/x86_64-conda_cos6-linux-gnu-objdump
+RANLIB=/nas/ucb/tutrinh/anaconda3/envs/ood/bin/x86_64-conda_cos6-linux-gnu-ranlib
+READELF=/nas/ucb/tutrinh/anaconda3/envs/ood/bin/x86_64-conda_cos6-linux-gnu-readelf
+SIZE=/nas/ucb/tutrinh/anaconda3/envs/ood/bin/x86_64-conda_cos6-linux-gnu-size
+STRINGS=/nas/ucb/tutrinh/anaconda3/envs/ood/bin/x86_64-conda_cos6-linux-gnu-strings
+STRIP=/nas/ucb/tutrinh/anaconda3/envs/ood/bin/x86_64-conda_cos6-linux-gnu-strip
++ . /nas/ucb/tutrinh/anaconda3/envs/ood/etc/conda/activate.d/activate-gcc_linux-64.sh
+++ env
+++ _tc_activation activate host x86_64-conda_cos6-linux-gnu x86_64-conda_cos6-linux-gnu- cc cpp gcc gcc-ar gcc-nm gcc-ranlib 'CPPFLAGS,-D_FORTIFY_SOURCE=2 -O2' 'CFLAGS,-march=nocona -mtune=haswell -ftree-vectorize -fPIC -fstack-protector-strong -fno-plt -O2 -pipe' LDFLAGS,-Wl,-O2,--sort-common,--as-needed,-z,relro,-z,now 'DEBUG_CFLAGS,-march=nocona -mtune=haswell -ftree-vectorize -fPIC -fstack-protector-strong -fno-plt -O2 -pipe -Og -g -Wall -Wextra -fcheck=all -fbacktrace -fimplicit-none -fvar-tracking-assignments'
+++ local act_nature=activate
+++ shift
+++ local tc_nature=host
+++ shift
+++ local tc_machine=x86_64-conda_cos6-linux-gnu
+++ shift
+++ local tc_prefix=x86_64-conda_cos6-linux-gnu-
+++ shift
+++ local thing
+++ local newval
+++ local from
+++ local to
+++ local which
+++ local pass
+++ '[' activate = activate ']'
+++ from=
+++ to=CONDA_BACKUP_
+++ for pass in check apply
+++ for thing in $tc_nature,$tc_machine "$@"
+++ case "${thing}" in
++++ sed 's,^[^\,]*\,\(.*\),\1,'
++++ echo host,x86_64-conda_cos6-linux-gnu
+++ newval=x86_64-conda_cos6-linux-gnu
++++ echo host,x86_64-conda_cos6-linux-gnu
++++ sed 's,^\([^\,]*\)\,.*,\1,'
+++ thing=host
+++ '[' check = apply ']'
+++ for thing in $tc_nature,$tc_machine "$@"
+++ case "${thing}" in
++++ which /nas/ucb/tutrinh/anaconda3/envs/ood/bin/x86_64-conda_cos6-linux-gnu-cc
+++ newval=/nas/ucb/tutrinh/anaconda3/envs/ood/bin/x86_64-conda_cos6-linux-gnu-cc
+++ '[' -z /nas/ucb/tutrinh/anaconda3/envs/ood/bin/x86_64-conda_cos6-linux-gnu-cc -a check = check ']'
+++ '[' check = apply ']'
+++ for thing in $tc_nature,$tc_machine "$@"
+++ case "${thing}" in
++++ which /nas/ucb/tutrinh/anaconda3/envs/ood/bin/x86_64-conda_cos6-linux-gnu-cpp
+++ newval=/nas/ucb/tutrinh/anaconda3/envs/ood/bin/x86_64-conda_cos6-linux-gnu-cpp
+++ '[' -z /nas/ucb/tutrinh/anaconda3/envs/ood/bin/x86_64-conda_cos6-linux-gnu-cpp -a check = check ']'
+++ '[' check = apply ']'
+++ for thing in $tc_nature,$tc_machine "$@"
+++ case "${thing}" in
++++ which /nas/ucb/tutrinh/anaconda3/envs/ood/bin/x86_64-conda_cos6-linux-gnu-gcc
+++ newval=/nas/ucb/tutrinh/anaconda3/envs/ood/bin/x86_64-conda_cos6-linux-gnu-gcc
+++ '[' -z /nas/ucb/tutrinh/anaconda3/envs/ood/bin/x86_64-conda_cos6-linux-gnu-gcc -a check = check ']'
+++ '[' check = apply ']'
+++ for thing in $tc_nature,$tc_machine "$@"
+++ case "${thing}" in
++++ which /nas/ucb/tutrinh/anaconda3/envs/ood/bin/x86_64-conda_cos6-linux-gnu-gcc-ar
+++ newval=/nas/ucb/tutrinh/anaconda3/envs/ood/bin/x86_64-conda_cos6-linux-gnu-gcc-ar
+++ '[' -z /nas/ucb/tutrinh/anaconda3/envs/ood/bin/x86_64-conda_cos6-linux-gnu-gcc-ar -a check = check ']'
+++ '[' check = apply ']'
+++ for thing in $tc_nature,$tc_machine "$@"
+++ case "${thing}" in
++++ which /nas/ucb/tutrinh/anaconda3/envs/ood/bin/x86_64-conda_cos6-linux-gnu-gcc-nm
+++ newval=/nas/ucb/tutrinh/anaconda3/envs/ood/bin/x86_64-conda_cos6-linux-gnu-gcc-nm
+++ '[' -z /nas/ucb/tutrinh/anaconda3/envs/ood/bin/x86_64-conda_cos6-linux-gnu-gcc-nm -a check = check ']'
+++ '[' check = apply ']'
+++ for thing in $tc_nature,$tc_machine "$@"
+++ case "${thing}" in
++++ which /nas/ucb/tutrinh/anaconda3/envs/ood/bin/x86_64-conda_cos6-linux-gnu-gcc-ranlib
+++ newval=/nas/ucb/tutrinh/anaconda3/envs/ood/bin/x86_64-conda_cos6-linux-gnu-gcc-ranlib
+++ '[' -z /nas/ucb/tutrinh/anaconda3/envs/ood/bin/x86_64-conda_cos6-linux-gnu-gcc-ranlib -a check = check ']'
+++ '[' check = apply ']'
+++ for thing in $tc_nature,$tc_machine "$@"
+++ case "${thing}" in
++++ sed 's,^[^\,]*\,\(.*\),\1,'
++++ echo 'CPPFLAGS,-D_FORTIFY_SOURCE=2 -O2'
+++ newval='-D_FORTIFY_SOURCE=2 -O2'
++++ echo 'CPPFLAGS,-D_FORTIFY_SOURCE=2 -O2'
++++ sed 's,^\([^\,]*\)\,.*,\1,'
+++ thing=CPPFLAGS
+++ '[' check = apply ']'
+++ for thing in $tc_nature,$tc_machine "$@"
+++ case "${thing}" in
++++ sed 's,^[^\,]*\,\(.*\),\1,'
++++ echo 'CFLAGS,-march=nocona -mtune=haswell -ftree-vectorize -fPIC -fstack-protector-strong -fno-plt -O2 -pipe'
+++ newval='-march=nocona -mtune=haswell -ftree-vectorize -fPIC -fstack-protector-strong -fno-plt -O2 -pipe'
++++ sed 's,^\([^\,]*\)\,.*,\1,'
++++ echo 'CFLAGS,-march=nocona -mtune=haswell -ftree-vectorize -fPIC -fstack-protector-strong -fno-plt -O2 -pipe'
+++ thing=CFLAGS
+++ '[' check = apply ']'
+++ for thing in $tc_nature,$tc_machine "$@"
+++ case "${thing}" in
++++ echo LDFLAGS,-Wl,-O2,--sort-common,--as-needed,-z,relro,-z,now
++++ sed 's,^[^\,]*\,\(.*\),\1,'
+++ newval=-Wl,-O2,--sort-common,--as-needed,-z,relro,-z,now
++++ sed 's,^\([^\,]*\)\,.*,\1,'
++++ echo LDFLAGS,-Wl,-O2,--sort-common,--as-needed,-z,relro,-z,now
+++ thing=LDFLAGS
+++ '[' check = apply ']'
+++ for thing in $tc_nature,$tc_machine "$@"
+++ case "${thing}" in
++++ sed 's,^[^\,]*\,\(.*\),\1,'
++++ echo 'DEBUG_CFLAGS,-march=nocona -mtune=haswell -ftree-vectorize -fPIC -fstack-protector-strong -fno-plt -O2 -pipe -Og -g -Wall -Wextra -fcheck=all -fbacktrace -fimplicit-none -fvar-tracking-assignments'
+++ newval='-march=nocona -mtune=haswell -ftree-vectorize -fPIC -fstack-protector-strong -fno-plt -O2 -pipe -Og -g -Wall -Wextra -fcheck=all -fbacktrace -fimplicit-none -fvar-tracking-assignments'
++++ sed 's,^\([^\,]*\)\,.*,\1,'
++++ echo 'DEBUG_CFLAGS,-march=nocona -mtune=haswell -ftree-vectorize -fPIC -fstack-protector-strong -fno-plt -O2 -pipe -Og -g -Wall -Wextra -fcheck=all -fbacktrace -fimplicit-none -fvar-tracking-assignments'
+++ thing=DEBUG_CFLAGS
+++ '[' check = apply ']'
+++ for pass in check apply
+++ for thing in $tc_nature,$tc_machine "$@"
+++ case "${thing}" in
++++ echo host,x86_64-conda_cos6-linux-gnu
++++ sed 's,^[^\,]*\,\(.*\),\1,'
+++ newval=x86_64-conda_cos6-linux-gnu
++++ sed 's,^\([^\,]*\)\,.*,\1,'
++++ echo host,x86_64-conda_cos6-linux-gnu
+++ thing=host
+++ '[' apply = apply ']'
++++ echo host
++++ tr a-z+- A-ZX_
+++ thing=HOST
+++ eval 'oldval=$HOST'
++++ oldval=x86_64-conda_cos6-linux-gnu
+++ '[' -n x86_64-conda_cos6-linux-gnu ']'
+++ eval export 'CONDA_BACKUP_'\''HOST'\''="x86_64-conda_cos6-linux-gnu"'
++++ export CONDA_BACKUP_HOST=x86_64-conda_cos6-linux-gnu
++++ CONDA_BACKUP_HOST=x86_64-conda_cos6-linux-gnu
+++ '[' -n x86_64-conda_cos6-linux-gnu ']'
+++ eval export ''\''HOST=x86_64-conda_cos6-linux-gnu'\'''
++++ export HOST=x86_64-conda_cos6-linux-gnu
++++ HOST=x86_64-conda_cos6-linux-gnu
+++ for thing in $tc_nature,$tc_machine "$@"
+++ case "${thing}" in
++++ which /nas/ucb/tutrinh/anaconda3/envs/ood/bin/x86_64-conda_cos6-linux-gnu-cc
+++ newval=/nas/ucb/tutrinh/anaconda3/envs/ood/bin/x86_64-conda_cos6-linux-gnu-cc
+++ '[' -z /nas/ucb/tutrinh/anaconda3/envs/ood/bin/x86_64-conda_cos6-linux-gnu-cc -a apply = check ']'
+++ '[' apply = apply ']'
++++ echo cc
++++ tr a-z+- A-ZX_
+++ thing=CC
+++ eval 'oldval=$CC'
++++ oldval=
+++ '[' -n '' ']'
+++ eval unset '${to}${thing}'
++++ unset CONDA_BACKUP_CC
+++ '[' -n /nas/ucb/tutrinh/anaconda3/envs/ood/bin/x86_64-conda_cos6-linux-gnu-cc ']'
+++ eval export ''\''CC=/nas/ucb/tutrinh/anaconda3/envs/ood/bin/x86_64-conda_cos6-linux-gnu-cc'\'''
++++ export CC=/nas/ucb/tutrinh/anaconda3/envs/ood/bin/x86_64-conda_cos6-linux-gnu-cc
++++ CC=/nas/ucb/tutrinh/anaconda3/envs/ood/bin/x86_64-conda_cos6-linux-gnu-cc
+++ for thing in $tc_nature,$tc_machine "$@"
+++ case "${thing}" in
++++ which /nas/ucb/tutrinh/anaconda3/envs/ood/bin/x86_64-conda_cos6-linux-gnu-cpp
+++ newval=/nas/ucb/tutrinh/anaconda3/envs/ood/bin/x86_64-conda_cos6-linux-gnu-cpp
+++ '[' -z /nas/ucb/tutrinh/anaconda3/envs/ood/bin/x86_64-conda_cos6-linux-gnu-cpp -a apply = check ']'
+++ '[' apply = apply ']'
++++ echo cpp
++++ tr a-z+- A-ZX_
+++ thing=CPP
+++ eval 'oldval=$CPP'
++++ oldval=
+++ '[' -n '' ']'
+++ eval unset '${to}${thing}'
++++ unset CONDA_BACKUP_CPP
+++ '[' -n /nas/ucb/tutrinh/anaconda3/envs/ood/bin/x86_64-conda_cos6-linux-gnu-cpp ']'
+++ eval export ''\''CPP=/nas/ucb/tutrinh/anaconda3/envs/ood/bin/x86_64-conda_cos6-linux-gnu-cpp'\'''
++++ export CPP=/nas/ucb/tutrinh/anaconda3/envs/ood/bin/x86_64-conda_cos6-linux-gnu-cpp
++++ CPP=/nas/ucb/tutrinh/anaconda3/envs/ood/bin/x86_64-conda_cos6-linux-gnu-cpp
+++ for thing in $tc_nature,$tc_machine "$@"
+++ case "${thing}" in
++++ which /nas/ucb/tutrinh/anaconda3/envs/ood/bin/x86_64-conda_cos6-linux-gnu-gcc
+++ newval=/nas/ucb/tutrinh/anaconda3/envs/ood/bin/x86_64-conda_cos6-linux-gnu-gcc
+++ '[' -z /nas/ucb/tutrinh/anaconda3/envs/ood/bin/x86_64-conda_cos6-linux-gnu-gcc -a apply = check ']'
+++ '[' apply = apply ']'
++++ echo gcc
++++ tr a-z+- A-ZX_
+++ thing=GCC
+++ eval 'oldval=$GCC'
++++ oldval=
+++ '[' -n '' ']'
+++ eval unset '${to}${thing}'
++++ unset CONDA_BACKUP_GCC
+++ '[' -n /nas/ucb/tutrinh/anaconda3/envs/ood/bin/x86_64-conda_cos6-linux-gnu-gcc ']'
+++ eval export ''\''GCC=/nas/ucb/tutrinh/anaconda3/envs/ood/bin/x86_64-conda_cos6-linux-gnu-gcc'\'''
++++ export GCC=/nas/ucb/tutrinh/anaconda3/envs/ood/bin/x86_64-conda_cos6-linux-gnu-gcc
++++ GCC=/nas/ucb/tutrinh/anaconda3/envs/ood/bin/x86_64-conda_cos6-linux-gnu-gcc
+++ for thing in $tc_nature,$tc_machine "$@"
+++ case "${thing}" in
++++ which /nas/ucb/tutrinh/anaconda3/envs/ood/bin/x86_64-conda_cos6-linux-gnu-gcc-ar
+++ newval=/nas/ucb/tutrinh/anaconda3/envs/ood/bin/x86_64-conda_cos6-linux-gnu-gcc-ar
+++ '[' -z /nas/ucb/tutrinh/anaconda3/envs/ood/bin/x86_64-conda_cos6-linux-gnu-gcc-ar -a apply = check ']'
+++ '[' apply = apply ']'
++++ echo gcc-ar
++++ tr a-z+- A-ZX_
+++ thing=GCC_AR
+++ eval 'oldval=$GCC_AR'
++++ oldval=
+++ '[' -n '' ']'
+++ eval unset '${to}${thing}'
++++ unset CONDA_BACKUP_GCC_AR
+++ '[' -n /nas/ucb/tutrinh/anaconda3/envs/ood/bin/x86_64-conda_cos6-linux-gnu-gcc-ar ']'
+++ eval export ''\''GCC_AR=/nas/ucb/tutrinh/anaconda3/envs/ood/bin/x86_64-conda_cos6-linux-gnu-gcc-ar'\'''
++++ export GCC_AR=/nas/ucb/tutrinh/anaconda3/envs/ood/bin/x86_64-conda_cos6-linux-gnu-gcc-ar
++++ GCC_AR=/nas/ucb/tutrinh/anaconda3/envs/ood/bin/x86_64-conda_cos6-linux-gnu-gcc-ar
+++ for thing in $tc_nature,$tc_machine "$@"
+++ case "${thing}" in
++++ which /nas/ucb/tutrinh/anaconda3/envs/ood/bin/x86_64-conda_cos6-linux-gnu-gcc-nm
+++ newval=/nas/ucb/tutrinh/anaconda3/envs/ood/bin/x86_64-conda_cos6-linux-gnu-gcc-nm
+++ '[' -z /nas/ucb/tutrinh/anaconda3/envs/ood/bin/x86_64-conda_cos6-linux-gnu-gcc-nm -a apply = check ']'
+++ '[' apply = apply ']'
++++ echo gcc-nm
++++ tr a-z+- A-ZX_
+++ thing=GCC_NM
+++ eval 'oldval=$GCC_NM'
++++ oldval=
+++ '[' -n '' ']'
+++ eval unset '${to}${thing}'
++++ unset CONDA_BACKUP_GCC_NM
+++ '[' -n /nas/ucb/tutrinh/anaconda3/envs/ood/bin/x86_64-conda_cos6-linux-gnu-gcc-nm ']'
+++ eval export ''\''GCC_NM=/nas/ucb/tutrinh/anaconda3/envs/ood/bin/x86_64-conda_cos6-linux-gnu-gcc-nm'\'''
++++ export GCC_NM=/nas/ucb/tutrinh/anaconda3/envs/ood/bin/x86_64-conda_cos6-linux-gnu-gcc-nm
++++ GCC_NM=/nas/ucb/tutrinh/anaconda3/envs/ood/bin/x86_64-conda_cos6-linux-gnu-gcc-nm
+++ for thing in $tc_nature,$tc_machine "$@"
+++ case "${thing}" in
++++ which /nas/ucb/tutrinh/anaconda3/envs/ood/bin/x86_64-conda_cos6-linux-gnu-gcc-ranlib
+++ newval=/nas/ucb/tutrinh/anaconda3/envs/ood/bin/x86_64-conda_cos6-linux-gnu-gcc-ranlib
+++ '[' -z /nas/ucb/tutrinh/anaconda3/envs/ood/bin/x86_64-conda_cos6-linux-gnu-gcc-ranlib -a apply = check ']'
+++ '[' apply = apply ']'
++++ tr a-z+- A-ZX_
++++ echo gcc-ranlib
+++ thing=GCC_RANLIB
+++ eval 'oldval=$GCC_RANLIB'
++++ oldval=
+++ '[' -n '' ']'
+++ eval unset '${to}${thing}'
++++ unset CONDA_BACKUP_GCC_RANLIB
+++ '[' -n /nas/ucb/tutrinh/anaconda3/envs/ood/bin/x86_64-conda_cos6-linux-gnu-gcc-ranlib ']'
+++ eval export ''\''GCC_RANLIB=/nas/ucb/tutrinh/anaconda3/envs/ood/bin/x86_64-conda_cos6-linux-gnu-gcc-ranlib'\'''
++++ export GCC_RANLIB=/nas/ucb/tutrinh/anaconda3/envs/ood/bin/x86_64-conda_cos6-linux-gnu-gcc-ranlib
++++ GCC_RANLIB=/nas/ucb/tutrinh/anaconda3/envs/ood/bin/x86_64-conda_cos6-linux-gnu-gcc-ranlib
+++ for thing in $tc_nature,$tc_machine "$@"
+++ case "${thing}" in
++++ sed 's,^[^\,]*\,\(.*\),\1,'
++++ echo 'CPPFLAGS,-D_FORTIFY_SOURCE=2 -O2'
+++ newval='-D_FORTIFY_SOURCE=2 -O2'
++++ echo 'CPPFLAGS,-D_FORTIFY_SOURCE=2 -O2'
++++ sed 's,^\([^\,]*\)\,.*,\1,'
+++ thing=CPPFLAGS
+++ '[' apply = apply ']'
++++ tr a-z+- A-ZX_
++++ echo CPPFLAGS
+++ thing=CPPFLAGS
+++ eval 'oldval=$CPPFLAGS'
++++ oldval=
+++ '[' -n '' ']'
+++ eval unset '${to}${thing}'
++++ unset CONDA_BACKUP_CPPFLAGS
+++ '[' -n '-D_FORTIFY_SOURCE=2 -O2' ']'
+++ eval export ''\''CPPFLAGS=-D_FORTIFY_SOURCE=2 -O2'\'''
++++ export 'CPPFLAGS=-D_FORTIFY_SOURCE=2 -O2'
++++ CPPFLAGS='-D_FORTIFY_SOURCE=2 -O2'
+++ for thing in $tc_nature,$tc_machine "$@"
+++ case "${thing}" in
++++ echo 'CFLAGS,-march=nocona -mtune=haswell -ftree-vectorize -fPIC -fstack-protector-strong -fno-plt -O2 -pipe'
++++ sed 's,^[^\,]*\,\(.*\),\1,'
+++ newval='-march=nocona -mtune=haswell -ftree-vectorize -fPIC -fstack-protector-strong -fno-plt -O2 -pipe'
++++ echo 'CFLAGS,-march=nocona -mtune=haswell -ftree-vectorize -fPIC -fstack-protector-strong -fno-plt -O2 -pipe'
++++ sed 's,^\([^\,]*\)\,.*,\1,'
+++ thing=CFLAGS
+++ '[' apply = apply ']'
++++ echo CFLAGS
++++ tr a-z+- A-ZX_
+++ thing=CFLAGS
+++ eval 'oldval=$CFLAGS'
++++ oldval=
+++ '[' -n '' ']'
+++ eval unset '${to}${thing}'
++++ unset CONDA_BACKUP_CFLAGS
+++ '[' -n '-march=nocona -mtune=haswell -ftree-vectorize -fPIC -fstack-protector-strong -fno-plt -O2 -pipe' ']'
+++ eval export ''\''CFLAGS=-march=nocona -mtune=haswell -ftree-vectorize -fPIC -fstack-protector-strong -fno-plt -O2 -pipe'\'''
++++ export 'CFLAGS=-march=nocona -mtune=haswell -ftree-vectorize -fPIC -fstack-protector-strong -fno-plt -O2 -pipe'
++++ CFLAGS='-march=nocona -mtune=haswell -ftree-vectorize -fPIC -fstack-protector-strong -fno-plt -O2 -pipe'
+++ for thing in $tc_nature,$tc_machine "$@"
+++ case "${thing}" in
++++ echo LDFLAGS,-Wl,-O2,--sort-common,--as-needed,-z,relro,-z,now
++++ sed 's,^[^\,]*\,\(.*\),\1,'
+++ newval=-Wl,-O2,--sort-common,--as-needed,-z,relro,-z,now
++++ sed 's,^\([^\,]*\)\,.*,\1,'
++++ echo LDFLAGS,-Wl,-O2,--sort-common,--as-needed,-z,relro,-z,now
+++ thing=LDFLAGS
+++ '[' apply = apply ']'
++++ echo LDFLAGS
++++ tr a-z+- A-ZX_
+++ thing=LDFLAGS
+++ eval 'oldval=$LDFLAGS'
++++ oldval=
+++ '[' -n '' ']'
+++ eval unset '${to}${thing}'
++++ unset CONDA_BACKUP_LDFLAGS
+++ '[' -n -Wl,-O2,--sort-common,--as-needed,-z,relro,-z,now ']'
+++ eval export ''\''LDFLAGS=-Wl,-O2,--sort-common,--as-needed,-z,relro,-z,now'\'''
++++ export LDFLAGS=-Wl,-O2,--sort-common,--as-needed,-z,relro,-z,now
++++ LDFLAGS=-Wl,-O2,--sort-common,--as-needed,-z,relro,-z,now
+++ for thing in $tc_nature,$tc_machine "$@"
+++ case "${thing}" in
++++ sed 's,^[^\,]*\,\(.*\),\1,'
++++ echo 'DEBUG_CFLAGS,-march=nocona -mtune=haswell -ftree-vectorize -fPIC -fstack-protector-strong -fno-plt -O2 -pipe -Og -g -Wall -Wextra -fcheck=all -fbacktrace -fimplicit-none -fvar-tracking-assignments'
+++ newval='-march=nocona -mtune=haswell -ftree-vectorize -fPIC -fstack-protector-strong -fno-plt -O2 -pipe -Og -g -Wall -Wextra -fcheck=all -fbacktrace -fimplicit-none -fvar-tracking-assignments'
++++ echo 'DEBUG_CFLAGS,-march=nocona -mtune=haswell -ftree-vectorize -fPIC -fstack-protector-strong -fno-plt -O2 -pipe -Og -g -Wall -Wextra -fcheck=all -fbacktrace -fimplicit-none -fvar-tracking-assignments'
++++ sed 's,^\([^\,]*\)\,.*,\1,'
+++ thing=DEBUG_CFLAGS
+++ '[' apply = apply ']'
++++ echo DEBUG_CFLAGS
++++ tr a-z+- A-ZX_
+++ thing=DEBUG_CFLAGS
+++ eval 'oldval=$DEBUG_CFLAGS'
++++ oldval=
+++ '[' -n '' ']'
+++ eval unset '${to}${thing}'
++++ unset CONDA_BACKUP_DEBUG_CFLAGS
+++ '[' -n '-march=nocona -mtune=haswell -ftree-vectorize -fPIC -fstack-protector-strong -fno-plt -O2 -pipe -Og -g -Wall -Wextra -fcheck=all -fbacktrace -fimplicit-none -fvar-tracking-assignments' ']'
+++ eval export ''\''DEBUG_CFLAGS=-march=nocona -mtune=haswell -ftree-vectorize -fPIC -fstack-protector-strong -fno-plt -O2 -pipe -Og -g -Wall -Wextra -fcheck=all -fbacktrace -fimplicit-none -fvar-tracking-assignments'\'''
++++ export 'DEBUG_CFLAGS=-march=nocona -mtune=haswell -ftree-vectorize -fPIC -fstack-protector-strong -fno-plt -O2 -pipe -Og -g -Wall -Wextra -fcheck=all -fbacktrace -fimplicit-none -fvar-tracking-assignments'
++++ DEBUG_CFLAGS='-march=nocona -mtune=haswell -ftree-vectorize -fPIC -fstack-protector-strong -fno-plt -O2 -pipe -Og -g -Wall -Wextra -fcheck=all -fbacktrace -fimplicit-none -fvar-tracking-assignments'
+++ return 0
+++ '[' 0 -ne 0 ']'
+++ env
++++ _get_sourced_filename
++++ '[' -n /nas/ucb/tutrinh/anaconda3/envs/ood/etc/conda/activate.d/activate-gcc_linux-64.sh ']'
++++ basename /nas/ucb/tutrinh/anaconda3/envs/ood/etc/conda/activate.d/activate-gcc_linux-64.sh
+++ echo 'INFO: activate-gcc_linux-64.sh made the following environmental changes:'
INFO: activate-gcc_linux-64.sh made the following environmental changes:
+++ tail -n +4
+++ grep -v CONDA_BACKUP_
+++ grep '^-.*\|^+.*'
+++ diff -U 0 -rN /tmp/old-env-2132159.txt /tmp/new-env-2132159.txt
+++ sort
+CC=/nas/ucb/tutrinh/anaconda3/envs/ood/bin/x86_64-conda_cos6-linux-gnu-cc
+CFLAGS=-march=nocona -mtune=haswell -ftree-vectorize -fPIC -fstack-protector-strong -fno-plt -O2 -pipe
+CPPFLAGS=-D_FORTIFY_SOURCE=2 -O2
+CPP=/nas/ucb/tutrinh/anaconda3/envs/ood/bin/x86_64-conda_cos6-linux-gnu-cpp
+DEBUG_CFLAGS=-march=nocona -mtune=haswell -ftree-vectorize -fPIC -fstack-protector-strong -fno-plt -O2 -pipe -Og -g -Wall -Wextra -fcheck=all -fbacktrace -fimplicit-none -fvar-tracking-assignments
+GCC_AR=/nas/ucb/tutrinh/anaconda3/envs/ood/bin/x86_64-conda_cos6-linux-gnu-gcc-ar
+GCC=/nas/ucb/tutrinh/anaconda3/envs/ood/bin/x86_64-conda_cos6-linux-gnu-gcc
+GCC_NM=/nas/ucb/tutrinh/anaconda3/envs/ood/bin/x86_64-conda_cos6-linux-gnu-gcc-nm
+GCC_RANLIB=/nas/ucb/tutrinh/anaconda3/envs/ood/bin/x86_64-conda_cos6-linux-gnu-gcc-ranlib
+LDFLAGS=-Wl,-O2,--sort-common,--as-needed,-z,relro,-z,now
++ . /nas/ucb/tutrinh/anaconda3/envs/ood/etc/conda/activate.d/glib_activate.sh
+++ export GSETTINGS_SCHEMA_DIR_CONDA_BACKUP=
+++ GSETTINGS_SCHEMA_DIR_CONDA_BACKUP=
+++ export GSETTINGS_SCHEMA_DIR=/nas/ucb/tutrinh/anaconda3/envs/ood/share/glib-2.0/schemas
+++ GSETTINGS_SCHEMA_DIR=/nas/ucb/tutrinh/anaconda3/envs/ood/share/glib-2.0/schemas
+ __conda_hashr
+ '[' -n '' ']'
+ '[' -n '' ']'
+ hash -r
+ wandb login 4a6017fc91542ffdb82ee3d6213e9cf0c11fd892
wandb: Appending key for api.wandb.ai to your netrc file: /home/tutrinh/.netrc
+ export CUDA_LAUNCH_BLOCKING=1
+ CUDA_LAUNCH_BLOCKING=1
+ cd /nas/ucb/tutrinh/train-procgen-pytorch
+ export PYTHONPATH=:/nas/ucb/tutrinh/train-procgen-pytorch
+ PYTHONPATH=:/nas/ucb/tutrinh/train-procgen-pytorch
+ python3 train.py --env_name coinrun --exp_name save_obs_throughout --num_levels 100000 --distribution_mode hard --param_name hard-500 --num_timesteps 200000000 --save_timesteps 390625 781250 1562500 3125000 6250000 10000000 12500000 20000000 25000000 30000000 40000000 50000000 60000000 70000000 80000000 90000000 100000000 110000000 120000000 130000000 140000000 150000000 160000000 170000000 180000000 190000000 200000000 --seed 8888 --use_wandb --save_observations
SAVING AT TIMESTEPS: [390625, 781250, 1562500, 3125000, 6250000, 10000000, 12500000, 20000000, 25000000, 30000000, 40000000, 50000000, 60000000, 70000000, 80000000, 90000000, 100000000, 110000000, 120000000, 130000000, 140000000, 150000000, 160000000, 170000000, 180000000, 190000000, 200000000]
[LOADING HYPERPARAMETERS...]
algo : ppo
n_envs : 256
n_steps : 256
epoch : 3
mini_batch_per_epoch : 8
mini_batch_size : 8192
gamma : 0.999
lmbda : 0.95
learning_rate : 0.0005
grad_clip_norm : 0.5
eps_clip : 0.2
value_coef : 0.5
entropy_coef : 0.01
normalize_adv : True
normalize_rew : False
use_gae : True
architecture : impala
recurrent : False
INITIALIZAING ENVIRONMENTS...
building procgen...wandb: Currently logged in as: tu-trinh. Use `wandb login --relogin` to force relogin
wandb: wandb version 0.17.5 is available!  To upgrade, please run:
wandb:  $ pip install wandb --upgrade
wandb: Tracking run with wandb version 0.17.0
wandb: Run data is saved locally in /nas/ucb/tutrinh/train-procgen-pytorch/wandb/run-20240720_035435-vrm5r5cl
wandb: Run `wandb offline` to turn off syncing.
wandb: Syncing run neat-waterfall-32
wandb: ⭐️ View project at https://wandb.ai/tu-trinh/chai-internship
wandb: 🚀 View run at https://wandb.ai/tu-trinh/chai-internship/runs/vrm5r5cl
done
INITIALIZING LOGGER...
Logging to /nas/ucb/tutrinh/train-procgen-pytorch/logs/train/coinrun/save_obs_throughout/2024-07-20__03-54-34__seed_8888
INTIALIZING MODEL...
Using normal action space
INITIALIZING STORAGE...
INTIALIZING AGENT...
START TRAINING...
timesteps                   65536.000000
wall_time                     416.627526
num_episodes                   56.000000
max_episode_rewards            10.000000
mean_episode_rewards            3.250000
min_episode_rewards             0.000000
max_episode_len               254.000000
mean_episode_len              162.650000
min_episode_len                 0.000000
mean_timeouts                   0.000000
val_max_episode_rewards        10.000000
val_mean_episode_rewards        6.500000
val_min_episode_rewards         0.000000
val_max_episode_len           104.000000
val_mean_episode_len           54.650000
val_min_episode_len             0.000000
val_mean_timeouts               0.000000
Name: 0, dtype: float64
timesteps                   131072.000000
wall_time                      819.852661
num_episodes                   139.000000
max_episode_rewards             10.000000
mean_episode_rewards             3.000000
min_episode_rewards              0.000000
max_episode_len                508.000000
mean_episode_len               315.850000
min_episode_len                  0.000000
mean_timeouts                    0.000000
val_max_episode_rewards         10.000000
val_mean_episode_rewards         5.500000
val_min_episode_rewards          0.000000
val_max_episode_len            323.000000
val_mean_episode_len           130.775000
val_min_episode_len              0.000000
val_mean_timeouts                0.025000
Name: 1, dtype: float64
timesteps                   196608.000000
wall_time                     1222.213584
num_episodes                   283.000000
max_episode_rewards             10.000000
mean_episode_rewards             4.500000
min_episode_rewards              0.000000
max_episode_len                764.000000
mean_episode_len               432.400000
min_episode_len                  0.000000
mean_timeouts                    0.000000
val_max_episode_rewards         10.000000
val_mean_episode_rewards         6.000000
val_min_episode_rewards          0.000000
val_max_episode_len            562.000000
val_mean_episode_len           150.175000
val_min_episode_len              0.000000
val_mean_timeouts                0.000000
Name: 2, dtype: float64
timesteps                   262144.00000
wall_time                     1620.79469
num_episodes                   525.00000
max_episode_rewards             10.00000
mean_episode_rewards             3.75000
min_episode_rewards              0.00000
max_episode_len               1000.00000
mean_episode_len               474.50000
min_episode_len                  0.00000
mean_timeouts                    0.02500
val_max_episode_rewards         10.00000
val_mean_episode_rewards         3.25000
val_min_episode_rewards          0.00000
val_max_episode_len           1000.00000
val_mean_episode_len           628.92500
val_min_episode_len              0.00000
val_mean_timeouts                0.00000
Name: 3, dtype: float64
timesteps                   327680.00000
wall_time                     2004.55205
num_episodes                   865.00000
max_episode_rewards             10.00000
mean_episode_rewards             3.75000
min_episode_rewards              0.00000
max_episode_len               1000.00000
mean_episode_len               229.10000
min_episode_len                  0.00000
mean_timeouts                    0.00000
val_max_episode_rewards         10.00000
val_mean_episode_rewards         5.00000
val_min_episode_rewards          0.00000
val_max_episode_len           1000.00000
val_mean_episode_len           184.30000
val_min_episode_len              0.00000
val_mean_timeouts                0.00000
Name: 4, dtype: float64
timesteps                   393216.000000
wall_time                     2385.756354
num_episodes                  1288.000000
max_episode_rewards             10.000000
mean_episode_rewards             5.000000
min_episode_rewards              0.000000
max_episode_len                632.000000
mean_episode_len               183.525000
min_episode_len                  0.000000
mean_timeouts                    0.000000
val_max_episode_rewards         10.000000
val_mean_episode_rewards         6.000000
val_min_episode_rewards          0.000000
val_max_episode_len           1000.000000
val_mean_episode_len           185.200000
val_min_episode_len              0.000000
val_mean_timeouts                0.000000
Name: 5, dtype: float64
Saving model at timestep 393217
timesteps                   458752.000000
wall_time                     2758.487933
num_episodes                  1793.000000
max_episode_rewards             10.000000
mean_episode_rewards             4.750000
min_episode_rewards              0.000000
max_episode_len                386.000000
mean_episode_len               136.375000
min_episode_len                  0.000000
mean_timeouts                    0.000000
val_max_episode_rewards         10.000000
val_mean_episode_rewards         4.000000
val_min_episode_rewards          0.000000
val_max_episode_len           1000.000000
val_mean_episode_len           211.000000
val_min_episode_len              0.000000
val_mean_timeouts                0.025000
Name: 6, dtype: float64
timesteps                   524288.000000
wall_time                     3134.726724
num_episodes                  2414.000000
max_episode_rewards             10.000000
mean_episode_rewards             6.000000
min_episode_rewards              0.000000
max_episode_len                696.000000
mean_episode_len               119.625000
min_episode_len                  0.000000
mean_timeouts                    0.000000
val_max_episode_rewards         10.000000
val_mean_episode_rewards         3.250000
val_min_episode_rewards          0.000000
val_max_episode_len           1000.000000
val_mean_episode_len           578.250000
val_min_episode_len              0.000000
val_mean_timeouts                0.000000
Name: 7, dtype: float64
timesteps                   589824.000000
wall_time                     3514.070997
num_episodes                  3122.000000
max_episode_rewards             10.000000
mean_episode_rewards             6.500000
min_episode_rewards              0.000000
max_episode_len                245.000000
mean_episode_len                88.550000
min_episode_len                  0.000000
mean_timeouts                    0.000000
val_max_episode_rewards         10.000000
val_mean_episode_rewards         5.500000
val_min_episode_rewards          0.000000
val_max_episode_len           1000.000000
val_mean_episode_len           189.175000
val_min_episode_len              0.000000
val_mean_timeouts                0.000000
Name: 8, dtype: float64
timesteps                   655360.000000
wall_time                     3897.819484
num_episodes                  3849.000000
max_episode_rewards             10.000000
mean_episode_rewards             4.750000
min_episode_rewards              0.000000
max_episode_len                242.000000
mean_episode_len                91.025000
min_episode_len                  0.000000
mean_timeouts                    0.000000
val_max_episode_rewards         10.000000
val_mean_episode_rewards         4.750000
val_min_episode_rewards          0.000000
val_max_episode_len           1000.000000
val_mean_episode_len           293.775000
val_min_episode_len              0.000000
val_mean_timeouts                0.000000
Name: 9, dtype: float64
timesteps                   720896.000000
wall_time                     4277.390235
num_episodes                  4629.000000
max_episode_rewards             10.000000
mean_episode_rewards             5.500000
min_episode_rewards              0.000000
max_episode_len                175.000000
mean_episode_len                80.925000
min_episode_len                  0.000000
mean_timeouts                    0.000000
val_max_episode_rewards         10.000000
val_mean_episode_rewards         5.000000
val_min_episode_rewards          0.000000
val_max_episode_len           1000.000000
val_mean_episode_len           265.700000
val_min_episode_len              0.000000
val_mean_timeouts                0.000000
Name: 10, dtype: float64
timesteps                   786432.000000
wall_time                     4648.518383
num_episodes                  5521.000000
max_episode_rewards             10.000000
mean_episode_rewards             4.750000
min_episode_rewards              0.000000
max_episode_len                399.000000
mean_episode_len                73.525000
min_episode_len                  0.000000
mean_timeouts                    0.025000
val_max_episode_rewards         10.000000
val_mean_episode_rewards         4.000000
val_min_episode_rewards          0.000000
val_max_episode_len           1000.000000
val_mean_episode_len           380.275000
val_min_episode_len              0.000000
val_mean_timeouts                0.000000
Name: 11, dtype: float64
Saving model at timestep 786433
timesteps                   851968.000000
wall_time                     5028.747448
num_episodes                  6389.000000
max_episode_rewards             10.000000
mean_episode_rewards             5.000000
min_episode_rewards              0.000000
max_episode_len                139.000000
mean_episode_len                63.675000
min_episode_len                  0.000000
mean_timeouts                    0.000000
val_max_episode_rewards         10.000000
val_mean_episode_rewards         4.250000
val_min_episode_rewards          0.000000
val_max_episode_len           1000.000000
val_mean_episode_len           329.050000
val_min_episode_len              0.000000
val_mean_timeouts                0.000000
Name: 12, dtype: float64
timesteps                   917504.000000
wall_time                     5408.156324
num_episodes                  7310.000000
max_episode_rewards             10.000000
mean_episode_rewards             6.250000
min_episode_rewards              0.000000
max_episode_len                187.000000
mean_episode_len                71.375000
min_episode_len                  0.000000
mean_timeouts                    0.000000
val_max_episode_rewards         10.000000
val_mean_episode_rewards         5.000000
val_min_episode_rewards          0.000000
val_max_episode_len           1000.000000
val_mean_episode_len           244.575000
val_min_episode_len              0.000000
val_mean_timeouts                0.050000
Name: 13, dtype: float64
timesteps                   983040.000000
wall_time                     5782.329837
num_episodes                  8214.000000
max_episode_rewards             10.000000
mean_episode_rewards             7.250000
min_episode_rewards              0.000000
max_episode_len                239.000000
mean_episode_len                77.950000
min_episode_len                  0.000000
mean_timeouts                    0.000000
val_max_episode_rewards         10.000000
val_mean_episode_rewards         4.750000
val_min_episode_rewards          0.000000
val_max_episode_len           1000.000000
val_mean_episode_len           157.625000
val_min_episode_len              0.000000
val_mean_timeouts                0.000000
Name: 14, dtype: float64
timesteps                   1.048576e+06
wall_time                   6.180012e+03
num_episodes                9.148000e+03
max_episode_rewards         1.000000e+01
mean_episode_rewards        4.750000e+00
min_episode_rewards         0.000000e+00
max_episode_len             1.820000e+02
mean_episode_len            7.295000e+01
min_episode_len             0.000000e+00
mean_timeouts               0.000000e+00
val_max_episode_rewards     1.000000e+01
val_mean_episode_rewards    4.500000e+00
val_min_episode_rewards     0.000000e+00
val_max_episode_len         1.000000e+03
val_mean_episode_len        3.351500e+02
val_min_episode_len         0.000000e+00
val_mean_timeouts           0.000000e+00
Name: 15, dtype: float64
timesteps                   1.114112e+06
wall_time                   6.564423e+03
num_episodes                1.012000e+04
max_episode_rewards         1.000000e+01
mean_episode_rewards        5.500000e+00
min_episode_rewards         0.000000e+00
max_episode_len             1.760000e+02
mean_episode_len            6.465000e+01
min_episode_len             0.000000e+00
mean_timeouts               0.000000e+00
val_max_episode_rewards     1.000000e+01
val_mean_episode_rewards    4.250000e+00
val_min_episode_rewards     0.000000e+00
val_max_episode_len         1.000000e+03
val_mean_episode_len        2.835500e+02
val_min_episode_len         0.000000e+00
val_mean_timeouts           0.000000e+00
Name: 16, dtype: float64
timesteps                   1.179648e+06
wall_time                   6.940377e+03
num_episodes                1.115300e+04
max_episode_rewards         1.000000e+01
mean_episode_rewards        6.000000e+00
min_episode_rewards         0.000000e+00
max_episode_len             2.740000e+02
mean_episode_len            7.007500e+01
min_episode_len             0.000000e+00
mean_timeouts               0.000000e+00
val_max_episode_rewards     1.000000e+01
val_mean_episode_rewards    6.000000e+00
val_min_episode_rewards     0.000000e+00
val_max_episode_len         1.000000e+03
val_mean_episode_len        2.217000e+02
val_min_episode_len         0.000000e+00
val_mean_timeouts           2.500000e-02
Name: 17, dtype: float64
timesteps                   1.245184e+06
wall_time                   7.318012e+03
num_episodes                1.221200e+04
max_episode_rewards         1.000000e+01
mean_episode_rewards        4.750000e+00
min_episode_rewards         0.000000e+00
max_episode_len             1.300000e+02
mean_episode_len            5.982500e+01
min_episode_len             0.000000e+00
mean_timeouts               0.000000e+00
val_max_episode_rewards     1.000000e+01
val_mean_episode_rewards    4.000000e+00
val_min_episode_rewards     0.000000e+00
val_max_episode_len         1.000000e+03
val_mean_episode_len        2.447000e+02
val_min_episode_len         0.000000e+00
val_mean_timeouts           0.000000e+00
Name: 18, dtype: float64
timesteps                   1.310720e+06
wall_time                   7.689678e+03
num_episodes                1.332400e+04
max_episode_rewards         1.000000e+01
mean_episode_rewards        4.750000e+00
min_episode_rewards         0.000000e+00
max_episode_len             1.560000e+02
mean_episode_len            5.570000e+01
min_episode_len             0.000000e+00
mean_timeouts               0.000000e+00
val_max_episode_rewards     1.000000e+01
val_mean_episode_rewards    4.250000e+00
val_min_episode_rewards     0.000000e+00
val_max_episode_len         1.000000e+03
val_mean_episode_len        2.556250e+02
val_min_episode_len         0.000000e+00
val_mean_timeouts           0.000000e+00
Name: 19, dtype: float64
timesteps                   1.376256e+06
wall_time                   8.073442e+03
num_episodes                1.437900e+04
max_episode_rewards         1.000000e+01
mean_episode_rewards        4.750000e+00
min_episode_rewards         0.000000e+00
max_episode_len             1.190000e+02
mean_episode_len            5.612500e+01
min_episode_len             0.000000e+00
mean_timeouts               0.000000e+00
val_max_episode_rewards     1.000000e+01
val_mean_episode_rewards    5.750000e+00
val_min_episode_rewards     0.000000e+00
val_max_episode_len         1.000000e+03
val_mean_episode_len        2.797750e+02
val_min_episode_len         0.000000e+00
val_mean_timeouts           0.000000e+00
Name: 20, dtype: float64
timesteps                   1.441792e+06
wall_time                   8.441525e+03
num_episodes                1.543800e+04
max_episode_rewards         1.000000e+01
mean_episode_rewards        4.250000e+00
min_episode_rewards         0.000000e+00
max_episode_len             1.700000e+02
mean_episode_len            5.460000e+01
min_episode_len             0.000000e+00
mean_timeouts               0.000000e+00
val_max_episode_rewards     1.000000e+01
val_mean_episode_rewards    5.500000e+00
val_min_episode_rewards     0.000000e+00
val_max_episode_len         1.000000e+03
val_mean_episode_len        2.086250e+02
val_min_episode_len         0.000000e+00
val_mean_timeouts           0.000000e+00
Name: 21, dtype: float64
timesteps                   1.507328e+06
wall_time                   8.815528e+03
num_episodes                1.654700e+04
max_episode_rewards         1.000000e+01
mean_episode_rewards        5.750000e+00
min_episode_rewards         0.000000e+00
max_episode_len             2.170000e+02
mean_episode_len            6.317500e+01
min_episode_len             0.000000e+00
mean_timeouts               0.000000e+00
val_max_episode_rewards     1.000000e+01
val_mean_episode_rewards    6.750000e+00
val_min_episode_rewards     0.000000e+00
val_max_episode_len         1.000000e+03
val_mean_episode_len        1.776000e+02
val_min_episode_len         0.000000e+00
val_mean_timeouts           2.500000e-02
Name: 22, dtype: float64
timesteps                   1.572864e+06
wall_time                   9.187209e+03
num_episodes                1.772900e+04
max_episode_rewards         1.000000e+01
mean_episode_rewards        5.250000e+00
min_episode_rewards         0.000000e+00
max_episode_len             2.230000e+02
mean_episode_len            6.140000e+01
min_episode_len             0.000000e+00
mean_timeouts               0.000000e+00
val_max_episode_rewards     1.000000e+01
val_mean_episode_rewards    6.000000e+00
val_min_episode_rewards     0.000000e+00
val_max_episode_len         1.000000e+03
val_mean_episode_len        2.929250e+02
val_min_episode_len         0.000000e+00
val_mean_timeouts           0.000000e+00
Name: 23, dtype: float64
Saving model at timestep 1572865
timesteps                   1.638400e+06
wall_time                   9.559844e+03
num_episodes                1.889200e+04
max_episode_rewards         1.000000e+01
mean_episode_rewards        5.750000e+00
min_episode_rewards         0.000000e+00
max_episode_len             1.440000e+02
mean_episode_len            5.525000e+01
min_episode_len             0.000000e+00
mean_timeouts               0.000000e+00
val_max_episode_rewards     1.000000e+01
val_mean_episode_rewards    5.750000e+00
val_min_episode_rewards     0.000000e+00
val_max_episode_len         1.000000e+03
val_mean_episode_len        2.513500e+02
val_min_episode_len         0.000000e+00
val_mean_timeouts           0.000000e+00
Name: 24, dtype: float64
timesteps                   1.703936e+06
wall_time                   9.932786e+03
num_episodes                2.002100e+04
max_episode_rewards         1.000000e+01
mean_episode_rewards        5.500000e+00
min_episode_rewards         0.000000e+00
max_episode_len             1.670000e+02
mean_episode_len            5.225000e+01
min_episode_len             0.000000e+00
mean_timeouts               0.000000e+00
val_max_episode_rewards     1.000000e+01
val_mean_episode_rewards    6.750000e+00
val_min_episode_rewards     0.000000e+00
val_max_episode_len         1.000000e+03
val_mean_episode_len        1.442750e+02
val_min_episode_len         0.000000e+00
val_mean_timeouts           0.000000e+00
Name: 25, dtype: float64
timesteps                   1.769472e+06
wall_time                   1.030486e+04
num_episodes                2.115000e+04
max_episode_rewards         1.000000e+01
mean_episode_rewards        5.250000e+00
min_episode_rewards         0.000000e+00
max_episode_len             2.360000e+02
mean_episode_len            5.760000e+01
min_episode_len             0.000000e+00
mean_timeouts               0.000000e+00
val_max_episode_rewards     1.000000e+01
val_mean_episode_rewards    5.250000e+00
val_min_episode_rewards     0.000000e+00
val_max_episode_len         1.000000e+03
val_mean_episode_len        2.078250e+02
val_min_episode_len         0.000000e+00
val_mean_timeouts           0.000000e+00
Name: 26, dtype: float64
timesteps                   1.835008e+06
wall_time                   1.069365e+04
num_episodes                2.230400e+04
max_episode_rewards         1.000000e+01
mean_episode_rewards        4.250000e+00
min_episode_rewards         0.000000e+00
max_episode_len             1.200000e+02
mean_episode_len            5.122500e+01
min_episode_len             0.000000e+00
mean_timeouts               0.000000e+00
val_max_episode_rewards     1.000000e+01
val_mean_episode_rewards    6.500000e+00
val_min_episode_rewards     0.000000e+00
val_max_episode_len         1.000000e+03
val_mean_episode_len        2.931250e+02
val_min_episode_len         0.000000e+00
val_mean_timeouts           0.000000e+00
Name: 27, dtype: float64
timesteps                   1.900544e+06
wall_time                   1.106536e+04
num_episodes                2.349000e+04
max_episode_rewards         1.000000e+01
mean_episode_rewards        6.250000e+00
min_episode_rewards         0.000000e+00
max_episode_len             1.200000e+02
mean_episode_len            5.477500e+01
min_episode_len             0.000000e+00
mean_timeouts               0.000000e+00
val_max_episode_rewards     1.000000e+01
val_mean_episode_rewards    6.000000e+00
val_min_episode_rewards     0.000000e+00
val_max_episode_len         1.000000e+03
val_mean_episode_len        2.889000e+02
val_min_episode_len         0.000000e+00
val_mean_timeouts           0.000000e+00
Name: 28, dtype: float64
timesteps                   1.966080e+06
wall_time                   1.143326e+04
num_episodes                2.465800e+04
max_episode_rewards         1.000000e+01
mean_episode_rewards        4.750000e+00
min_episode_rewards         0.000000e+00
max_episode_len             1.790000e+02
mean_episode_len            5.662500e+01
min_episode_len             0.000000e+00
mean_timeouts               0.000000e+00
val_max_episode_rewards     1.000000e+01
val_mean_episode_rewards    4.250000e+00
val_min_episode_rewards     0.000000e+00
val_max_episode_len         1.000000e+03
val_mean_episode_len        3.499000e+02
val_min_episode_len         0.000000e+00
val_mean_timeouts           0.000000e+00
Name: 29, dtype: float64
timesteps                   2.031616e+06
wall_time                   1.181081e+04
num_episodes                2.582000e+04
max_episode_rewards         1.000000e+01
mean_episode_rewards        5.500000e+00
min_episode_rewards         0.000000e+00
max_episode_len             1.940000e+02
mean_episode_len            6.142500e+01
min_episode_len             0.000000e+00
mean_timeouts               0.000000e+00
val_max_episode_rewards     1.000000e+01
val_mean_episode_rewards    4.750000e+00
val_min_episode_rewards     0.000000e+00
val_max_episode_len         1.000000e+03
val_mean_episode_len        2.969000e+02
val_min_episode_len         0.000000e+00
val_mean_timeouts           0.000000e+00
Name: 30, dtype: float64
timesteps                   2.097152e+06
wall_time                   1.218495e+04
num_episodes                2.702000e+04
max_episode_rewards         1.000000e+01
mean_episode_rewards        5.500000e+00
min_episode_rewards         0.000000e+00
max_episode_len             1.350000e+02
mean_episode_len            4.972500e+01
min_episode_len             0.000000e+00
mean_timeouts               0.000000e+00
val_max_episode_rewards     1.000000e+01
val_mean_episode_rewards    5.750000e+00
val_min_episode_rewards     0.000000e+00
val_max_episode_len         1.000000e+03
val_mean_episode_len        2.592000e+02
val_min_episode_len         0.000000e+00
val_mean_timeouts           0.000000e+00
Name: 31, dtype: float64
timesteps                   2.162688e+06
wall_time                   1.256839e+04
num_episodes                2.820800e+04
max_episode_rewards         1.000000e+01
mean_episode_rewards        4.750000e+00
min_episode_rewards         0.000000e+00
max_episode_len             1.980000e+02
mean_episode_len            5.935000e+01
min_episode_len             0.000000e+00
mean_timeouts               0.000000e+00
val_max_episode_rewards     1.000000e+01
val_mean_episode_rewards    5.750000e+00
val_min_episode_rewards     0.000000e+00
val_max_episode_len         1.000000e+03
val_mean_episode_len        1.812750e+02
val_min_episode_len         0.000000e+00
val_mean_timeouts           0.000000e+00
Name: 32, dtype: float64
timesteps                   2.228224e+06
wall_time                   1.294282e+04
num_episodes                2.936600e+04
max_episode_rewards         1.000000e+01
mean_episode_rewards        5.500000e+00
min_episode_rewards         0.000000e+00
max_episode_len             1.240000e+02
mean_episode_len            5.255000e+01
min_episode_len             0.000000e+00
mean_timeouts               2.500000e-02
val_max_episode_rewards     1.000000e+01
val_mean_episode_rewards    6.250000e+00
val_min_episode_rewards     0.000000e+00
val_max_episode_len         1.000000e+03
val_mean_episode_len        1.972250e+02
val_min_episode_len         0.000000e+00
val_mean_timeouts           2.500000e-02
Name: 33, dtype: float64
timesteps                   2.293760e+06
wall_time                   1.332036e+04
num_episodes                3.055400e+04
max_episode_rewards         1.000000e+01
mean_episode_rewards        7.000000e+00
min_episode_rewards         0.000000e+00
max_episode_len             1.560000e+02
mean_episode_len            5.702500e+01
min_episode_len             0.000000e+00
mean_timeouts               0.000000e+00
val_max_episode_rewards     1.000000e+01
val_mean_episode_rewards    4.250000e+00
val_min_episode_rewards     0.000000e+00
val_max_episode_len         1.000000e+03
val_mean_episode_len        1.577500e+02
val_min_episode_len         0.000000e+00
val_mean_timeouts           0.000000e+00
Name: 34, dtype: float64
timesteps                   2.359296e+06
wall_time                   1.369783e+04
num_episodes                3.175000e+04
max_episode_rewards         1.000000e+01
mean_episode_rewards        5.000000e+00
min_episode_rewards         0.000000e+00
max_episode_len             1.480000e+02
mean_episode_len            5.987500e+01
min_episode_len             0.000000e+00
mean_timeouts               0.000000e+00
val_max_episode_rewards     1.000000e+01
val_mean_episode_rewards    5.500000e+00
val_min_episode_rewards     0.000000e+00
val_max_episode_len         1.000000e+03
val_mean_episode_len        1.864000e+02
val_min_episode_len         0.000000e+00
val_mean_timeouts           0.000000e+00
Name: 35, dtype: float64
timesteps                   2.424832e+06
wall_time                   1.406544e+04
num_episodes                3.293200e+04
max_episode_rewards         1.000000e+01
mean_episode_rewards        6.250000e+00
min_episode_rewards         0.000000e+00
max_episode_len             1.900000e+02
mean_episode_len            5.432500e+01
min_episode_len             0.000000e+00
mean_timeouts               0.000000e+00
val_max_episode_rewards     1.000000e+01
val_mean_episode_rewards    5.500000e+00
val_min_episode_rewards     0.000000e+00
val_max_episode_len         1.000000e+03
val_mean_episode_len        1.901750e+02
val_min_episode_len         0.000000e+00
val_mean_timeouts           0.000000e+00
Name: 36, dtype: float64
timesteps                   2.490368e+06
wall_time                   1.443104e+04
num_episodes                3.417900e+04
max_episode_rewards         1.000000e+01
mean_episode_rewards        5.500000e+00
min_episode_rewards         0.000000e+00
max_episode_len             1.370000e+02
mean_episode_len            6.225000e+01
min_episode_len             0.000000e+00
mean_timeouts               0.000000e+00
val_max_episode_rewards     1.000000e+01
val_mean_episode_rewards    5.750000e+00
val_min_episode_rewards     0.000000e+00
val_max_episode_len         1.000000e+03
val_mean_episode_len        1.762500e+02
val_min_episode_len         0.000000e+00
val_mean_timeouts           0.000000e+00
Name: 37, dtype: float64
timesteps                   2.555904e+06
wall_time                   1.480217e+04
num_episodes                3.538700e+04
max_episode_rewards         1.000000e+01
mean_episode_rewards        5.000000e+00
min_episode_rewards         0.000000e+00
max_episode_len             1.210000e+02
mean_episode_len            4.820000e+01
min_episode_len             0.000000e+00
mean_timeouts               0.000000e+00
val_max_episode_rewards     1.000000e+01
val_mean_episode_rewards    5.500000e+00
val_min_episode_rewards     0.000000e+00
val_max_episode_len         1.000000e+03
val_mean_episode_len        1.924000e+02
val_min_episode_len         0.000000e+00
val_mean_timeouts           2.500000e-02
Name: 38, dtype: float64
timesteps                   2.621440e+06
wall_time                   1.518649e+04
num_episodes                3.655100e+04
max_episode_rewards         1.000000e+01
mean_episode_rewards        5.500000e+00
min_episode_rewards         0.000000e+00
max_episode_len             2.220000e+02
mean_episode_len            6.305000e+01
min_episode_len             0.000000e+00
mean_timeouts               0.000000e+00
val_max_episode_rewards     1.000000e+01
val_mean_episode_rewards    6.250000e+00
val_min_episode_rewards     0.000000e+00
val_max_episode_len         1.000000e+03
val_mean_episode_len        1.651750e+02
val_min_episode_len         0.000000e+00
val_mean_timeouts           0.000000e+00
Name: 39, dtype: float64
timesteps                   2.686976e+06
wall_time                   1.556413e+04
num_episodes                3.775400e+04
max_episode_rewards         1.000000e+01
mean_episode_rewards        6.500000e+00
min_episode_rewards         0.000000e+00
max_episode_len             1.520000e+02
mean_episode_len            5.885000e+01
min_episode_len             0.000000e+00
mean_timeouts               0.000000e+00
val_max_episode_rewards     1.000000e+01
val_mean_episode_rewards    6.500000e+00
val_min_episode_rewards     0.000000e+00
val_max_episode_len         1.000000e+03
val_mean_episode_len        2.373750e+02
val_min_episode_len         0.000000e+00
val_mean_timeouts           0.000000e+00
Name: 40, dtype: float64
timesteps                   2.752512e+06
wall_time                   1.592808e+04
num_episodes                3.892200e+04
max_episode_rewards         1.000000e+01
mean_episode_rewards        6.500000e+00
min_episode_rewards         0.000000e+00
max_episode_len             1.270000e+02
mean_episode_len            4.927500e+01
min_episode_len             0.000000e+00
mean_timeouts               0.000000e+00
val_max_episode_rewards     1.000000e+01
val_mean_episode_rewards    4.750000e+00
val_min_episode_rewards     0.000000e+00
val_max_episode_len         1.000000e+03
val_mean_episode_len        2.329250e+02
val_min_episode_len         0.000000e+00
val_mean_timeouts           0.000000e+00
Name: 41, dtype: float64
timesteps                   2.818048e+06
wall_time                   1.629887e+04
num_episodes                4.013500e+04
max_episode_rewards         1.000000e+01
mean_episode_rewards        7.000000e+00
min_episode_rewards         0.000000e+00
max_episode_len             1.750000e+02
mean_episode_len            5.492500e+01
min_episode_len             0.000000e+00
mean_timeouts               0.000000e+00
val_max_episode_rewards     1.000000e+01
val_mean_episode_rewards    5.500000e+00
val_min_episode_rewards     0.000000e+00
val_max_episode_len         1.000000e+03
val_mean_episode_len        1.900000e+02
val_min_episode_len         0.000000e+00
val_mean_timeouts           0.000000e+00
Name: 42, dtype: float64
timesteps                   2.883584e+06
wall_time                   1.666828e+04
num_episodes                4.133200e+04
max_episode_rewards         1.000000e+01
mean_episode_rewards        4.750000e+00
min_episode_rewards         0.000000e+00
max_episode_len             1.410000e+02
mean_episode_len            4.682500e+01
min_episode_len             0.000000e+00
mean_timeouts               0.000000e+00
val_max_episode_rewards     1.000000e+01
val_mean_episode_rewards    5.500000e+00
val_min_episode_rewards     0.000000e+00
val_max_episode_len         1.000000e+03
val_mean_episode_len        2.155750e+02
val_min_episode_len         0.000000e+00
val_mean_timeouts           0.000000e+00
Name: 43, dtype: float64
timesteps                   2.949120e+06
wall_time                   1.703483e+04
num_episodes                4.250100e+04
max_episode_rewards         1.000000e+01
mean_episode_rewards        5.250000e+00
min_episode_rewards         0.000000e+00
max_episode_len             1.210000e+02
mean_episode_len            4.872500e+01
min_episode_len             0.000000e+00
mean_timeouts               0.000000e+00
val_max_episode_rewards     1.000000e+01
val_mean_episode_rewards    4.500000e+00
val_min_episode_rewards     0.000000e+00
val_max_episode_len         1.000000e+03
val_mean_episode_len        1.793500e+02
val_min_episode_len         0.000000e+00
val_mean_timeouts           2.500000e-02
Name: 44, dtype: float64
timesteps                   3.014656e+06
wall_time                   1.740683e+04
num_episodes                4.362600e+04
max_episode_rewards         1.000000e+01
mean_episode_rewards        5.250000e+00
min_episode_rewards         0.000000e+00
max_episode_len             1.720000e+02
mean_episode_len            6.172500e+01
min_episode_len             0.000000e+00
mean_timeouts               0.000000e+00
val_max_episode_rewards     1.000000e+01
val_mean_episode_rewards    5.000000e+00
val_min_episode_rewards     0.000000e+00
val_max_episode_len         1.000000e+03
val_mean_episode_len        1.638000e+02
val_min_episode_len         0.000000e+00
val_mean_timeouts           2.500000e-02
Name: 45, dtype: float64
timesteps                   3.080192e+06
wall_time                   1.778442e+04
num_episodes                4.476800e+04
max_episode_rewards         1.000000e+01
mean_episode_rewards        6.750000e+00
min_episode_rewards         0.000000e+00
max_episode_len             1.600000e+02
mean_episode_len            5.600000e+01
min_episode_len             0.000000e+00
mean_timeouts               2.500000e-02
val_max_episode_rewards     1.000000e+01
val_mean_episode_rewards    4.000000e+00
val_min_episode_rewards     0.000000e+00
val_max_episode_len         1.000000e+03
val_mean_episode_len        1.726750e+02
val_min_episode_len         0.000000e+00
val_mean_timeouts           0.000000e+00
Name: 46, dtype: float64
timesteps                   3.145728e+06
wall_time                   1.815419e+04
num_episodes                4.586900e+04
max_episode_rewards         1.000000e+01
mean_episode_rewards        4.750000e+00
min_episode_rewards         0.000000e+00
max_episode_len             1.710000e+02
mean_episode_len            6.850000e+01
min_episode_len             0.000000e+00
mean_timeouts               0.000000e+00
val_max_episode_rewards     1.000000e+01
val_mean_episode_rewards    5.750000e+00
val_min_episode_rewards     0.000000e+00
val_max_episode_len         1.000000e+03
val_mean_episode_len        1.793000e+02
val_min_episode_len         0.000000e+00
val_mean_timeouts           2.500000e-02
Name: 47, dtype: float64
Saving model at timestep 3145729
timesteps                   3.211264e+06
wall_time                   1.852507e+04
num_episodes                4.700300e+04
max_episode_rewards         1.000000e+01
mean_episode_rewards        4.500000e+00
min_episode_rewards         0.000000e+00
max_episode_len             1.490000e+02
mean_episode_len            5.417500e+01
min_episode_len             0.000000e+00
mean_timeouts               0.000000e+00
val_max_episode_rewards     1.000000e+01
val_mean_episode_rewards    5.500000e+00
val_min_episode_rewards     0.000000e+00
val_max_episode_len         1.000000e+03
val_mean_episode_len        2.117750e+02
val_min_episode_len         0.000000e+00
val_mean_timeouts           0.000000e+00
Name: 48, dtype: float64
timesteps                   3.276800e+06
wall_time                   1.888961e+04
num_episodes                4.809900e+04
max_episode_rewards         1.000000e+01
mean_episode_rewards        6.250000e+00
min_episode_rewards         0.000000e+00
max_episode_len             1.230000e+02
mean_episode_len            5.277500e+01
min_episode_len             0.000000e+00
mean_timeouts               0.000000e+00
val_max_episode_rewards     1.000000e+01
val_mean_episode_rewards    4.750000e+00
val_min_episode_rewards     0.000000e+00
val_max_episode_len         1.000000e+03
val_mean_episode_len        2.682500e+02
val_min_episode_len         0.000000e+00
val_mean_timeouts           0.000000e+00
Name: 49, dtype: float64
timesteps                   3.342336e+06
wall_time                   1.926553e+04
num_episodes                4.918600e+04
max_episode_rewards         1.000000e+01
mean_episode_rewards        6.000000e+00
min_episode_rewards         0.000000e+00
max_episode_len             1.910000e+02
mean_episode_len            7.045000e+01
min_episode_len             0.000000e+00
mean_timeouts               2.500000e-02
val_max_episode_rewards     1.000000e+01
val_mean_episode_rewards    4.750000e+00
val_min_episode_rewards     0.000000e+00
val_max_episode_len         1.000000e+03
val_mean_episode_len        2.555250e+02
val_min_episode_len         0.000000e+00
val_mean_timeouts           0.000000e+00
Name: 50, dtype: float64
timesteps                   3.407872e+06
wall_time                   1.964682e+04
num_episodes                5.029900e+04
max_episode_rewards         1.000000e+01
mean_episode_rewards        6.500000e+00
min_episode_rewards         0.000000e+00
max_episode_len             1.510000e+02
mean_episode_len            5.117500e+01
min_episode_len             0.000000e+00
mean_timeouts               0.000000e+00
val_max_episode_rewards     1.000000e+01
val_mean_episode_rewards    6.500000e+00
val_min_episode_rewards     0.000000e+00
val_max_episode_len         1.000000e+03
val_mean_episode_len        2.129500e+02
val_min_episode_len         0.000000e+00
val_mean_timeouts           0.000000e+00
Name: 51, dtype: float64
timesteps                   3.473408e+06
wall_time                   2.002146e+04
num_episodes                5.139600e+04
max_episode_rewards         1.000000e+01
mean_episode_rewards        4.500000e+00
min_episode_rewards         0.000000e+00
max_episode_len             2.100000e+02
mean_episode_len            6.940000e+01
min_episode_len             0.000000e+00
mean_timeouts               0.000000e+00
val_max_episode_rewards     1.000000e+01
val_mean_episode_rewards    5.500000e+00
val_min_episode_rewards     0.000000e+00
val_max_episode_len         1.000000e+03
val_mean_episode_len        1.907750e+02
val_min_episode_len         0.000000e+00
val_mean_timeouts           0.000000e+00
Name: 52, dtype: float64
timesteps                   3.538944e+06
wall_time                   2.040226e+04
num_episodes                5.252400e+04
max_episode_rewards         1.000000e+01
mean_episode_rewards        6.500000e+00
min_episode_rewards         0.000000e+00
max_episode_len             1.290000e+02
mean_episode_len            5.870000e+01
min_episode_len             0.000000e+00
mean_timeouts               0.000000e+00
val_max_episode_rewards     1.000000e+01
val_mean_episode_rewards    4.250000e+00
val_min_episode_rewards     0.000000e+00
val_max_episode_len         1.000000e+03
val_mean_episode_len        2.206250e+02
val_min_episode_len         0.000000e+00
val_mean_timeouts           0.000000e+00
Name: 53, dtype: float64
timesteps                   3.604480e+06
wall_time                   2.077233e+04
num_episodes                5.363000e+04
max_episode_rewards         1.000000e+01
mean_episode_rewards        6.250000e+00
min_episode_rewards         0.000000e+00
max_episode_len             1.940000e+02
mean_episode_len            5.582500e+01
min_episode_len             0.000000e+00
mean_timeouts               0.000000e+00
val_max_episode_rewards     1.000000e+01
val_mean_episode_rewards    5.500000e+00
val_min_episode_rewards     0.000000e+00
val_max_episode_len         1.000000e+03
val_mean_episode_len        2.770000e+02
val_min_episode_len         0.000000e+00
val_mean_timeouts           0.000000e+00
Name: 54, dtype: float64
timesteps                   3.670016e+06
wall_time                   2.114908e+04
num_episodes                5.469100e+04
max_episode_rewards         1.000000e+01
mean_episode_rewards        5.000000e+00
min_episode_rewards         0.000000e+00
max_episode_len             1.500000e+02
mean_episode_len            5.922500e+01
min_episode_len             0.000000e+00
mean_timeouts               0.000000e+00
val_max_episode_rewards     1.000000e+01
val_mean_episode_rewards    5.250000e+00
val_min_episode_rewards     0.000000e+00
val_max_episode_len         1.000000e+03
val_mean_episode_len        2.200750e+02
val_min_episode_len         0.000000e+00
val_mean_timeouts           0.000000e+00
Name: 55, dtype: float64
timesteps                   3.735552e+06
wall_time                   2.152561e+04
num_episodes                5.578800e+04
max_episode_rewards         1.000000e+01
mean_episode_rewards        5.250000e+00
min_episode_rewards         0.000000e+00
max_episode_len             2.780000e+02
mean_episode_len            6.962500e+01
min_episode_len             0.000000e+00
mean_timeouts               0.000000e+00
val_max_episode_rewards     1.000000e+01
val_mean_episode_rewards    6.500000e+00
val_min_episode_rewards     0.000000e+00
val_max_episode_len         1.000000e+03
val_mean_episode_len        1.323250e+02
val_min_episode_len         0.000000e+00
val_mean_timeouts           2.500000e-02
Name: 56, dtype: float64
timesteps                   3.801088e+06
wall_time                   2.190167e+04
num_episodes                5.681400e+04
max_episode_rewards         1.000000e+01
mean_episode_rewards        5.750000e+00
min_episode_rewards         0.000000e+00
max_episode_len             2.610000e+02
mean_episode_len            7.262500e+01
min_episode_len             0.000000e+00
mean_timeouts               2.500000e-02
val_max_episode_rewards     1.000000e+01
val_mean_episode_rewards    4.750000e+00
val_min_episode_rewards     0.000000e+00
val_max_episode_len         1.000000e+03
val_mean_episode_len        2.908500e+02
val_min_episode_len         0.000000e+00
val_mean_timeouts           0.000000e+00
Name: 57, dtype: float64
timesteps                   3.866624e+06
wall_time                   2.228421e+04
num_episodes                5.780200e+04
max_episode_rewards         1.000000e+01
mean_episode_rewards        6.250000e+00
min_episode_rewards         0.000000e+00
max_episode_len             1.760000e+02
mean_episode_len            6.257500e+01
min_episode_len             0.000000e+00
mean_timeouts               2.500000e-02
val_max_episode_rewards     1.000000e+01
val_mean_episode_rewards    5.500000e+00
val_min_episode_rewards     0.000000e+00
val_max_episode_len         1.000000e+03
val_mean_episode_len        1.916750e+02
val_min_episode_len         0.000000e+00
val_mean_timeouts           0.000000e+00
Name: 58, dtype: float64
timesteps                   3.932160e+06
wall_time                   2.265848e+04
num_episodes                5.880400e+04
max_episode_rewards         1.000000e+01
mean_episode_rewards        6.000000e+00
min_episode_rewards         0.000000e+00
max_episode_len             1.670000e+02
mean_episode_len            6.300000e+01
min_episode_len             0.000000e+00
mean_timeouts               0.000000e+00
val_max_episode_rewards     1.000000e+01
val_mean_episode_rewards    6.500000e+00
val_min_episode_rewards     0.000000e+00
val_max_episode_len         1.000000e+03
val_mean_episode_len        2.616000e+02
val_min_episode_len         0.000000e+00
val_mean_timeouts           0.000000e+00
Name: 59, dtype: float64
timesteps                   3.997696e+06
wall_time                   2.302100e+04
num_episodes                5.976100e+04
max_episode_rewards         1.000000e+01
mean_episode_rewards        6.000000e+00
min_episode_rewards         0.000000e+00
max_episode_len             1.910000e+02
mean_episode_len            5.912500e+01
min_episode_len             0.000000e+00
mean_timeouts               0.000000e+00
val_max_episode_rewards     1.000000e+01
val_mean_episode_rewards    5.000000e+00
val_min_episode_rewards     0.000000e+00
val_max_episode_len         1.000000e+03
val_mean_episode_len        2.985750e+02
val_min_episode_len         0.000000e+00
val_mean_timeouts           2.500000e-02
Name: 60, dtype: float64
timesteps                   4.063232e+06
wall_time                   2.340637e+04
num_episodes                6.068400e+04
max_episode_rewards         1.000000e+01
mean_episode_rewards        6.250000e+00
min_episode_rewards         0.000000e+00
max_episode_len             1.850000e+02
mean_episode_len            6.737500e+01
min_episode_len             0.000000e+00
mean_timeouts               0.000000e+00
val_max_episode_rewards     1.000000e+01
val_mean_episode_rewards    3.250000e+00
val_min_episode_rewards     0.000000e+00
val_max_episode_len         1.000000e+03
val_mean_episode_len        4.525000e+02
val_min_episode_len         0.000000e+00
val_mean_timeouts           0.000000e+00
Name: 61, dtype: float64
timesteps                   4.128768e+06
wall_time                   2.379748e+04
num_episodes                6.162100e+04
max_episode_rewards         1.000000e+01
mean_episode_rewards        6.250000e+00
min_episode_rewards         0.000000e+00
max_episode_len             3.240000e+02
mean_episode_len            7.152500e+01
min_episode_len             0.000000e+00
mean_timeouts               0.000000e+00
val_max_episode_rewards     1.000000e+01
val_mean_episode_rewards    5.250000e+00
val_min_episode_rewards     0.000000e+00
val_max_episode_len         1.000000e+03
val_mean_episode_len        3.664250e+02
val_min_episode_len         0.000000e+00
val_mean_timeouts           0.000000e+00
Name: 62, dtype: float64
timesteps                   4.194304e+06
wall_time                   2.418721e+04
num_episodes                6.251900e+04
max_episode_rewards         1.000000e+01
mean_episode_rewards        6.500000e+00
min_episode_rewards         0.000000e+00
max_episode_len             2.640000e+02
mean_episode_len            8.092500e+01
min_episode_len             0.000000e+00
mean_timeouts               0.000000e+00
val_max_episode_rewards     1.000000e+01
val_mean_episode_rewards    4.000000e+00
val_min_episode_rewards     0.000000e+00
val_max_episode_len         1.000000e+03
val_mean_episode_len        3.394500e+02
val_min_episode_len         0.000000e+00
val_mean_timeouts           0.000000e+00
Name: 63, dtype: float64
timesteps                   4.259840e+06
wall_time                   2.457380e+04
num_episodes                6.333500e+04
max_episode_rewards         1.000000e+01
mean_episode_rewards        6.500000e+00
min_episode_rewards         0.000000e+00
max_episode_len             2.130000e+02
mean_episode_len            7.082500e+01
min_episode_len             0.000000e+00
mean_timeouts               0.000000e+00
val_max_episode_rewards     1.000000e+01
val_mean_episode_rewards    4.500000e+00
val_min_episode_rewards     0.000000e+00
val_max_episode_len         1.000000e+03
val_mean_episode_len        2.476750e+02
val_min_episode_len         0.000000e+00
val_mean_timeouts           0.000000e+00
Name: 64, dtype: float64
timesteps                   4.325376e+06
wall_time                   2.496823e+04
num_episodes                6.406600e+04
max_episode_rewards         1.000000e+01
mean_episode_rewards        6.500000e+00
min_episode_rewards         0.000000e+00
max_episode_len             1.760000e+02
mean_episode_len            6.250000e+01
min_episode_len             0.000000e+00
mean_timeouts               0.000000e+00
val_max_episode_rewards     1.000000e+01
val_mean_episode_rewards    5.000000e+00
val_min_episode_rewards     0.000000e+00
val_max_episode_len         1.000000e+03
val_mean_episode_len        3.311000e+02
val_min_episode_len         0.000000e+00
val_mean_timeouts           0.000000e+00
Name: 65, dtype: float64
timesteps                   4.390912e+06
wall_time                   2.537542e+04
num_episodes                6.484500e+04
max_episode_rewards         1.000000e+01
mean_episode_rewards        5.250000e+00
min_episode_rewards         0.000000e+00
max_episode_len             3.770000e+02
mean_episode_len            7.580000e+01
min_episode_len             0.000000e+00
mean_timeouts               0.000000e+00
val_max_episode_rewards     1.000000e+01
val_mean_episode_rewards    3.500000e+00
val_min_episode_rewards     0.000000e+00
val_max_episode_len         1.000000e+03
val_mean_episode_len        3.790750e+02
val_min_episode_len         0.000000e+00
val_mean_timeouts           0.000000e+00
Name: 66, dtype: float64
timesteps                   4.456448e+06
wall_time                   2.578164e+04
num_episodes                6.557400e+04
max_episode_rewards         1.000000e+01
mean_episode_rewards        5.250000e+00
min_episode_rewards         0.000000e+00
max_episode_len             2.920000e+02
mean_episode_len            8.415000e+01
min_episode_len             0.000000e+00
mean_timeouts               0.000000e+00
val_max_episode_rewards     1.000000e+01
val_mean_episode_rewards    4.000000e+00
val_min_episode_rewards     0.000000e+00
val_max_episode_len         1.000000e+03
val_mean_episode_len        3.709500e+02
val_min_episode_len         0.000000e+00
val_mean_timeouts           0.000000e+00
Name: 67, dtype: float64
timesteps                   4.521984e+06
wall_time                   2.618296e+04
num_episodes                6.629500e+04
max_episode_rewards         1.000000e+01
mean_episode_rewards        6.750000e+00
min_episode_rewards         0.000000e+00
max_episode_len             2.850000e+02
mean_episode_len            8.205000e+01
min_episode_len             0.000000e+00
mean_timeouts               0.000000e+00
val_max_episode_rewards     1.000000e+01
val_mean_episode_rewards    4.250000e+00
val_min_episode_rewards     0.000000e+00
val_max_episode_len         1.000000e+03
val_mean_episode_len        3.182500e+02
val_min_episode_len         0.000000e+00
val_mean_timeouts           0.000000e+00
Name: 68, dtype: float64
timesteps                   4.587520e+06
wall_time                   2.659454e+04
num_episodes                6.704300e+04
max_episode_rewards         1.000000e+01
mean_episode_rewards        5.500000e+00
min_episode_rewards         0.000000e+00
max_episode_len             6.090000e+02
mean_episode_len            8.947500e+01
min_episode_len             0.000000e+00
mean_timeouts               0.000000e+00
val_max_episode_rewards     1.000000e+01
val_mean_episode_rewards    4.000000e+00
val_min_episode_rewards     0.000000e+00
val_max_episode_len         1.000000e+03
val_mean_episode_len        3.350750e+02
val_min_episode_len         0.000000e+00
val_mean_timeouts           0.000000e+00
Name: 69, dtype: float64
timesteps                   4.653056e+06
wall_time                   2.701783e+04
num_episodes                6.774100e+04
max_episode_rewards         1.000000e+01
mean_episode_rewards        6.000000e+00
min_episode_rewards         0.000000e+00
max_episode_len             9.720000e+02
mean_episode_len            1.257000e+02
min_episode_len             0.000000e+00
mean_timeouts               0.000000e+00
val_max_episode_rewards     1.000000e+01
val_mean_episode_rewards    3.250000e+00
val_min_episode_rewards     0.000000e+00
val_max_episode_len         1.000000e+03
val_mean_episode_len        3.734750e+02
val_min_episode_len         0.000000e+00
val_mean_timeouts           0.000000e+00
Name: 70, dtype: float64
timesteps                   4.718592e+06
wall_time                   2.743137e+04
num_episodes                6.843700e+04
max_episode_rewards         1.000000e+01
mean_episode_rewards        6.000000e+00
min_episode_rewards         0.000000e+00
max_episode_len             2.630000e+02
mean_episode_len            6.987500e+01
min_episode_len             0.000000e+00
mean_timeouts               0.000000e+00
val_max_episode_rewards     1.000000e+01
val_mean_episode_rewards    4.000000e+00
val_min_episode_rewards     0.000000e+00
val_max_episode_len         1.000000e+03
val_mean_episode_len        3.606250e+02
val_min_episode_len         0.000000e+00
val_mean_timeouts           0.000000e+00
Name: 71, dtype: float64
timesteps                   4.784128e+06
wall_time                   2.783858e+04
num_episodes                6.919100e+04
max_episode_rewards         1.000000e+01
mean_episode_rewards        6.000000e+00
min_episode_rewards         0.000000e+00
max_episode_len             3.730000e+02
mean_episode_len            7.032500e+01
min_episode_len             0.000000e+00
mean_timeouts               0.000000e+00
val_max_episode_rewards     1.000000e+01
val_mean_episode_rewards    3.250000e+00
val_min_episode_rewards     0.000000e+00
val_max_episode_len         1.000000e+03
val_mean_episode_len        4.696250e+02
val_min_episode_len         0.000000e+00
val_mean_timeouts           0.000000e+00
Name: 72, dtype: float64
timesteps                   4.849664e+06
wall_time                   2.826035e+04
num_episodes                6.991200e+04
max_episode_rewards         1.000000e+01
mean_episode_rewards        5.000000e+00
min_episode_rewards         0.000000e+00
max_episode_len             9.310000e+02
mean_episode_len            9.662500e+01
min_episode_len             0.000000e+00
mean_timeouts               0.000000e+00
val_max_episode_rewards     1.000000e+01
val_mean_episode_rewards    4.750000e+00
val_min_episode_rewards     0.000000e+00
val_max_episode_len         1.000000e+03
val_mean_episode_len        2.381250e+02
val_min_episode_len         0.000000e+00
val_mean_timeouts           2.500000e-02
Name: 73, dtype: float64
timesteps                   4.915200e+06
wall_time                   2.868200e+04
num_episodes                7.056900e+04
max_episode_rewards         1.000000e+01
mean_episode_rewards        6.250000e+00
min_episode_rewards         0.000000e+00
max_episode_len             1.000000e+03
mean_episode_len            1.300250e+02
min_episode_len             0.000000e+00
mean_timeouts               0.000000e+00
val_max_episode_rewards     1.000000e+01
val_mean_episode_rewards    4.250000e+00
val_min_episode_rewards     0.000000e+00
val_max_episode_len         1.000000e+03
val_mean_episode_len        3.740500e+02
val_min_episode_len         0.000000e+00
val_mean_timeouts           0.000000e+00
Name: 74, dtype: float64
timesteps                   4.980736e+06
wall_time                   2.910157e+04
num_episodes                7.118700e+04
max_episode_rewards         1.000000e+01
mean_episode_rewards        5.500000e+00
min_episode_rewards         0.000000e+00
max_episode_len             5.460000e+02
mean_episode_len            1.071000e+02
min_episode_len             0.000000e+00
mean_timeouts               0.000000e+00
val_max_episode_rewards     1.000000e+01
val_mean_episode_rewards    4.750000e+00
val_min_episode_rewards     0.000000e+00
val_max_episode_len         1.000000e+03
val_mean_episode_len        2.850250e+02
val_min_episode_len         0.000000e+00
val_mean_timeouts           2.500000e-02
Name: 75, dtype: float64
timesteps                   5.046272e+06
wall_time                   2.951049e+04
num_episodes                7.186700e+04
max_episode_rewards         1.000000e+01
mean_episode_rewards        6.000000e+00
min_episode_rewards         0.000000e+00
max_episode_len             3.610000e+02
mean_episode_len            7.822500e+01
min_episode_len             0.000000e+00
mean_timeouts               0.000000e+00
val_max_episode_rewards     1.000000e+01
val_mean_episode_rewards    4.000000e+00
val_min_episode_rewards     0.000000e+00
val_max_episode_len         1.000000e+03
val_mean_episode_len        3.921250e+02
val_min_episode_len         0.000000e+00
val_mean_timeouts           0.000000e+00
Name: 76, dtype: float64
timesteps                   5.111808e+06
wall_time                   2.992377e+04
num_episodes                7.256000e+04
max_episode_rewards         1.000000e+01
mean_episode_rewards        6.750000e+00
min_episode_rewards         0.000000e+00
max_episode_len             3.710000e+02
mean_episode_len            8.297500e+01
min_episode_len             0.000000e+00
mean_timeouts               0.000000e+00
val_max_episode_rewards     1.000000e+01
val_mean_episode_rewards    5.750000e+00
val_min_episode_rewards     0.000000e+00
val_max_episode_len         1.000000e+03
val_mean_episode_len        3.086250e+02
val_min_episode_len         0.000000e+00
val_mean_timeouts           0.000000e+00
Name: 77, dtype: float64
timesteps                   5.177344e+06
wall_time                   3.033260e+04
num_episodes                7.323600e+04
max_episode_rewards         1.000000e+01
mean_episode_rewards        7.250000e+00
min_episode_rewards         0.000000e+00
max_episode_len             7.220000e+02
mean_episode_len            9.340000e+01
min_episode_len             0.000000e+00
mean_timeouts               0.000000e+00
val_max_episode_rewards     1.000000e+01
val_mean_episode_rewards    3.250000e+00
val_min_episode_rewards     0.000000e+00
val_max_episode_len         1.000000e+03
val_mean_episode_len        3.947500e+02
val_min_episode_len         0.000000e+00
val_mean_timeouts           0.000000e+00
Name: 78, dtype: float64
timesteps                   5.242880e+06
wall_time                   3.074912e+04
num_episodes                7.390400e+04
max_episode_rewards         1.000000e+01
mean_episode_rewards        5.750000e+00
min_episode_rewards         0.000000e+00
max_episode_len             8.190000e+02
mean_episode_len            9.870000e+01
min_episode_len             0.000000e+00
mean_timeouts               0.000000e+00
val_max_episode_rewards     1.000000e+01
val_mean_episode_rewards    4.750000e+00
val_min_episode_rewards     0.000000e+00
val_max_episode_len         1.000000e+03
val_mean_episode_len        3.665500e+02
val_min_episode_len         0.000000e+00
val_mean_timeouts           0.000000e+00
Name: 79, dtype: float64
timesteps                   5.308416e+06
wall_time                   3.116259e+04
num_episodes                7.465400e+04
max_episode_rewards         1.000000e+01
mean_episode_rewards        7.000000e+00
min_episode_rewards         0.000000e+00
max_episode_len             5.710000e+02
mean_episode_len            6.977500e+01
min_episode_len             0.000000e+00
mean_timeouts               0.000000e+00
val_max_episode_rewards     1.000000e+01
val_mean_episode_rewards    3.750000e+00
val_min_episode_rewards     0.000000e+00
val_max_episode_len         1.000000e+03
val_mean_episode_len        3.784000e+02
val_min_episode_len         0.000000e+00
val_mean_timeouts           2.500000e-02
Name: 80, dtype: float64
timesteps                   5.373952e+06
wall_time                   3.156733e+04
num_episodes                7.540900e+04
max_episode_rewards         1.000000e+01
mean_episode_rewards        6.000000e+00
min_episode_rewards         0.000000e+00
max_episode_len             4.530000e+02
mean_episode_len            8.780000e+01
min_episode_len             0.000000e+00
mean_timeouts               0.000000e+00
val_max_episode_rewards     1.000000e+01
val_mean_episode_rewards    5.250000e+00
val_min_episode_rewards     0.000000e+00
val_max_episode_len         1.000000e+03
val_mean_episode_len        4.646000e+02
val_min_episode_len         0.000000e+00
val_mean_timeouts           0.000000e+00
Name: 81, dtype: float64
timesteps                   5.439488e+06
wall_time                   3.197393e+04
num_episodes                7.614700e+04
max_episode_rewards         1.000000e+01
mean_episode_rewards        7.500000e+00
min_episode_rewards         0.000000e+00
max_episode_len             2.570000e+02
mean_episode_len            6.270000e+01
min_episode_len             0.000000e+00
mean_timeouts               0.000000e+00
val_max_episode_rewards     1.000000e+01
val_mean_episode_rewards    5.500000e+00
val_min_episode_rewards     0.000000e+00
val_max_episode_len         1.000000e+03
val_mean_episode_len        2.809250e+02
val_min_episode_len         0.000000e+00
val_mean_timeouts           2.500000e-02
Name: 82, dtype: float64
timesteps                   5.505024e+06
wall_time                   3.237820e+04
num_episodes                7.682400e+04
max_episode_rewards         1.000000e+01
mean_episode_rewards        5.750000e+00
min_episode_rewards         0.000000e+00
max_episode_len             3.400000e+02
mean_episode_len            6.740000e+01
min_episode_len             0.000000e+00
mean_timeouts               0.000000e+00
val_max_episode_rewards     1.000000e+01
val_mean_episode_rewards    4.000000e+00
val_min_episode_rewards     0.000000e+00
val_max_episode_len         1.000000e+03
val_mean_episode_len        2.938000e+02
val_min_episode_len         0.000000e+00
val_mean_timeouts           0.000000e+00
Name: 83, dtype: float64
timesteps                   5.570560e+06
wall_time                   3.278584e+04
num_episodes                7.748800e+04
max_episode_rewards         1.000000e+01
mean_episode_rewards        5.250000e+00
min_episode_rewards         0.000000e+00
max_episode_len             5.210000e+02
mean_episode_len            9.322500e+01
min_episode_len             0.000000e+00
mean_timeouts               0.000000e+00
val_max_episode_rewards     1.000000e+01
val_mean_episode_rewards    5.000000e+00
val_min_episode_rewards     0.000000e+00
val_max_episode_len         1.000000e+03
val_mean_episode_len        3.672250e+02
val_min_episode_len         0.000000e+00
val_mean_timeouts           0.000000e+00
Name: 84, dtype: float64
timesteps                   5.636096e+06
wall_time                   3.317916e+04
num_episodes                7.820200e+04
max_episode_rewards         1.000000e+01
mean_episode_rewards        6.250000e+00
min_episode_rewards         0.000000e+00
max_episode_len             1.000000e+03
mean_episode_len            1.470750e+02
min_episode_len             0.000000e+00
mean_timeouts               0.000000e+00
val_max_episode_rewards     1.000000e+01
val_mean_episode_rewards    4.750000e+00
val_min_episode_rewards     0.000000e+00
val_max_episode_len         1.000000e+03
val_mean_episode_len        1.917250e+02
val_min_episode_len         0.000000e+00
val_mean_timeouts           0.000000e+00
Name: 85, dtype: float64
timesteps                   5.701632e+06
wall_time                   3.356327e+04
num_episodes                7.902700e+04
max_episode_rewards         1.000000e+01
mean_episode_rewards        5.250000e+00
min_episode_rewards         0.000000e+00
max_episode_len             5.460000e+02
mean_episode_len            8.372500e+01
min_episode_len             0.000000e+00
mean_timeouts               0.000000e+00
val_max_episode_rewards     1.000000e+01
val_mean_episode_rewards    4.250000e+00
val_min_episode_rewards     0.000000e+00
val_max_episode_len         1.000000e+03
val_mean_episode_len        3.092250e+02
val_min_episode_len         0.000000e+00
val_mean_timeouts           0.000000e+00
Name: 86, dtype: float64
timesteps                   5.767168e+06
wall_time                   3.395432e+04
num_episodes                7.982400e+04
max_episode_rewards         1.000000e+01
mean_episode_rewards        6.750000e+00
min_episode_rewards         0.000000e+00
max_episode_len             2.000000e+02
mean_episode_len            6.647500e+01
min_episode_len             0.000000e+00
mean_timeouts               0.000000e+00
val_max_episode_rewards     1.000000e+01
val_mean_episode_rewards    5.500000e+00
val_min_episode_rewards     0.000000e+00
val_max_episode_len         1.000000e+03
val_mean_episode_len        2.641750e+02
val_min_episode_len         0.000000e+00
val_mean_timeouts           5.000000e-02
Name: 87, dtype: float64
timesteps                   5.832704e+06
wall_time                   3.435416e+04
num_episodes                8.055400e+04
max_episode_rewards         1.000000e+01
mean_episode_rewards        6.250000e+00
min_episode_rewards         0.000000e+00
max_episode_len             3.230000e+02
mean_episode_len            7.720000e+01
min_episode_len             0.000000e+00
mean_timeouts               0.000000e+00
val_max_episode_rewards     1.000000e+01
val_mean_episode_rewards    5.500000e+00
val_min_episode_rewards     0.000000e+00
val_max_episode_len         1.000000e+03
val_mean_episode_len        2.374750e+02
val_min_episode_len         0.000000e+00
val_mean_timeouts           0.000000e+00
Name: 88, dtype: float64
timesteps                   5.898240e+06
wall_time                   3.475509e+04
num_episodes                8.118600e+04
max_episode_rewards         1.000000e+01
mean_episode_rewards        6.000000e+00
min_episode_rewards         0.000000e+00
max_episode_len             1.800000e+02
mean_episode_len            6.272500e+01
min_episode_len             0.000000e+00
mean_timeouts               0.000000e+00
val_max_episode_rewards     1.000000e+01
val_mean_episode_rewards    4.750000e+00
val_min_episode_rewards     0.000000e+00
val_max_episode_len         1.000000e+03
val_mean_episode_len        3.648750e+02
val_min_episode_len         0.000000e+00
val_mean_timeouts           0.000000e+00
Name: 89, dtype: float64
timesteps                   5.963776e+06
wall_time                   3.515212e+04
num_episodes                8.183200e+04
max_episode_rewards         1.000000e+01
mean_episode_rewards        6.000000e+00
min_episode_rewards         0.000000e+00
max_episode_len             1.000000e+03
mean_episode_len            1.313500e+02
min_episode_len             0.000000e+00
mean_timeouts               0.000000e+00
val_max_episode_rewards     1.000000e+01
val_mean_episode_rewards    5.250000e+00
val_min_episode_rewards     0.000000e+00
val_max_episode_len         1.000000e+03
val_mean_episode_len        3.522000e+02
val_min_episode_len         0.000000e+00
val_mean_timeouts           0.000000e+00
Name: 90, dtype: float64
timesteps                   6.029312e+06
wall_time                   3.555081e+04
num_episodes                8.251300e+04
max_episode_rewards         1.000000e+01
mean_episode_rewards        7.000000e+00
min_episode_rewards         0.000000e+00
max_episode_len             2.040000e+02
mean_episode_len            6.300000e+01
min_episode_len             0.000000e+00
mean_timeouts               2.500000e-02
val_max_episode_rewards     1.000000e+01
val_mean_episode_rewards    5.750000e+00
val_min_episode_rewards     0.000000e+00
val_max_episode_len         1.000000e+03
val_mean_episode_len        3.089500e+02
val_min_episode_len         0.000000e+00
val_mean_timeouts           2.500000e-02
Name: 91, dtype: float64
timesteps                   6.094848e+06
wall_time                   3.594837e+04
num_episodes                8.315300e+04
max_episode_rewards         1.000000e+01
mean_episode_rewards        5.500000e+00
min_episode_rewards         0.000000e+00
max_episode_len             1.000000e+03
mean_episode_len            9.442500e+01
min_episode_len             0.000000e+00
mean_timeouts               0.000000e+00
val_max_episode_rewards     1.000000e+01
val_mean_episode_rewards    6.000000e+00
val_min_episode_rewards     0.000000e+00
val_max_episode_len         1.000000e+03
val_mean_episode_len        3.792750e+02
val_min_episode_len         0.000000e+00
val_mean_timeouts           5.000000e-02
Name: 92, dtype: float64
timesteps                   6.160384e+06
wall_time                   3.634960e+04
num_episodes                8.391200e+04
max_episode_rewards         1.000000e+01
mean_episode_rewards        6.000000e+00
min_episode_rewards         0.000000e+00
max_episode_len             4.420000e+02
mean_episode_len            7.507500e+01
min_episode_len             0.000000e+00
mean_timeouts               0.000000e+00
val_max_episode_rewards     1.000000e+01
val_mean_episode_rewards    4.250000e+00
val_min_episode_rewards     0.000000e+00
val_max_episode_len         1.000000e+03
val_mean_episode_len        2.947500e+02
val_min_episode_len         0.000000e+00
val_mean_timeouts           0.000000e+00
Name: 93, dtype: float64
timesteps                   6.225920e+06
wall_time                   3.675174e+04
num_episodes                8.471200e+04
max_episode_rewards         1.000000e+01
mean_episode_rewards        6.250000e+00
min_episode_rewards         0.000000e+00
max_episode_len             3.590000e+02
mean_episode_len            8.135000e+01
min_episode_len             0.000000e+00
mean_timeouts               0.000000e+00
val_max_episode_rewards     1.000000e+01
val_mean_episode_rewards    4.500000e+00
val_min_episode_rewards     0.000000e+00
val_max_episode_len         1.000000e+03
val_mean_episode_len        2.741000e+02
val_min_episode_len         0.000000e+00
val_mean_timeouts           0.000000e+00
Name: 94, dtype: float64
timesteps                   6.291456e+06
wall_time                   3.715246e+04
num_episodes                8.552700e+04
max_episode_rewards         1.000000e+01
mean_episode_rewards        7.250000e+00
min_episode_rewards         0.000000e+00
max_episode_len             3.430000e+02
mean_episode_len            7.060000e+01
min_episode_len             0.000000e+00
mean_timeouts               0.000000e+00
val_max_episode_rewards     1.000000e+01
val_mean_episode_rewards    6.750000e+00
val_min_episode_rewards     0.000000e+00
val_max_episode_len         1.000000e+03
val_mean_episode_len        2.101250e+02
val_min_episode_len         0.000000e+00
val_mean_timeouts           0.000000e+00
Name: 95, dtype: float64
Saving model at timestep 6291457
timesteps                   6.356992e+06
wall_time                   3.754267e+04
num_episodes                8.635000e+04
max_episode_rewards         1.000000e+01
mean_episode_rewards        5.750000e+00
min_episode_rewards         0.000000e+00
max_episode_len             3.150000e+02
mean_episode_len            6.472500e+01
min_episode_len             0.000000e+00
mean_timeouts               0.000000e+00
val_max_episode_rewards     1.000000e+01
val_mean_episode_rewards    5.500000e+00
val_min_episode_rewards     0.000000e+00
val_max_episode_len         1.000000e+03
val_mean_episode_len        1.675750e+02
val_min_episode_len         0.000000e+00
val_mean_timeouts           0.000000e+00
Name: 96, dtype: float64
timesteps                   6.422528e+06
wall_time                   3.793076e+04
num_episodes                8.720700e+04
max_episode_rewards         1.000000e+01
mean_episode_rewards        7.250000e+00
min_episode_rewards         0.000000e+00
max_episode_len             4.170000e+02
mean_episode_len            6.440000e+01
min_episode_len             0.000000e+00
mean_timeouts               2.500000e-02
val_max_episode_rewards     1.000000e+01
val_mean_episode_rewards    5.500000e+00
val_min_episode_rewards     0.000000e+00
val_max_episode_len         8.550000e+02
val_mean_episode_len        1.313000e+02
val_min_episode_len         0.000000e+00
val_mean_timeouts           0.000000e+00
Name: 97, dtype: float64
timesteps                   6.488064e+06
wall_time                   3.831109e+04
num_episodes                8.812400e+04
max_episode_rewards         1.000000e+01
mean_episode_rewards        6.250000e+00
min_episode_rewards         0.000000e+00
max_episode_len             1.530000e+02
mean_episode_len            5.565000e+01
min_episode_len             0.000000e+00
mean_timeouts               0.000000e+00
val_max_episode_rewards     1.000000e+01
val_mean_episode_rewards    4.250000e+00
val_min_episode_rewards     0.000000e+00
val_max_episode_len         1.000000e+03
val_mean_episode_len        3.527000e+02
val_min_episode_len         0.000000e+00
val_mean_timeouts           0.000000e+00
Name: 98, dtype: float64
timesteps                   6.553600e+06
wall_time                   3.869204e+04
num_episodes                8.907200e+04
max_episode_rewards         1.000000e+01
mean_episode_rewards        6.250000e+00
min_episode_rewards         0.000000e+00
max_episode_len             2.480000e+02
mean_episode_len            5.467500e+01
min_episode_len             0.000000e+00
mean_timeouts               0.000000e+00
val_max_episode_rewards     1.000000e+01
val_mean_episode_rewards    5.250000e+00
val_min_episode_rewards     0.000000e+00
val_max_episode_len         1.000000e+03
val_mean_episode_len        3.654000e+02
val_min_episode_len         0.000000e+00
val_mean_timeouts           0.000000e+00
Name: 99, dtype: float64
timesteps                   6.619136e+06
wall_time                   3.907514e+04
num_episodes                9.004700e+04
max_episode_rewards         1.000000e+01
mean_episode_rewards        5.750000e+00
min_episode_rewards         0.000000e+00
max_episode_len             2.980000e+02
mean_episode_len            6.035000e+01
min_episode_len             0.000000e+00
mean_timeouts               0.000000e+00
val_max_episode_rewards     1.000000e+01
val_mean_episode_rewards    5.750000e+00
val_min_episode_rewards     0.000000e+00
val_max_episode_len         1.000000e+03
val_mean_episode_len        2.892750e+02
val_min_episode_len         0.000000e+00
val_mean_timeouts           0.000000e+00
Name: 100, dtype: float64
timesteps                   6.684672e+06
wall_time                   3.947057e+04
num_episodes                9.092100e+04
max_episode_rewards         1.000000e+01
mean_episode_rewards        6.750000e+00
min_episode_rewards         0.000000e+00
max_episode_len             3.720000e+02
mean_episode_len            8.345000e+01
min_episode_len             0.000000e+00
mean_timeouts               0.000000e+00
val_max_episode_rewards     1.000000e+01
val_mean_episode_rewards    5.250000e+00
val_min_episode_rewards     0.000000e+00
val_max_episode_len         1.000000e+03
val_mean_episode_len        3.440000e+02
val_min_episode_len         0.000000e+00
val_mean_timeouts           0.000000e+00
Name: 101, dtype: float64
timesteps                   6.750208e+06
wall_time                   3.987059e+04
num_episodes                9.173700e+04
max_episode_rewards         1.000000e+01
mean_episode_rewards        7.250000e+00
min_episode_rewards         0.000000e+00
max_episode_len             5.200000e+02
mean_episode_len            6.922500e+01
min_episode_len             0.000000e+00
mean_timeouts               0.000000e+00
val_max_episode_rewards     1.000000e+01
val_mean_episode_rewards    4.750000e+00
val_min_episode_rewards     0.000000e+00
val_max_episode_len         1.000000e+03
val_mean_episode_len        2.651250e+02
val_min_episode_len         0.000000e+00
val_mean_timeouts           0.000000e+00
Name: 102, dtype: float64
timesteps                   6.815744e+06
wall_time                   4.026327e+04
num_episodes                9.253900e+04
max_episode_rewards         1.000000e+01
mean_episode_rewards        7.250000e+00
min_episode_rewards         0.000000e+00
max_episode_len             3.120000e+02
mean_episode_len            7.580000e+01
min_episode_len             0.000000e+00
mean_timeouts               0.000000e+00
val_max_episode_rewards     1.000000e+01
val_mean_episode_rewards    4.000000e+00
val_min_episode_rewards     0.000000e+00
val_max_episode_len         1.000000e+03
val_mean_episode_len        3.602500e+02
val_min_episode_len         0.000000e+00
val_mean_timeouts           0.000000e+00
Name: 103, dtype: float64
timesteps                   6.881280e+06
wall_time                   4.065606e+04
num_episodes                9.335800e+04
max_episode_rewards         1.000000e+01
mean_episode_rewards        7.500000e+00
min_episode_rewards         0.000000e+00
max_episode_len             8.590000e+02
mean_episode_len            8.980000e+01
min_episode_len             0.000000e+00
mean_timeouts               0.000000e+00
val_max_episode_rewards     1.000000e+01
val_mean_episode_rewards    5.750000e+00
val_min_episode_rewards     0.000000e+00
val_max_episode_len         1.000000e+03
val_mean_episode_len        2.785000e+02
val_min_episode_len         0.000000e+00
val_mean_timeouts           0.000000e+00
Name: 104, dtype: float64
timesteps                   6.946816e+06
wall_time                   4.105497e+04
num_episodes                9.414100e+04
max_episode_rewards         1.000000e+01
mean_episode_rewards        6.250000e+00
min_episode_rewards         0.000000e+00
max_episode_len             1.000000e+03
mean_episode_len            1.062500e+02
min_episode_len             0.000000e+00
mean_timeouts               0.000000e+00
val_max_episode_rewards     1.000000e+01
val_mean_episode_rewards    4.750000e+00
val_min_episode_rewards     0.000000e+00
val_max_episode_len         1.000000e+03
val_mean_episode_len        3.190500e+02
val_min_episode_len         0.000000e+00
val_mean_timeouts           2.500000e-02
Name: 105, dtype: float64
timesteps                   7.012352e+06
wall_time                   4.145231e+04
num_episodes                9.496500e+04
max_episode_rewards         1.000000e+01
mean_episode_rewards        7.000000e+00
min_episode_rewards         0.000000e+00
max_episode_len             6.490000e+02
mean_episode_len            8.795000e+01
min_episode_len             0.000000e+00
mean_timeouts               0.000000e+00
val_max_episode_rewards     1.000000e+01
val_mean_episode_rewards    5.000000e+00
val_min_episode_rewards     0.000000e+00
val_max_episode_len         1.000000e+03
val_mean_episode_len        2.699000e+02
val_min_episode_len         0.000000e+00
val_mean_timeouts           0.000000e+00
Name: 106, dtype: float64
timesteps                   7.077888e+06
wall_time                   4.184777e+04
num_episodes                9.573600e+04
max_episode_rewards         1.000000e+01
mean_episode_rewards        7.000000e+00
min_episode_rewards         0.000000e+00
max_episode_len             3.120000e+02
mean_episode_len            6.815000e+01
min_episode_len             0.000000e+00
mean_timeouts               0.000000e+00
val_max_episode_rewards     1.000000e+01
val_mean_episode_rewards    5.500000e+00
val_min_episode_rewards     0.000000e+00
val_max_episode_len         1.000000e+03
val_mean_episode_len        2.760000e+02
val_min_episode_len         0.000000e+00
val_mean_timeouts           0.000000e+00
Name: 107, dtype: float64
timesteps                   7.143424e+06
wall_time                   4.225548e+04
num_episodes                9.651600e+04
max_episode_rewards         1.000000e+01
mean_episode_rewards        6.250000e+00
min_episode_rewards         0.000000e+00
max_episode_len             3.840000e+02
mean_episode_len            7.347500e+01
min_episode_len             0.000000e+00
mean_timeouts               2.500000e-02
val_max_episode_rewards     1.000000e+01
val_mean_episode_rewards    4.500000e+00
val_min_episode_rewards     0.000000e+00
val_max_episode_len         1.000000e+03
val_mean_episode_len        3.886250e+02
val_min_episode_len         0.000000e+00
val_mean_timeouts           0.000000e+00
Name: 108, dtype: float64
timesteps                   7.208960e+06
wall_time                   4.264647e+04
num_episodes                9.731900e+04
max_episode_rewards         1.000000e+01
mean_episode_rewards        7.000000e+00
min_episode_rewards         0.000000e+00
max_episode_len             2.950000e+02
mean_episode_len            6.900000e+01
min_episode_len             0.000000e+00
mean_timeouts               0.000000e+00
val_max_episode_rewards     1.000000e+01
val_mean_episode_rewards    3.250000e+00
val_min_episode_rewards     0.000000e+00
val_max_episode_len         1.000000e+03
val_mean_episode_len        2.727250e+02
val_min_episode_len         0.000000e+00
val_mean_timeouts           0.000000e+00
Name: 109, dtype: float64
timesteps                   7.274496e+06
wall_time                   4.304280e+04
num_episodes                9.813400e+04
max_episode_rewards         1.000000e+01
mean_episode_rewards        6.750000e+00
min_episode_rewards         0.000000e+00
max_episode_len             2.920000e+02
mean_episode_len            5.922500e+01
min_episode_len             0.000000e+00
mean_timeouts               0.000000e+00
val_max_episode_rewards     1.000000e+01
val_mean_episode_rewards    6.750000e+00
val_min_episode_rewards     0.000000e+00
val_max_episode_len         1.000000e+03
val_mean_episode_len        2.933250e+02
val_min_episode_len         0.000000e+00
val_mean_timeouts           0.000000e+00
Name: 110, dtype: float64
timesteps                   7.340032e+06
wall_time                   4.343238e+04
num_episodes                9.890500e+04
max_episode_rewards         1.000000e+01
mean_episode_rewards        5.750000e+00
min_episode_rewards         0.000000e+00
max_episode_len             1.000000e+03
mean_episode_len            1.529750e+02
min_episode_len             0.000000e+00
mean_timeouts               0.000000e+00
val_max_episode_rewards     1.000000e+01
val_mean_episode_rewards    4.500000e+00
val_min_episode_rewards     0.000000e+00
val_max_episode_len         1.000000e+03
val_mean_episode_len        3.566000e+02
val_min_episode_len         0.000000e+00
val_mean_timeouts           0.000000e+00
Name: 111, dtype: float64
timesteps                   7.405568e+06
wall_time                   4.383203e+04
num_episodes                9.967300e+04
max_episode_rewards         1.000000e+01
mean_episode_rewards        7.500000e+00
min_episode_rewards         0.000000e+00
max_episode_len             3.550000e+02
mean_episode_len            6.520000e+01
min_episode_len             0.000000e+00
mean_timeouts               0.000000e+00
val_max_episode_rewards     1.000000e+01
val_mean_episode_rewards    6.500000e+00
val_min_episode_rewards     0.000000e+00
val_max_episode_len         1.000000e+03
val_mean_episode_len        2.552750e+02
val_min_episode_len         0.000000e+00
val_mean_timeouts           0.000000e+00
Name: 112, dtype: float64
timesteps                   7.471104e+06
wall_time                   4.422953e+04
num_episodes                1.003740e+05
max_episode_rewards         1.000000e+01
mean_episode_rewards        6.250000e+00
min_episode_rewards         0.000000e+00
max_episode_len             3.910000e+02
mean_episode_len            8.730000e+01
min_episode_len             0.000000e+00
mean_timeouts               0.000000e+00
val_max_episode_rewards     1.000000e+01
val_mean_episode_rewards    3.250000e+00
val_min_episode_rewards     0.000000e+00
val_max_episode_len         1.000000e+03
val_mean_episode_len        4.517000e+02
val_min_episode_len         0.000000e+00
val_mean_timeouts           0.000000e+00
Name: 113, dtype: float64
timesteps                   7.536640e+06
wall_time                   4.462049e+04
num_episodes                1.011380e+05
max_episode_rewards         1.000000e+01
mean_episode_rewards        7.000000e+00
min_episode_rewards         0.000000e+00
max_episode_len             2.730000e+02
mean_episode_len            5.687500e+01
min_episode_len             0.000000e+00
mean_timeouts               0.000000e+00
val_max_episode_rewards     1.000000e+01
val_mean_episode_rewards    5.000000e+00
val_min_episode_rewards     0.000000e+00
val_max_episode_len         1.000000e+03
val_mean_episode_len        3.667750e+02
val_min_episode_len         0.000000e+00
val_mean_timeouts           0.000000e+00
Name: 114, dtype: float64
timesteps                   7.602176e+06
wall_time                   4.501720e+04
num_episodes                1.017790e+05
max_episode_rewards         1.000000e+01
mean_episode_rewards        7.750000e+00
min_episode_rewards         0.000000e+00
max_episode_len             1.000000e+03
mean_episode_len            9.047500e+01
min_episode_len             0.000000e+00
mean_timeouts               0.000000e+00
val_max_episode_rewards     1.000000e+01
val_mean_episode_rewards    4.500000e+00
val_min_episode_rewards     0.000000e+00
val_max_episode_len         1.000000e+03
val_mean_episode_len        4.567000e+02
val_min_episode_len         0.000000e+00
val_mean_timeouts           0.000000e+00
Name: 115, dtype: float64
timesteps                   7.667712e+06
wall_time                   4.541565e+04
num_episodes                1.024270e+05
max_episode_rewards         1.000000e+01
mean_episode_rewards        6.500000e+00
min_episode_rewards         0.000000e+00
max_episode_len             1.000000e+03
mean_episode_len            1.012000e+02
min_episode_len             0.000000e+00
mean_timeouts               0.000000e+00
val_max_episode_rewards     1.000000e+01
val_mean_episode_rewards    4.500000e+00
val_min_episode_rewards     0.000000e+00
val_max_episode_len         1.000000e+03
val_mean_episode_len        4.184250e+02
val_min_episode_len         0.000000e+00
val_mean_timeouts           0.000000e+00
Name: 116, dtype: float64
timesteps                   7.733248e+06
wall_time                   4.581936e+04
num_episodes                1.029740e+05
max_episode_rewards         1.000000e+01
mean_episode_rewards        5.500000e+00
min_episode_rewards         0.000000e+00
max_episode_len             8.460000e+02
mean_episode_len            1.683000e+02
min_episode_len             0.000000e+00
mean_timeouts               0.000000e+00
val_max_episode_rewards     1.000000e+01
val_mean_episode_rewards    3.000000e+00
val_min_episode_rewards     0.000000e+00
val_max_episode_len         1.000000e+03
val_mean_episode_len        3.814250e+02
val_min_episode_len         0.000000e+00
val_mean_timeouts           0.000000e+00
Name: 117, dtype: float64
timesteps                   7.798784e+06
wall_time                   4.622299e+04
num_episodes                1.035360e+05
max_episode_rewards         1.000000e+01
mean_episode_rewards        5.500000e+00
min_episode_rewards         0.000000e+00
max_episode_len             1.000000e+03
mean_episode_len            1.619750e+02
min_episode_len             0.000000e+00
mean_timeouts               2.500000e-02
val_max_episode_rewards     1.000000e+01
val_mean_episode_rewards    4.250000e+00
val_min_episode_rewards     0.000000e+00
val_max_episode_len         1.000000e+03
val_mean_episode_len        4.788500e+02
val_min_episode_len         0.000000e+00
val_mean_timeouts           0.000000e+00
Name: 118, dtype: float64
timesteps                   7.864320e+06
wall_time                   4.662375e+04
num_episodes                1.041700e+05
max_episode_rewards         1.000000e+01
mean_episode_rewards        6.500000e+00
min_episode_rewards         0.000000e+00
max_episode_len             7.600000e+02
mean_episode_len            9.820000e+01
min_episode_len             0.000000e+00
mean_timeouts               0.000000e+00
val_max_episode_rewards     1.000000e+01
val_mean_episode_rewards    6.000000e+00
val_min_episode_rewards     0.000000e+00
val_max_episode_len         1.000000e+03
val_mean_episode_len        2.607750e+02
val_min_episode_len         0.000000e+00
val_mean_timeouts           0.000000e+00
Name: 119, dtype: float64
timesteps                   7.929856e+06
wall_time                   4.702676e+04
num_episodes                1.047870e+05
max_episode_rewards         1.000000e+01
mean_episode_rewards        7.250000e+00
min_episode_rewards         0.000000e+00
max_episode_len             1.000000e+03
mean_episode_len            1.521250e+02
min_episode_len             0.000000e+00
mean_timeouts               0.000000e+00
val_max_episode_rewards     1.000000e+01
val_mean_episode_rewards    4.250000e+00
val_min_episode_rewards     0.000000e+00
val_max_episode_len         1.000000e+03
val_mean_episode_len        2.352250e+02
val_min_episode_len         0.000000e+00
val_mean_timeouts           0.000000e+00
Name: 120, dtype: float64
timesteps                   7.995392e+06
wall_time                   4.742222e+04
num_episodes                1.054150e+05
max_episode_rewards         1.000000e+01
mean_episode_rewards        6.750000e+00
min_episode_rewards         0.000000e+00
max_episode_len             1.000000e+03
mean_episode_len            8.930000e+01
min_episode_len             0.000000e+00
mean_timeouts               0.000000e+00
val_max_episode_rewards     1.000000e+01
val_mean_episode_rewards    4.000000e+00
val_min_episode_rewards     0.000000e+00
val_max_episode_len         1.000000e+03
val_mean_episode_len        3.534750e+02
val_min_episode_len         0.000000e+00
val_mean_timeouts           0.000000e+00
Name: 121, dtype: float64
timesteps                   8.060928e+06
wall_time                   4.781625e+04
num_episodes                1.060340e+05
max_episode_rewards         1.000000e+01
mean_episode_rewards        7.500000e+00
min_episode_rewards         0.000000e+00
max_episode_len             3.940000e+02
mean_episode_len            8.385000e+01
min_episode_len             0.000000e+00
mean_timeouts               0.000000e+00
val_max_episode_rewards     1.000000e+01
val_mean_episode_rewards    4.000000e+00
val_min_episode_rewards     0.000000e+00
val_max_episode_len         1.000000e+03
val_mean_episode_len        4.004000e+02
val_min_episode_len         0.000000e+00
val_mean_timeouts           0.000000e+00
Name: 122, dtype: float64
timesteps                   8.126464e+06
wall_time                   4.821389e+04
num_episodes                1.066710e+05
max_episode_rewards         1.000000e+01
mean_episode_rewards        5.250000e+00
min_episode_rewards         0.000000e+00
max_episode_len             1.000000e+03
mean_episode_len            1.584500e+02
min_episode_len             0.000000e+00
mean_timeouts               0.000000e+00
val_max_episode_rewards     1.000000e+01
val_mean_episode_rewards    4.250000e+00
val_min_episode_rewards     0.000000e+00
val_max_episode_len         1.000000e+03
val_mean_episode_len        3.740000e+02
val_min_episode_len         0.000000e+00
val_mean_timeouts           0.000000e+00
Name: 123, dtype: float64
timesteps                   8.192000e+06
wall_time                   4.859858e+04
num_episodes                1.074740e+05
max_episode_rewards         1.000000e+01
mean_episode_rewards        6.750000e+00
min_episode_rewards         0.000000e+00
max_episode_len             8.730000e+02
mean_episode_len            8.812500e+01
min_episode_len             0.000000e+00
mean_timeouts               0.000000e+00
val_max_episode_rewards     1.000000e+01
val_mean_episode_rewards    4.250000e+00
val_min_episode_rewards     0.000000e+00
val_max_episode_len         1.000000e+03
val_mean_episode_len        4.382750e+02
val_min_episode_len         0.000000e+00
val_mean_timeouts           0.000000e+00
Name: 124, dtype: float64
timesteps                   8.257536e+06
wall_time                   4.897547e+04
num_episodes                1.082690e+05
max_episode_rewards         1.000000e+01
mean_episode_rewards        7.000000e+00
min_episode_rewards         0.000000e+00
max_episode_len             1.980000e+02
mean_episode_len            7.550000e+01
min_episode_len             0.000000e+00
mean_timeouts               0.000000e+00
val_max_episode_rewards     1.000000e+01
val_mean_episode_rewards    4.250000e+00
val_min_episode_rewards     0.000000e+00
val_max_episode_len         1.000000e+03
val_mean_episode_len        3.361750e+02
val_min_episode_len         0.000000e+00
val_mean_timeouts           0.000000e+00
Name: 125, dtype: float64
timesteps                   8.323072e+06
wall_time                   4.935220e+04
num_episodes                1.090560e+05
max_episode_rewards         1.000000e+01
mean_episode_rewards        7.250000e+00
min_episode_rewards         0.000000e+00
max_episode_len             9.560000e+02
mean_episode_len            8.077500e+01
min_episode_len             0.000000e+00
mean_timeouts               2.500000e-02
val_max_episode_rewards     1.000000e+01
val_mean_episode_rewards    4.750000e+00
val_min_episode_rewards     0.000000e+00
val_max_episode_len         1.000000e+03
val_mean_episode_len        3.040250e+02
val_min_episode_len         0.000000e+00
val_mean_timeouts           0.000000e+00
Name: 126, dtype: float64
timesteps                   8.388608e+06
wall_time                   4.972993e+04
num_episodes                1.098620e+05
max_episode_rewards         1.000000e+01
mean_episode_rewards        8.000000e+00
min_episode_rewards         0.000000e+00
max_episode_len             3.460000e+02
mean_episode_len            6.327500e+01
min_episode_len             0.000000e+00
mean_timeouts               0.000000e+00
val_max_episode_rewards     1.000000e+01
val_mean_episode_rewards    4.250000e+00
val_min_episode_rewards     0.000000e+00
val_max_episode_len         1.000000e+03
val_mean_episode_len        3.488500e+02
val_min_episode_len         0.000000e+00
val_mean_timeouts           0.000000e+00
Name: 127, dtype: float64
timesteps                   8.454144e+06
wall_time                   5.012145e+04
num_episodes                1.107260e+05
max_episode_rewards         1.000000e+01
mean_episode_rewards        6.750000e+00
min_episode_rewards         0.000000e+00
max_episode_len             2.940000e+02
mean_episode_len            7.327500e+01
min_episode_len             0.000000e+00
mean_timeouts               0.000000e+00
val_max_episode_rewards     1.000000e+01
val_mean_episode_rewards    4.500000e+00
val_min_episode_rewards     0.000000e+00
val_max_episode_len         1.000000e+03
val_mean_episode_len        3.186250e+02
val_min_episode_len         0.000000e+00
val_mean_timeouts           0.000000e+00
Name: 128, dtype: float64
timesteps                   8.519680e+06
wall_time                   5.049700e+04
num_episodes                1.116260e+05
max_episode_rewards         1.000000e+01
mean_episode_rewards        7.250000e+00
min_episode_rewards         0.000000e+00
max_episode_len             1.000000e+03
mean_episode_len            9.590000e+01
min_episode_len             0.000000e+00
mean_timeouts               0.000000e+00
val_max_episode_rewards     1.000000e+01
val_mean_episode_rewards    3.500000e+00
val_min_episode_rewards     0.000000e+00
val_max_episode_len         1.000000e+03
val_mean_episode_len        3.682000e+02
val_min_episode_len         0.000000e+00
val_mean_timeouts           0.000000e+00
Name: 129, dtype: float64
timesteps                   8.585216e+06
wall_time                   5.087586e+04
num_episodes                1.125290e+05
max_episode_rewards         1.000000e+01
mean_episode_rewards        7.250000e+00
min_episode_rewards         0.000000e+00
max_episode_len             4.530000e+02
mean_episode_len            7.340000e+01
min_episode_len             0.000000e+00
mean_timeouts               2.500000e-02
val_max_episode_rewards     1.000000e+01
val_mean_episode_rewards    4.500000e+00
val_min_episode_rewards     0.000000e+00
val_max_episode_len         1.000000e+03
val_mean_episode_len        2.560750e+02
val_min_episode_len         0.000000e+00
val_mean_timeouts           0.000000e+00
Name: 130, dtype: float64
timesteps                   8.650752e+06
wall_time                   5.124666e+04
num_episodes                1.133810e+05
max_episode_rewards         1.000000e+01
mean_episode_rewards        6.000000e+00
min_episode_rewards         0.000000e+00
max_episode_len             6.740000e+02
mean_episode_len            9.065000e+01
min_episode_len             0.000000e+00
mean_timeouts               0.000000e+00
val_max_episode_rewards     1.000000e+01
val_mean_episode_rewards    5.250000e+00
val_min_episode_rewards     0.000000e+00
val_max_episode_len         1.000000e+03
val_mean_episode_len        2.895500e+02
val_min_episode_len         0.000000e+00
val_mean_timeouts           0.000000e+00
Name: 131, dtype: float64
timesteps                   8.716288e+06
wall_time                   5.162021e+04
num_episodes                1.142200e+05
max_episode_rewards         1.000000e+01
mean_episode_rewards        3.500000e+00
min_episode_rewards         0.000000e+00
max_episode_len             5.550000e+02
mean_episode_len            8.650000e+01
min_episode_len             0.000000e+00
mean_timeouts               0.000000e+00
val_max_episode_rewards     1.000000e+01
val_mean_episode_rewards    5.750000e+00
val_min_episode_rewards     0.000000e+00
val_max_episode_len         1.000000e+03
val_mean_episode_len        3.111500e+02
val_min_episode_len         0.000000e+00
val_mean_timeouts           0.000000e+00
Name: 132, dtype: float64
timesteps                   8.781824e+06
wall_time                   5.199050e+04
num_episodes                1.150360e+05
max_episode_rewards         1.000000e+01
mean_episode_rewards        6.750000e+00
min_episode_rewards         0.000000e+00
max_episode_len             3.850000e+02
mean_episode_len            8.262500e+01
min_episode_len             0.000000e+00
mean_timeouts               2.500000e-02
val_max_episode_rewards     1.000000e+01
val_mean_episode_rewards    3.250000e+00
val_min_episode_rewards     0.000000e+00
val_max_episode_len         1.000000e+03
val_mean_episode_len        3.897750e+02
val_min_episode_len         0.000000e+00
val_mean_timeouts           0.000000e+00
Name: 133, dtype: float64
timesteps                   8.847360e+06
wall_time                   5.237381e+04
num_episodes                1.158100e+05
max_episode_rewards         1.000000e+01
mean_episode_rewards        6.750000e+00
min_episode_rewards         0.000000e+00
max_episode_len             4.100000e+02
mean_episode_len            8.345000e+01
min_episode_len             0.000000e+00
mean_timeouts               0.000000e+00
val_max_episode_rewards     1.000000e+01
val_mean_episode_rewards    2.750000e+00
val_min_episode_rewards     0.000000e+00
val_max_episode_len         1.000000e+03
val_mean_episode_len        3.958500e+02
val_min_episode_len         0.000000e+00
val_mean_timeouts           0.000000e+00
Name: 134, dtype: float64
timesteps                   8.912896e+06
wall_time                   5.275787e+04
num_episodes                1.165850e+05
max_episode_rewards         1.000000e+01
mean_episode_rewards        6.250000e+00
min_episode_rewards         0.000000e+00
max_episode_len             2.010000e+02
mean_episode_len            5.902500e+01
min_episode_len             0.000000e+00
mean_timeouts               0.000000e+00
val_max_episode_rewards     1.000000e+01
val_mean_episode_rewards    5.000000e+00
val_min_episode_rewards     0.000000e+00
val_max_episode_len         1.000000e+03
val_mean_episode_len        3.121250e+02
val_min_episode_len         0.000000e+00
val_mean_timeouts           0.000000e+00
Name: 135, dtype: float64
timesteps                   8.978432e+06
wall_time                   5.314170e+04
num_episodes                1.172890e+05
max_episode_rewards         1.000000e+01
mean_episode_rewards        8.250000e+00
min_episode_rewards         0.000000e+00
max_episode_len             2.790000e+02
mean_episode_len            8.490000e+01
min_episode_len             0.000000e+00
mean_timeouts               0.000000e+00
val_max_episode_rewards     1.000000e+01
val_mean_episode_rewards    5.000000e+00
val_min_episode_rewards     0.000000e+00
val_max_episode_len         1.000000e+03
val_mean_episode_len        3.696000e+02
val_min_episode_len         0.000000e+00
val_mean_timeouts           0.000000e+00
Name: 136, dtype: float64
timesteps                   9.043968e+06
wall_time                   5.353299e+04
num_episodes                1.179330e+05
max_episode_rewards         1.000000e+01
mean_episode_rewards        8.000000e+00
min_episode_rewards         0.000000e+00
max_episode_len             5.070000e+02
mean_episode_len            8.252500e+01
min_episode_len             0.000000e+00
mean_timeouts               0.000000e+00
val_max_episode_rewards     1.000000e+01
val_mean_episode_rewards    3.750000e+00
val_min_episode_rewards     0.000000e+00
val_max_episode_len         1.000000e+03
val_mean_episode_len        3.398250e+02
val_min_episode_len         0.000000e+00
val_mean_timeouts           0.000000e+00
Name: 137, dtype: float64
timesteps                   9.109504e+06
wall_time                   5.391225e+04
num_episodes                1.185310e+05
max_episode_rewards         1.000000e+01
mean_episode_rewards        6.000000e+00
min_episode_rewards         0.000000e+00
max_episode_len             3.420000e+02
mean_episode_len            7.300000e+01
min_episode_len             0.000000e+00
mean_timeouts               0.000000e+00
val_max_episode_rewards     1.000000e+01
val_mean_episode_rewards    4.000000e+00
val_min_episode_rewards     0.000000e+00
val_max_episode_len         1.000000e+03
val_mean_episode_len        4.814750e+02
val_min_episode_len         0.000000e+00
val_mean_timeouts           0.000000e+00
Name: 138, dtype: float64
timesteps                   9.175040e+06
wall_time                   5.429863e+04
num_episodes                1.190720e+05
max_episode_rewards         1.000000e+01
mean_episode_rewards        8.250000e+00
min_episode_rewards         0.000000e+00
max_episode_len             1.000000e+03
mean_episode_len            1.280000e+02
min_episode_len             0.000000e+00
mean_timeouts               0.000000e+00
val_max_episode_rewards     1.000000e+01
val_mean_episode_rewards    4.750000e+00
val_min_episode_rewards     0.000000e+00
val_max_episode_len         1.000000e+03
val_mean_episode_len        3.648750e+02
val_min_episode_len         0.000000e+00
val_mean_timeouts           0.000000e+00
Name: 139, dtype: float64
timesteps                   9.240576e+06
wall_time                   5.469442e+04
num_episodes                1.195840e+05
max_episode_rewards         1.000000e+01
mean_episode_rewards        7.500000e+00
min_episode_rewards         0.000000e+00
max_episode_len             1.000000e+03
mean_episode_len            1.000750e+02
min_episode_len             0.000000e+00
mean_timeouts               0.000000e+00
val_max_episode_rewards     1.000000e+01
val_mean_episode_rewards    4.500000e+00
val_min_episode_rewards     0.000000e+00
val_max_episode_len         1.000000e+03
val_mean_episode_len        4.009750e+02
val_min_episode_len         0.000000e+00
val_mean_timeouts           2.500000e-02
Name: 140, dtype: float64
timesteps                   9306112.000
wall_time                     55086.046
num_episodes                 120102.000
max_episode_rewards              10.000
mean_episode_rewards              7.750
min_episode_rewards               0.000
max_episode_len                 873.000
mean_episode_len                122.725
min_episode_len                   0.000
mean_timeouts                     0.025
val_max_episode_rewards          10.000
val_mean_episode_rewards          5.250
val_min_episode_rewards           0.000
val_max_episode_len            1000.000
val_mean_episode_len            293.350
val_min_episode_len               0.000
val_mean_timeouts                 0.000
Name: 141, dtype: float64
timesteps                   9.371648e+06
wall_time                   5.548605e+04
num_episodes                1.206320e+05
max_episode_rewards         1.000000e+01
mean_episode_rewards        7.500000e+00
min_episode_rewards         0.000000e+00
max_episode_len             5.640000e+02
mean_episode_len            7.737500e+01
min_episode_len             0.000000e+00
mean_timeouts               0.000000e+00
val_max_episode_rewards     1.000000e+01
val_mean_episode_rewards    3.750000e+00
val_min_episode_rewards     0.000000e+00
val_max_episode_len         1.000000e+03
val_mean_episode_len        5.071000e+02
val_min_episode_len         0.000000e+00
val_mean_timeouts           0.000000e+00
Name: 142, dtype: float64
timesteps                   9.437184e+06
wall_time                   5.587432e+04
num_episodes                1.211340e+05
max_episode_rewards         1.000000e+01
mean_episode_rewards        7.250000e+00
min_episode_rewards         0.000000e+00
max_episode_len             1.000000e+03
mean_episode_len            1.183500e+02
min_episode_len             0.000000e+00
mean_timeouts               0.000000e+00
val_max_episode_rewards     1.000000e+01
val_mean_episode_rewards    3.250000e+00
val_min_episode_rewards     0.000000e+00
val_max_episode_len         1.000000e+03
val_mean_episode_len        4.132500e+02
val_min_episode_len         0.000000e+00
val_mean_timeouts           0.000000e+00
Name: 143, dtype: float64
timesteps                   9.502720e+06
wall_time                   5.626529e+04
num_episodes                1.217270e+05
max_episode_rewards         1.000000e+01
mean_episode_rewards        6.500000e+00
min_episode_rewards         0.000000e+00
max_episode_len             9.890000e+02
mean_episode_len            1.082250e+02
min_episode_len             0.000000e+00
mean_timeouts               0.000000e+00
val_max_episode_rewards     1.000000e+01
val_mean_episode_rewards    4.750000e+00
val_min_episode_rewards     0.000000e+00
val_max_episode_len         1.000000e+03
val_mean_episode_len        4.694000e+02
val_min_episode_len         0.000000e+00
val_mean_timeouts           0.000000e+00
Name: 144, dtype: float64
timesteps                   9.568256e+06
wall_time                   5.666410e+04
num_episodes                1.223230e+05
max_episode_rewards         1.000000e+01
mean_episode_rewards        7.000000e+00
min_episode_rewards         0.000000e+00
max_episode_len             3.380000e+02
mean_episode_len            8.382500e+01
min_episode_len             0.000000e+00
mean_timeouts               0.000000e+00
val_max_episode_rewards     1.000000e+01
val_mean_episode_rewards    3.500000e+00
val_min_episode_rewards     0.000000e+00
val_max_episode_len         1.000000e+03
val_mean_episode_len        4.786750e+02
val_min_episode_len         0.000000e+00
val_mean_timeouts           0.000000e+00
Name: 145, dtype: float64
timesteps                   9.633792e+06
wall_time                   5.705196e+04
num_episodes                1.228610e+05
max_episode_rewards         1.000000e+01
mean_episode_rewards        7.500000e+00
min_episode_rewards         0.000000e+00
max_episode_len             6.380000e+02
mean_episode_len            9.340000e+01
min_episode_len             0.000000e+00
mean_timeouts               0.000000e+00
val_max_episode_rewards     1.000000e+01
val_mean_episode_rewards    4.250000e+00
val_min_episode_rewards     0.000000e+00
val_max_episode_len         1.000000e+03
val_mean_episode_len        4.612750e+02
val_min_episode_len         0.000000e+00
val_mean_timeouts           0.000000e+00
Name: 146, dtype: float64
timesteps                   9.699328e+06
wall_time                   5.743675e+04
num_episodes                1.234640e+05
max_episode_rewards         1.000000e+01
mean_episode_rewards        8.000000e+00
min_episode_rewards         0.000000e+00
max_episode_len             5.210000e+02
mean_episode_len            9.285000e+01
min_episode_len             0.000000e+00
mean_timeouts               0.000000e+00
val_max_episode_rewards     1.000000e+01
val_mean_episode_rewards    4.250000e+00
val_min_episode_rewards     0.000000e+00
val_max_episode_len         1.000000e+03
val_mean_episode_len        3.921750e+02
val_min_episode_len         0.000000e+00
val_mean_timeouts           0.000000e+00
Name: 147, dtype: float64
timesteps                   9.764864e+06
wall_time                   5.783208e+04
num_episodes                1.241010e+05
max_episode_rewards         1.000000e+01
mean_episode_rewards        5.000000e+00
min_episode_rewards         0.000000e+00
max_episode_len             1.000000e+03
mean_episode_len            1.301750e+02
min_episode_len             0.000000e+00
mean_timeouts               0.000000e+00
val_max_episode_rewards     1.000000e+01
val_mean_episode_rewards    4.500000e+00
val_min_episode_rewards     0.000000e+00
val_max_episode_len         1.000000e+03
val_mean_episode_len        3.605500e+02
val_min_episode_len         0.000000e+00
val_mean_timeouts           2.500000e-02
Name: 148, dtype: float64
timesteps                   9.830400e+06
wall_time                   5.822885e+04
num_episodes                1.246600e+05
max_episode_rewards         1.000000e+01
mean_episode_rewards        6.500000e+00
min_episode_rewards         0.000000e+00
max_episode_len             8.330000e+02
mean_episode_len            1.060000e+02
min_episode_len             0.000000e+00
mean_timeouts               2.500000e-02
val_max_episode_rewards     1.000000e+01
val_mean_episode_rewards    5.500000e+00
val_min_episode_rewards     0.000000e+00
val_max_episode_len         1.000000e+03
val_mean_episode_len        2.322750e+02
val_min_episode_len         0.000000e+00
val_mean_timeouts           0.000000e+00
Name: 149, dtype: float64
timesteps                   9.895936e+06
wall_time                   5.863173e+04
num_episodes                1.251990e+05
max_episode_rewards         1.000000e+01
mean_episode_rewards        6.000000e+00
min_episode_rewards         0.000000e+00
max_episode_len             1.000000e+03
mean_episode_len            1.187000e+02
min_episode_len             0.000000e+00
mean_timeouts               0.000000e+00
val_max_episode_rewards     1.000000e+01
val_mean_episode_rewards    3.500000e+00
val_min_episode_rewards     0.000000e+00
val_max_episode_len         1.000000e+03
val_mean_episode_len        6.124250e+02
val_min_episode_len         0.000000e+00
val_mean_timeouts           0.000000e+00
Name: 150, dtype: float64
timesteps                   9.961472e+06
wall_time                   5.902002e+04
num_episodes                1.257330e+05
max_episode_rewards         1.000000e+01
mean_episode_rewards        5.750000e+00
min_episode_rewards         0.000000e+00
max_episode_len             1.000000e+03
mean_episode_len            1.272500e+02
min_episode_len             0.000000e+00
mean_timeouts               0.000000e+00
val_max_episode_rewards     1.000000e+01
val_mean_episode_rewards    5.500000e+00
val_min_episode_rewards     0.000000e+00
val_max_episode_len         1.000000e+03
val_mean_episode_len        3.032500e+02
val_min_episode_len         0.000000e+00
val_mean_timeouts           0.000000e+00
Name: 151, dtype: float64
timesteps                   1.002701e+07
wall_time                   5.940234e+04
num_episodes                1.262790e+05
max_episode_rewards         1.000000e+01
mean_episode_rewards        8.250000e+00
min_episode_rewards         0.000000e+00
max_episode_len             1.000000e+03
mean_episode_len            1.091500e+02
min_episode_len             0.000000e+00
mean_timeouts               0.000000e+00
val_max_episode_rewards     1.000000e+01
val_mean_episode_rewards    3.750000e+00
val_min_episode_rewards     0.000000e+00
val_max_episode_len         1.000000e+03
val_mean_episode_len        5.735250e+02
val_min_episode_len         0.000000e+00
val_mean_timeouts           0.000000e+00
Name: 152, dtype: float64
Saving model at timestep 10027009
timesteps                   1.009254e+07
wall_time                   5.977834e+04
num_episodes                1.268840e+05
max_episode_rewards         1.000000e+01
mean_episode_rewards        7.750000e+00
min_episode_rewards         0.000000e+00
max_episode_len             1.000000e+03
mean_episode_len            1.411250e+02
min_episode_len             0.000000e+00
mean_timeouts               0.000000e+00
val_max_episode_rewards     1.000000e+01
val_mean_episode_rewards    5.750000e+00
val_min_episode_rewards     0.000000e+00
val_max_episode_len         1.000000e+03
val_mean_episode_len        3.325250e+02
val_min_episode_len         0.000000e+00
val_mean_timeouts           0.000000e+00
Name: 153, dtype: float64
timesteps                   1.015808e+07
wall_time                   6.015965e+04
num_episodes                1.275160e+05
max_episode_rewards         1.000000e+01
mean_episode_rewards        7.500000e+00
min_episode_rewards         0.000000e+00
max_episode_len             4.250000e+02
mean_episode_len            8.160000e+01
min_episode_len             0.000000e+00
mean_timeouts               0.000000e+00
val_max_episode_rewards     1.000000e+01
val_mean_episode_rewards    4.000000e+00
val_min_episode_rewards     0.000000e+00
val_max_episode_len         1.000000e+03
val_mean_episode_len        4.407500e+02
val_min_episode_len         0.000000e+00
val_mean_timeouts           2.500000e-02
Name: 154, dtype: float64
timesteps                   1.022362e+07
wall_time                   6.053622e+04
num_episodes                1.281070e+05
max_episode_rewards         1.000000e+01
mean_episode_rewards        7.750000e+00
min_episode_rewards         0.000000e+00
max_episode_len             1.000000e+03
mean_episode_len            1.955750e+02
min_episode_len             0.000000e+00
mean_timeouts               0.000000e+00
val_max_episode_rewards     1.000000e+01
val_mean_episode_rewards    3.750000e+00
val_min_episode_rewards     0.000000e+00
val_max_episode_len         1.000000e+03
val_mean_episode_len        5.022250e+02
val_min_episode_len         0.000000e+00
val_mean_timeouts           0.000000e+00
Name: 155, dtype: float64
timesteps                   1.028915e+07
wall_time                   6.092689e+04
num_episodes                1.286980e+05
max_episode_rewards         1.000000e+01
mean_episode_rewards        7.500000e+00
min_episode_rewards         0.000000e+00
max_episode_len             3.480000e+02
mean_episode_len            7.405000e+01
min_episode_len             0.000000e+00
mean_timeouts               2.500000e-02
val_max_episode_rewards     1.000000e+01
val_mean_episode_rewards    3.500000e+00
val_min_episode_rewards     0.000000e+00
val_max_episode_len         1.000000e+03
val_mean_episode_len        4.264250e+02
val_min_episode_len         0.000000e+00
val_mean_timeouts           0.000000e+00
Name: 156, dtype: float64
timesteps                   1.035469e+07
wall_time                   6.132395e+04
num_episodes                1.291990e+05
max_episode_rewards         1.000000e+01
mean_episode_rewards        7.250000e+00
min_episode_rewards         0.000000e+00
max_episode_len             1.000000e+03
mean_episode_len            1.452750e+02
min_episode_len             0.000000e+00
mean_timeouts               0.000000e+00
val_max_episode_rewards     1.000000e+01
val_mean_episode_rewards    5.000000e+00
val_min_episode_rewards     0.000000e+00
val_max_episode_len         1.000000e+03
val_mean_episode_len        3.735250e+02
val_min_episode_len         0.000000e+00
val_mean_timeouts           0.000000e+00
Name: 157, dtype: float64
timesteps                   1.042022e+07
wall_time                   6.172443e+04
num_episodes                1.296870e+05
max_episode_rewards         1.000000e+01
mean_episode_rewards        7.500000e+00
min_episode_rewards         0.000000e+00
max_episode_len             1.000000e+03
mean_episode_len            1.271750e+02
min_episode_len             0.000000e+00
mean_timeouts               2.500000e-02
val_max_episode_rewards     1.000000e+01
val_mean_episode_rewards    5.000000e+00
val_min_episode_rewards     0.000000e+00
val_max_episode_len         1.000000e+03
val_mean_episode_len        3.176250e+02
val_min_episode_len         0.000000e+00
val_mean_timeouts           0.000000e+00
Name: 158, dtype: float64
timesteps                   1.048576e+07
wall_time                   6.211547e+04
num_episodes                1.301600e+05
max_episode_rewards         1.000000e+01
mean_episode_rewards        7.750000e+00
min_episode_rewards         0.000000e+00
max_episode_len             4.310000e+02
mean_episode_len            9.205000e+01
min_episode_len             0.000000e+00
mean_timeouts               0.000000e+00
val_max_episode_rewards     1.000000e+01
val_mean_episode_rewards    3.750000e+00
val_min_episode_rewards     0.000000e+00
val_max_episode_len         1.000000e+03
val_mean_episode_len        4.184500e+02
val_min_episode_len         0.000000e+00
val_mean_timeouts           0.000000e+00
Name: 159, dtype: float64
timesteps                   1.055130e+07
wall_time                   6.250441e+04
num_episodes                1.306880e+05
max_episode_rewards         1.000000e+01
mean_episode_rewards        6.000000e+00
min_episode_rewards         0.000000e+00
max_episode_len             1.000000e+03
mean_episode_len            1.557000e+02
min_episode_len             0.000000e+00
mean_timeouts               0.000000e+00
val_max_episode_rewards     1.000000e+01
val_mean_episode_rewards    4.500000e+00
val_min_episode_rewards     0.000000e+00
val_max_episode_len         1.000000e+03
val_mean_episode_len        4.162750e+02
val_min_episode_len         0.000000e+00
val_mean_timeouts           5.000000e-02
Name: 160, dtype: float64
timesteps                   1.061683e+07
wall_time                   6.288566e+04
num_episodes                1.312780e+05
max_episode_rewards         1.000000e+01
mean_episode_rewards        7.000000e+00
min_episode_rewards         0.000000e+00
max_episode_len             1.000000e+03
mean_episode_len            1.204750e+02
min_episode_len             0.000000e+00
mean_timeouts               0.000000e+00
val_max_episode_rewards     1.000000e+01
val_mean_episode_rewards    4.750000e+00
val_min_episode_rewards     0.000000e+00
val_max_episode_len         1.000000e+03
val_mean_episode_len        3.570750e+02
val_min_episode_len         0.000000e+00
val_mean_timeouts           0.000000e+00
Name: 161, dtype: float64
timesteps                   1.068237e+07
wall_time                   6.326673e+04
num_episodes                1.319200e+05
max_episode_rewards         1.000000e+01
mean_episode_rewards        7.250000e+00
min_episode_rewards         0.000000e+00
max_episode_len             7.890000e+02
mean_episode_len            1.119500e+02
min_episode_len             0.000000e+00
mean_timeouts               5.000000e-02
val_max_episode_rewards     1.000000e+01
val_mean_episode_rewards    2.750000e+00
val_min_episode_rewards     0.000000e+00
val_max_episode_len         1.000000e+03
val_mean_episode_len        4.181500e+02
val_min_episode_len         0.000000e+00
val_mean_timeouts           0.000000e+00
Name: 162, dtype: float64
timesteps                   1.074790e+07
wall_time                   6.365085e+04
num_episodes                1.325180e+05
max_episode_rewards         1.000000e+01
mean_episode_rewards        6.250000e+00
min_episode_rewards         0.000000e+00
max_episode_len             6.280000e+02
mean_episode_len            9.767500e+01
min_episode_len             0.000000e+00
mean_timeouts               0.000000e+00
val_max_episode_rewards     1.000000e+01
val_mean_episode_rewards    5.500000e+00
val_min_episode_rewards     0.000000e+00
val_max_episode_len         1.000000e+03
val_mean_episode_len        2.460750e+02
val_min_episode_len         0.000000e+00
val_mean_timeouts           0.000000e+00
Name: 163, dtype: float64
timesteps                   1.081344e+07
wall_time                   6.403268e+04
num_episodes                1.332100e+05
max_episode_rewards         1.000000e+01
mean_episode_rewards        6.500000e+00
min_episode_rewards         0.000000e+00
max_episode_len             3.150000e+02
mean_episode_len            9.577500e+01
min_episode_len             0.000000e+00
mean_timeouts               0.000000e+00
val_max_episode_rewards     1.000000e+01
val_mean_episode_rewards    4.000000e+00
val_min_episode_rewards     0.000000e+00
val_max_episode_len         1.000000e+03
val_mean_episode_len        2.789250e+02
val_min_episode_len         0.000000e+00
val_mean_timeouts           0.000000e+00
Name: 164, dtype: float64
timesteps                   1.087898e+07
wall_time                   6.441358e+04
num_episodes                1.339390e+05
max_episode_rewards         1.000000e+01
mean_episode_rewards        7.250000e+00
min_episode_rewards         0.000000e+00
max_episode_len             5.240000e+02
mean_episode_len            1.047500e+02
min_episode_len             0.000000e+00
mean_timeouts               0.000000e+00
val_max_episode_rewards     1.000000e+01
val_mean_episode_rewards    4.500000e+00
val_min_episode_rewards     0.000000e+00
val_max_episode_len         1.000000e+03
val_mean_episode_len        3.462250e+02
val_min_episode_len         0.000000e+00
val_mean_timeouts           0.000000e+00
Name: 165, dtype: float64
timesteps                   1.094451e+07
wall_time                   6.480495e+04
num_episodes                1.346410e+05
max_episode_rewards         1.000000e+01
mean_episode_rewards        8.500000e+00
min_episode_rewards         0.000000e+00
max_episode_len             6.770000e+02
mean_episode_len            1.010250e+02
min_episode_len             0.000000e+00
mean_timeouts               0.000000e+00
val_max_episode_rewards     1.000000e+01
val_mean_episode_rewards    5.000000e+00
val_min_episode_rewards     0.000000e+00
val_max_episode_len         1.000000e+03
val_mean_episode_len        2.917250e+02
val_min_episode_len         0.000000e+00
val_mean_timeouts           0.000000e+00
Name: 166, dtype: float64
timesteps                   1.101005e+07
wall_time                   6.519190e+04
num_episodes                1.354170e+05
max_episode_rewards         1.000000e+01
mean_episode_rewards        6.250000e+00
min_episode_rewards         0.000000e+00
max_episode_len             4.180000e+02
mean_episode_len            7.400000e+01
min_episode_len             0.000000e+00
mean_timeouts               0.000000e+00
val_max_episode_rewards     1.000000e+01
val_mean_episode_rewards    4.000000e+00
val_min_episode_rewards     0.000000e+00
val_max_episode_len         1.000000e+03
val_mean_episode_len        4.930250e+02
val_min_episode_len         0.000000e+00
val_mean_timeouts           0.000000e+00
Name: 167, dtype: float64
timesteps                   1.107558e+07
wall_time                   6.558416e+04
num_episodes                1.361820e+05
max_episode_rewards         1.000000e+01
mean_episode_rewards        6.750000e+00
min_episode_rewards         0.000000e+00
max_episode_len             1.000000e+03
mean_episode_len            1.133250e+02
min_episode_len             0.000000e+00
mean_timeouts               0.000000e+00
val_max_episode_rewards     1.000000e+01
val_mean_episode_rewards    3.500000e+00
val_min_episode_rewards     0.000000e+00
val_max_episode_len         1.000000e+03
val_mean_episode_len        4.713000e+02
val_min_episode_len         0.000000e+00
val_mean_timeouts           2.500000e-02
Name: 168, dtype: float64
timesteps                   1.114112e+07
wall_time                   6.597127e+04
num_episodes                1.369940e+05
max_episode_rewards         1.000000e+01
mean_episode_rewards        7.250000e+00
min_episode_rewards         0.000000e+00
max_episode_len             4.390000e+02
mean_episode_len            7.425000e+01
min_episode_len             0.000000e+00
mean_timeouts               0.000000e+00
val_max_episode_rewards     1.000000e+01
val_mean_episode_rewards    5.000000e+00
val_min_episode_rewards     0.000000e+00
val_max_episode_len         1.000000e+03
val_mean_episode_len        2.812500e+02
val_min_episode_len         0.000000e+00
val_mean_timeouts           0.000000e+00
Name: 169, dtype: float64
timesteps                   1.120666e+07
wall_time                   6.635062e+04
num_episodes                1.378060e+05
max_episode_rewards         1.000000e+01
mean_episode_rewards        6.500000e+00
min_episode_rewards         0.000000e+00
max_episode_len             3.420000e+02
mean_episode_len            7.857500e+01
min_episode_len             0.000000e+00
mean_timeouts               0.000000e+00
val_max_episode_rewards     1.000000e+01
val_mean_episode_rewards    4.250000e+00
val_min_episode_rewards     0.000000e+00
val_max_episode_len         1.000000e+03
val_mean_episode_len        2.471750e+02
val_min_episode_len         0.000000e+00
val_mean_timeouts           0.000000e+00
Name: 170, dtype: float64
timesteps                   1.127219e+07
wall_time                   6.672995e+04
num_episodes                1.385890e+05
max_episode_rewards         1.000000e+01
mean_episode_rewards        5.500000e+00
min_episode_rewards         0.000000e+00
max_episode_len             3.120000e+02
mean_episode_len            7.075000e+01
min_episode_len             0.000000e+00
mean_timeouts               2.500000e-02
val_max_episode_rewards     1.000000e+01
val_mean_episode_rewards    6.250000e+00
val_min_episode_rewards     0.000000e+00
val_max_episode_len         1.000000e+03
val_mean_episode_len        2.206250e+02
val_min_episode_len         0.000000e+00
val_mean_timeouts           0.000000e+00
Name: 171, dtype: float64
timesteps                   1.133773e+07
wall_time                   6.711232e+04
num_episodes                1.394350e+05
max_episode_rewards         1.000000e+01
mean_episode_rewards        7.250000e+00
min_episode_rewards         0.000000e+00
max_episode_len             6.850000e+02
mean_episode_len            8.095000e+01
min_episode_len             0.000000e+00
mean_timeouts               0.000000e+00
val_max_episode_rewards     1.000000e+01
val_mean_episode_rewards    6.750000e+00
val_min_episode_rewards     0.000000e+00
val_max_episode_len         1.000000e+03
val_mean_episode_len        1.593750e+02
val_min_episode_len         0.000000e+00
val_mean_timeouts           0.000000e+00
Name: 172, dtype: float64
timesteps                   1.140326e+07
wall_time                   6.749428e+04
num_episodes                1.402710e+05
max_episode_rewards         1.000000e+01
mean_episode_rewards        8.000000e+00
min_episode_rewards         0.000000e+00
max_episode_len             7.810000e+02
mean_episode_len            8.277500e+01
min_episode_len             0.000000e+00
mean_timeouts               0.000000e+00
val_max_episode_rewards     1.000000e+01
val_mean_episode_rewards    4.750000e+00
val_min_episode_rewards     0.000000e+00
val_max_episode_len         1.000000e+03
val_mean_episode_len        2.360000e+02
val_min_episode_len         0.000000e+00
val_mean_timeouts           0.000000e+00
Name: 173, dtype: float64
timesteps                   1.146880e+07
wall_time                   6.787707e+04
num_episodes                1.411120e+05
max_episode_rewards         1.000000e+01
mean_episode_rewards        4.750000e+00
min_episode_rewards         0.000000e+00
max_episode_len             1.000000e+03
mean_episode_len            1.301250e+02
min_episode_len             0.000000e+00
mean_timeouts               0.000000e+00
val_max_episode_rewards     1.000000e+01
val_mean_episode_rewards    4.250000e+00
val_min_episode_rewards     0.000000e+00
val_max_episode_len         1.000000e+03
val_mean_episode_len        2.351250e+02
val_min_episode_len         0.000000e+00
val_mean_timeouts           0.000000e+00
Name: 174, dtype: float64
timesteps                   1.153434e+07
wall_time                   6.825711e+04
num_episodes                1.419930e+05
max_episode_rewards         1.000000e+01
mean_episode_rewards        6.250000e+00
min_episode_rewards         0.000000e+00
max_episode_len             2.640000e+02
mean_episode_len            6.812500e+01
min_episode_len             0.000000e+00
mean_timeouts               2.500000e-02
val_max_episode_rewards     1.000000e+01
val_mean_episode_rewards    4.000000e+00
val_min_episode_rewards     0.000000e+00
val_max_episode_len         1.000000e+03
val_mean_episode_len        2.771250e+02
val_min_episode_len         0.000000e+00
val_mean_timeouts           0.000000e+00
Name: 175, dtype: float64
timesteps                   1.159987e+07
wall_time                   6.863863e+04
num_episodes                1.428400e+05
max_episode_rewards         1.000000e+01
mean_episode_rewards        7.500000e+00
min_episode_rewards         0.000000e+00
max_episode_len             5.010000e+02
mean_episode_len            1.033500e+02
min_episode_len             0.000000e+00
mean_timeouts               2.500000e-02
val_max_episode_rewards     1.000000e+01
val_mean_episode_rewards    7.250000e+00
val_min_episode_rewards     0.000000e+00
val_max_episode_len         1.000000e+03
val_mean_episode_len        1.740250e+02
val_min_episode_len         0.000000e+00
val_mean_timeouts           0.000000e+00
Name: 176, dtype: float64
timesteps                   1.166541e+07
wall_time                   6.902261e+04
num_episodes                1.437290e+05
max_episode_rewards         1.000000e+01
mean_episode_rewards        6.500000e+00
min_episode_rewards         0.000000e+00
max_episode_len             1.870000e+02
mean_episode_len            6.935000e+01
min_episode_len             0.000000e+00
mean_timeouts               5.000000e-02
val_max_episode_rewards     1.000000e+01
val_mean_episode_rewards    6.250000e+00
val_min_episode_rewards     0.000000e+00
val_max_episode_len         1.000000e+03
val_mean_episode_len        1.924000e+02
val_min_episode_len         0.000000e+00
val_mean_timeouts           0.000000e+00
Name: 177, dtype: float64
timesteps                   1.173094e+07
wall_time                   6.940847e+04
num_episodes                1.445250e+05
max_episode_rewards         1.000000e+01
mean_episode_rewards        7.000000e+00
min_episode_rewards         0.000000e+00
max_episode_len             2.320000e+02
mean_episode_len            7.360000e+01
min_episode_len             0.000000e+00
mean_timeouts               0.000000e+00
val_max_episode_rewards     1.000000e+01
val_mean_episode_rewards    3.750000e+00
val_min_episode_rewards     0.000000e+00
val_max_episode_len         1.000000e+03
val_mean_episode_len        3.715250e+02
val_min_episode_len         0.000000e+00
val_mean_timeouts           0.000000e+00
Name: 178, dtype: float64
timesteps                   1.179648e+07
wall_time                   6.979204e+04
num_episodes                1.453000e+05
max_episode_rewards         1.000000e+01
mean_episode_rewards        7.750000e+00
min_episode_rewards         0.000000e+00
max_episode_len             4.940000e+02
mean_episode_len            8.287500e+01
min_episode_len             0.000000e+00
mean_timeouts               0.000000e+00
val_max_episode_rewards     1.000000e+01
val_mean_episode_rewards    5.500000e+00
val_min_episode_rewards     0.000000e+00
val_max_episode_len         1.000000e+03
val_mean_episode_len        3.096500e+02
val_min_episode_len         0.000000e+00
val_mean_timeouts           0.000000e+00
Name: 179, dtype: float64
timesteps                   1.186202e+07
wall_time                   7.017483e+04
num_episodes                1.460990e+05
max_episode_rewards         1.000000e+01
mean_episode_rewards        7.250000e+00
min_episode_rewards         0.000000e+00
max_episode_len             5.190000e+02
mean_episode_len            8.305000e+01
min_episode_len             0.000000e+00
mean_timeouts               0.000000e+00
val_max_episode_rewards     1.000000e+01
val_mean_episode_rewards    5.750000e+00
val_min_episode_rewards     0.000000e+00
val_max_episode_len         1.000000e+03
val_mean_episode_len        2.703750e+02
val_min_episode_len         0.000000e+00
val_mean_timeouts           0.000000e+00
Name: 180, dtype: float64
timesteps                   1.192755e+07
wall_time                   7.057163e+04
num_episodes                1.468630e+05
max_episode_rewards         1.000000e+01
mean_episode_rewards        6.250000e+00
min_episode_rewards         0.000000e+00
max_episode_len             4.220000e+02
mean_episode_len            8.237500e+01
min_episode_len             0.000000e+00
mean_timeouts               0.000000e+00
val_max_episode_rewards     1.000000e+01
val_mean_episode_rewards    5.250000e+00
val_min_episode_rewards     0.000000e+00
val_max_episode_len         1.000000e+03
val_mean_episode_len        2.906250e+02
val_min_episode_len         0.000000e+00
val_mean_timeouts           2.500000e-02
Name: 181, dtype: float64
timesteps                   1.199309e+07
wall_time                   7.095817e+04
num_episodes                1.477290e+05
max_episode_rewards         1.000000e+01
mean_episode_rewards        7.500000e+00
min_episode_rewards         0.000000e+00
max_episode_len             8.520000e+02
mean_episode_len            9.837500e+01
min_episode_len             0.000000e+00
mean_timeouts               2.500000e-02
val_max_episode_rewards     1.000000e+01
val_mean_episode_rewards    3.750000e+00
val_min_episode_rewards     0.000000e+00
val_max_episode_len         1.000000e+03
val_mean_episode_len        2.969000e+02
val_min_episode_len         0.000000e+00
val_mean_timeouts           0.000000e+00
Name: 182, dtype: float64
timesteps                   1.205862e+07
wall_time                   7.134265e+04
num_episodes                1.485190e+05
max_episode_rewards         1.000000e+01
mean_episode_rewards        7.750000e+00
min_episode_rewards         0.000000e+00
max_episode_len             1.670000e+02
mean_episode_len            7.075000e+01
min_episode_len             0.000000e+00
mean_timeouts               0.000000e+00
val_max_episode_rewards     1.000000e+01
val_mean_episode_rewards    4.500000e+00
val_min_episode_rewards     0.000000e+00
val_max_episode_len         1.000000e+03
val_mean_episode_len        4.302250e+02
val_min_episode_len         0.000000e+00
val_mean_timeouts           0.000000e+00
Name: 183, dtype: float64
timesteps                   1.212416e+07
wall_time                   7.172380e+04
num_episodes                1.492520e+05
max_episode_rewards         1.000000e+01
mean_episode_rewards        7.250000e+00
min_episode_rewards         0.000000e+00
max_episode_len             3.570000e+02
mean_episode_len            8.477500e+01
min_episode_len             0.000000e+00
mean_timeouts               0.000000e+00
val_max_episode_rewards     1.000000e+01
val_mean_episode_rewards    4.000000e+00
val_min_episode_rewards     0.000000e+00
val_max_episode_len         1.000000e+03
val_mean_episode_len        2.991750e+02
val_min_episode_len         0.000000e+00
val_mean_timeouts           0.000000e+00
Name: 184, dtype: float64
timesteps                   1.218970e+07
wall_time                   7.211952e+04
num_episodes                1.499290e+05
max_episode_rewards         1.000000e+01
mean_episode_rewards        7.750000e+00
min_episode_rewards         0.000000e+00
max_episode_len             5.680000e+02
mean_episode_len            9.702500e+01
min_episode_len             0.000000e+00
mean_timeouts               0.000000e+00
val_max_episode_rewards     1.000000e+01
val_mean_episode_rewards    4.500000e+00
val_min_episode_rewards     0.000000e+00
val_max_episode_len         1.000000e+03
val_mean_episode_len        4.151750e+02
val_min_episode_len         0.000000e+00
val_mean_timeouts           0.000000e+00
Name: 185, dtype: float64
timesteps                   1.225523e+07
wall_time                   7.251277e+04
num_episodes                1.506150e+05
max_episode_rewards         1.000000e+01
mean_episode_rewards        7.000000e+00
min_episode_rewards         0.000000e+00
max_episode_len             6.550000e+02
mean_episode_len            1.051500e+02
min_episode_len             0.000000e+00
mean_timeouts               0.000000e+00
val_max_episode_rewards     1.000000e+01
val_mean_episode_rewards    3.250000e+00
val_min_episode_rewards     0.000000e+00
val_max_episode_len         1.000000e+03
val_mean_episode_len        3.955500e+02
val_min_episode_len         0.000000e+00
val_mean_timeouts           0.000000e+00
Name: 186, dtype: float64
timesteps                   1.232077e+07
wall_time                   7.291230e+04
num_episodes                1.512900e+05
max_episode_rewards         1.000000e+01
mean_episode_rewards        6.750000e+00
min_episode_rewards         0.000000e+00
max_episode_len             2.910000e+02
mean_episode_len            6.490000e+01
min_episode_len             0.000000e+00
mean_timeouts               0.000000e+00
val_max_episode_rewards     1.000000e+01
val_mean_episode_rewards    4.250000e+00
val_min_episode_rewards     0.000000e+00
val_max_episode_len         1.000000e+03
val_mean_episode_len        4.482250e+02
val_min_episode_len         0.000000e+00
val_mean_timeouts           0.000000e+00
Name: 187, dtype: float64
timesteps                   1.238630e+07
wall_time                   7.331869e+04
num_episodes                1.519850e+05
max_episode_rewards         1.000000e+01
mean_episode_rewards        6.250000e+00
min_episode_rewards         0.000000e+00
max_episode_len             1.000000e+03
mean_episode_len            1.005500e+02
min_episode_len             0.000000e+00
mean_timeouts               2.500000e-02
val_max_episode_rewards     1.000000e+01
val_mean_episode_rewards    3.750000e+00
val_min_episode_rewards     0.000000e+00
val_max_episode_len         1.000000e+03
val_mean_episode_len        4.897750e+02
val_min_episode_len         0.000000e+00
val_mean_timeouts           0.000000e+00
Name: 188, dtype: float64
timesteps                   1.245184e+07
wall_time                   7.372168e+04
num_episodes                1.527420e+05
max_episode_rewards         1.000000e+01
mean_episode_rewards        7.000000e+00
min_episode_rewards         0.000000e+00
max_episode_len             3.580000e+02
mean_episode_len            8.955000e+01
min_episode_len             0.000000e+00
mean_timeouts               0.000000e+00
val_max_episode_rewards     1.000000e+01
val_mean_episode_rewards    5.250000e+00
val_min_episode_rewards     0.000000e+00
val_max_episode_len         1.000000e+03
val_mean_episode_len        3.083500e+02
val_min_episode_len         0.000000e+00
val_mean_timeouts           2.500000e-02
Name: 189, dtype: float64
timesteps                   1.251738e+07
wall_time                   7.411218e+04
num_episodes                1.535310e+05
max_episode_rewards         1.000000e+01
mean_episode_rewards        6.500000e+00
min_episode_rewards         0.000000e+00
max_episode_len             4.240000e+02
mean_episode_len            1.090000e+02
min_episode_len             0.000000e+00
mean_timeouts               0.000000e+00
val_max_episode_rewards     1.000000e+01
val_mean_episode_rewards    4.250000e+00
val_min_episode_rewards     0.000000e+00
val_max_episode_len         1.000000e+03
val_mean_episode_len        3.251500e+02
val_min_episode_len         0.000000e+00
val_mean_timeouts           0.000000e+00
Name: 190, dtype: float64
Saving model at timestep 12517377
timesteps                   1.258291e+07
wall_time                   7.450565e+04
num_episodes                1.544060e+05
max_episode_rewards         1.000000e+01
mean_episode_rewards        8.000000e+00
min_episode_rewards         0.000000e+00
max_episode_len             2.820000e+02
mean_episode_len            7.962500e+01
min_episode_len             0.000000e+00
mean_timeouts               0.000000e+00
val_max_episode_rewards     1.000000e+01
val_mean_episode_rewards    5.250000e+00
val_min_episode_rewards     0.000000e+00
val_max_episode_len         1.000000e+03
val_mean_episode_len        1.802500e+02
val_min_episode_len         0.000000e+00
val_mean_timeouts           0.000000e+00
Name: 191, dtype: float64
timesteps                   1.264845e+07
wall_time                   7.488629e+04
num_episodes                1.552470e+05
max_episode_rewards         1.000000e+01
mean_episode_rewards        6.500000e+00
min_episode_rewards         0.000000e+00
max_episode_len             1.860000e+02
mean_episode_len            6.012500e+01
min_episode_len             0.000000e+00
mean_timeouts               0.000000e+00
val_max_episode_rewards     1.000000e+01
val_mean_episode_rewards    4.500000e+00
val_min_episode_rewards     0.000000e+00
val_max_episode_len         1.000000e+03
val_mean_episode_len        3.151000e+02
val_min_episode_len         0.000000e+00
val_mean_timeouts           0.000000e+00
Name: 192, dtype: float64
timesteps                   1.271398e+07
wall_time                   7.527082e+04
num_episodes                1.561480e+05
max_episode_rewards         1.000000e+01
mean_episode_rewards        6.750000e+00
min_episode_rewards         0.000000e+00
max_episode_len             4.640000e+02
mean_episode_len            8.355000e+01
min_episode_len             0.000000e+00
mean_timeouts               0.000000e+00
val_max_episode_rewards     1.000000e+01
val_mean_episode_rewards    5.250000e+00
val_min_episode_rewards     0.000000e+00
val_max_episode_len         1.000000e+03
val_mean_episode_len        2.043000e+02
val_min_episode_len         0.000000e+00
val_mean_timeouts           0.000000e+00
Name: 193, dtype: float64
timesteps                   1.277952e+07
wall_time                   7.564895e+04
num_episodes                1.570610e+05
max_episode_rewards         1.000000e+01
mean_episode_rewards        5.750000e+00
min_episode_rewards         0.000000e+00
max_episode_len             6.420000e+02
mean_episode_len            7.750000e+01
min_episode_len             0.000000e+00
mean_timeouts               0.000000e+00
val_max_episode_rewards     1.000000e+01
val_mean_episode_rewards    5.250000e+00
val_min_episode_rewards     0.000000e+00
val_max_episode_len         1.000000e+03
val_mean_episode_len        3.531500e+02
val_min_episode_len         0.000000e+00
val_mean_timeouts           5.000000e-02
Name: 194, dtype: float64
timesteps                   1.284506e+07
wall_time                   7.603279e+04
num_episodes                1.579740e+05
max_episode_rewards         1.000000e+01
mean_episode_rewards        6.250000e+00
min_episode_rewards         0.000000e+00
max_episode_len             4.800000e+02
mean_episode_len            8.010000e+01
min_episode_len             0.000000e+00
mean_timeouts               0.000000e+00
val_max_episode_rewards     1.000000e+01
val_mean_episode_rewards    6.000000e+00
val_min_episode_rewards     0.000000e+00
val_max_episode_len         1.000000e+03
val_mean_episode_len        2.683500e+02
val_min_episode_len         0.000000e+00
val_mean_timeouts           2.500000e-02
Name: 195, dtype: float64
timesteps                   1.291059e+07
wall_time                   7.641895e+04
num_episodes                1.588670e+05
max_episode_rewards         1.000000e+01
mean_episode_rewards        8.000000e+00
min_episode_rewards         0.000000e+00
max_episode_len             1.450000e+02
mean_episode_len            6.212500e+01
min_episode_len             0.000000e+00
mean_timeouts               0.000000e+00
val_max_episode_rewards     1.000000e+01
val_mean_episode_rewards    5.250000e+00
val_min_episode_rewards     0.000000e+00
val_max_episode_len         1.000000e+03
val_mean_episode_len        3.267000e+02
val_min_episode_len         0.000000e+00
val_mean_timeouts           0.000000e+00
Name: 196, dtype: float64
timesteps                   1.297613e+07
wall_time                   7.680414e+04
num_episodes                1.597630e+05
max_episode_rewards         1.000000e+01
mean_episode_rewards        7.500000e+00
min_episode_rewards         0.000000e+00
max_episode_len             3.830000e+02
mean_episode_len            7.920000e+01
min_episode_len             0.000000e+00
mean_timeouts               0.000000e+00
val_max_episode_rewards     1.000000e+01
val_mean_episode_rewards    3.500000e+00
val_min_episode_rewards     0.000000e+00
val_max_episode_len         1.000000e+03
val_mean_episode_len        3.450750e+02
val_min_episode_len         0.000000e+00
val_mean_timeouts           2.500000e-02
Name: 197, dtype: float64
timesteps                   1.304166e+07
wall_time                   7.719771e+04
num_episodes                1.607110e+05
max_episode_rewards         1.000000e+01
mean_episode_rewards        9.000000e+00
min_episode_rewards         0.000000e+00
max_episode_len             1.300000e+02
mean_episode_len            5.465000e+01
min_episode_len             0.000000e+00
mean_timeouts               0.000000e+00
val_max_episode_rewards     1.000000e+01
val_mean_episode_rewards    5.500000e+00
val_min_episode_rewards     0.000000e+00
val_max_episode_len         1.000000e+03
val_mean_episode_len        3.466000e+02
val_min_episode_len         0.000000e+00
val_mean_timeouts           0.000000e+00
Name: 198, dtype: float64
timesteps                   1.310720e+07
wall_time                   7.758049e+04
num_episodes                1.615730e+05
max_episode_rewards         1.000000e+01
mean_episode_rewards        7.250000e+00
min_episode_rewards         0.000000e+00
max_episode_len             1.850000e+02
mean_episode_len            7.275000e+01
min_episode_len             0.000000e+00
mean_timeouts               0.000000e+00
val_max_episode_rewards     1.000000e+01
val_mean_episode_rewards    5.250000e+00
val_min_episode_rewards     0.000000e+00
val_max_episode_len         1.000000e+03
val_mean_episode_len        2.091750e+02
val_min_episode_len         0.000000e+00
val_mean_timeouts           0.000000e+00
Name: 199, dtype: float64
timesteps                   1.317274e+07
wall_time                   7.796715e+04
num_episodes                1.624810e+05
max_episode_rewards         1.000000e+01
mean_episode_rewards        8.500000e+00
min_episode_rewards         0.000000e+00
max_episode_len             3.750000e+02
mean_episode_len            6.457500e+01
min_episode_len             0.000000e+00
mean_timeouts               0.000000e+00
val_max_episode_rewards     1.000000e+01
val_mean_episode_rewards    4.750000e+00
val_min_episode_rewards     0.000000e+00
val_max_episode_len         1.000000e+03
val_mean_episode_len        2.619250e+02
val_min_episode_len         0.000000e+00
val_mean_timeouts           2.500000e-02
Name: 200, dtype: float64
timesteps                   1.323827e+07
wall_time                   7.835252e+04
num_episodes                1.633480e+05
max_episode_rewards         1.000000e+01
mean_episode_rewards        8.000000e+00
min_episode_rewards         0.000000e+00
max_episode_len             2.170000e+02
mean_episode_len            7.242500e+01
min_episode_len             0.000000e+00
mean_timeouts               0.000000e+00
val_max_episode_rewards     1.000000e+01
val_mean_episode_rewards    4.000000e+00
val_min_episode_rewards     0.000000e+00
val_max_episode_len         1.000000e+03
val_mean_episode_len        3.009000e+02
val_min_episode_len         0.000000e+00
val_mean_timeouts           0.000000e+00
Name: 201, dtype: float64
timesteps                   1.330381e+07
wall_time                   7.874211e+04
num_episodes                1.641900e+05
max_episode_rewards         1.000000e+01
mean_episode_rewards        6.750000e+00
min_episode_rewards         0.000000e+00
max_episode_len             1.000000e+03
mean_episode_len            8.805000e+01
min_episode_len             0.000000e+00
mean_timeouts               0.000000e+00
val_max_episode_rewards     1.000000e+01
val_mean_episode_rewards    5.750000e+00
val_min_episode_rewards     0.000000e+00
val_max_episode_len         1.000000e+03
val_mean_episode_len        2.479750e+02
val_min_episode_len         0.000000e+00
val_mean_timeouts           5.000000e-02
Name: 202, dtype: float64
timesteps                   1.336934e+07
wall_time                   7.913615e+04
num_episodes                1.649880e+05
max_episode_rewards         1.000000e+01
mean_episode_rewards        7.500000e+00
min_episode_rewards         0.000000e+00
max_episode_len             5.650000e+02
mean_episode_len            7.307500e+01
min_episode_len             0.000000e+00
mean_timeouts               0.000000e+00
val_max_episode_rewards     1.000000e+01
val_mean_episode_rewards    6.250000e+00
val_min_episode_rewards     0.000000e+00
val_max_episode_len         1.000000e+03
val_mean_episode_len        2.698250e+02
val_min_episode_len         0.000000e+00
val_mean_timeouts           2.500000e-02
Name: 203, dtype: float64
timesteps                   1.343488e+07
wall_time                   7.951888e+04
num_episodes                1.657820e+05
max_episode_rewards         1.000000e+01
mean_episode_rewards        8.250000e+00
min_episode_rewards         0.000000e+00
max_episode_len             1.580000e+02
mean_episode_len            7.557500e+01
min_episode_len             0.000000e+00
mean_timeouts               2.500000e-02
val_max_episode_rewards     1.000000e+01
val_mean_episode_rewards    4.250000e+00
val_min_episode_rewards     0.000000e+00
val_max_episode_len         1.000000e+03
val_mean_episode_len        2.617000e+02
val_min_episode_len         0.000000e+00
val_mean_timeouts           0.000000e+00
Name: 204, dtype: float64
timesteps                   1.350042e+07
wall_time                   7.990918e+04
num_episodes                1.665230e+05
max_episode_rewards         1.000000e+01
mean_episode_rewards        8.250000e+00
min_episode_rewards         0.000000e+00
max_episode_len             5.220000e+02
mean_episode_len            7.452500e+01
min_episode_len             0.000000e+00
mean_timeouts               0.000000e+00
val_max_episode_rewards     1.000000e+01
val_mean_episode_rewards    5.000000e+00
val_min_episode_rewards     0.000000e+00
val_max_episode_len         1.000000e+03
val_mean_episode_len        2.287500e+02
val_min_episode_len         0.000000e+00
val_mean_timeouts           0.000000e+00
Name: 205, dtype: float64
timesteps                   1.356595e+07
wall_time                   8.030812e+04
num_episodes                1.672360e+05
max_episode_rewards         1.000000e+01
mean_episode_rewards        7.250000e+00
min_episode_rewards         0.000000e+00
max_episode_len             3.210000e+02
mean_episode_len            9.097500e+01
min_episode_len             0.000000e+00
mean_timeouts               0.000000e+00
val_max_episode_rewards     1.000000e+01
val_mean_episode_rewards    4.250000e+00
val_min_episode_rewards     0.000000e+00
val_max_episode_len         1.000000e+03
val_mean_episode_len        3.769000e+02
val_min_episode_len         0.000000e+00
val_mean_timeouts           0.000000e+00
Name: 206, dtype: float64
timesteps                   1.363149e+07
wall_time                   8.071460e+04
num_episodes                1.678560e+05
max_episode_rewards         1.000000e+01
mean_episode_rewards        7.250000e+00
min_episode_rewards         0.000000e+00
max_episode_len             1.000000e+03
mean_episode_len            1.201500e+02
min_episode_len             0.000000e+00
mean_timeouts               0.000000e+00
val_max_episode_rewards     1.000000e+01
val_mean_episode_rewards    4.500000e+00
val_min_episode_rewards     0.000000e+00
val_max_episode_len         1.000000e+03
val_mean_episode_len        3.785750e+02
val_min_episode_len         0.000000e+00
val_mean_timeouts           0.000000e+00
Name: 207, dtype: float64
timesteps                   1.369702e+07
wall_time                   8.112730e+04
num_episodes                1.684750e+05
max_episode_rewards         1.000000e+01
mean_episode_rewards        7.500000e+00
min_episode_rewards         0.000000e+00
max_episode_len             2.980000e+02
mean_episode_len            7.362500e+01
min_episode_len             0.000000e+00
mean_timeouts               2.500000e-02
val_max_episode_rewards     1.000000e+01
val_mean_episode_rewards    3.500000e+00
val_min_episode_rewards     0.000000e+00
val_max_episode_len         1.000000e+03
val_mean_episode_len        2.947000e+02
val_min_episode_len         0.000000e+00
val_mean_timeouts           2.500000e-02
Name: 208, dtype: float64
timesteps                   1.376256e+07
wall_time                   8.154042e+04
num_episodes                1.690900e+05
max_episode_rewards         1.000000e+01
mean_episode_rewards        7.500000e+00
min_episode_rewards         0.000000e+00
max_episode_len             6.930000e+02
mean_episode_len            9.150000e+01
min_episode_len             0.000000e+00
mean_timeouts               0.000000e+00
val_max_episode_rewards     1.000000e+01
val_mean_episode_rewards    4.750000e+00
val_min_episode_rewards     0.000000e+00
val_max_episode_len         1.000000e+03
val_mean_episode_len        3.083750e+02
val_min_episode_len         0.000000e+00
val_mean_timeouts           2.500000e-02
Name: 209, dtype: float64
timesteps                   1.382810e+07
wall_time                   8.193300e+04
num_episodes                1.696490e+05
max_episode_rewards         1.000000e+01
mean_episode_rewards        7.250000e+00
min_episode_rewards         0.000000e+00
max_episode_len             1.000000e+03
mean_episode_len            1.743750e+02
min_episode_len             0.000000e+00
mean_timeouts               0.000000e+00
val_max_episode_rewards     1.000000e+01
val_mean_episode_rewards    5.500000e+00
val_min_episode_rewards     0.000000e+00
val_max_episode_len         1.000000e+03
val_mean_episode_len        2.994500e+02
val_min_episode_len         0.000000e+00
val_mean_timeouts           2.500000e-02
Name: 210, dtype: float64
timesteps                   1.389363e+07
wall_time                   8.233776e+04
num_episodes                1.702170e+05
max_episode_rewards         1.000000e+01
mean_episode_rewards        6.750000e+00
min_episode_rewards         0.000000e+00
max_episode_len             4.350000e+02
mean_episode_len            9.027500e+01
min_episode_len             0.000000e+00
mean_timeouts               0.000000e+00
val_max_episode_rewards     1.000000e+01
val_mean_episode_rewards    4.000000e+00
val_min_episode_rewards     0.000000e+00
val_max_episode_len         1.000000e+03
val_mean_episode_len        3.376750e+02
val_min_episode_len         0.000000e+00
val_mean_timeouts           0.000000e+00
Name: 211, dtype: float64
timesteps                   1.395917e+07
wall_time                   8.273398e+04
num_episodes                1.707900e+05
max_episode_rewards         1.000000e+01
mean_episode_rewards        8.000000e+00
min_episode_rewards         0.000000e+00
max_episode_len             5.320000e+02
mean_episode_len            8.062500e+01
min_episode_len             0.000000e+00
mean_timeouts               0.000000e+00
val_max_episode_rewards     1.000000e+01
val_mean_episode_rewards    5.750000e+00
val_min_episode_rewards     0.000000e+00
val_max_episode_len         1.000000e+03
val_mean_episode_len        2.211000e+02
val_min_episode_len         0.000000e+00
val_mean_timeouts           0.000000e+00
Name: 212, dtype: float64
timesteps                   1.402470e+07
wall_time                   8.313332e+04
num_episodes                1.713480e+05
max_episode_rewards         1.000000e+01
mean_episode_rewards        7.000000e+00
min_episode_rewards         0.000000e+00
max_episode_len             1.000000e+03
mean_episode_len            1.267000e+02
min_episode_len             0.000000e+00
mean_timeouts               0.000000e+00
val_max_episode_rewards     1.000000e+01
val_mean_episode_rewards    4.500000e+00
val_min_episode_rewards     0.000000e+00
val_max_episode_len         1.000000e+03
val_mean_episode_len        3.885750e+02
val_min_episode_len         0.000000e+00
val_mean_timeouts           0.000000e+00
Name: 213, dtype: float64
timesteps                   1.409024e+07
wall_time                   8.353378e+04
num_episodes                1.719230e+05
max_episode_rewards         1.000000e+01
mean_episode_rewards        7.000000e+00
min_episode_rewards         0.000000e+00
max_episode_len             1.000000e+03
mean_episode_len            1.791750e+02
min_episode_len             0.000000e+00
mean_timeouts               0.000000e+00
val_max_episode_rewards     1.000000e+01
val_mean_episode_rewards    4.500000e+00
val_min_episode_rewards     0.000000e+00
val_max_episode_len         1.000000e+03
val_mean_episode_len        3.632750e+02
val_min_episode_len         0.000000e+00
val_mean_timeouts           0.000000e+00
Name: 214, dtype: float64
timesteps                   1.415578e+07
wall_time                   8.394149e+04
num_episodes                1.725190e+05
max_episode_rewards         1.000000e+01
mean_episode_rewards        7.750000e+00
min_episode_rewards         0.000000e+00
max_episode_len             9.490000e+02
mean_episode_len            1.092250e+02
min_episode_len             0.000000e+00
mean_timeouts               0.000000e+00
val_max_episode_rewards     1.000000e+01
val_mean_episode_rewards    5.000000e+00
val_min_episode_rewards     0.000000e+00
val_max_episode_len         1.000000e+03
val_mean_episode_len        4.010750e+02
val_min_episode_len         0.000000e+00
val_mean_timeouts           0.000000e+00
Name: 215, dtype: float64
timesteps                   1.422131e+07
wall_time                   8.434099e+04
num_episodes                1.731550e+05
max_episode_rewards         1.000000e+01
mean_episode_rewards        5.750000e+00
min_episode_rewards         0.000000e+00
max_episode_len             8.820000e+02
mean_episode_len            1.124000e+02
min_episode_len             0.000000e+00
mean_timeouts               0.000000e+00
val_max_episode_rewards     1.000000e+01
val_mean_episode_rewards    6.000000e+00
val_min_episode_rewards     0.000000e+00
val_max_episode_len         1.000000e+03
val_mean_episode_len        2.379000e+02
val_min_episode_len         0.000000e+00
val_mean_timeouts           2.500000e-02
Name: 216, dtype: float64
timesteps                   1.428685e+07
wall_time                   8.474498e+04
num_episodes                1.738410e+05
max_episode_rewards         1.000000e+01
mean_episode_rewards        8.250000e+00
min_episode_rewards         0.000000e+00
max_episode_len             1.000000e+03
mean_episode_len            1.230500e+02
min_episode_len             0.000000e+00
mean_timeouts               0.000000e+00
val_max_episode_rewards     1.000000e+01
val_mean_episode_rewards    4.500000e+00
val_min_episode_rewards     0.000000e+00
val_max_episode_len         1.000000e+03
val_mean_episode_len        4.232500e+02
val_min_episode_len         0.000000e+00
val_mean_timeouts           0.000000e+00
Name: 217, dtype: float64
timesteps                   1.435238e+07
wall_time                   8.513989e+04
num_episodes                1.745200e+05
max_episode_rewards         1.000000e+01
mean_episode_rewards        7.500000e+00
min_episode_rewards         0.000000e+00
max_episode_len             1.950000e+02
mean_episode_len            6.785000e+01
min_episode_len             0.000000e+00
mean_timeouts               0.000000e+00
val_max_episode_rewards     1.000000e+01
val_mean_episode_rewards    4.500000e+00
val_min_episode_rewards     0.000000e+00
val_max_episode_len         1.000000e+03
val_mean_episode_len        2.915500e+02
val_min_episode_len         0.000000e+00
val_mean_timeouts           0.000000e+00
Name: 218, dtype: float64
timesteps                   1.441792e+07
wall_time                   8.552727e+04
num_episodes                1.751840e+05
max_episode_rewards         1.000000e+01
mean_episode_rewards        7.750000e+00
min_episode_rewards         0.000000e+00
max_episode_len             8.310000e+02
mean_episode_len            9.587500e+01
min_episode_len             0.000000e+00
mean_timeouts               0.000000e+00
val_max_episode_rewards     1.000000e+01
val_mean_episode_rewards    3.250000e+00
val_min_episode_rewards     0.000000e+00
val_max_episode_len         1.000000e+03
val_mean_episode_len        5.124500e+02
val_min_episode_len         0.000000e+00
val_mean_timeouts           0.000000e+00
Name: 219, dtype: float64
timesteps                   1.448346e+07
wall_time                   8.592022e+04
num_episodes                1.759040e+05
max_episode_rewards         1.000000e+01
mean_episode_rewards        8.000000e+00
min_episode_rewards         0.000000e+00
max_episode_len             5.850000e+02
mean_episode_len            1.020250e+02
min_episode_len             0.000000e+00
mean_timeouts               0.000000e+00
val_max_episode_rewards     1.000000e+01
val_mean_episode_rewards    4.500000e+00
val_min_episode_rewards     0.000000e+00
val_max_episode_len         1.000000e+03
val_mean_episode_len        3.595750e+02
val_min_episode_len         0.000000e+00
val_mean_timeouts           0.000000e+00
Name: 220, dtype: float64
timesteps                   1.454899e+07
wall_time                   8.630014e+04
num_episodes                1.766630e+05
max_episode_rewards         1.000000e+01
mean_episode_rewards        8.500000e+00
min_episode_rewards         0.000000e+00
max_episode_len             1.000000e+03
mean_episode_len            8.855000e+01
min_episode_len             0.000000e+00
mean_timeouts               0.000000e+00
val_max_episode_rewards     1.000000e+01
val_mean_episode_rewards    4.000000e+00
val_min_episode_rewards     0.000000e+00
val_max_episode_len         1.000000e+03
val_mean_episode_len        3.018250e+02
val_min_episode_len         0.000000e+00
val_mean_timeouts           0.000000e+00
Name: 221, dtype: float64
timesteps                   1.461453e+07
wall_time                   8.668226e+04
num_episodes                1.773900e+05
max_episode_rewards         1.000000e+01
mean_episode_rewards        8.000000e+00
min_episode_rewards         0.000000e+00
max_episode_len             8.970000e+02
mean_episode_len            9.400000e+01
min_episode_len             0.000000e+00
mean_timeouts               0.000000e+00
val_max_episode_rewards     1.000000e+01
val_mean_episode_rewards    4.000000e+00
val_min_episode_rewards     0.000000e+00
val_max_episode_len         1.000000e+03
val_mean_episode_len        3.171000e+02
val_min_episode_len         0.000000e+00
val_mean_timeouts           0.000000e+00
Name: 222, dtype: float64
timesteps                   1.468006e+07
wall_time                   8.707140e+04
num_episodes                1.781210e+05
max_episode_rewards         1.000000e+01
mean_episode_rewards        7.250000e+00
min_episode_rewards         0.000000e+00
max_episode_len             3.990000e+02
mean_episode_len            9.477500e+01
min_episode_len             0.000000e+00
mean_timeouts               2.500000e-02
val_max_episode_rewards     1.000000e+01
val_mean_episode_rewards    3.250000e+00
val_min_episode_rewards     0.000000e+00
val_max_episode_len         1.000000e+03
val_mean_episode_len        4.180000e+02
val_min_episode_len         0.000000e+00
val_mean_timeouts           0.000000e+00
Name: 223, dtype: float64
timesteps                   1.474560e+07
wall_time                   8.745005e+04
num_episodes                1.788680e+05
max_episode_rewards         1.000000e+01
mean_episode_rewards        8.750000e+00
min_episode_rewards         0.000000e+00
max_episode_len             3.000000e+02
mean_episode_len            7.422500e+01
min_episode_len             0.000000e+00
mean_timeouts               0.000000e+00
val_max_episode_rewards     1.000000e+01
val_mean_episode_rewards    2.500000e+00
val_min_episode_rewards     0.000000e+00
val_max_episode_len         1.000000e+03
val_mean_episode_len        4.292750e+02
val_min_episode_len         0.000000e+00
val_mean_timeouts           2.500000e-02
Name: 224, dtype: float64
timesteps                   1.481114e+07
wall_time                   8.783576e+04
num_episodes                1.796660e+05
max_episode_rewards         1.000000e+01
mean_episode_rewards        6.750000e+00
min_episode_rewards         0.000000e+00
max_episode_len             2.260000e+02
mean_episode_len            7.955000e+01
min_episode_len             0.000000e+00
mean_timeouts               2.500000e-02
val_max_episode_rewards     1.000000e+01
val_mean_episode_rewards    5.500000e+00
val_min_episode_rewards     0.000000e+00
val_max_episode_len         1.000000e+03
val_mean_episode_len        2.656000e+02
val_min_episode_len         0.000000e+00
val_mean_timeouts           0.000000e+00
Name: 225, dtype: float64
timesteps                   1.487667e+07
wall_time                   8.822191e+04
num_episodes                1.804880e+05
max_episode_rewards         1.000000e+01
mean_episode_rewards        8.250000e+00
min_episode_rewards         0.000000e+00
max_episode_len             1.000000e+03
mean_episode_len            1.003750e+02
min_episode_len             0.000000e+00
mean_timeouts               0.000000e+00
val_max_episode_rewards     1.000000e+01
val_mean_episode_rewards    6.250000e+00
val_min_episode_rewards     0.000000e+00
val_max_episode_len         1.000000e+03
val_mean_episode_len        2.084250e+02
val_min_episode_len         0.000000e+00
val_mean_timeouts           0.000000e+00
Name: 226, dtype: float64
timesteps                   1.494221e+07
wall_time                   8.860342e+04
num_episodes                1.812350e+05
max_episode_rewards         1.000000e+01
mean_episode_rewards        8.250000e+00
min_episode_rewards         0.000000e+00
max_episode_len             3.880000e+02
mean_episode_len            8.142500e+01
min_episode_len             0.000000e+00
mean_timeouts               0.000000e+00
val_max_episode_rewards     1.000000e+01
val_mean_episode_rewards    4.750000e+00
val_min_episode_rewards     0.000000e+00
val_max_episode_len         1.000000e+03
val_mean_episode_len        2.650500e+02
val_min_episode_len         0.000000e+00
val_mean_timeouts           0.000000e+00
Name: 227, dtype: float64
timesteps                   1.500774e+07
wall_time                   8.898568e+04
num_episodes                1.819730e+05
max_episode_rewards         1.000000e+01
mean_episode_rewards        8.000000e+00
min_episode_rewards         0.000000e+00
max_episode_len             3.900000e+02
mean_episode_len            8.957500e+01
min_episode_len             0.000000e+00
mean_timeouts               0.000000e+00
val_max_episode_rewards     1.000000e+01
val_mean_episode_rewards    6.500000e+00
val_min_episode_rewards     0.000000e+00
val_max_episode_len         1.000000e+03
val_mean_episode_len        2.195750e+02
val_min_episode_len         0.000000e+00
val_mean_timeouts           0.000000e+00
Name: 228, dtype: float64
timesteps                   1.507328e+07
wall_time                   8.937241e+04
num_episodes                1.826970e+05
max_episode_rewards         1.000000e+01
mean_episode_rewards        7.250000e+00
min_episode_rewards         0.000000e+00
max_episode_len             6.030000e+02
mean_episode_len            9.075000e+01
min_episode_len             0.000000e+00
mean_timeouts               0.000000e+00
val_max_episode_rewards     1.000000e+01
val_mean_episode_rewards    3.500000e+00
val_min_episode_rewards     0.000000e+00
val_max_episode_len         1.000000e+03
val_mean_episode_len        3.547250e+02
val_min_episode_len         0.000000e+00
val_mean_timeouts           0.000000e+00
Name: 229, dtype: float64
timesteps                   1.513882e+07
wall_time                   8.975587e+04
num_episodes                1.834990e+05
max_episode_rewards         1.000000e+01
mean_episode_rewards        6.750000e+00
min_episode_rewards         0.000000e+00
max_episode_len             3.290000e+02
mean_episode_len            7.597500e+01
min_episode_len             0.000000e+00
mean_timeouts               0.000000e+00
val_max_episode_rewards     1.000000e+01
val_mean_episode_rewards    5.250000e+00
val_min_episode_rewards     0.000000e+00
val_max_episode_len         1.000000e+03
val_mean_episode_len        3.102000e+02
val_min_episode_len         0.000000e+00
val_mean_timeouts           0.000000e+00
Name: 230, dtype: float64
timesteps                   1.520435e+07
wall_time                   9.013555e+04
num_episodes                1.843150e+05
max_episode_rewards         1.000000e+01
mean_episode_rewards        7.000000e+00
min_episode_rewards         0.000000e+00
max_episode_len             5.340000e+02
mean_episode_len            1.000750e+02
min_episode_len             0.000000e+00
mean_timeouts               0.000000e+00
val_max_episode_rewards     1.000000e+01
val_mean_episode_rewards    4.750000e+00
val_min_episode_rewards     0.000000e+00
val_max_episode_len         1.000000e+03
val_mean_episode_len        4.212750e+02
val_min_episode_len         0.000000e+00
val_mean_timeouts           0.000000e+00
Name: 231, dtype: float64
timesteps                   1.526989e+07
wall_time                   9.051458e+04
num_episodes                1.850540e+05
max_episode_rewards         1.000000e+01
mean_episode_rewards        8.000000e+00
min_episode_rewards         0.000000e+00
max_episode_len             4.300000e+02
mean_episode_len            9.512500e+01
min_episode_len             0.000000e+00
mean_timeouts               0.000000e+00
val_max_episode_rewards     1.000000e+01
val_mean_episode_rewards    5.500000e+00
val_min_episode_rewards     0.000000e+00
val_max_episode_len         1.000000e+03
val_mean_episode_len        3.329500e+02
val_min_episode_len         0.000000e+00
val_mean_timeouts           0.000000e+00
Name: 232, dtype: float64
timesteps                   1.533542e+07
wall_time                   9.090482e+04
num_episodes                1.857360e+05
max_episode_rewards         1.000000e+01
mean_episode_rewards        6.250000e+00
min_episode_rewards         0.000000e+00
max_episode_len             2.650000e+02
mean_episode_len            6.677500e+01
min_episode_len             0.000000e+00
mean_timeouts               0.000000e+00
val_max_episode_rewards     1.000000e+01
val_mean_episode_rewards    4.750000e+00
val_min_episode_rewards     0.000000e+00
val_max_episode_len         1.000000e+03
val_mean_episode_len        4.115750e+02
val_min_episode_len         0.000000e+00
val_mean_timeouts           2.500000e-02
Name: 233, dtype: float64
timesteps                   1.540096e+07
wall_time                   9.129278e+04
num_episodes                1.863790e+05
max_episode_rewards         1.000000e+01
mean_episode_rewards        6.500000e+00
min_episode_rewards         0.000000e+00
max_episode_len             1.000000e+03
mean_episode_len            1.272500e+02
min_episode_len             0.000000e+00
mean_timeouts               0.000000e+00
val_max_episode_rewards     1.000000e+01
val_mean_episode_rewards    5.000000e+00
val_min_episode_rewards     0.000000e+00
val_max_episode_len         1.000000e+03
val_mean_episode_len        2.622750e+02
val_min_episode_len         0.000000e+00
val_mean_timeouts           0.000000e+00
Name: 234, dtype: float64
timesteps                   1.546650e+07
wall_time                   9.168589e+04
num_episodes                1.870070e+05
max_episode_rewards         1.000000e+01
mean_episode_rewards        7.500000e+00
min_episode_rewards         0.000000e+00
max_episode_len             4.430000e+02
mean_episode_len            7.785000e+01
min_episode_len             0.000000e+00
mean_timeouts               0.000000e+00
val_max_episode_rewards     1.000000e+01
val_mean_episode_rewards    4.250000e+00
val_min_episode_rewards     0.000000e+00
val_max_episode_len         1.000000e+03
val_mean_episode_len        3.144500e+02
val_min_episode_len         0.000000e+00
val_mean_timeouts           5.000000e-02
Name: 235, dtype: float64
timesteps                   1.553203e+07
wall_time                   9.208658e+04
num_episodes                1.876060e+05
max_episode_rewards         1.000000e+01
mean_episode_rewards        6.750000e+00
min_episode_rewards         0.000000e+00
max_episode_len             9.280000e+02
mean_episode_len            9.302500e+01
min_episode_len             0.000000e+00
mean_timeouts               0.000000e+00
val_max_episode_rewards     1.000000e+01
val_mean_episode_rewards    5.250000e+00
val_min_episode_rewards     0.000000e+00
val_max_episode_len         1.000000e+03
val_mean_episode_len        3.168500e+02
val_min_episode_len         0.000000e+00
val_mean_timeouts           0.000000e+00
Name: 236, dtype: float64
timesteps                   1.559757e+07
wall_time                   9.247929e+04
num_episodes                1.881740e+05
max_episode_rewards         1.000000e+01
mean_episode_rewards        8.250000e+00
min_episode_rewards         0.000000e+00
max_episode_len             1.000000e+03
mean_episode_len            1.320500e+02
min_episode_len             0.000000e+00
mean_timeouts               2.500000e-02
val_max_episode_rewards     1.000000e+01
val_mean_episode_rewards    4.000000e+00
val_min_episode_rewards     0.000000e+00
val_max_episode_len         1.000000e+03
val_mean_episode_len        4.254000e+02
val_min_episode_len         0.000000e+00
val_mean_timeouts           0.000000e+00
Name: 237, dtype: float64
timesteps                   1.566310e+07
wall_time                   9.287478e+04
num_episodes                1.887590e+05
max_episode_rewards         1.000000e+01
mean_episode_rewards        8.500000e+00
min_episode_rewards         0.000000e+00
max_episode_len             5.250000e+02
mean_episode_len            9.622500e+01
min_episode_len             0.000000e+00
mean_timeouts               0.000000e+00
val_max_episode_rewards     1.000000e+01
val_mean_episode_rewards    5.750000e+00
val_min_episode_rewards     0.000000e+00
val_max_episode_len         1.000000e+03
val_mean_episode_len        3.650000e+02
val_min_episode_len         0.000000e+00
val_mean_timeouts           0.000000e+00
Name: 238, dtype: float64
timesteps                   1.572864e+07
wall_time                   9.325621e+04
num_episodes                1.893980e+05
max_episode_rewards         1.000000e+01
mean_episode_rewards        7.750000e+00
min_episode_rewards         0.000000e+00
max_episode_len             1.000000e+03
mean_episode_len            1.232250e+02
min_episode_len             0.000000e+00
mean_timeouts               0.000000e+00
val_max_episode_rewards     1.000000e+01
val_mean_episode_rewards    5.500000e+00
val_min_episode_rewards     0.000000e+00
val_max_episode_len         1.000000e+03
val_mean_episode_len        2.930250e+02
val_min_episode_len         0.000000e+00
val_mean_timeouts           0.000000e+00
Name: 239, dtype: float64
timesteps                   1.579418e+07
wall_time                   9.365094e+04
num_episodes                1.899880e+05
max_episode_rewards         1.000000e+01
mean_episode_rewards        7.500000e+00
min_episode_rewards         0.000000e+00
max_episode_len             4.600000e+02
mean_episode_len            9.220000e+01
min_episode_len             0.000000e+00
mean_timeouts               0.000000e+00
val_max_episode_rewards     1.000000e+01
val_mean_episode_rewards    5.000000e+00
val_min_episode_rewards     0.000000e+00
val_max_episode_len         1.000000e+03
val_mean_episode_len        2.092500e+02
val_min_episode_len         0.000000e+00
val_mean_timeouts           0.000000e+00
Name: 240, dtype: float64
timesteps                   1.585971e+07
wall_time                   9.403690e+04
num_episodes                1.905840e+05
max_episode_rewards         1.000000e+01
mean_episode_rewards        8.250000e+00
min_episode_rewards         0.000000e+00
max_episode_len             2.770000e+02
mean_episode_len            8.232500e+01
min_episode_len             0.000000e+00
mean_timeouts               0.000000e+00
val_max_episode_rewards     1.000000e+01
val_mean_episode_rewards    3.250000e+00
val_min_episode_rewards     0.000000e+00
val_max_episode_len         1.000000e+03
val_mean_episode_len        5.021750e+02
val_min_episode_len         0.000000e+00
val_mean_timeouts           0.000000e+00
Name: 241, dtype: float64
timesteps                   1.592525e+07
wall_time                   9.442099e+04
num_episodes                1.911770e+05
max_episode_rewards         1.000000e+01
mean_episode_rewards        8.000000e+00
min_episode_rewards         0.000000e+00
max_episode_len             1.000000e+03
mean_episode_len            9.057500e+01
min_episode_len             0.000000e+00
mean_timeouts               0.000000e+00
val_max_episode_rewards     1.000000e+01
val_mean_episode_rewards    3.750000e+00
val_min_episode_rewards     0.000000e+00
val_max_episode_len         1.000000e+03
val_mean_episode_len        4.319250e+02
val_min_episode_len         0.000000e+00
val_mean_timeouts           0.000000e+00
Name: 242, dtype: float64
timesteps                   1.599078e+07
wall_time                   9.481318e+04
num_episodes                1.918400e+05
max_episode_rewards         1.000000e+01
mean_episode_rewards        7.750000e+00
min_episode_rewards         0.000000e+00
max_episode_len             9.170000e+02
mean_episode_len            1.131250e+02
min_episode_len             0.000000e+00
mean_timeouts               0.000000e+00
val_max_episode_rewards     1.000000e+01
val_mean_episode_rewards    4.500000e+00
val_min_episode_rewards     0.000000e+00
val_max_episode_len         1.000000e+03
val_mean_episode_len        3.603750e+02
val_min_episode_len         0.000000e+00
val_mean_timeouts           0.000000e+00
Name: 243, dtype: float64
timesteps                   1.605632e+07
wall_time                   9.520704e+04
num_episodes                1.924460e+05
max_episode_rewards         1.000000e+01
mean_episode_rewards        6.750000e+00
min_episode_rewards         0.000000e+00
max_episode_len             4.570000e+02
mean_episode_len            9.042500e+01
min_episode_len             0.000000e+00
mean_timeouts               2.500000e-02
val_max_episode_rewards     1.000000e+01
val_mean_episode_rewards    6.250000e+00
val_min_episode_rewards     0.000000e+00
val_max_episode_len         1.000000e+03
val_mean_episode_len        3.659000e+02
val_min_episode_len         0.000000e+00
val_mean_timeouts           0.000000e+00
Name: 244, dtype: float64
timesteps                   1.612186e+07
wall_time                   9.559664e+04
num_episodes                1.931030e+05
max_episode_rewards         1.000000e+01
mean_episode_rewards        7.000000e+00
min_episode_rewards         0.000000e+00
max_episode_len             1.000000e+03
mean_episode_len            1.040500e+02
min_episode_len             0.000000e+00
mean_timeouts               0.000000e+00
val_max_episode_rewards     1.000000e+01
val_mean_episode_rewards    3.500000e+00
val_min_episode_rewards     0.000000e+00
val_max_episode_len         1.000000e+03
val_mean_episode_len        4.545750e+02
val_min_episode_len         0.000000e+00
val_mean_timeouts           0.000000e+00
Name: 245, dtype: float64
timesteps                   1.618739e+07
wall_time                   9.598758e+04
num_episodes                1.937880e+05
max_episode_rewards         1.000000e+01
mean_episode_rewards        8.500000e+00
min_episode_rewards         0.000000e+00
max_episode_len             8.640000e+02
mean_episode_len            1.306750e+02
min_episode_len             0.000000e+00
mean_timeouts               0.000000e+00
val_max_episode_rewards     1.000000e+01
val_mean_episode_rewards    5.500000e+00
val_min_episode_rewards     0.000000e+00
val_max_episode_len         1.000000e+03
val_mean_episode_len        3.120250e+02
val_min_episode_len         0.000000e+00
val_mean_timeouts           2.500000e-02
Name: 246, dtype: float64
timesteps                   1.625293e+07
wall_time                   9.638121e+04
num_episodes                1.944030e+05
max_episode_rewards         1.000000e+01
mean_episode_rewards        7.750000e+00
min_episode_rewards         0.000000e+00
max_episode_len             2.840000e+02
mean_episode_len            9.162500e+01
min_episode_len             0.000000e+00
mean_timeouts               0.000000e+00
val_max_episode_rewards     1.000000e+01
val_mean_episode_rewards    4.750000e+00
val_min_episode_rewards     0.000000e+00
val_max_episode_len         1.000000e+03
val_mean_episode_len        3.758000e+02
val_min_episode_len         0.000000e+00
val_mean_timeouts           0.000000e+00
Name: 247, dtype: float64
timesteps                   1.631846e+07
wall_time                   9.677865e+04
num_episodes                1.950340e+05
max_episode_rewards         1.000000e+01
mean_episode_rewards        7.250000e+00
min_episode_rewards         0.000000e+00
max_episode_len             3.210000e+02
mean_episode_len            9.492500e+01
min_episode_len             0.000000e+00
mean_timeouts               0.000000e+00
val_max_episode_rewards     1.000000e+01
val_mean_episode_rewards    4.500000e+00
val_min_episode_rewards     0.000000e+00
val_max_episode_len         1.000000e+03
val_mean_episode_len        3.240750e+02
val_min_episode_len         0.000000e+00
val_mean_timeouts           0.000000e+00
Name: 248, dtype: float64
timesteps                   1.638400e+07
wall_time                   9.717524e+04
num_episodes                1.956390e+05
max_episode_rewards         1.000000e+01
mean_episode_rewards        7.000000e+00
min_episode_rewards         0.000000e+00
max_episode_len             5.830000e+02
mean_episode_len            1.095500e+02
min_episode_len             0.000000e+00
mean_timeouts               0.000000e+00
val_max_episode_rewards     1.000000e+01
val_mean_episode_rewards    4.000000e+00
val_min_episode_rewards     0.000000e+00
val_max_episode_len         1.000000e+03
val_mean_episode_len        2.935000e+02
val_min_episode_len         0.000000e+00
val_mean_timeouts           0.000000e+00
Name: 249, dtype: float64
timesteps                   1.644954e+07
wall_time                   9.757200e+04
num_episodes                1.962540e+05
max_episode_rewards         1.000000e+01
mean_episode_rewards        8.000000e+00
min_episode_rewards         0.000000e+00
max_episode_len             7.780000e+02
mean_episode_len            1.161000e+02
min_episode_len             0.000000e+00
mean_timeouts               0.000000e+00
val_max_episode_rewards     1.000000e+01
val_mean_episode_rewards    4.500000e+00
val_min_episode_rewards     0.000000e+00
val_max_episode_len         1.000000e+03
val_mean_episode_len        3.046250e+02
val_min_episode_len         0.000000e+00
val_mean_timeouts           0.000000e+00
Name: 250, dtype: float64
timesteps                   1.651507e+07
wall_time                   9.796119e+04
num_episodes                1.969070e+05
max_episode_rewards         1.000000e+01
mean_episode_rewards        7.500000e+00
min_episode_rewards         0.000000e+00
max_episode_len             5.810000e+02
mean_episode_len            1.183500e+02
min_episode_len             0.000000e+00
mean_timeouts               0.000000e+00
val_max_episode_rewards     1.000000e+01
val_mean_episode_rewards    4.750000e+00
val_min_episode_rewards     0.000000e+00
val_max_episode_len         1.000000e+03
val_mean_episode_len        2.501500e+02
val_min_episode_len         0.000000e+00
val_mean_timeouts           0.000000e+00
Name: 251, dtype: float64
timesteps                   1.658061e+07
wall_time                   9.835472e+04
num_episodes                1.975100e+05
max_episode_rewards         1.000000e+01
mean_episode_rewards        6.750000e+00
min_episode_rewards         0.000000e+00
max_episode_len             3.600000e+02
mean_episode_len            1.015250e+02
min_episode_len             0.000000e+00
mean_timeouts               2.500000e-02
val_max_episode_rewards     1.000000e+01
val_mean_episode_rewards    5.750000e+00
val_min_episode_rewards     0.000000e+00
val_max_episode_len         1.000000e+03
val_mean_episode_len        2.923000e+02
val_min_episode_len         0.000000e+00
val_mean_timeouts           0.000000e+00
Name: 252, dtype: float64
timesteps                   1.664614e+07
wall_time                   9.874515e+04
num_episodes                1.981210e+05
max_episode_rewards         1.000000e+01
mean_episode_rewards        7.750000e+00
min_episode_rewards         0.000000e+00
max_episode_len             2.080000e+02
mean_episode_len            7.167500e+01
min_episode_len             0.000000e+00
mean_timeouts               0.000000e+00
val_max_episode_rewards     1.000000e+01
val_mean_episode_rewards    5.000000e+00
val_min_episode_rewards     0.000000e+00
val_max_episode_len         1.000000e+03
val_mean_episode_len        2.660500e+02
val_min_episode_len         0.000000e+00
val_mean_timeouts           0.000000e+00
Name: 253, dtype: float64
timesteps                   1.671168e+07
wall_time                   9.913968e+04
num_episodes                1.987410e+05
max_episode_rewards         1.000000e+01
mean_episode_rewards        7.000000e+00
min_episode_rewards         0.000000e+00
max_episode_len             1.000000e+03
mean_episode_len            1.129000e+02
min_episode_len             0.000000e+00
mean_timeouts               0.000000e+00
val_max_episode_rewards     1.000000e+01
val_mean_episode_rewards    3.750000e+00
val_min_episode_rewards     0.000000e+00
val_max_episode_len         1.000000e+03
val_mean_episode_len        4.787250e+02
val_min_episode_len         0.000000e+00
val_mean_timeouts           0.000000e+00
Name: 254, dtype: float64
timesteps                   1.677722e+07
wall_time                   9.953413e+04
num_episodes                1.994230e+05
max_episode_rewards         1.000000e+01
mean_episode_rewards        8.500000e+00
min_episode_rewards         0.000000e+00
max_episode_len             4.940000e+02
mean_episode_len            9.780000e+01
min_episode_len             0.000000e+00
mean_timeouts               0.000000e+00
val_max_episode_rewards     1.000000e+01
val_mean_episode_rewards    5.500000e+00
val_min_episode_rewards     0.000000e+00
val_max_episode_len         1.000000e+03
val_mean_episode_len        2.907000e+02
val_min_episode_len         0.000000e+00
val_mean_timeouts           2.500000e-02
Name: 255, dtype: float64
timesteps                   1.684275e+07
wall_time                   9.993023e+04
num_episodes                2.000980e+05
max_episode_rewards         1.000000e+01
mean_episode_rewards        8.500000e+00
min_episode_rewards         0.000000e+00
max_episode_len             4.240000e+02
mean_episode_len            9.185000e+01
min_episode_len             0.000000e+00
mean_timeouts               0.000000e+00
val_max_episode_rewards     1.000000e+01
val_mean_episode_rewards    6.000000e+00
val_min_episode_rewards     0.000000e+00
val_max_episode_len         1.000000e+03
val_mean_episode_len        2.357000e+02
val_min_episode_len         0.000000e+00
val_mean_timeouts           0.000000e+00
Name: 256, dtype: float64
timesteps                   1.690829e+07
wall_time                   1.003123e+05
num_episodes                2.007330e+05
max_episode_rewards         1.000000e+01
mean_episode_rewards        8.000000e+00
min_episode_rewards         0.000000e+00
max_episode_len             1.000000e+03
mean_episode_len            1.261250e+02
min_episode_len             0.000000e+00
mean_timeouts               0.000000e+00
val_max_episode_rewards     1.000000e+01
val_mean_episode_rewards    5.750000e+00
val_min_episode_rewards     0.000000e+00
val_max_episode_len         1.000000e+03
val_mean_episode_len        1.819750e+02
val_min_episode_len         0.000000e+00
val_mean_timeouts           0.000000e+00
Name: 257, dtype: float64
timesteps                   1.697382e+07
wall_time                   1.007075e+05
num_episodes                2.014380e+05
max_episode_rewards         1.000000e+01
mean_episode_rewards        7.500000e+00
min_episode_rewards         0.000000e+00
max_episode_len             6.600000e+02
mean_episode_len            9.887500e+01
min_episode_len             0.000000e+00
mean_timeouts               2.500000e-02
val_max_episode_rewards     1.000000e+01
val_mean_episode_rewards    4.500000e+00
val_min_episode_rewards     0.000000e+00
val_max_episode_len         1.000000e+03
val_mean_episode_len        3.832250e+02
val_min_episode_len         0.000000e+00
val_mean_timeouts           0.000000e+00
Name: 258, dtype: float64
timesteps                   1.703936e+07
wall_time                   1.010923e+05
num_episodes                2.021180e+05
max_episode_rewards         1.000000e+01
mean_episode_rewards        8.250000e+00
min_episode_rewards         0.000000e+00
max_episode_len             2.630000e+02
mean_episode_len            7.922500e+01
min_episode_len             0.000000e+00
mean_timeouts               2.500000e-02
val_max_episode_rewards     1.000000e+01
val_mean_episode_rewards    5.500000e+00
val_min_episode_rewards     0.000000e+00
val_max_episode_len         1.000000e+03
val_mean_episode_len        2.939250e+02
val_min_episode_len         0.000000e+00
val_mean_timeouts           2.500000e-02
Name: 259, dtype: float64
timesteps                   1.710490e+07
wall_time                   1.014920e+05
num_episodes                2.028020e+05
max_episode_rewards         1.000000e+01
mean_episode_rewards        8.250000e+00
min_episode_rewards         0.000000e+00
max_episode_len             2.040000e+02
mean_episode_len            6.390000e+01
min_episode_len             0.000000e+00
mean_timeouts               0.000000e+00
val_max_episode_rewards     1.000000e+01
val_mean_episode_rewards    6.000000e+00
val_min_episode_rewards     0.000000e+00
val_max_episode_len         1.000000e+03
val_mean_episode_len        3.864750e+02
val_min_episode_len         0.000000e+00
val_mean_timeouts           0.000000e+00
Name: 260, dtype: float64
timesteps                   1.717043e+07
wall_time                   1.018771e+05
num_episodes                2.034650e+05
max_episode_rewards         1.000000e+01
mean_episode_rewards        7.750000e+00
min_episode_rewards         0.000000e+00
max_episode_len             1.920000e+02
mean_episode_len            8.482500e+01
min_episode_len             0.000000e+00
mean_timeouts               0.000000e+00
val_max_episode_rewards     1.000000e+01
val_mean_episode_rewards    6.000000e+00
val_min_episode_rewards     0.000000e+00
val_max_episode_len         1.000000e+03
val_mean_episode_len        2.394500e+02
val_min_episode_len         0.000000e+00
val_mean_timeouts           0.000000e+00
Name: 261, dtype: float64
timesteps                   1.723597e+07
wall_time                   1.022698e+05
num_episodes                2.041820e+05
max_episode_rewards         1.000000e+01
mean_episode_rewards        8.250000e+00
min_episode_rewards         0.000000e+00
max_episode_len             3.600000e+02
mean_episode_len            8.547500e+01
min_episode_len             0.000000e+00
mean_timeouts               0.000000e+00
val_max_episode_rewards     1.000000e+01
val_mean_episode_rewards    4.000000e+00
val_min_episode_rewards     0.000000e+00
val_max_episode_len         1.000000e+03
val_mean_episode_len        3.288000e+02
val_min_episode_len         0.000000e+00
val_mean_timeouts           0.000000e+00
Name: 262, dtype: float64
timesteps                   1.730150e+07
wall_time                   1.026711e+05
num_episodes                2.048680e+05
max_episode_rewards         1.000000e+01
mean_episode_rewards        7.750000e+00
min_episode_rewards         0.000000e+00
max_episode_len             1.750000e+02
mean_episode_len            6.407500e+01
min_episode_len             0.000000e+00
mean_timeouts               0.000000e+00
val_max_episode_rewards     1.000000e+01
val_mean_episode_rewards    4.250000e+00
val_min_episode_rewards     0.000000e+00
val_max_episode_len         1.000000e+03
val_mean_episode_len        4.004500e+02
val_min_episode_len         0.000000e+00
val_mean_timeouts           0.000000e+00
Name: 263, dtype: float64
timesteps                   1.736704e+07
wall_time                   1.030656e+05
num_episodes                2.055570e+05
max_episode_rewards         1.000000e+01
mean_episode_rewards        7.250000e+00
min_episode_rewards         0.000000e+00
max_episode_len             6.470000e+02
mean_episode_len            9.860000e+01
min_episode_len             0.000000e+00
mean_timeouts               0.000000e+00
val_max_episode_rewards     1.000000e+01
val_mean_episode_rewards    5.500000e+00
val_min_episode_rewards     0.000000e+00
val_max_episode_len         1.000000e+03
val_mean_episode_len        2.953000e+02
val_min_episode_len         0.000000e+00
val_mean_timeouts           0.000000e+00
Name: 264, dtype: float64
timesteps                   1.743258e+07
wall_time                   1.034583e+05
num_episodes                2.062440e+05
max_episode_rewards         1.000000e+01
mean_episode_rewards        7.750000e+00
min_episode_rewards         0.000000e+00
max_episode_len             3.540000e+02
mean_episode_len            7.822500e+01
min_episode_len             0.000000e+00
mean_timeouts               2.500000e-02
val_max_episode_rewards     1.000000e+01
val_mean_episode_rewards    5.250000e+00
val_min_episode_rewards     0.000000e+00
val_max_episode_len         1.000000e+03
val_mean_episode_len        2.401500e+02
val_min_episode_len         0.000000e+00
val_mean_timeouts           0.000000e+00
Name: 265, dtype: float64
timesteps                   1.749811e+07
wall_time                   1.038473e+05
num_episodes                2.069110e+05
max_episode_rewards         1.000000e+01
mean_episode_rewards        8.000000e+00
min_episode_rewards         0.000000e+00
max_episode_len             1.000000e+03
mean_episode_len            1.107500e+02
min_episode_len             0.000000e+00
mean_timeouts               0.000000e+00
val_max_episode_rewards     1.000000e+01
val_mean_episode_rewards    4.500000e+00
val_min_episode_rewards     0.000000e+00
val_max_episode_len         1.000000e+03
val_mean_episode_len        2.727000e+02
val_min_episode_len         0.000000e+00
val_mean_timeouts           0.000000e+00
Name: 266, dtype: float64
timesteps                   1.756365e+07
wall_time                   1.042470e+05
num_episodes                2.076590e+05
max_episode_rewards         1.000000e+01
mean_episode_rewards        8.500000e+00
min_episode_rewards         0.000000e+00
max_episode_len             4.070000e+02
mean_episode_len            8.577500e+01
min_episode_len             0.000000e+00
mean_timeouts               0.000000e+00
val_max_episode_rewards     1.000000e+01
val_mean_episode_rewards    4.250000e+00
val_min_episode_rewards     0.000000e+00
val_max_episode_len         1.000000e+03
val_mean_episode_len        3.735000e+02
val_min_episode_len         0.000000e+00
val_mean_timeouts           2.500000e-02
Name: 267, dtype: float64
timesteps                   1.762918e+07
wall_time                   1.046195e+05
num_episodes                2.083540e+05
max_episode_rewards         1.000000e+01
mean_episode_rewards        7.500000e+00
min_episode_rewards         0.000000e+00
max_episode_len             3.580000e+02
mean_episode_len            1.053250e+02
min_episode_len             0.000000e+00
mean_timeouts               0.000000e+00
val_max_episode_rewards     1.000000e+01
val_mean_episode_rewards    5.500000e+00
val_min_episode_rewards     0.000000e+00
val_max_episode_len         1.000000e+03
val_mean_episode_len        1.778750e+02
val_min_episode_len         0.000000e+00
val_mean_timeouts           0.000000e+00
Name: 268, dtype: float64
timesteps                   1.769472e+07
wall_time                   1.050015e+05
num_episodes                2.090750e+05
max_episode_rewards         1.000000e+01
mean_episode_rewards        9.250000e+00
min_episode_rewards         0.000000e+00
max_episode_len             3.570000e+02
mean_episode_len            8.510000e+01
min_episode_len             0.000000e+00
mean_timeouts               0.000000e+00
val_max_episode_rewards     1.000000e+01
val_mean_episode_rewards    6.250000e+00
val_min_episode_rewards     0.000000e+00
val_max_episode_len         1.000000e+03
val_mean_episode_len        2.008250e+02
val_min_episode_len         0.000000e+00
val_mean_timeouts           0.000000e+00
Name: 269, dtype: float64
timesteps                   1.776026e+07
wall_time                   1.053820e+05
num_episodes                2.097600e+05
max_episode_rewards         1.000000e+01
mean_episode_rewards        7.750000e+00
min_episode_rewards         0.000000e+00
max_episode_len             6.130000e+02
mean_episode_len            1.204000e+02
min_episode_len             0.000000e+00
mean_timeouts               0.000000e+00
val_max_episode_rewards     1.000000e+01
val_mean_episode_rewards    5.000000e+00
val_min_episode_rewards     0.000000e+00
val_max_episode_len         1.000000e+03
val_mean_episode_len        2.744250e+02
val_min_episode_len         0.000000e+00
val_mean_timeouts           0.000000e+00
Name: 270, dtype: float64
timesteps                   1.782579e+07
wall_time                   1.057679e+05
num_episodes                2.104550e+05
max_episode_rewards         1.000000e+01
mean_episode_rewards        7.000000e+00
min_episode_rewards         0.000000e+00
max_episode_len             1.820000e+02
mean_episode_len            6.505000e+01
min_episode_len             0.000000e+00
mean_timeouts               0.000000e+00
val_max_episode_rewards     1.000000e+01
val_mean_episode_rewards    4.500000e+00
val_min_episode_rewards     0.000000e+00
val_max_episode_len         1.000000e+03
val_mean_episode_len        4.735750e+02
val_min_episode_len         0.000000e+00
val_mean_timeouts           0.000000e+00
Name: 271, dtype: float64
timesteps                   1.789133e+07
wall_time                   1.061427e+05
num_episodes                2.111460e+05
max_episode_rewards         1.000000e+01
mean_episode_rewards        8.250000e+00
min_episode_rewards         0.000000e+00
max_episode_len             3.220000e+02
mean_episode_len            8.220000e+01
min_episode_len             0.000000e+00
mean_timeouts               0.000000e+00
val_max_episode_rewards     1.000000e+01
val_mean_episode_rewards    3.750000e+00
val_min_episode_rewards     0.000000e+00
val_max_episode_len         1.000000e+03
val_mean_episode_len        4.683750e+02
val_min_episode_len         0.000000e+00
val_mean_timeouts           2.500000e-02
Name: 272, dtype: float64
timesteps                   1.795686e+07
wall_time                   1.065308e+05
num_episodes                2.118350e+05
max_episode_rewards         1.000000e+01
mean_episode_rewards        9.000000e+00
min_episode_rewards         0.000000e+00
max_episode_len             2.650000e+02
mean_episode_len            7.307500e+01
min_episode_len             0.000000e+00
mean_timeouts               0.000000e+00
val_max_episode_rewards     1.000000e+01
val_mean_episode_rewards    4.500000e+00
val_min_episode_rewards     0.000000e+00
val_max_episode_len         1.000000e+03
val_mean_episode_len        3.676250e+02
val_min_episode_len         0.000000e+00
val_mean_timeouts           0.000000e+00
Name: 273, dtype: float64
timesteps                   1.802240e+07
wall_time                   1.069280e+05
num_episodes                2.125690e+05
max_episode_rewards         1.000000e+01
mean_episode_rewards        7.250000e+00
min_episode_rewards         0.000000e+00
max_episode_len             2.340000e+02
mean_episode_len            6.985000e+01
min_episode_len             0.000000e+00
mean_timeouts               0.000000e+00
val_max_episode_rewards     1.000000e+01
val_mean_episode_rewards    4.250000e+00
val_min_episode_rewards     0.000000e+00
val_max_episode_len         1.000000e+03
val_mean_episode_len        3.640000e+02
val_min_episode_len         0.000000e+00
val_mean_timeouts           0.000000e+00
Name: 274, dtype: float64
timesteps                   1.808794e+07
wall_time                   1.073184e+05
num_episodes                2.132600e+05
max_episode_rewards         1.000000e+01
mean_episode_rewards        7.750000e+00
min_episode_rewards         0.000000e+00
max_episode_len             2.770000e+02
mean_episode_len            9.502500e+01
min_episode_len             0.000000e+00
mean_timeouts               0.000000e+00
val_max_episode_rewards     1.000000e+01
val_mean_episode_rewards    5.500000e+00
val_min_episode_rewards     0.000000e+00
val_max_episode_len         1.000000e+03
val_mean_episode_len        2.435250e+02
val_min_episode_len         0.000000e+00
val_mean_timeouts           0.000000e+00
Name: 275, dtype: float64
timesteps                   1.815347e+07
wall_time                   1.077051e+05
num_episodes                2.139860e+05
max_episode_rewards         1.000000e+01
mean_episode_rewards        7.500000e+00
min_episode_rewards         0.000000e+00
max_episode_len             2.050000e+02
mean_episode_len            7.580000e+01
min_episode_len             0.000000e+00
mean_timeouts               0.000000e+00
val_max_episode_rewards     1.000000e+01
val_mean_episode_rewards    5.500000e+00
val_min_episode_rewards     0.000000e+00
val_max_episode_len         1.000000e+03
val_mean_episode_len        2.869750e+02
val_min_episode_len         0.000000e+00
val_mean_timeouts           0.000000e+00
Name: 276, dtype: float64
timesteps                   1.821901e+07
wall_time                   1.080922e+05
num_episodes                2.146840e+05
max_episode_rewards         1.000000e+01
mean_episode_rewards        7.750000e+00
min_episode_rewards         0.000000e+00
max_episode_len             5.050000e+02
mean_episode_len            8.482500e+01
min_episode_len             0.000000e+00
mean_timeouts               0.000000e+00
val_max_episode_rewards     1.000000e+01
val_mean_episode_rewards    4.250000e+00
val_min_episode_rewards     0.000000e+00
val_max_episode_len         1.000000e+03
val_mean_episode_len        2.266750e+02
val_min_episode_len         0.000000e+00
val_mean_timeouts           0.000000e+00
Name: 277, dtype: float64
timesteps                   1.828454e+07
wall_time                   1.084917e+05
num_episodes                2.153820e+05
max_episode_rewards         1.000000e+01
mean_episode_rewards        7.250000e+00
min_episode_rewards         0.000000e+00
max_episode_len             4.580000e+02
mean_episode_len            9.477500e+01
min_episode_len             0.000000e+00
mean_timeouts               0.000000e+00
val_max_episode_rewards     1.000000e+01
val_mean_episode_rewards    4.500000e+00
val_min_episode_rewards     0.000000e+00
val_max_episode_len         1.000000e+03
val_mean_episode_len        2.552250e+02
val_min_episode_len         0.000000e+00
val_mean_timeouts           0.000000e+00
Name: 278, dtype: float64
timesteps                   1.835008e+07
wall_time                   1.088857e+05
num_episodes                2.160870e+05
max_episode_rewards         1.000000e+01
mean_episode_rewards        8.000000e+00
min_episode_rewards         0.000000e+00
max_episode_len             2.830000e+02
mean_episode_len            9.432500e+01
min_episode_len             0.000000e+00
mean_timeouts               0.000000e+00
val_max_episode_rewards     1.000000e+01
val_mean_episode_rewards    6.000000e+00
val_min_episode_rewards     0.000000e+00
val_max_episode_len         1.000000e+03
val_mean_episode_len        2.704500e+02
val_min_episode_len         0.000000e+00
val_mean_timeouts           0.000000e+00
Name: 279, dtype: float64
timesteps                   1.841562e+07
wall_time                   1.092831e+05
num_episodes                2.167670e+05
max_episode_rewards         1.000000e+01
mean_episode_rewards        8.500000e+00
min_episode_rewards         0.000000e+00
max_episode_len             2.760000e+02
mean_episode_len            9.805000e+01
min_episode_len             0.000000e+00
mean_timeouts               0.000000e+00
val_max_episode_rewards     1.000000e+01
val_mean_episode_rewards    4.750000e+00
val_min_episode_rewards     0.000000e+00
val_max_episode_len         1.000000e+03
val_mean_episode_len        2.815250e+02
val_min_episode_len         0.000000e+00
val_mean_timeouts           0.000000e+00
Name: 280, dtype: float64
timesteps                   1.848115e+07
wall_time                   1.096886e+05
num_episodes                2.174200e+05
max_episode_rewards         1.000000e+01
mean_episode_rewards        8.500000e+00
min_episode_rewards         0.000000e+00
max_episode_len             4.050000e+02
mean_episode_len            1.056500e+02
min_episode_len             0.000000e+00
mean_timeouts               0.000000e+00
val_max_episode_rewards     1.000000e+01
val_mean_episode_rewards    3.500000e+00
val_min_episode_rewards     0.000000e+00
val_max_episode_len         1.000000e+03
val_mean_episode_len        3.843750e+02
val_min_episode_len         0.000000e+00
val_mean_timeouts           0.000000e+00
Name: 281, dtype: float64
timesteps                   1.854669e+07
wall_time                   1.100901e+05
num_episodes                2.180730e+05
max_episode_rewards         1.000000e+01
mean_episode_rewards        8.250000e+00
min_episode_rewards         0.000000e+00
max_episode_len             9.910000e+02
mean_episode_len            1.086250e+02
min_episode_len             0.000000e+00
mean_timeouts               0.000000e+00
val_max_episode_rewards     1.000000e+01
val_mean_episode_rewards    4.750000e+00
val_min_episode_rewards     0.000000e+00
val_max_episode_len         1.000000e+03
val_mean_episode_len        3.980500e+02
val_min_episode_len         0.000000e+00
val_mean_timeouts           0.000000e+00
Name: 282, dtype: float64
timesteps                   1.861222e+07
wall_time                   1.104895e+05
num_episodes                2.186720e+05
max_episode_rewards         1.000000e+01
mean_episode_rewards        7.250000e+00
min_episode_rewards         0.000000e+00
max_episode_len             3.390000e+02
mean_episode_len            8.547500e+01
min_episode_len             0.000000e+00
mean_timeouts               0.000000e+00
val_max_episode_rewards     1.000000e+01
val_mean_episode_rewards    5.500000e+00
val_min_episode_rewards     0.000000e+00
val_max_episode_len         1.000000e+03
val_mean_episode_len        2.839250e+02
val_min_episode_len         0.000000e+00
val_mean_timeouts           5.000000e-02
Name: 283, dtype: float64
timesteps                   1.867776e+07
wall_time                   1.108948e+05
num_episodes                2.192330e+05
max_episode_rewards         1.000000e+01
mean_episode_rewards        8.750000e+00
min_episode_rewards         0.000000e+00
max_episode_len             3.430000e+02
mean_episode_len            8.680000e+01
min_episode_len             0.000000e+00
mean_timeouts               0.000000e+00
val_max_episode_rewards     1.000000e+01
val_mean_episode_rewards    4.250000e+00
val_min_episode_rewards     0.000000e+00
val_max_episode_len         1.000000e+03
val_mean_episode_len        3.465250e+02
val_min_episode_len         0.000000e+00
val_mean_timeouts           0.000000e+00
Name: 284, dtype: float64
timesteps                   1.874330e+07
wall_time                   1.112929e+05
num_episodes                2.197620e+05
max_episode_rewards         1.000000e+01
mean_episode_rewards        7.000000e+00
min_episode_rewards         0.000000e+00
max_episode_len             7.460000e+02
mean_episode_len            1.403750e+02
min_episode_len             0.000000e+00
mean_timeouts               0.000000e+00
val_max_episode_rewards     1.000000e+01
val_mean_episode_rewards    3.750000e+00
val_min_episode_rewards     0.000000e+00
val_max_episode_len         1.000000e+03
val_mean_episode_len        4.629750e+02
val_min_episode_len         0.000000e+00
val_mean_timeouts           0.000000e+00
Name: 285, dtype: float64
timesteps                   1.880883e+07
wall_time                   1.117009e+05
num_episodes                2.203070e+05
max_episode_rewards         1.000000e+01
mean_episode_rewards        8.000000e+00
min_episode_rewards         0.000000e+00
max_episode_len             1.000000e+03
mean_episode_len            1.232250e+02
min_episode_len             0.000000e+00
mean_timeouts               0.000000e+00
val_max_episode_rewards     1.000000e+01
val_mean_episode_rewards    2.750000e+00
val_min_episode_rewards     0.000000e+00
val_max_episode_len         1.000000e+03
val_mean_episode_len        5.247750e+02
val_min_episode_len         0.000000e+00
val_mean_timeouts           0.000000e+00
Name: 286, dtype: float64
timesteps                   1.887437e+07
wall_time                   1.121103e+05
num_episodes                2.208490e+05
max_episode_rewards         1.000000e+01
mean_episode_rewards        8.250000e+00
min_episode_rewards         0.000000e+00
max_episode_len             1.000000e+03
mean_episode_len            1.165000e+02
min_episode_len             0.000000e+00
mean_timeouts               5.000000e-02
val_max_episode_rewards     1.000000e+01
val_mean_episode_rewards    3.750000e+00
val_min_episode_rewards     0.000000e+00
val_max_episode_len         1.000000e+03
val_mean_episode_len        4.076750e+02
val_min_episode_len         0.000000e+00
val_mean_timeouts           0.000000e+00
Name: 287, dtype: float64
timesteps                   1.893990e+07
wall_time                   1.125217e+05
num_episodes                2.213610e+05
max_episode_rewards         1.000000e+01
mean_episode_rewards        7.250000e+00
min_episode_rewards         0.000000e+00
max_episode_len             8.530000e+02
mean_episode_len            1.490500e+02
min_episode_len             0.000000e+00
mean_timeouts               0.000000e+00
val_max_episode_rewards     1.000000e+01
val_mean_episode_rewards    5.750000e+00
val_min_episode_rewards     0.000000e+00
val_max_episode_len         1.000000e+03
val_mean_episode_len        4.455250e+02
val_min_episode_len         0.000000e+00
val_mean_timeouts           0.000000e+00
Name: 288, dtype: float64
timesteps                   1.900544e+07
wall_time                   1.129235e+05
num_episodes                2.218460e+05
max_episode_rewards         1.000000e+01
mean_episode_rewards        8.750000e+00
min_episode_rewards         0.000000e+00
max_episode_len             4.060000e+02
mean_episode_len            9.245000e+01
min_episode_len             0.000000e+00
mean_timeouts               2.500000e-02
val_max_episode_rewards     1.000000e+01
val_mean_episode_rewards    4.750000e+00
val_min_episode_rewards     0.000000e+00
val_max_episode_len         1.000000e+03
val_mean_episode_len        3.277250e+02
val_min_episode_len         0.000000e+00
val_mean_timeouts           2.500000e-02
Name: 289, dtype: float64
timesteps                   1.907098e+07
wall_time                   1.133294e+05
num_episodes                2.223290e+05
max_episode_rewards         1.000000e+01
mean_episode_rewards        7.250000e+00
min_episode_rewards         0.000000e+00
max_episode_len             1.000000e+03
mean_episode_len            1.506750e+02
min_episode_len             0.000000e+00
mean_timeouts               0.000000e+00
val_max_episode_rewards     1.000000e+01
val_mean_episode_rewards    5.500000e+00
val_min_episode_rewards     0.000000e+00
val_max_episode_len         1.000000e+03
val_mean_episode_len        3.169250e+02
val_min_episode_len         0.000000e+00
val_mean_timeouts           0.000000e+00
Name: 290, dtype: float64
timesteps                   1.913651e+07
wall_time                   1.137463e+05
num_episodes                2.228130e+05
max_episode_rewards         1.000000e+01
mean_episode_rewards        6.500000e+00
min_episode_rewards         0.000000e+00
max_episode_len             1.000000e+03
mean_episode_len            2.129750e+02
min_episode_len             0.000000e+00
mean_timeouts               0.000000e+00
val_max_episode_rewards     1.000000e+01
val_mean_episode_rewards    3.000000e+00
val_min_episode_rewards     0.000000e+00
val_max_episode_len         1.000000e+03
val_mean_episode_len        3.618500e+02
val_min_episode_len         0.000000e+00
val_mean_timeouts           0.000000e+00
Name: 291, dtype: float64
timesteps                   1.920205e+07
wall_time                   1.141553e+05
num_episodes                2.233350e+05
max_episode_rewards         1.000000e+01
mean_episode_rewards        7.250000e+00
min_episode_rewards         0.000000e+00
max_episode_len             6.290000e+02
mean_episode_len            1.099500e+02
min_episode_len             0.000000e+00
mean_timeouts               0.000000e+00
val_max_episode_rewards     1.000000e+01
val_mean_episode_rewards    5.000000e+00
val_min_episode_rewards     0.000000e+00
val_max_episode_len         1.000000e+03
val_mean_episode_len        1.675500e+02
val_min_episode_len         0.000000e+00
val_mean_timeouts           2.500000e-02
Name: 292, dtype: float64
timesteps                   1.926758e+07
wall_time                   1.145633e+05
num_episodes                2.238110e+05
max_episode_rewards         1.000000e+01
mean_episode_rewards        7.500000e+00
min_episode_rewards         0.000000e+00
max_episode_len             3.720000e+02
mean_episode_len            1.039500e+02
min_episode_len             0.000000e+00
mean_timeouts               0.000000e+00
val_max_episode_rewards     1.000000e+01
val_mean_episode_rewards    3.500000e+00
val_min_episode_rewards     0.000000e+00
val_max_episode_len         1.000000e+03
val_mean_episode_len        5.105250e+02
val_min_episode_len         0.000000e+00
val_mean_timeouts           0.000000e+00
Name: 293, dtype: float64
timesteps                   1.933312e+07
wall_time                   1.149623e+05
num_episodes                2.243130e+05
max_episode_rewards         1.000000e+01
mean_episode_rewards        8.000000e+00
min_episode_rewards         0.000000e+00
max_episode_len             1.000000e+03
mean_episode_len            1.465500e+02
min_episode_len             0.000000e+00
mean_timeouts               0.000000e+00
val_max_episode_rewards     1.000000e+01
val_mean_episode_rewards    3.750000e+00
val_min_episode_rewards     0.000000e+00
val_max_episode_len         1.000000e+03
val_mean_episode_len        3.589500e+02
val_min_episode_len         0.000000e+00
val_mean_timeouts           0.000000e+00
Name: 294, dtype: float64
timesteps                   1.939866e+07
wall_time                   1.153648e+05
num_episodes                2.248540e+05
max_episode_rewards         1.000000e+01
mean_episode_rewards        7.000000e+00
min_episode_rewards         0.000000e+00
max_episode_len             9.100000e+02
mean_episode_len            1.563500e+02
min_episode_len             0.000000e+00
mean_timeouts               0.000000e+00
val_max_episode_rewards     1.000000e+01
val_mean_episode_rewards    4.500000e+00
val_min_episode_rewards     0.000000e+00
val_max_episode_len         1.000000e+03
val_mean_episode_len        4.062000e+02
val_min_episode_len         0.000000e+00
val_mean_timeouts           0.000000e+00
Name: 295, dtype: float64
timesteps                   1.946419e+07
wall_time                   1.157731e+05
num_episodes                2.253600e+05
max_episode_rewards         1.000000e+01
mean_episode_rewards        7.750000e+00
min_episode_rewards         0.000000e+00
max_episode_len             5.140000e+02
mean_episode_len            1.227000e+02
min_episode_len             0.000000e+00
mean_timeouts               0.000000e+00
val_max_episode_rewards     1.000000e+01
val_mean_episode_rewards    4.500000e+00
val_min_episode_rewards     0.000000e+00
val_max_episode_len         1.000000e+03
val_mean_episode_len        3.209000e+02
val_min_episode_len         0.000000e+00
val_mean_timeouts           0.000000e+00
Name: 296, dtype: float64
timesteps                   1.952973e+07
wall_time                   1.161808e+05
num_episodes                2.258340e+05
max_episode_rewards         1.000000e+01
mean_episode_rewards        9.250000e+00
min_episode_rewards         0.000000e+00
max_episode_len             7.680000e+02
mean_episode_len            9.642500e+01
min_episode_len             0.000000e+00
mean_timeouts               0.000000e+00
val_max_episode_rewards     1.000000e+01
val_mean_episode_rewards    4.500000e+00
val_min_episode_rewards     0.000000e+00
val_max_episode_len         1.000000e+03
val_mean_episode_len        4.829750e+02
val_min_episode_len         0.000000e+00
val_mean_timeouts           0.000000e+00
Name: 297, dtype: float64
timesteps                   1.959526e+07
wall_time                   1.165817e+05
num_episodes                2.263470e+05
max_episode_rewards         1.000000e+01
mean_episode_rewards        8.250000e+00
min_episode_rewards         0.000000e+00
max_episode_len             1.000000e+03
mean_episode_len            1.337750e+02
min_episode_len             0.000000e+00
mean_timeouts               0.000000e+00
val_max_episode_rewards     1.000000e+01
val_mean_episode_rewards    2.750000e+00
val_min_episode_rewards     0.000000e+00
val_max_episode_len         1.000000e+03
val_mean_episode_len        5.115000e+02
val_min_episode_len         0.000000e+00
val_mean_timeouts           0.000000e+00
Name: 298, dtype: float64
timesteps                   1.966080e+07
wall_time                   1.169765e+05
num_episodes                2.268720e+05
max_episode_rewards         1.000000e+01
mean_episode_rewards        8.250000e+00
min_episode_rewards         0.000000e+00
max_episode_len             7.350000e+02
mean_episode_len            1.167000e+02
min_episode_len             0.000000e+00
mean_timeouts               0.000000e+00
val_max_episode_rewards     1.000000e+01
val_mean_episode_rewards    5.250000e+00
val_min_episode_rewards     0.000000e+00
val_max_episode_len         1.000000e+03
val_mean_episode_len        2.903500e+02
val_min_episode_len         0.000000e+00
val_mean_timeouts           0.000000e+00
Name: 299, dtype: float64
timesteps                   1.972634e+07
wall_time                   1.173808e+05
num_episodes                2.273640e+05
max_episode_rewards         1.000000e+01
mean_episode_rewards        7.250000e+00
min_episode_rewards         0.000000e+00
max_episode_len             1.000000e+03
mean_episode_len            1.424500e+02
min_episode_len             0.000000e+00
mean_timeouts               2.500000e-02
val_max_episode_rewards     1.000000e+01
val_mean_episode_rewards    6.500000e+00
val_min_episode_rewards     0.000000e+00
val_max_episode_len         1.000000e+03
val_mean_episode_len        2.628000e+02
val_min_episode_len         0.000000e+00
val_mean_timeouts           0.000000e+00
Name: 300, dtype: float64
timesteps                   1.979187e+07
wall_time                   1.177816e+05
num_episodes                2.278790e+05
max_episode_rewards         1.000000e+01
mean_episode_rewards        7.000000e+00
min_episode_rewards         0.000000e+00
max_episode_len             1.000000e+03
mean_episode_len            1.346500e+02
min_episode_len             0.000000e+00
mean_timeouts               0.000000e+00
val_max_episode_rewards     1.000000e+01
val_mean_episode_rewards    4.000000e+00
val_min_episode_rewards     0.000000e+00
val_max_episode_len         1.000000e+03
val_mean_episode_len        4.667500e+02
val_min_episode_len         0.000000e+00
val_mean_timeouts           0.000000e+00
Name: 301, dtype: float64
timesteps                   1.985741e+07
wall_time                   1.181842e+05
num_episodes                2.283620e+05
max_episode_rewards         1.000000e+01
mean_episode_rewards        7.500000e+00
min_episode_rewards         0.000000e+00
max_episode_len             5.140000e+02
mean_episode_len            1.073750e+02
min_episode_len             0.000000e+00
mean_timeouts               5.000000e-02
val_max_episode_rewards     1.000000e+01
val_mean_episode_rewards    4.000000e+00
val_min_episode_rewards     0.000000e+00
val_max_episode_len         1.000000e+03
val_mean_episode_len        2.135500e+02
val_min_episode_len         0.000000e+00
val_mean_timeouts           0.000000e+00
Name: 302, dtype: float64
timesteps                   1.992294e+07
wall_time                   1.185949e+05
num_episodes                2.287940e+05
max_episode_rewards         1.000000e+01
mean_episode_rewards        8.000000e+00
min_episode_rewards         0.000000e+00
max_episode_len             4.220000e+02
mean_episode_len            1.131500e+02
min_episode_len             0.000000e+00
mean_timeouts               0.000000e+00
val_max_episode_rewards     1.000000e+01
val_mean_episode_rewards    4.250000e+00
val_min_episode_rewards     0.000000e+00
val_max_episode_len         1.000000e+03
val_mean_episode_len        3.813500e+02
val_min_episode_len         0.000000e+00
val_mean_timeouts           0.000000e+00
Name: 303, dtype: float64
timesteps                   1.998848e+07
wall_time                   1.190064e+05
num_episodes                2.292460e+05
max_episode_rewards         1.000000e+01
mean_episode_rewards        7.500000e+00
min_episode_rewards         0.000000e+00
max_episode_len             4.250000e+02
mean_episode_len            1.005250e+02
min_episode_len             0.000000e+00
mean_timeouts               0.000000e+00
val_max_episode_rewards     1.000000e+01
val_mean_episode_rewards    3.500000e+00
val_min_episode_rewards     0.000000e+00
val_max_episode_len         1.000000e+03
val_mean_episode_len        4.151000e+02
val_min_episode_len         0.000000e+00
val_mean_timeouts           0.000000e+00
Name: 304, dtype: float64
timesteps                   2.005402e+07
wall_time                   1.194224e+05
num_episodes                2.296990e+05
max_episode_rewards         1.000000e+01
mean_episode_rewards        7.750000e+00
min_episode_rewards         0.000000e+00
max_episode_len             6.410000e+02
mean_episode_len            1.156250e+02
min_episode_len             0.000000e+00
mean_timeouts               2.500000e-02
val_max_episode_rewards     1.000000e+01
val_mean_episode_rewards    3.250000e+00
val_min_episode_rewards     0.000000e+00
val_max_episode_len         1.000000e+03
val_mean_episode_len        4.413000e+02
val_min_episode_len         0.000000e+00
val_mean_timeouts           0.000000e+00
Name: 305, dtype: float64
Saving model at timestep 20054017
timesteps                   2.011955e+07
wall_time                   1.198366e+05
num_episodes                2.301170e+05
max_episode_rewards         1.000000e+01
mean_episode_rewards        7.750000e+00
min_episode_rewards         0.000000e+00
max_episode_len             1.000000e+03
mean_episode_len            1.821750e+02
min_episode_len             0.000000e+00
mean_timeouts               0.000000e+00
val_max_episode_rewards     1.000000e+01
val_mean_episode_rewards    6.000000e+00
val_min_episode_rewards     0.000000e+00
val_max_episode_len         1.000000e+03
val_mean_episode_len        2.199250e+02
val_min_episode_len         0.000000e+00
val_mean_timeouts           0.000000e+00
Name: 306, dtype: float64
timesteps                   2.018509e+07
wall_time                   1.202455e+05
num_episodes                2.305180e+05
max_episode_rewards         1.000000e+01
mean_episode_rewards        8.250000e+00
min_episode_rewards         0.000000e+00
max_episode_len             1.000000e+03
mean_episode_len            1.654250e+02
min_episode_len             0.000000e+00
mean_timeouts               0.000000e+00
val_max_episode_rewards     1.000000e+01
val_mean_episode_rewards    2.000000e+00
val_min_episode_rewards     0.000000e+00
val_max_episode_len         1.000000e+03
val_mean_episode_len        5.939250e+02
val_min_episode_len         0.000000e+00
val_mean_timeouts           0.000000e+00
Name: 307, dtype: float64
timesteps                   2.025062e+07
wall_time                   1.206445e+05
num_episodes                2.309340e+05
max_episode_rewards         1.000000e+01
mean_episode_rewards        6.250000e+00
min_episode_rewards         0.000000e+00
max_episode_len             1.000000e+03
mean_episode_len            1.931500e+02
min_episode_len             0.000000e+00
mean_timeouts               0.000000e+00
val_max_episode_rewards     1.000000e+01
val_mean_episode_rewards    3.000000e+00
val_min_episode_rewards     0.000000e+00
val_max_episode_len         1.000000e+03
val_mean_episode_len        4.655250e+02
val_min_episode_len         0.000000e+00
val_mean_timeouts           0.000000e+00
Name: 308, dtype: float64
timesteps                   2.031616e+07
wall_time                   1.210490e+05
num_episodes                2.313430e+05
max_episode_rewards         1.000000e+01
mean_episode_rewards        8.750000e+00
min_episode_rewards         0.000000e+00
max_episode_len             7.980000e+02
mean_episode_len            1.561500e+02
min_episode_len             0.000000e+00
mean_timeouts               0.000000e+00
val_max_episode_rewards     1.000000e+01
val_mean_episode_rewards    4.000000e+00
val_min_episode_rewards     0.000000e+00
val_max_episode_len         1.000000e+03
val_mean_episode_len        3.283500e+02
val_min_episode_len         0.000000e+00
val_mean_timeouts           0.000000e+00
Name: 309, dtype: float64
timesteps                   2.038170e+07
wall_time                   1.214560e+05
num_episodes                2.317630e+05
max_episode_rewards         1.000000e+01
mean_episode_rewards        8.000000e+00
min_episode_rewards         0.000000e+00
max_episode_len             1.000000e+03
mean_episode_len            1.973250e+02
min_episode_len             0.000000e+00
mean_timeouts               0.000000e+00
val_max_episode_rewards     1.000000e+01
val_mean_episode_rewards    4.250000e+00
val_min_episode_rewards     0.000000e+00
val_max_episode_len         1.000000e+03
val_mean_episode_len        4.037500e+02
val_min_episode_len         0.000000e+00
val_mean_timeouts           2.500000e-02
Name: 310, dtype: float64
timesteps                   2.044723e+07
wall_time                   1.218526e+05
num_episodes                2.321270e+05
max_episode_rewards         1.000000e+01
mean_episode_rewards        8.000000e+00
min_episode_rewards         0.000000e+00
max_episode_len             1.000000e+03
mean_episode_len            1.779250e+02
min_episode_len             0.000000e+00
mean_timeouts               0.000000e+00
val_max_episode_rewards     1.000000e+01
val_mean_episode_rewards    2.750000e+00
val_min_episode_rewards     0.000000e+00
val_max_episode_len         1.000000e+03
val_mean_episode_len        5.305000e+02
val_min_episode_len         0.000000e+00
val_mean_timeouts           0.000000e+00
Name: 311, dtype: float64
timesteps                   2.051277e+07
wall_time                   1.222664e+05
num_episodes                2.324830e+05
max_episode_rewards         1.000000e+01
mean_episode_rewards        7.250000e+00
min_episode_rewards         0.000000e+00
max_episode_len             1.000000e+03
mean_episode_len            2.844000e+02
min_episode_len             0.000000e+00
mean_timeouts               0.000000e+00
val_max_episode_rewards     1.000000e+01
val_mean_episode_rewards    5.750000e+00
val_min_episode_rewards     0.000000e+00
val_max_episode_len         1.000000e+03
val_mean_episode_len        4.122750e+02
val_min_episode_len         0.000000e+00
val_mean_timeouts           0.000000e+00
Name: 312, dtype: float64
timesteps                   2.057830e+07
wall_time                   1.226813e+05
num_episodes                2.327930e+05
max_episode_rewards         1.000000e+01
mean_episode_rewards        8.000000e+00
min_episode_rewards         0.000000e+00
max_episode_len             1.000000e+03
mean_episode_len            1.715000e+02
min_episode_len             0.000000e+00
mean_timeouts               0.000000e+00
val_max_episode_rewards     1.000000e+01
val_mean_episode_rewards    1.500000e+00
val_min_episode_rewards     0.000000e+00
val_max_episode_len         1.000000e+03
val_mean_episode_len        6.731500e+02
val_min_episode_len         0.000000e+00
val_mean_timeouts           0.000000e+00
Name: 313, dtype: float64
timesteps                   2.064384e+07
wall_time                   1.230817e+05
num_episodes                2.331310e+05
max_episode_rewards         1.000000e+01
mean_episode_rewards        7.500000e+00
min_episode_rewards         0.000000e+00
max_episode_len             1.000000e+03
mean_episode_len            2.591250e+02
min_episode_len             0.000000e+00
mean_timeouts               0.000000e+00
val_max_episode_rewards     1.000000e+01
val_mean_episode_rewards    4.500000e+00
val_min_episode_rewards     0.000000e+00
val_max_episode_len         1.000000e+03
val_mean_episode_len        3.659250e+02
val_min_episode_len         0.000000e+00
val_mean_timeouts           0.000000e+00
Name: 314, dtype: float64
timesteps                   2.070938e+07
wall_time                   1.234810e+05
num_episodes                2.335390e+05
max_episode_rewards         1.000000e+01
mean_episode_rewards        8.000000e+00
min_episode_rewards         0.000000e+00
max_episode_len             1.000000e+03
mean_episode_len            1.828750e+02
min_episode_len             0.000000e+00
mean_timeouts               0.000000e+00
val_max_episode_rewards     1.000000e+01
val_mean_episode_rewards    4.500000e+00
val_min_episode_rewards     0.000000e+00
val_max_episode_len         1.000000e+03
val_mean_episode_len        4.138000e+02
val_min_episode_len         0.000000e+00
val_mean_timeouts           0.000000e+00
Name: 315, dtype: float64
timesteps                   2.077491e+07
wall_time                   1.238781e+05
num_episodes                2.339020e+05
max_episode_rewards         1.000000e+01
mean_episode_rewards        7.750000e+00
min_episode_rewards         0.000000e+00
max_episode_len             1.000000e+03
mean_episode_len            2.138750e+02
min_episode_len             0.000000e+00
mean_timeouts               0.000000e+00
val_max_episode_rewards     1.000000e+01
val_mean_episode_rewards    4.500000e+00
val_min_episode_rewards     0.000000e+00
val_max_episode_len         1.000000e+03
val_mean_episode_len        3.995000e+02
val_min_episode_len         0.000000e+00
val_mean_timeouts           0.000000e+00
Name: 316, dtype: float64
timesteps                   2.084045e+07
wall_time                   1.242894e+05
num_episodes                2.343070e+05
max_episode_rewards         1.000000e+01
mean_episode_rewards        5.750000e+00
min_episode_rewards         0.000000e+00
max_episode_len             1.000000e+03
mean_episode_len            1.992000e+02
min_episode_len             0.000000e+00
mean_timeouts               0.000000e+00
val_max_episode_rewards     1.000000e+01
val_mean_episode_rewards    5.500000e+00
val_min_episode_rewards     0.000000e+00
val_max_episode_len         1.000000e+03
val_mean_episode_len        2.540250e+02
val_min_episode_len         0.000000e+00
val_mean_timeouts           2.500000e-02
Name: 317, dtype: float64
timesteps                   2.090598e+07
wall_time                   1.247136e+05
num_episodes                2.347390e+05
max_episode_rewards         1.000000e+01
mean_episode_rewards        7.250000e+00
min_episode_rewards         0.000000e+00
max_episode_len             1.000000e+03
mean_episode_len            1.897250e+02
min_episode_len             0.000000e+00
mean_timeouts               0.000000e+00
val_max_episode_rewards     1.000000e+01
val_mean_episode_rewards    6.250000e+00
val_min_episode_rewards     0.000000e+00
val_max_episode_len         1.000000e+03
val_mean_episode_len        2.784750e+02
val_min_episode_len         0.000000e+00
val_mean_timeouts           0.000000e+00
Name: 318, dtype: float64
timesteps                   2.097152e+07
wall_time                   1.251244e+05
num_episodes                2.350890e+05
max_episode_rewards         1.000000e+01
mean_episode_rewards        8.000000e+00
min_episode_rewards         0.000000e+00
max_episode_len             1.000000e+03
mean_episode_len            1.892500e+02
min_episode_len             0.000000e+00
mean_timeouts               0.000000e+00
val_max_episode_rewards     1.000000e+01
val_mean_episode_rewards    3.000000e+00
val_min_episode_rewards     0.000000e+00
val_max_episode_len         1.000000e+03
val_mean_episode_len        5.159250e+02
val_min_episode_len         0.000000e+00
val_mean_timeouts           0.000000e+00
Name: 319, dtype: float64
timesteps                   2.103706e+07
wall_time                   1.255502e+05
num_episodes                2.354720e+05
max_episode_rewards         1.000000e+01
mean_episode_rewards        7.750000e+00
min_episode_rewards         0.000000e+00
max_episode_len             1.000000e+03
mean_episode_len            1.837250e+02
min_episode_len             0.000000e+00
mean_timeouts               0.000000e+00
val_max_episode_rewards     1.000000e+01
val_mean_episode_rewards    1.500000e+00
val_min_episode_rewards     0.000000e+00
val_max_episode_len         1.000000e+03
val_mean_episode_len        6.104000e+02
val_min_episode_len         0.000000e+00
val_mean_timeouts           0.000000e+00
Name: 320, dtype: float64
timesteps                   2.110259e+07
wall_time                   1.259608e+05
num_episodes                2.358180e+05
max_episode_rewards         1.000000e+01
mean_episode_rewards        6.500000e+00
min_episode_rewards         0.000000e+00
max_episode_len             1.000000e+03
mean_episode_len            1.849500e+02
min_episode_len             0.000000e+00
mean_timeouts               0.000000e+00
val_max_episode_rewards     1.000000e+01
val_mean_episode_rewards    2.250000e+00
val_min_episode_rewards     0.000000e+00
val_max_episode_len         1.000000e+03
val_mean_episode_len        5.354250e+02
val_min_episode_len         0.000000e+00
val_mean_timeouts           0.000000e+00
Name: 321, dtype: float64
timesteps                   2.116813e+07
wall_time                   1.263651e+05
num_episodes                2.362140e+05
max_episode_rewards         1.000000e+01
mean_episode_rewards        7.250000e+00
min_episode_rewards         0.000000e+00
max_episode_len             1.000000e+03
mean_episode_len            2.126250e+02
min_episode_len             0.000000e+00
mean_timeouts               0.000000e+00
val_max_episode_rewards     1.000000e+01
val_mean_episode_rewards    4.750000e+00
val_min_episode_rewards     0.000000e+00
val_max_episode_len         1.000000e+03
val_mean_episode_len        3.334000e+02
val_min_episode_len         0.000000e+00
val_mean_timeouts           0.000000e+00
Name: 322, dtype: float64
timesteps                   2.123366e+07
wall_time                   1.267605e+05
num_episodes                2.365560e+05
max_episode_rewards         1.000000e+01
mean_episode_rewards        8.250000e+00
min_episode_rewards         0.000000e+00
max_episode_len             1.000000e+03
mean_episode_len            1.691000e+02
min_episode_len             0.000000e+00
mean_timeouts               0.000000e+00
val_max_episode_rewards     1.000000e+01
val_mean_episode_rewards    4.000000e+00
val_min_episode_rewards     0.000000e+00
val_max_episode_len         1.000000e+03
val_mean_episode_len        3.484250e+02
val_min_episode_len         0.000000e+00
val_mean_timeouts           0.000000e+00
Name: 323, dtype: float64
timesteps                   2.129920e+07
wall_time                   1.271612e+05
num_episodes                2.368690e+05
max_episode_rewards         1.000000e+01
mean_episode_rewards        7.250000e+00
min_episode_rewards         0.000000e+00
max_episode_len             1.000000e+03
mean_episode_len            2.394250e+02
min_episode_len             0.000000e+00
mean_timeouts               0.000000e+00
val_max_episode_rewards     1.000000e+01
val_mean_episode_rewards    4.000000e+00
val_min_episode_rewards     0.000000e+00
val_max_episode_len         1.000000e+03
val_mean_episode_len        4.133250e+02
val_min_episode_len         0.000000e+00
val_mean_timeouts           0.000000e+00
Name: 324, dtype: float64
timesteps                   2.136474e+07
wall_time                   1.275848e+05
num_episodes                2.371780e+05
max_episode_rewards         1.000000e+01
mean_episode_rewards        7.500000e+00
min_episode_rewards         0.000000e+00
max_episode_len             1.000000e+03
mean_episode_len            2.674000e+02
min_episode_len             0.000000e+00
mean_timeouts               0.000000e+00
val_max_episode_rewards     1.000000e+01
val_mean_episode_rewards    3.500000e+00
val_min_episode_rewards     0.000000e+00
val_max_episode_len         1.000000e+03
val_mean_episode_len        5.075500e+02
val_min_episode_len         0.000000e+00
val_mean_timeouts           0.000000e+00
Name: 325, dtype: float64
timesteps                   2.143027e+07
wall_time                   1.280014e+05
num_episodes                2.374560e+05
max_episode_rewards         1.000000e+01
mean_episode_rewards        8.500000e+00
min_episode_rewards         0.000000e+00
max_episode_len             1.000000e+03
mean_episode_len            2.445500e+02
min_episode_len             0.000000e+00
mean_timeouts               0.000000e+00
val_max_episode_rewards     1.000000e+01
val_mean_episode_rewards    3.500000e+00
val_min_episode_rewards     0.000000e+00
val_max_episode_len         1.000000e+03
val_mean_episode_len        5.196750e+02
val_min_episode_len         0.000000e+00
val_mean_timeouts           0.000000e+00
Name: 326, dtype: float64
timesteps                   2.149581e+07
wall_time                   1.284204e+05
num_episodes                2.377230e+05
max_episode_rewards         1.000000e+01
mean_episode_rewards        7.750000e+00
min_episode_rewards         0.000000e+00
max_episode_len             1.000000e+03
mean_episode_len            2.389250e+02
min_episode_len             0.000000e+00
mean_timeouts               0.000000e+00
val_max_episode_rewards     1.000000e+01
val_mean_episode_rewards    2.750000e+00
val_min_episode_rewards     0.000000e+00
val_max_episode_len         1.000000e+03
val_mean_episode_len        6.265750e+02
val_min_episode_len         0.000000e+00
val_mean_timeouts           0.000000e+00
Name: 327, dtype: float64
timesteps                   2.156134e+07
wall_time                   1.288344e+05
num_episodes                2.380290e+05
max_episode_rewards         1.000000e+01
mean_episode_rewards        7.000000e+00
min_episode_rewards         0.000000e+00
max_episode_len             1.000000e+03
mean_episode_len            2.452000e+02
min_episode_len             0.000000e+00
mean_timeouts               0.000000e+00
val_max_episode_rewards     1.000000e+01
val_mean_episode_rewards    5.250000e+00
val_min_episode_rewards     0.000000e+00
val_max_episode_len         1.000000e+03
val_mean_episode_len        4.085500e+02
val_min_episode_len         0.000000e+00
val_mean_timeouts           0.000000e+00
Name: 328, dtype: float64
timesteps                   2.162688e+07
wall_time                   1.292396e+05
num_episodes                2.383290e+05
max_episode_rewards         1.000000e+01
mean_episode_rewards        5.250000e+00
min_episode_rewards         0.000000e+00
max_episode_len             1.000000e+03
mean_episode_len            2.773000e+02
min_episode_len             0.000000e+00
mean_timeouts               2.500000e-02
val_max_episode_rewards     1.000000e+01
val_mean_episode_rewards    3.750000e+00
val_min_episode_rewards     0.000000e+00
val_max_episode_len         1.000000e+03
val_mean_episode_len        4.296000e+02
val_min_episode_len         0.000000e+00
val_mean_timeouts           0.000000e+00
Name: 329, dtype: float64
timesteps                   2.169242e+07
wall_time                   1.296496e+05
num_episodes                2.386530e+05
max_episode_rewards         1.000000e+01
mean_episode_rewards        7.000000e+00
min_episode_rewards         0.000000e+00
max_episode_len             1.000000e+03
mean_episode_len            3.100750e+02
min_episode_len             0.000000e+00
mean_timeouts               0.000000e+00
val_max_episode_rewards     1.000000e+01
val_mean_episode_rewards    2.750000e+00
val_min_episode_rewards     0.000000e+00
val_max_episode_len         1.000000e+03
val_mean_episode_len        5.292250e+02
val_min_episode_len         0.000000e+00
val_mean_timeouts           0.000000e+00
Name: 330, dtype: float64
timesteps                   2.175795e+07
wall_time                   1.300506e+05
num_episodes                2.389580e+05
max_episode_rewards         1.000000e+01
mean_episode_rewards        7.000000e+00
min_episode_rewards         0.000000e+00
max_episode_len             1.000000e+03
mean_episode_len            1.583000e+02
min_episode_len             0.000000e+00
mean_timeouts               0.000000e+00
val_max_episode_rewards     1.000000e+01
val_mean_episode_rewards    5.000000e+00
val_min_episode_rewards     0.000000e+00
val_max_episode_len         1.000000e+03
val_mean_episode_len        3.702000e+02
val_min_episode_len         0.000000e+00
val_mean_timeouts           0.000000e+00
Name: 331, dtype: float64
timesteps                   2.182349e+07
wall_time                   1.304704e+05
num_episodes                2.392790e+05
max_episode_rewards         1.000000e+01
mean_episode_rewards        8.000000e+00
min_episode_rewards         0.000000e+00
max_episode_len             1.000000e+03
mean_episode_len            2.472000e+02
min_episode_len             0.000000e+00
mean_timeouts               2.500000e-02
val_max_episode_rewards     1.000000e+01
val_mean_episode_rewards    2.000000e+00
val_min_episode_rewards     0.000000e+00
val_max_episode_len         1.000000e+03
val_mean_episode_len        6.739750e+02
val_min_episode_len         0.000000e+00
val_mean_timeouts           0.000000e+00
Name: 332, dtype: float64
timesteps                   2.188902e+07
wall_time                   1.308944e+05
num_episodes                2.395830e+05
max_episode_rewards         1.000000e+01
mean_episode_rewards        8.750000e+00
min_episode_rewards         0.000000e+00
max_episode_len             5.020000e+02
mean_episode_len            1.287500e+02
min_episode_len             0.000000e+00
mean_timeouts               0.000000e+00
val_max_episode_rewards     1.000000e+01
val_mean_episode_rewards    3.500000e+00
val_min_episode_rewards     0.000000e+00
val_max_episode_len         1.000000e+03
val_mean_episode_len        5.139250e+02
val_min_episode_len         0.000000e+00
val_mean_timeouts           0.000000e+00
Name: 333, dtype: float64
timesteps                   2.195456e+07
wall_time                   1.313169e+05
num_episodes                2.399280e+05
max_episode_rewards         1.000000e+01
mean_episode_rewards        7.750000e+00
min_episode_rewards         0.000000e+00
max_episode_len             1.000000e+03
mean_episode_len            1.799250e+02
min_episode_len             0.000000e+00
mean_timeouts               0.000000e+00
val_max_episode_rewards     1.000000e+01
val_mean_episode_rewards    4.500000e+00
val_min_episode_rewards     0.000000e+00
val_max_episode_len         1.000000e+03
val_mean_episode_len        4.562750e+02
val_min_episode_len         0.000000e+00
val_mean_timeouts           0.000000e+00
Name: 334, dtype: float64
timesteps                   2.202010e+07
wall_time                   1.317422e+05
num_episodes                2.402570e+05
max_episode_rewards         1.000000e+01
mean_episode_rewards        8.000000e+00
min_episode_rewards         0.000000e+00
max_episode_len             1.000000e+03
mean_episode_len            2.564500e+02
min_episode_len             0.000000e+00
mean_timeouts               0.000000e+00
val_max_episode_rewards     1.000000e+01
val_mean_episode_rewards    3.500000e+00
val_min_episode_rewards     0.000000e+00
val_max_episode_len         1.000000e+03
val_mean_episode_len        4.936750e+02
val_min_episode_len         0.000000e+00
val_mean_timeouts           0.000000e+00
Name: 335, dtype: float64
timesteps                   2.208563e+07
wall_time                   1.321632e+05
num_episodes                2.405730e+05
max_episode_rewards         1.000000e+01
mean_episode_rewards        6.000000e+00
min_episode_rewards         0.000000e+00
max_episode_len             1.000000e+03
mean_episode_len            3.226000e+02
min_episode_len             0.000000e+00
mean_timeouts               2.500000e-02
val_max_episode_rewards     1.000000e+01
val_mean_episode_rewards    3.500000e+00
val_min_episode_rewards     0.000000e+00
val_max_episode_len         1.000000e+03
val_mean_episode_len        5.746750e+02
val_min_episode_len         0.000000e+00
val_mean_timeouts           0.000000e+00
Name: 336, dtype: float64
timesteps                   2.215117e+07
wall_time                   1.325889e+05
num_episodes                2.408730e+05
max_episode_rewards         1.000000e+01
mean_episode_rewards        7.250000e+00
min_episode_rewards         0.000000e+00
max_episode_len             1.000000e+03
mean_episode_len            2.472250e+02
min_episode_len             0.000000e+00
mean_timeouts               0.000000e+00
val_max_episode_rewards     1.000000e+01
val_mean_episode_rewards    3.000000e+00
val_min_episode_rewards     0.000000e+00
val_max_episode_len         1.000000e+03
val_mean_episode_len        5.273250e+02
val_min_episode_len         0.000000e+00
val_mean_timeouts           2.500000e-02
Name: 337, dtype: float64
timesteps                   2.221670e+07
wall_time                   1.330069e+05
num_episodes                2.411310e+05
max_episode_rewards         1.000000e+01
mean_episode_rewards        7.250000e+00
min_episode_rewards         0.000000e+00
max_episode_len             1.000000e+03
mean_episode_len            1.892000e+02
min_episode_len             0.000000e+00
mean_timeouts               0.000000e+00
val_max_episode_rewards     1.000000e+01
val_mean_episode_rewards    2.250000e+00
val_min_episode_rewards     0.000000e+00
val_max_episode_len         1.000000e+03
val_mean_episode_len        7.004750e+02
val_min_episode_len         0.000000e+00
val_mean_timeouts           0.000000e+00
Name: 338, dtype: float64
timesteps                   2.228224e+07
wall_time                   1.334237e+05
num_episodes                2.414040e+05
max_episode_rewards         1.000000e+01
mean_episode_rewards        7.250000e+00
min_episode_rewards         0.000000e+00
max_episode_len             1.000000e+03
mean_episode_len            2.243250e+02
min_episode_len             0.000000e+00
mean_timeouts               0.000000e+00
val_max_episode_rewards     1.000000e+01
val_mean_episode_rewards    5.750000e+00
val_min_episode_rewards     0.000000e+00
val_max_episode_len         1.000000e+03
val_mean_episode_len        2.838250e+02
val_min_episode_len         0.000000e+00
val_mean_timeouts           2.500000e-02
Name: 339, dtype: float64
timesteps                   2.234778e+07
wall_time                   1.338365e+05
num_episodes                2.417230e+05
max_episode_rewards         1.000000e+01
mean_episode_rewards        6.500000e+00
min_episode_rewards         0.000000e+00
max_episode_len             1.000000e+03
mean_episode_len            2.593500e+02
min_episode_len             0.000000e+00
mean_timeouts               0.000000e+00
val_max_episode_rewards     1.000000e+01
val_mean_episode_rewards    4.500000e+00
val_min_episode_rewards     0.000000e+00
val_max_episode_len         1.000000e+03
val_mean_episode_len        4.672750e+02
val_min_episode_len         0.000000e+00
val_mean_timeouts           0.000000e+00
Name: 340, dtype: float64
timesteps                   2.241331e+07
wall_time                   1.342427e+05
num_episodes                2.421000e+05
max_episode_rewards         1.000000e+01
mean_episode_rewards        7.500000e+00
min_episode_rewards         0.000000e+00
max_episode_len             1.000000e+03
mean_episode_len            1.989750e+02
min_episode_len             0.000000e+00
mean_timeouts               0.000000e+00
val_max_episode_rewards     1.000000e+01
val_mean_episode_rewards    3.750000e+00
val_min_episode_rewards     0.000000e+00
val_max_episode_len         1.000000e+03
val_mean_episode_len        4.735250e+02
val_min_episode_len         0.000000e+00
val_mean_timeouts           0.000000e+00
Name: 341, dtype: float64
timesteps                   2.247885e+07
wall_time                   1.346561e+05
num_episodes                2.424640e+05
max_episode_rewards         1.000000e+01
mean_episode_rewards        8.000000e+00
min_episode_rewards         0.000000e+00
max_episode_len             1.000000e+03
mean_episode_len            1.879750e+02
min_episode_len             0.000000e+00
mean_timeouts               0.000000e+00
val_max_episode_rewards     1.000000e+01
val_mean_episode_rewards    3.250000e+00
val_min_episode_rewards     0.000000e+00
val_max_episode_len         1.000000e+03
val_mean_episode_len        5.455750e+02
val_min_episode_len         0.000000e+00
val_mean_timeouts           0.000000e+00
Name: 342, dtype: float64
timesteps                   2.254438e+07
wall_time                   1.350644e+05
num_episodes                2.428050e+05
max_episode_rewards         1.000000e+01
mean_episode_rewards        7.250000e+00
min_episode_rewards         0.000000e+00
max_episode_len             1.000000e+03
mean_episode_len            1.776750e+02
min_episode_len             0.000000e+00
mean_timeouts               0.000000e+00
val_max_episode_rewards     1.000000e+01
val_mean_episode_rewards    2.000000e+00
val_min_episode_rewards     0.000000e+00
val_max_episode_len         1.000000e+03
val_mean_episode_len        7.384250e+02
val_min_episode_len         0.000000e+00
val_mean_timeouts           0.000000e+00
Name: 343, dtype: float64
timesteps                   2.260992e+07
wall_time                   1.354739e+05
num_episodes                2.431430e+05
max_episode_rewards         1.000000e+01
mean_episode_rewards        7.750000e+00
min_episode_rewards         0.000000e+00
max_episode_len             1.000000e+03
mean_episode_len            2.216500e+02
min_episode_len             0.000000e+00
mean_timeouts               0.000000e+00
val_max_episode_rewards     1.000000e+01
val_mean_episode_rewards    3.750000e+00
val_min_episode_rewards     0.000000e+00
val_max_episode_len         1.000000e+03
val_mean_episode_len        5.324750e+02
val_min_episode_len         0.000000e+00
val_mean_timeouts           0.000000e+00
Name: 344, dtype: float64
timesteps                   2.267546e+07
wall_time                   1.358824e+05
num_episodes                2.435110e+05
max_episode_rewards         1.000000e+01
mean_episode_rewards        8.000000e+00
min_episode_rewards         0.000000e+00
max_episode_len             1.000000e+03
mean_episode_len            1.752500e+02
min_episode_len             0.000000e+00
mean_timeouts               0.000000e+00
val_max_episode_rewards     1.000000e+01
val_mean_episode_rewards    3.250000e+00
val_min_episode_rewards     0.000000e+00
val_max_episode_len         1.000000e+03
val_mean_episode_len        5.611750e+02
val_min_episode_len         0.000000e+00
val_mean_timeouts           0.000000e+00
Name: 345, dtype: float64
timesteps                   2.274099e+07
wall_time                   1.362790e+05
num_episodes                2.438920e+05
max_episode_rewards         1.000000e+01
mean_episode_rewards        8.000000e+00
min_episode_rewards         0.000000e+00
max_episode_len             1.000000e+03
mean_episode_len            2.403000e+02
min_episode_len             0.000000e+00
mean_timeouts               0.000000e+00
val_max_episode_rewards     1.000000e+01
val_mean_episode_rewards    4.500000e+00
val_min_episode_rewards     0.000000e+00
val_max_episode_len         1.000000e+03
val_mean_episode_len        4.039000e+02
val_min_episode_len         0.000000e+00
val_mean_timeouts           0.000000e+00
Name: 346, dtype: float64
timesteps                   2.280653e+07
wall_time                   1.366882e+05
num_episodes                2.442820e+05
max_episode_rewards         1.000000e+01
mean_episode_rewards        7.250000e+00
min_episode_rewards         0.000000e+00
max_episode_len             1.000000e+03
mean_episode_len            2.026750e+02
min_episode_len             0.000000e+00
mean_timeouts               2.500000e-02
val_max_episode_rewards     1.000000e+01
val_mean_episode_rewards    4.000000e+00
val_min_episode_rewards     0.000000e+00
val_max_episode_len         1.000000e+03
val_mean_episode_len        3.510250e+02
val_min_episode_len         0.000000e+00
val_mean_timeouts           2.500000e-02
Name: 347, dtype: float64
timesteps                   2.287206e+07
wall_time                   1.370983e+05
num_episodes                2.446340e+05
max_episode_rewards         1.000000e+01
mean_episode_rewards        6.500000e+00
min_episode_rewards         0.000000e+00
max_episode_len             1.000000e+03
mean_episode_len            1.458250e+02
min_episode_len             0.000000e+00
mean_timeouts               0.000000e+00
val_max_episode_rewards     1.000000e+01
val_mean_episode_rewards    3.250000e+00
val_min_episode_rewards     0.000000e+00
val_max_episode_len         1.000000e+03
val_mean_episode_len        4.452000e+02
val_min_episode_len         0.000000e+00
val_mean_timeouts           0.000000e+00
Name: 348, dtype: float64
timesteps                   2.293760e+07
wall_time                   1.375083e+05
num_episodes                2.450030e+05
max_episode_rewards         1.000000e+01
mean_episode_rewards        6.750000e+00
min_episode_rewards         0.000000e+00
max_episode_len             1.000000e+03
mean_episode_len            2.397000e+02
min_episode_len             0.000000e+00
mean_timeouts               0.000000e+00
val_max_episode_rewards     1.000000e+01
val_mean_episode_rewards    3.750000e+00
val_min_episode_rewards     0.000000e+00
val_max_episode_len         1.000000e+03
val_mean_episode_len        4.915250e+02
val_min_episode_len         0.000000e+00
val_mean_timeouts           0.000000e+00
Name: 349, dtype: float64
timesteps                   2.300314e+07
wall_time                   1.379100e+05
num_episodes                2.453420e+05
max_episode_rewards         1.000000e+01
mean_episode_rewards        6.500000e+00
min_episode_rewards         0.000000e+00
max_episode_len             1.000000e+03
mean_episode_len            1.707000e+02
min_episode_len             0.000000e+00
mean_timeouts               0.000000e+00
val_max_episode_rewards     1.000000e+01
val_mean_episode_rewards    2.750000e+00
val_min_episode_rewards     0.000000e+00
val_max_episode_len         1.000000e+03
val_mean_episode_len        5.543500e+02
val_min_episode_len         0.000000e+00
val_mean_timeouts           0.000000e+00
Name: 350, dtype: float64
timesteps                   2.306867e+07
wall_time                   1.383038e+05
num_episodes                2.457140e+05
max_episode_rewards         1.000000e+01
mean_episode_rewards        7.250000e+00
min_episode_rewards         0.000000e+00
max_episode_len             1.000000e+03
mean_episode_len            2.127000e+02
min_episode_len             0.000000e+00
mean_timeouts               0.000000e+00
val_max_episode_rewards     1.000000e+01
val_mean_episode_rewards    3.750000e+00
val_min_episode_rewards     0.000000e+00
val_max_episode_len         1.000000e+03
val_mean_episode_len        4.811750e+02
val_min_episode_len         0.000000e+00
val_mean_timeouts           0.000000e+00
Name: 351, dtype: float64
timesteps                   2.313421e+07
wall_time                   1.386941e+05
num_episodes                2.460770e+05
max_episode_rewards         1.000000e+01
mean_episode_rewards        7.000000e+00
min_episode_rewards         0.000000e+00
max_episode_len             1.000000e+03
mean_episode_len            2.462250e+02
min_episode_len             0.000000e+00
mean_timeouts               2.500000e-02
val_max_episode_rewards     1.000000e+01
val_mean_episode_rewards    4.000000e+00
val_min_episode_rewards     0.000000e+00
val_max_episode_len         1.000000e+03
val_mean_episode_len        5.574500e+02
val_min_episode_len         0.000000e+00
val_mean_timeouts           0.000000e+00
Name: 352, dtype: float64
timesteps                   2.319974e+07
wall_time                   1.390926e+05
num_episodes                2.464900e+05
max_episode_rewards         1.000000e+01
mean_episode_rewards        7.250000e+00
min_episode_rewards         0.000000e+00
max_episode_len             1.000000e+03
mean_episode_len            1.744750e+02
min_episode_len             0.000000e+00
mean_timeouts               0.000000e+00
val_max_episode_rewards     1.000000e+01
val_mean_episode_rewards    4.500000e+00
val_min_episode_rewards     0.000000e+00
val_max_episode_len         1.000000e+03
val_mean_episode_len        3.053500e+02
val_min_episode_len         0.000000e+00
val_mean_timeouts           0.000000e+00
Name: 353, dtype: float64
timesteps                   2.326528e+07
wall_time                   1.394779e+05
num_episodes                2.469280e+05
max_episode_rewards         1.000000e+01
mean_episode_rewards        7.000000e+00
min_episode_rewards         0.000000e+00
max_episode_len             1.000000e+03
mean_episode_len            1.299500e+02
min_episode_len             0.000000e+00
mean_timeouts               0.000000e+00
val_max_episode_rewards     1.000000e+01
val_mean_episode_rewards    4.250000e+00
val_min_episode_rewards     0.000000e+00
val_max_episode_len         1.000000e+03
val_mean_episode_len        3.498000e+02
val_min_episode_len         0.000000e+00
val_mean_timeouts           0.000000e+00
Name: 354, dtype: float64
timesteps                   2.333082e+07
wall_time                   1.398672e+05
num_episodes                2.473840e+05
max_episode_rewards         1.000000e+01
mean_episode_rewards        7.000000e+00
min_episode_rewards         0.000000e+00
max_episode_len             1.000000e+03
mean_episode_len            2.072750e+02
min_episode_len             0.000000e+00
mean_timeouts               0.000000e+00
val_max_episode_rewards     1.000000e+01
val_mean_episode_rewards    3.750000e+00
val_min_episode_rewards     0.000000e+00
val_max_episode_len         1.000000e+03
val_mean_episode_len        4.248000e+02
val_min_episode_len         0.000000e+00
val_mean_timeouts           0.000000e+00
Name: 355, dtype: float64
timesteps                   2.339635e+07
wall_time                   1.402636e+05
num_episodes                2.478780e+05
max_episode_rewards         1.000000e+01
mean_episode_rewards        7.250000e+00
min_episode_rewards         0.000000e+00
max_episode_len             1.000000e+03
mean_episode_len            1.215250e+02
min_episode_len             0.000000e+00
mean_timeouts               0.000000e+00
val_max_episode_rewards     1.000000e+01
val_mean_episode_rewards    4.000000e+00
val_min_episode_rewards     0.000000e+00
val_max_episode_len         1.000000e+03
val_mean_episode_len        4.615750e+02
val_min_episode_len         0.000000e+00
val_mean_timeouts           0.000000e+00
Name: 356, dtype: float64
timesteps                   2.346189e+07
wall_time                   1.406585e+05
num_episodes                2.483900e+05
max_episode_rewards         1.000000e+01
mean_episode_rewards        7.250000e+00
min_episode_rewards         0.000000e+00
max_episode_len             1.000000e+03
mean_episode_len            1.469250e+02
min_episode_len             0.000000e+00
mean_timeouts               0.000000e+00
val_max_episode_rewards     1.000000e+01
val_mean_episode_rewards    4.500000e+00
val_min_episode_rewards     0.000000e+00
val_max_episode_len         1.000000e+03
val_mean_episode_len        5.759000e+02
val_min_episode_len         0.000000e+00
val_mean_timeouts           0.000000e+00
Name: 357, dtype: float64
timesteps                   2.352742e+07
wall_time                   1.410656e+05
num_episodes                2.489270e+05
max_episode_rewards         1.000000e+01
mean_episode_rewards        6.750000e+00
min_episode_rewards         0.000000e+00
max_episode_len             1.000000e+03
mean_episode_len            1.312500e+02
min_episode_len             0.000000e+00
mean_timeouts               0.000000e+00
val_max_episode_rewards     1.000000e+01
val_mean_episode_rewards    3.500000e+00
val_min_episode_rewards     0.000000e+00
val_max_episode_len         1.000000e+03
val_mean_episode_len        3.789250e+02
val_min_episode_len         0.000000e+00
val_mean_timeouts           0.000000e+00
Name: 358, dtype: float64
timesteps                   2.359296e+07
wall_time                   1.414547e+05
num_episodes                2.494550e+05
max_episode_rewards         1.000000e+01
mean_episode_rewards        8.000000e+00
min_episode_rewards         0.000000e+00
max_episode_len             1.000000e+03
mean_episode_len            1.447750e+02
min_episode_len             0.000000e+00
mean_timeouts               2.500000e-02
val_max_episode_rewards     1.000000e+01
val_mean_episode_rewards    3.500000e+00
val_min_episode_rewards     0.000000e+00
val_max_episode_len         1.000000e+03
val_mean_episode_len        3.577250e+02
val_min_episode_len         0.000000e+00
val_mean_timeouts           0.000000e+00
Name: 359, dtype: float64
timesteps                   2.365850e+07
wall_time                   1.418431e+05
num_episodes                2.499180e+05
max_episode_rewards         1.000000e+01
mean_episode_rewards        6.000000e+00
min_episode_rewards         0.000000e+00
max_episode_len             7.550000e+02
mean_episode_len            1.442500e+02
min_episode_len             0.000000e+00
mean_timeouts               0.000000e+00
val_max_episode_rewards     1.000000e+01
val_mean_episode_rewards    4.500000e+00
val_min_episode_rewards     0.000000e+00
val_max_episode_len         1.000000e+03
val_mean_episode_len        3.704750e+02
val_min_episode_len         0.000000e+00
val_mean_timeouts           2.500000e-02
Name: 360, dtype: float64
timesteps                   2.372403e+07
wall_time                   1.422468e+05
num_episodes                2.503560e+05
max_episode_rewards         1.000000e+01
mean_episode_rewards        7.500000e+00
min_episode_rewards         0.000000e+00
max_episode_len             1.000000e+03
mean_episode_len            1.077000e+02
min_episode_len             0.000000e+00
mean_timeouts               0.000000e+00
val_max_episode_rewards     1.000000e+01
val_mean_episode_rewards    3.250000e+00
val_min_episode_rewards     0.000000e+00
val_max_episode_len         1.000000e+03
val_mean_episode_len        4.757750e+02
val_min_episode_len         0.000000e+00
val_mean_timeouts           0.000000e+00
Name: 361, dtype: float64
timesteps                   2.378957e+07
wall_time                   1.426399e+05
num_episodes                2.507700e+05
max_episode_rewards         1.000000e+01
mean_episode_rewards        8.500000e+00
min_episode_rewards         0.000000e+00
max_episode_len             1.000000e+03
mean_episode_len            1.341750e+02
min_episode_len             0.000000e+00
mean_timeouts               0.000000e+00
val_max_episode_rewards     1.000000e+01
val_mean_episode_rewards    5.000000e+00
val_min_episode_rewards     0.000000e+00
val_max_episode_len         1.000000e+03
val_mean_episode_len        3.306000e+02
val_min_episode_len         0.000000e+00
val_mean_timeouts           0.000000e+00
Name: 362, dtype: float64
timesteps                   2.385510e+07
wall_time                   1.430265e+05
num_episodes                2.512380e+05
max_episode_rewards         1.000000e+01
mean_episode_rewards        7.500000e+00
min_episode_rewards         0.000000e+00
max_episode_len             1.000000e+03
mean_episode_len            9.150000e+01
min_episode_len             0.000000e+00
mean_timeouts               2.500000e-02
val_max_episode_rewards     1.000000e+01
val_mean_episode_rewards    4.250000e+00
val_min_episode_rewards     0.000000e+00
val_max_episode_len         1.000000e+03
val_mean_episode_len        5.409250e+02
val_min_episode_len         0.000000e+00
val_mean_timeouts           0.000000e+00
Name: 363, dtype: float64
timesteps                   2.392064e+07
wall_time                   1.434038e+05
num_episodes                2.516160e+05
max_episode_rewards         1.000000e+01
mean_episode_rewards        7.250000e+00
min_episode_rewards         0.000000e+00
max_episode_len             1.000000e+03
mean_episode_len            1.451000e+02
min_episode_len             0.000000e+00
mean_timeouts               0.000000e+00
val_max_episode_rewards     1.000000e+01
val_mean_episode_rewards    4.000000e+00
val_min_episode_rewards     0.000000e+00
val_max_episode_len         1.000000e+03
val_mean_episode_len        4.828250e+02
val_min_episode_len         0.000000e+00
val_mean_timeouts           0.000000e+00
Name: 364, dtype: float64
timesteps                   2.398618e+07
wall_time                   1.437985e+05
num_episodes                2.520500e+05
max_episode_rewards         1.000000e+01
mean_episode_rewards        8.000000e+00
min_episode_rewards         0.000000e+00
max_episode_len             1.000000e+03
mean_episode_len            1.711500e+02
min_episode_len             0.000000e+00
mean_timeouts               0.000000e+00
val_max_episode_rewards     1.000000e+01
val_mean_episode_rewards    5.000000e+00
val_min_episode_rewards     0.000000e+00
val_max_episode_len         1.000000e+03
val_mean_episode_len        4.284500e+02
val_min_episode_len         0.000000e+00
val_mean_timeouts           0.000000e+00
Name: 365, dtype: float64
timesteps                   2.405171e+07
wall_time                   1.441919e+05
num_episodes                2.524490e+05
max_episode_rewards         1.000000e+01
mean_episode_rewards        7.250000e+00
min_episode_rewards         0.000000e+00
max_episode_len             1.000000e+03
mean_episode_len            1.693500e+02
min_episode_len             0.000000e+00
mean_timeouts               0.000000e+00
val_max_episode_rewards     1.000000e+01
val_mean_episode_rewards    5.000000e+00
val_min_episode_rewards     0.000000e+00
val_max_episode_len         1.000000e+03
val_mean_episode_len        3.398500e+02
val_min_episode_len         0.000000e+00
val_mean_timeouts           0.000000e+00
Name: 366, dtype: float64
timesteps                   2.411725e+07
wall_time                   1.445854e+05
num_episodes                2.528390e+05
max_episode_rewards         1.000000e+01
mean_episode_rewards        7.500000e+00
min_episode_rewards         0.000000e+00
max_episode_len             1.000000e+03
mean_episode_len            1.657000e+02
min_episode_len             0.000000e+00
mean_timeouts               2.500000e-02
val_max_episode_rewards     1.000000e+01
val_mean_episode_rewards    2.750000e+00
val_min_episode_rewards     0.000000e+00
val_max_episode_len         1.000000e+03
val_mean_episode_len        5.066750e+02
val_min_episode_len         0.000000e+00
val_mean_timeouts           0.000000e+00
Name: 367, dtype: float64
timesteps                   2.418278e+07
wall_time                   1.449743e+05
num_episodes                2.532510e+05
max_episode_rewards         1.000000e+01
mean_episode_rewards        7.000000e+00
min_episode_rewards         0.000000e+00
max_episode_len             1.000000e+03
mean_episode_len            1.652750e+02
min_episode_len             0.000000e+00
mean_timeouts               0.000000e+00
val_max_episode_rewards     1.000000e+01
val_mean_episode_rewards    3.000000e+00
val_min_episode_rewards     0.000000e+00
val_max_episode_len         1.000000e+03
val_mean_episode_len        5.284000e+02
val_min_episode_len         0.000000e+00
val_mean_timeouts           0.000000e+00
Name: 368, dtype: float64
timesteps                   2.424832e+07
wall_time                   1.453666e+05
num_episodes                2.536220e+05
max_episode_rewards         1.000000e+01
mean_episode_rewards        7.250000e+00
min_episode_rewards         0.000000e+00
max_episode_len             1.000000e+03
mean_episode_len            1.693500e+02
min_episode_len             0.000000e+00
mean_timeouts               0.000000e+00
val_max_episode_rewards     1.000000e+01
val_mean_episode_rewards    3.750000e+00
val_min_episode_rewards     0.000000e+00
val_max_episode_len         1.000000e+03
val_mean_episode_len        4.301500e+02
val_min_episode_len         0.000000e+00
val_mean_timeouts           0.000000e+00
Name: 369, dtype: float64
timesteps                   2.431386e+07
wall_time                   1.457588e+05
num_episodes                2.539760e+05
max_episode_rewards         1.000000e+01
mean_episode_rewards        7.000000e+00
min_episode_rewards         0.000000e+00
max_episode_len             1.000000e+03
mean_episode_len            2.175000e+02
min_episode_len             0.000000e+00
mean_timeouts               2.500000e-02
val_max_episode_rewards     1.000000e+01
val_mean_episode_rewards    3.750000e+00
val_min_episode_rewards     0.000000e+00
val_max_episode_len         1.000000e+03
val_mean_episode_len        4.567000e+02
val_min_episode_len         0.000000e+00
val_mean_timeouts           0.000000e+00
Name: 370, dtype: float64
timesteps                   2.437939e+07
wall_time                   1.461455e+05
num_episodes                2.543460e+05
max_episode_rewards         1.000000e+01
mean_episode_rewards        7.500000e+00
min_episode_rewards         0.000000e+00
max_episode_len             1.000000e+03
mean_episode_len            1.598250e+02
min_episode_len             0.000000e+00
mean_timeouts               0.000000e+00
val_max_episode_rewards     1.000000e+01
val_mean_episode_rewards    2.750000e+00
val_min_episode_rewards     0.000000e+00
val_max_episode_len         1.000000e+03
val_mean_episode_len        5.556250e+02
val_min_episode_len         0.000000e+00
val_mean_timeouts           0.000000e+00
Name: 371, dtype: float64
timesteps                   2.444493e+07
wall_time                   1.465245e+05
num_episodes                2.547420e+05
max_episode_rewards         1.000000e+01
mean_episode_rewards        7.250000e+00
min_episode_rewards         0.000000e+00
max_episode_len             1.000000e+03
mean_episode_len            2.431000e+02
min_episode_len             0.000000e+00
mean_timeouts               5.000000e-02
val_max_episode_rewards     1.000000e+01
val_mean_episode_rewards    3.250000e+00
val_min_episode_rewards     0.000000e+00
val_max_episode_len         1.000000e+03
val_mean_episode_len        4.038000e+02
val_min_episode_len         0.000000e+00
val_mean_timeouts           0.000000e+00
Name: 372, dtype: float64
timesteps                   2.451046e+07
wall_time                   1.469223e+05
num_episodes                2.551690e+05
max_episode_rewards         1.000000e+01
mean_episode_rewards        6.500000e+00
min_episode_rewards         0.000000e+00
max_episode_len             1.000000e+03
mean_episode_len            1.667250e+02
min_episode_len             0.000000e+00
mean_timeouts               0.000000e+00
val_max_episode_rewards     1.000000e+01
val_mean_episode_rewards    4.500000e+00
val_min_episode_rewards     0.000000e+00
val_max_episode_len         1.000000e+03
val_mean_episode_len        4.448000e+02
val_min_episode_len         0.000000e+00
val_mean_timeouts           0.000000e+00
Name: 373, dtype: float64
timesteps                   2.457600e+07
wall_time                   1.473194e+05
num_episodes                2.555850e+05
max_episode_rewards         1.000000e+01
mean_episode_rewards        7.750000e+00
min_episode_rewards         0.000000e+00
max_episode_len             1.000000e+03
mean_episode_len            1.230750e+02
min_episode_len             0.000000e+00
mean_timeouts               0.000000e+00
val_max_episode_rewards     1.000000e+01
val_mean_episode_rewards    3.500000e+00
val_min_episode_rewards     0.000000e+00
val_max_episode_len         1.000000e+03
val_mean_episode_len        3.897750e+02
val_min_episode_len         0.000000e+00
val_mean_timeouts           0.000000e+00
Name: 374, dtype: float64
timesteps                   2.464154e+07
wall_time                   1.477228e+05
num_episodes                2.560120e+05
max_episode_rewards         1.000000e+01
mean_episode_rewards        7.500000e+00
min_episode_rewards         0.000000e+00
max_episode_len             1.000000e+03
mean_episode_len            1.503500e+02
min_episode_len             0.000000e+00
mean_timeouts               0.000000e+00
val_max_episode_rewards     1.000000e+01
val_mean_episode_rewards    3.500000e+00
val_min_episode_rewards     0.000000e+00
val_max_episode_len         1.000000e+03
val_mean_episode_len        4.025500e+02
val_min_episode_len         0.000000e+00
val_mean_timeouts           0.000000e+00
Name: 375, dtype: float64
timesteps                   2.470707e+07
wall_time                   1.481202e+05
num_episodes                2.564950e+05
max_episode_rewards         1.000000e+01
mean_episode_rewards        7.750000e+00
min_episode_rewards         0.000000e+00
max_episode_len             1.000000e+03
mean_episode_len            1.945250e+02
min_episode_len             0.000000e+00
mean_timeouts               2.500000e-02
val_max_episode_rewards     1.000000e+01
val_mean_episode_rewards    3.500000e+00
val_min_episode_rewards     0.000000e+00
val_max_episode_len         1.000000e+03
val_mean_episode_len        5.194250e+02
val_min_episode_len         0.000000e+00
val_mean_timeouts           0.000000e+00
Name: 376, dtype: float64
timesteps                   2.477261e+07
wall_time                   1.485044e+05
num_episodes                2.569330e+05
max_episode_rewards         1.000000e+01
mean_episode_rewards        7.000000e+00
min_episode_rewards         0.000000e+00
max_episode_len             9.170000e+02
mean_episode_len            1.760250e+02
min_episode_len             0.000000e+00
mean_timeouts               2.500000e-02
val_max_episode_rewards     1.000000e+01
val_mean_episode_rewards    3.250000e+00
val_min_episode_rewards     0.000000e+00
val_max_episode_len         1.000000e+03
val_mean_episode_len        6.721000e+02
val_min_episode_len         0.000000e+00
val_mean_timeouts           0.000000e+00
Name: 377, dtype: float64
timesteps                   2.483814e+07
wall_time                   1.488892e+05
num_episodes                2.573860e+05
max_episode_rewards         1.000000e+01
mean_episode_rewards        7.500000e+00
min_episode_rewards         0.000000e+00
max_episode_len             1.000000e+03
mean_episode_len            1.396750e+02
min_episode_len             0.000000e+00
mean_timeouts               0.000000e+00
val_max_episode_rewards     1.000000e+01
val_mean_episode_rewards    2.250000e+00
val_min_episode_rewards     0.000000e+00
val_max_episode_len         1.000000e+03
val_mean_episode_len        5.959250e+02
val_min_episode_len         0.000000e+00
val_mean_timeouts           2.500000e-02
Name: 378, dtype: float64
timesteps                   2.490368e+07
wall_time                   1.492691e+05
num_episodes                2.578120e+05
max_episode_rewards         1.000000e+01
mean_episode_rewards        7.000000e+00
min_episode_rewards         0.000000e+00
max_episode_len             1.000000e+03
mean_episode_len            1.492500e+02
min_episode_len             0.000000e+00
mean_timeouts               0.000000e+00
val_max_episode_rewards     1.000000e+01
val_mean_episode_rewards    3.500000e+00
val_min_episode_rewards     0.000000e+00
val_max_episode_len         1.000000e+03
val_mean_episode_len        5.592500e+02
val_min_episode_len         0.000000e+00
val_mean_timeouts           0.000000e+00
Name: 379, dtype: float64
timesteps                   2.496922e+07
wall_time                   1.496635e+05
num_episodes                2.582540e+05
max_episode_rewards         1.000000e+01
mean_episode_rewards        6.750000e+00
min_episode_rewards         0.000000e+00
max_episode_len             1.000000e+03
mean_episode_len            1.370250e+02
min_episode_len             0.000000e+00
mean_timeouts               0.000000e+00
val_max_episode_rewards     1.000000e+01
val_mean_episode_rewards    2.750000e+00
val_min_episode_rewards     0.000000e+00
val_max_episode_len         1.000000e+03
val_mean_episode_len        5.711250e+02
val_min_episode_len         0.000000e+00
val_mean_timeouts           0.000000e+00
Name: 380, dtype: float64
timesteps                   2.503475e+07
wall_time                   1.500595e+05
num_episodes                2.586810e+05
max_episode_rewards         1.000000e+01
mean_episode_rewards        7.500000e+00
min_episode_rewards         0.000000e+00
max_episode_len             1.000000e+03
mean_episode_len            1.669250e+02
min_episode_len             0.000000e+00
mean_timeouts               2.500000e-02
val_max_episode_rewards     1.000000e+01
val_mean_episode_rewards    3.750000e+00
val_min_episode_rewards     0.000000e+00
val_max_episode_len         1.000000e+03
val_mean_episode_len        4.252750e+02
val_min_episode_len         0.000000e+00
val_mean_timeouts           0.000000e+00
Name: 381, dtype: float64
Saving model at timestep 25034753
timesteps                   2.510029e+07
wall_time                   1.504569e+05
num_episodes                2.591490e+05
max_episode_rewards         1.000000e+01
mean_episode_rewards        7.250000e+00
min_episode_rewards         0.000000e+00
max_episode_len             1.000000e+03
mean_episode_len            2.029500e+02
min_episode_len             0.000000e+00
mean_timeouts               2.500000e-02
val_max_episode_rewards     1.000000e+01
val_mean_episode_rewards    2.750000e+00
val_min_episode_rewards     0.000000e+00
val_max_episode_len         1.000000e+03
val_mean_episode_len        4.546000e+02
val_min_episode_len         0.000000e+00
val_mean_timeouts           0.000000e+00
Name: 382, dtype: float64
timesteps                   2.516582e+07
wall_time                   1.508464e+05
num_episodes                2.596010e+05
max_episode_rewards         1.000000e+01
mean_episode_rewards        8.750000e+00
min_episode_rewards         0.000000e+00
max_episode_len             4.180000e+02
mean_episode_len            8.482500e+01
min_episode_len             0.000000e+00
mean_timeouts               0.000000e+00
val_max_episode_rewards     1.000000e+01
val_mean_episode_rewards    4.000000e+00
val_min_episode_rewards     0.000000e+00
val_max_episode_len         1.000000e+03
val_mean_episode_len        4.652750e+02
val_min_episode_len         0.000000e+00
val_mean_timeouts           2.500000e-02
Name: 383, dtype: float64
timesteps                   2.523136e+07
wall_time                   1.512328e+05
num_episodes                2.600740e+05
max_episode_rewards         1.000000e+01
mean_episode_rewards        6.750000e+00
min_episode_rewards         0.000000e+00
max_episode_len             1.000000e+03
mean_episode_len            1.368250e+02
min_episode_len             0.000000e+00
mean_timeouts               0.000000e+00
val_max_episode_rewards     1.000000e+01
val_mean_episode_rewards    3.250000e+00
val_min_episode_rewards     0.000000e+00
val_max_episode_len         1.000000e+03
val_mean_episode_len        5.401500e+02
val_min_episode_len         0.000000e+00
val_mean_timeouts           7.500000e-02
Name: 384, dtype: float64
timesteps                   2.529690e+07
wall_time                   1.516257e+05
num_episodes                2.605260e+05
max_episode_rewards         1.000000e+01
mean_episode_rewards        7.250000e+00
min_episode_rewards         0.000000e+00
max_episode_len             1.000000e+03
mean_episode_len            1.181000e+02
min_episode_len             0.000000e+00
mean_timeouts               0.000000e+00
val_max_episode_rewards     1.000000e+01
val_mean_episode_rewards    5.000000e+00
val_min_episode_rewards     0.000000e+00
val_max_episode_len         1.000000e+03
val_mean_episode_len        4.879750e+02
val_min_episode_len         0.000000e+00
val_mean_timeouts           0.000000e+00
Name: 385, dtype: float64
timesteps                   2.536243e+07
wall_time                   1.520231e+05
num_episodes                2.609380e+05
max_episode_rewards         1.000000e+01
mean_episode_rewards        6.750000e+00
min_episode_rewards         0.000000e+00
max_episode_len             5.000000e+02
mean_episode_len            1.020000e+02
min_episode_len             0.000000e+00
mean_timeouts               2.500000e-02
val_max_episode_rewards     1.000000e+01
val_mean_episode_rewards    4.250000e+00
val_min_episode_rewards     0.000000e+00
val_max_episode_len         1.000000e+03
val_mean_episode_len        4.808750e+02
val_min_episode_len         0.000000e+00
val_mean_timeouts           0.000000e+00
Name: 386, dtype: float64
timesteps                   2.542797e+07
wall_time                   1.524186e+05
num_episodes                2.613900e+05
max_episode_rewards         1.000000e+01
mean_episode_rewards        7.000000e+00
min_episode_rewards         0.000000e+00
max_episode_len             1.000000e+03
mean_episode_len            1.492000e+02
min_episode_len             0.000000e+00
mean_timeouts               0.000000e+00
val_max_episode_rewards     1.000000e+01
val_mean_episode_rewards    3.750000e+00
val_min_episode_rewards     0.000000e+00
val_max_episode_len         1.000000e+03
val_mean_episode_len        5.025750e+02
val_min_episode_len         0.000000e+00
val_mean_timeouts           0.000000e+00
Name: 387, dtype: float64
timesteps                   2.549350e+07
wall_time                   1.528139e+05
num_episodes                2.618690e+05
max_episode_rewards         1.000000e+01
mean_episode_rewards        7.500000e+00
min_episode_rewards         0.000000e+00
max_episode_len             1.000000e+03
mean_episode_len            1.568750e+02
min_episode_len             0.000000e+00
mean_timeouts               0.000000e+00
val_max_episode_rewards     1.000000e+01
val_mean_episode_rewards    1.500000e+00
val_min_episode_rewards     0.000000e+00
val_max_episode_len         1.000000e+03
val_mean_episode_len        7.442500e+02
val_min_episode_len         0.000000e+00
val_mean_timeouts           0.000000e+00
Name: 388, dtype: float64
timesteps                   2.555904e+07
wall_time                   1.532059e+05
num_episodes                2.623760e+05
max_episode_rewards         1.000000e+01
mean_episode_rewards        6.500000e+00
min_episode_rewards         0.000000e+00
max_episode_len             1.000000e+03
mean_episode_len            2.052750e+02
min_episode_len             0.000000e+00
mean_timeouts               0.000000e+00
val_max_episode_rewards     1.000000e+01
val_mean_episode_rewards    2.500000e+00
val_min_episode_rewards     0.000000e+00
val_max_episode_len         1.000000e+03
val_mean_episode_len        6.529250e+02
val_min_episode_len         0.000000e+00
val_mean_timeouts           0.000000e+00
Name: 389, dtype: float64
timesteps                   2.562458e+07
wall_time                   1.536053e+05
num_episodes                2.628570e+05
max_episode_rewards         1.000000e+01
mean_episode_rewards        8.250000e+00
min_episode_rewards         0.000000e+00
max_episode_len             1.000000e+03
mean_episode_len            1.340000e+02
min_episode_len             0.000000e+00
mean_timeouts               0.000000e+00
val_max_episode_rewards     1.000000e+01
val_mean_episode_rewards    2.500000e+00
val_min_episode_rewards     0.000000e+00
val_max_episode_len         1.000000e+03
val_mean_episode_len        5.889250e+02
val_min_episode_len         0.000000e+00
val_mean_timeouts           0.000000e+00
Name: 390, dtype: float64
timesteps                   2.569011e+07
wall_time                   1.539960e+05
num_episodes                2.633830e+05
max_episode_rewards         1.000000e+01
mean_episode_rewards        7.000000e+00
min_episode_rewards         0.000000e+00
max_episode_len             1.000000e+03
mean_episode_len            1.726500e+02
min_episode_len             0.000000e+00
mean_timeouts               0.000000e+00
val_max_episode_rewards     1.000000e+01
val_mean_episode_rewards    3.500000e+00
val_min_episode_rewards     0.000000e+00
val_max_episode_len         1.000000e+03
val_mean_episode_len        5.401750e+02
val_min_episode_len         0.000000e+00
val_mean_timeouts           0.000000e+00
Name: 391, dtype: float64
timesteps                   2.575565e+07
wall_time                   1.543881e+05
num_episodes                2.638770e+05
max_episode_rewards         1.000000e+01
mean_episode_rewards        8.500000e+00
min_episode_rewards         0.000000e+00
max_episode_len             6.830000e+02
mean_episode_len            9.162500e+01
min_episode_len             0.000000e+00
mean_timeouts               0.000000e+00
val_max_episode_rewards     1.000000e+01
val_mean_episode_rewards    4.250000e+00
val_min_episode_rewards     0.000000e+00
val_max_episode_len         1.000000e+03
val_mean_episode_len        4.397500e+02
val_min_episode_len         0.000000e+00
val_mean_timeouts           0.000000e+00
Name: 392, dtype: float64
timesteps                   2.582118e+07
wall_time                   1.547734e+05
num_episodes                2.643950e+05
max_episode_rewards         1.000000e+01
mean_episode_rewards        8.250000e+00
min_episode_rewards         0.000000e+00
max_episode_len             2.530000e+02
mean_episode_len            1.022750e+02
min_episode_len             0.000000e+00
mean_timeouts               2.500000e-02
val_max_episode_rewards     1.000000e+01
val_mean_episode_rewards    2.750000e+00
val_min_episode_rewards     0.000000e+00
val_max_episode_len         1.000000e+03
val_mean_episode_len        5.779500e+02
val_min_episode_len         0.000000e+00
val_mean_timeouts           0.000000e+00
Name: 393, dtype: float64
timesteps                   2.588672e+07
wall_time                   1.551562e+05
num_episodes                2.649180e+05
max_episode_rewards         1.000000e+01
mean_episode_rewards        7.250000e+00
min_episode_rewards         0.000000e+00
max_episode_len             1.000000e+03
mean_episode_len            1.093750e+02
min_episode_len             0.000000e+00
mean_timeouts               0.000000e+00
val_max_episode_rewards     1.000000e+01
val_mean_episode_rewards    4.750000e+00
val_min_episode_rewards     0.000000e+00
val_max_episode_len         1.000000e+03
val_mean_episode_len        2.932750e+02
val_min_episode_len         0.000000e+00
val_mean_timeouts           0.000000e+00
Name: 394, dtype: float64
timesteps                   2.595226e+07
wall_time                   1.555586e+05
num_episodes                2.653920e+05
max_episode_rewards         1.000000e+01
mean_episode_rewards        8.250000e+00
min_episode_rewards         0.000000e+00
max_episode_len             4.960000e+02
mean_episode_len            1.101000e+02
min_episode_len             0.000000e+00
mean_timeouts               0.000000e+00
val_max_episode_rewards     1.000000e+01
val_mean_episode_rewards    3.500000e+00
val_min_episode_rewards     0.000000e+00
val_max_episode_len         1.000000e+03
val_mean_episode_len        3.799500e+02
val_min_episode_len         0.000000e+00
val_mean_timeouts           2.500000e-02
Name: 395, dtype: float64
timesteps                   2.601779e+07
wall_time                   1.559601e+05
num_episodes                2.658930e+05
max_episode_rewards         1.000000e+01
mean_episode_rewards        7.250000e+00
min_episode_rewards         0.000000e+00
max_episode_len             1.000000e+03
mean_episode_len            1.500250e+02
min_episode_len             0.000000e+00
mean_timeouts               2.500000e-02
val_max_episode_rewards     1.000000e+01
val_mean_episode_rewards    2.750000e+00
val_min_episode_rewards     0.000000e+00
val_max_episode_len         1.000000e+03
val_mean_episode_len        5.789000e+02
val_min_episode_len         0.000000e+00
val_mean_timeouts           0.000000e+00
Name: 396, dtype: float64
timesteps                   2.608333e+07
wall_time                   1.563577e+05
num_episodes                2.663910e+05
max_episode_rewards         1.000000e+01
mean_episode_rewards        7.000000e+00
min_episode_rewards         0.000000e+00
max_episode_len             1.000000e+03
mean_episode_len            1.101750e+02
min_episode_len             0.000000e+00
mean_timeouts               0.000000e+00
val_max_episode_rewards     1.000000e+01
val_mean_episode_rewards    1.250000e+00
val_min_episode_rewards     0.000000e+00
val_max_episode_len         1.000000e+03
val_mean_episode_len        7.076250e+02
val_min_episode_len         0.000000e+00
val_mean_timeouts           0.000000e+00
Name: 397, dtype: float64
timesteps                   2.614886e+07
wall_time                   1.567560e+05
num_episodes                2.668340e+05
max_episode_rewards         1.000000e+01
mean_episode_rewards        8.500000e+00
min_episode_rewards         0.000000e+00
max_episode_len             2.420000e+02
mean_episode_len            7.675000e+01
min_episode_len             0.000000e+00
mean_timeouts               0.000000e+00
val_max_episode_rewards     1.000000e+01
val_mean_episode_rewards    2.500000e+00
val_min_episode_rewards     0.000000e+00
val_max_episode_len         1.000000e+03
val_mean_episode_len        5.766500e+02
val_min_episode_len         0.000000e+00
val_mean_timeouts           0.000000e+00
Name: 398, dtype: float64
timesteps                   2.621440e+07
wall_time                   1.571476e+05
num_episodes                2.672910e+05
max_episode_rewards         1.000000e+01
mean_episode_rewards        8.250000e+00
min_episode_rewards         0.000000e+00
max_episode_len             1.000000e+03
mean_episode_len            1.160500e+02
min_episode_len             0.000000e+00
mean_timeouts               0.000000e+00
val_max_episode_rewards     1.000000e+01
val_mean_episode_rewards    2.000000e+00
val_min_episode_rewards     0.000000e+00
val_max_episode_len         1.000000e+03
val_mean_episode_len        7.184250e+02
val_min_episode_len         0.000000e+00
val_mean_timeouts           0.000000e+00
Name: 399, dtype: float64
timesteps                   2.627994e+07
wall_time                   1.575423e+05
num_episodes                2.677590e+05
max_episode_rewards         1.000000e+01
mean_episode_rewards        7.750000e+00
min_episode_rewards         0.000000e+00
max_episode_len             1.000000e+03
mean_episode_len            1.552750e+02
min_episode_len             0.000000e+00
mean_timeouts               0.000000e+00
val_max_episode_rewards     1.000000e+01
val_mean_episode_rewards    3.250000e+00
val_min_episode_rewards     0.000000e+00
val_max_episode_len         1.000000e+03
val_mean_episode_len        5.935500e+02
val_min_episode_len         0.000000e+00
val_mean_timeouts           0.000000e+00
Name: 400, dtype: float64
timesteps                   2.634547e+07
wall_time                   1.579291e+05
num_episodes                2.682790e+05
max_episode_rewards         1.000000e+01
mean_episode_rewards        7.500000e+00
min_episode_rewards         0.000000e+00
max_episode_len             1.000000e+03
mean_episode_len            1.416500e+02
min_episode_len             0.000000e+00
mean_timeouts               0.000000e+00
val_max_episode_rewards     1.000000e+01
val_mean_episode_rewards    3.250000e+00
val_min_episode_rewards     0.000000e+00
val_max_episode_len         1.000000e+03
val_mean_episode_len        4.749000e+02
val_min_episode_len         0.000000e+00
val_mean_timeouts           0.000000e+00
Name: 401, dtype: float64
timesteps                   2.641101e+07
wall_time                   1.583280e+05
num_episodes                2.688510e+05
max_episode_rewards         1.000000e+01
mean_episode_rewards        7.500000e+00
min_episode_rewards         0.000000e+00
max_episode_len             1.000000e+03
mean_episode_len            1.143500e+02
min_episode_len             0.000000e+00
mean_timeouts               0.000000e+00
val_max_episode_rewards     1.000000e+01
val_mean_episode_rewards    2.000000e+00
val_min_episode_rewards     0.000000e+00
val_max_episode_len         1.000000e+03
val_mean_episode_len        6.968000e+02
val_min_episode_len         0.000000e+00
val_mean_timeouts           0.000000e+00
Name: 402, dtype: float64
timesteps                   2.647654e+07
wall_time                   1.587354e+05
num_episodes                2.693960e+05
max_episode_rewards         1.000000e+01
mean_episode_rewards        7.000000e+00
min_episode_rewards         0.000000e+00
max_episode_len             1.000000e+03
mean_episode_len            1.231750e+02
min_episode_len             0.000000e+00
mean_timeouts               0.000000e+00
val_max_episode_rewards     1.000000e+01
val_mean_episode_rewards    2.750000e+00
val_min_episode_rewards     0.000000e+00
val_max_episode_len         1.000000e+03
val_mean_episode_len        4.968500e+02
val_min_episode_len         0.000000e+00
val_mean_timeouts           0.000000e+00
Name: 403, dtype: float64
timesteps                   2.654208e+07
wall_time                   1.591262e+05
num_episodes                2.698900e+05
max_episode_rewards         1.000000e+01
mean_episode_rewards        7.250000e+00
min_episode_rewards         0.000000e+00
max_episode_len             1.000000e+03
mean_episode_len            1.524250e+02
min_episode_len             0.000000e+00
mean_timeouts               2.500000e-02
val_max_episode_rewards     1.000000e+01
val_mean_episode_rewards    3.250000e+00
val_min_episode_rewards     0.000000e+00
val_max_episode_len         1.000000e+03
val_mean_episode_len        6.026250e+02
val_min_episode_len         0.000000e+00
val_mean_timeouts           0.000000e+00
Name: 404, dtype: float64
timesteps                   2.660762e+07
wall_time                   1.595230e+05
num_episodes                2.704120e+05
max_episode_rewards         1.000000e+01
mean_episode_rewards        8.750000e+00
min_episode_rewards         0.000000e+00
max_episode_len             4.160000e+02
mean_episode_len            1.040250e+02
min_episode_len             0.000000e+00
mean_timeouts               0.000000e+00
val_max_episode_rewards     1.000000e+01
val_mean_episode_rewards    3.500000e+00
val_min_episode_rewards     0.000000e+00
val_max_episode_len         1.000000e+03
val_mean_episode_len        6.235750e+02
val_min_episode_len         0.000000e+00
val_mean_timeouts           0.000000e+00
Name: 405, dtype: float64
timesteps                   2.667315e+07
wall_time                   1.599198e+05
num_episodes                2.709520e+05
max_episode_rewards         1.000000e+01
mean_episode_rewards        8.000000e+00
min_episode_rewards         0.000000e+00
max_episode_len             1.000000e+03
mean_episode_len            1.915250e+02
min_episode_len             0.000000e+00
mean_timeouts               0.000000e+00
val_max_episode_rewards     1.000000e+01
val_mean_episode_rewards    2.500000e+00
val_min_episode_rewards     0.000000e+00
val_max_episode_len         1.000000e+03
val_mean_episode_len        6.183250e+02
val_min_episode_len         0.000000e+00
val_mean_timeouts           0.000000e+00
Name: 406, dtype: float64
timesteps                   2.673869e+07
wall_time                   1.603181e+05
num_episodes                2.715300e+05
max_episode_rewards         1.000000e+01
mean_episode_rewards        7.500000e+00
min_episode_rewards         0.000000e+00
max_episode_len             1.000000e+03
mean_episode_len            1.264500e+02
min_episode_len             0.000000e+00
mean_timeouts               0.000000e+00
val_max_episode_rewards     1.000000e+01
val_mean_episode_rewards    2.250000e+00
val_min_episode_rewards     0.000000e+00
val_max_episode_len         1.000000e+03
val_mean_episode_len        5.615000e+02
val_min_episode_len         0.000000e+00
val_mean_timeouts           0.000000e+00
Name: 407, dtype: float64
timesteps                   2.680422e+07
wall_time                   1.607080e+05
num_episodes                2.721320e+05
max_episode_rewards         1.000000e+01
mean_episode_rewards        8.250000e+00
min_episode_rewards         0.000000e+00
max_episode_len             1.000000e+03
mean_episode_len            1.293000e+02
min_episode_len             0.000000e+00
mean_timeouts               0.000000e+00
val_max_episode_rewards     1.000000e+01
val_mean_episode_rewards    4.000000e+00
val_min_episode_rewards     0.000000e+00
val_max_episode_len         1.000000e+03
val_mean_episode_len        5.613000e+02
val_min_episode_len         0.000000e+00
val_mean_timeouts           0.000000e+00
Name: 408, dtype: float64
timesteps                   2.686976e+07
wall_time                   1.611077e+05
num_episodes                2.726840e+05
max_episode_rewards         1.000000e+01
mean_episode_rewards        8.250000e+00
min_episode_rewards         0.000000e+00
max_episode_len             2.950000e+02
mean_episode_len            8.232500e+01
min_episode_len             0.000000e+00
mean_timeouts               0.000000e+00
val_max_episode_rewards     1.000000e+01
val_mean_episode_rewards    2.500000e+00
val_min_episode_rewards     0.000000e+00
val_max_episode_len         1.000000e+03
val_mean_episode_len        6.718000e+02
val_min_episode_len         0.000000e+00
val_mean_timeouts           0.000000e+00
Name: 409, dtype: float64
timesteps                   2.693530e+07
wall_time                   1.615056e+05
num_episodes                2.732350e+05
max_episode_rewards         1.000000e+01
mean_episode_rewards        7.750000e+00
min_episode_rewards         0.000000e+00
max_episode_len             1.000000e+03
mean_episode_len            1.278250e+02
min_episode_len             0.000000e+00
mean_timeouts               0.000000e+00
val_max_episode_rewards     1.000000e+01
val_mean_episode_rewards    3.250000e+00
val_min_episode_rewards     0.000000e+00
val_max_episode_len         1.000000e+03
val_mean_episode_len        5.553500e+02
val_min_episode_len         0.000000e+00
val_mean_timeouts           0.000000e+00
Name: 410, dtype: float64
timesteps                   2.700083e+07
wall_time                   1.619044e+05
num_episodes                2.737290e+05
max_episode_rewards         1.000000e+01
mean_episode_rewards        8.500000e+00
min_episode_rewards         0.000000e+00
max_episode_len             2.540000e+02
mean_episode_len            6.577500e+01
min_episode_len             0.000000e+00
mean_timeouts               0.000000e+00
val_max_episode_rewards     1.000000e+01
val_mean_episode_rewards    2.500000e+00
val_min_episode_rewards     0.000000e+00
val_max_episode_len         1.000000e+03
val_mean_episode_len        6.915500e+02
val_min_episode_len         0.000000e+00
val_mean_timeouts           0.000000e+00
Name: 411, dtype: float64
timesteps                   2.706637e+07
wall_time                   1.623055e+05
num_episodes                2.742220e+05
max_episode_rewards         1.000000e+01
mean_episode_rewards        7.250000e+00
min_episode_rewards         0.000000e+00
max_episode_len             1.000000e+03
mean_episode_len            1.604750e+02
min_episode_len             0.000000e+00
mean_timeouts               0.000000e+00
val_max_episode_rewards     1.000000e+01
val_mean_episode_rewards    2.250000e+00
val_min_episode_rewards     0.000000e+00
val_max_episode_len         1.000000e+03
val_mean_episode_len        5.970750e+02
val_min_episode_len         0.000000e+00
val_mean_timeouts           0.000000e+00
Name: 412, dtype: float64
timesteps                   2.713190e+07
wall_time                   1.627036e+05
num_episodes                2.747150e+05
max_episode_rewards         1.000000e+01
mean_episode_rewards        6.500000e+00
min_episode_rewards         0.000000e+00
max_episode_len             1.000000e+03
mean_episode_len            2.114750e+02
min_episode_len             0.000000e+00
mean_timeouts               0.000000e+00
val_max_episode_rewards     1.000000e+01
val_mean_episode_rewards    2.750000e+00
val_min_episode_rewards     0.000000e+00
val_max_episode_len         1.000000e+03
val_mean_episode_len        5.144000e+02
val_min_episode_len         0.000000e+00
val_mean_timeouts           0.000000e+00
Name: 413, dtype: float64
timesteps                   2.719744e+07
wall_time                   1.630956e+05
num_episodes                2.751350e+05
max_episode_rewards         1.000000e+01
mean_episode_rewards        7.250000e+00
min_episode_rewards         0.000000e+00
max_episode_len             1.000000e+03
mean_episode_len            1.437500e+02
min_episode_len             0.000000e+00
mean_timeouts               0.000000e+00
val_max_episode_rewards     1.000000e+01
val_mean_episode_rewards    3.000000e+00
val_min_episode_rewards     0.000000e+00
val_max_episode_len         1.000000e+03
val_mean_episode_len        5.348250e+02
val_min_episode_len         0.000000e+00
val_mean_timeouts           0.000000e+00
Name: 414, dtype: float64
timesteps                   2.726298e+07
wall_time                   1.634968e+05
num_episodes                2.756050e+05
max_episode_rewards         1.000000e+01
mean_episode_rewards        8.250000e+00
min_episode_rewards         0.000000e+00
max_episode_len             1.000000e+03
mean_episode_len            1.744000e+02
min_episode_len             0.000000e+00
mean_timeouts               0.000000e+00
val_max_episode_rewards     1.000000e+01
val_mean_episode_rewards    2.500000e+00
val_min_episode_rewards     0.000000e+00
val_max_episode_len         1.000000e+03
val_mean_episode_len        6.031750e+02
val_min_episode_len         0.000000e+00
val_mean_timeouts           0.000000e+00
Name: 415, dtype: float64
timesteps                   2.732851e+07
wall_time                   1.639090e+05
num_episodes                2.760920e+05
max_episode_rewards         1.000000e+01
mean_episode_rewards        7.500000e+00
min_episode_rewards         0.000000e+00
max_episode_len             1.000000e+03
mean_episode_len            1.626250e+02
min_episode_len             0.000000e+00
mean_timeouts               0.000000e+00
val_max_episode_rewards     1.000000e+01
val_mean_episode_rewards    2.500000e+00
val_min_episode_rewards     0.000000e+00
val_max_episode_len         1.000000e+03
val_mean_episode_len        6.576000e+02
val_min_episode_len         0.000000e+00
val_mean_timeouts           0.000000e+00
Name: 416, dtype: float64
timesteps                   2.739405e+07
wall_time                   1.643153e+05
num_episodes                2.765860e+05
max_episode_rewards         1.000000e+01
mean_episode_rewards        6.500000e+00
min_episode_rewards         0.000000e+00
max_episode_len             1.000000e+03
mean_episode_len            1.957500e+02
min_episode_len             0.000000e+00
mean_timeouts               0.000000e+00
val_max_episode_rewards     1.000000e+01
val_mean_episode_rewards    2.750000e+00
val_min_episode_rewards     0.000000e+00
val_max_episode_len         1.000000e+03
val_mean_episode_len        6.389000e+02
val_min_episode_len         0.000000e+00
val_mean_timeouts           2.500000e-02
Name: 417, dtype: float64
timesteps                   2.745958e+07
wall_time                   1.647139e+05
num_episodes                2.771300e+05
max_episode_rewards         1.000000e+01
mean_episode_rewards        7.000000e+00
min_episode_rewards         0.000000e+00
max_episode_len             1.000000e+03
mean_episode_len            1.383250e+02
min_episode_len             0.000000e+00
mean_timeouts               2.500000e-02
val_max_episode_rewards     1.000000e+01
val_mean_episode_rewards    3.750000e+00
val_min_episode_rewards     0.000000e+00
val_max_episode_len         1.000000e+03
val_mean_episode_len        4.738750e+02
val_min_episode_len         0.000000e+00
val_mean_timeouts           0.000000e+00
Name: 418, dtype: float64
timesteps                   2.752512e+07
wall_time                   1.651202e+05
num_episodes                2.776730e+05
max_episode_rewards         1.000000e+01
mean_episode_rewards        6.750000e+00
min_episode_rewards         0.000000e+00
max_episode_len             1.000000e+03
mean_episode_len            1.512000e+02
min_episode_len             0.000000e+00
mean_timeouts               0.000000e+00
val_max_episode_rewards     1.000000e+01
val_mean_episode_rewards    2.000000e+00
val_min_episode_rewards     0.000000e+00
val_max_episode_len         1.000000e+03
val_mean_episode_len        5.646000e+02
val_min_episode_len         0.000000e+00
val_mean_timeouts           0.000000e+00
Name: 419, dtype: float64
timesteps                   2.759066e+07
wall_time                   1.655250e+05
num_episodes                2.782210e+05
max_episode_rewards         1.000000e+01
mean_episode_rewards        7.750000e+00
min_episode_rewards         0.000000e+00
max_episode_len             1.000000e+03
mean_episode_len            1.156750e+02
min_episode_len             0.000000e+00
mean_timeouts               0.000000e+00
val_max_episode_rewards     1.000000e+01
val_mean_episode_rewards    4.500000e+00
val_min_episode_rewards     0.000000e+00
val_max_episode_len         1.000000e+03
val_mean_episode_len        5.206750e+02
val_min_episode_len         0.000000e+00
val_mean_timeouts           0.000000e+00
Name: 420, dtype: float64
timesteps                   2.765619e+07
wall_time                   1.659406e+05
num_episodes                2.788200e+05
max_episode_rewards         1.000000e+01
mean_episode_rewards        8.250000e+00
min_episode_rewards         0.000000e+00
max_episode_len             3.210000e+02
mean_episode_len            7.147500e+01
min_episode_len             0.000000e+00
mean_timeouts               0.000000e+00
val_max_episode_rewards     1.000000e+01
val_mean_episode_rewards    2.500000e+00
val_min_episode_rewards     0.000000e+00
val_max_episode_len         1.000000e+03
val_mean_episode_len        6.427000e+02
val_min_episode_len         0.000000e+00
val_mean_timeouts           0.000000e+00
Name: 421, dtype: float64
timesteps                   2.772173e+07
wall_time                   1.663437e+05
num_episodes                2.793260e+05
max_episode_rewards         1.000000e+01
mean_episode_rewards        8.500000e+00
min_episode_rewards         0.000000e+00
max_episode_len             1.000000e+03
mean_episode_len            1.149750e+02
min_episode_len             0.000000e+00
mean_timeouts               0.000000e+00
val_max_episode_rewards     1.000000e+01
val_mean_episode_rewards    2.000000e+00
val_min_episode_rewards     0.000000e+00
val_max_episode_len         1.000000e+03
val_mean_episode_len        5.351750e+02
val_min_episode_len         0.000000e+00
val_mean_timeouts           0.000000e+00
Name: 422, dtype: float64
timesteps                   2.778726e+07
wall_time                   1.667433e+05
num_episodes                2.797830e+05
max_episode_rewards         1.000000e+01
mean_episode_rewards        8.000000e+00
min_episode_rewards         0.000000e+00
max_episode_len             1.000000e+03
mean_episode_len            1.631500e+02
min_episode_len             0.000000e+00
mean_timeouts               0.000000e+00
val_max_episode_rewards     1.000000e+01
val_mean_episode_rewards    2.250000e+00
val_min_episode_rewards     0.000000e+00
val_max_episode_len         1.000000e+03
val_mean_episode_len        7.042000e+02
val_min_episode_len         0.000000e+00
val_mean_timeouts           0.000000e+00
Name: 423, dtype: float64
timesteps                   2.785280e+07
wall_time                   1.671454e+05
num_episodes                2.803080e+05
max_episode_rewards         1.000000e+01
mean_episode_rewards        7.500000e+00
min_episode_rewards         0.000000e+00
max_episode_len             4.390000e+02
mean_episode_len            9.512500e+01
min_episode_len             0.000000e+00
mean_timeouts               0.000000e+00
val_max_episode_rewards     1.000000e+01
val_mean_episode_rewards    3.000000e+00
val_min_episode_rewards     0.000000e+00
val_max_episode_len         1.000000e+03
val_mean_episode_len        5.160250e+02
val_min_episode_len         0.000000e+00
val_mean_timeouts           0.000000e+00
Name: 424, dtype: float64
timesteps                   2.791834e+07
wall_time                   1.675442e+05
num_episodes                2.808950e+05
max_episode_rewards         1.000000e+01
mean_episode_rewards        8.500000e+00
min_episode_rewards         0.000000e+00
max_episode_len             1.000000e+03
mean_episode_len            1.106250e+02
min_episode_len             0.000000e+00
mean_timeouts               0.000000e+00
val_max_episode_rewards     1.000000e+01
val_mean_episode_rewards    4.500000e+00
val_min_episode_rewards     0.000000e+00
val_max_episode_len         1.000000e+03
val_mean_episode_len        2.824000e+02
val_min_episode_len         0.000000e+00
val_mean_timeouts           2.500000e-02
Name: 425, dtype: float64
timesteps                   2.798387e+07
wall_time                   1.679395e+05
num_episodes                2.814980e+05
max_episode_rewards         1.000000e+01
mean_episode_rewards        8.000000e+00
min_episode_rewards         0.000000e+00
max_episode_len             3.750000e+02
mean_episode_len            9.745000e+01
min_episode_len             0.000000e+00
mean_timeouts               0.000000e+00
val_max_episode_rewards     1.000000e+01
val_mean_episode_rewards    3.000000e+00
val_min_episode_rewards     0.000000e+00
val_max_episode_len         1.000000e+03
val_mean_episode_len        5.590000e+02
val_min_episode_len         0.000000e+00
val_mean_timeouts           0.000000e+00
Name: 426, dtype: float64
timesteps                   2.804941e+07
wall_time                   1.683445e+05
num_episodes                2.821260e+05
max_episode_rewards         1.000000e+01
mean_episode_rewards        8.500000e+00
min_episode_rewards         0.000000e+00
max_episode_len             4.060000e+02
mean_episode_len            8.850000e+01
min_episode_len             0.000000e+00
mean_timeouts               0.000000e+00
val_max_episode_rewards     1.000000e+01
val_mean_episode_rewards    3.250000e+00
val_min_episode_rewards     0.000000e+00
val_max_episode_len         1.000000e+03
val_mean_episode_len        4.523750e+02
val_min_episode_len         0.000000e+00
val_mean_timeouts           0.000000e+00
Name: 427, dtype: float64
timesteps                   2.811494e+07
wall_time                   1.687399e+05
num_episodes                2.827310e+05
max_episode_rewards         1.000000e+01
mean_episode_rewards        8.000000e+00
min_episode_rewards         0.000000e+00
max_episode_len             4.400000e+02
mean_episode_len            8.777500e+01
min_episode_len             0.000000e+00
mean_timeouts               0.000000e+00
val_max_episode_rewards     1.000000e+01
val_mean_episode_rewards    4.000000e+00
val_min_episode_rewards     0.000000e+00
val_max_episode_len         1.000000e+03
val_mean_episode_len        4.964250e+02
val_min_episode_len         0.000000e+00
val_mean_timeouts           0.000000e+00
Name: 428, dtype: float64
timesteps                   2.818048e+07
wall_time                   1.691384e+05
num_episodes                2.832770e+05
max_episode_rewards         1.000000e+01
mean_episode_rewards        6.500000e+00
min_episode_rewards         0.000000e+00
max_episode_len             1.000000e+03
mean_episode_len            1.277500e+02
min_episode_len             0.000000e+00
mean_timeouts               0.000000e+00
val_max_episode_rewards     1.000000e+01
val_mean_episode_rewards    3.000000e+00
val_min_episode_rewards     0.000000e+00
val_max_episode_len         1.000000e+03
val_mean_episode_len        5.208750e+02
val_min_episode_len         0.000000e+00
val_mean_timeouts           0.000000e+00
Name: 429, dtype: float64
timesteps                   2.824602e+07
wall_time                   1.695370e+05
num_episodes                2.838440e+05
max_episode_rewards         1.000000e+01
mean_episode_rewards        6.750000e+00
min_episode_rewards         0.000000e+00
max_episode_len             1.000000e+03
mean_episode_len            1.413500e+02
min_episode_len             0.000000e+00
mean_timeouts               2.500000e-02
val_max_episode_rewards     1.000000e+01
val_mean_episode_rewards    2.750000e+00
val_min_episode_rewards     0.000000e+00
val_max_episode_len         1.000000e+03
val_mean_episode_len        4.948500e+02
val_min_episode_len         0.000000e+00
val_mean_timeouts           0.000000e+00
Name: 430, dtype: float64
timesteps                   2.831155e+07
wall_time                   1.699299e+05
num_episodes                2.843790e+05
max_episode_rewards         1.000000e+01
mean_episode_rewards        8.500000e+00
min_episode_rewards         0.000000e+00
max_episode_len             1.000000e+03
mean_episode_len            1.173500e+02
min_episode_len             0.000000e+00
mean_timeouts               0.000000e+00
val_max_episode_rewards     1.000000e+01
val_mean_episode_rewards    3.250000e+00
val_min_episode_rewards     0.000000e+00
val_max_episode_len         1.000000e+03
val_mean_episode_len        5.816750e+02
val_min_episode_len         0.000000e+00
val_mean_timeouts           0.000000e+00
Name: 431, dtype: float64
timesteps                   2.837709e+07
wall_time                   1.703318e+05
num_episodes                2.849150e+05
max_episode_rewards         1.000000e+01
mean_episode_rewards        8.500000e+00
min_episode_rewards         0.000000e+00
max_episode_len             1.000000e+03
mean_episode_len            1.685500e+02
min_episode_len             0.000000e+00
mean_timeouts               0.000000e+00
val_max_episode_rewards     1.000000e+01
val_mean_episode_rewards    4.250000e+00
val_min_episode_rewards     0.000000e+00
val_max_episode_len         1.000000e+03
val_mean_episode_len        4.418500e+02
val_min_episode_len         0.000000e+00
val_mean_timeouts           0.000000e+00
Name: 432, dtype: float64
timesteps                   2.844262e+07
wall_time                   1.707436e+05
num_episodes                2.854450e+05
max_episode_rewards         1.000000e+01
mean_episode_rewards        7.250000e+00
min_episode_rewards         0.000000e+00
max_episode_len             6.540000e+02
mean_episode_len            9.932500e+01
min_episode_len             0.000000e+00
mean_timeouts               0.000000e+00
val_max_episode_rewards     1.000000e+01
val_mean_episode_rewards    2.000000e+00
val_min_episode_rewards     0.000000e+00
val_max_episode_len         1.000000e+03
val_mean_episode_len        6.559500e+02
val_min_episode_len         0.000000e+00
val_mean_timeouts           0.000000e+00
Name: 433, dtype: float64
timesteps                   2.850816e+07
wall_time                   1.711489e+05
num_episodes                2.859720e+05
max_episode_rewards         1.000000e+01
mean_episode_rewards        7.000000e+00
min_episode_rewards         0.000000e+00
max_episode_len             1.000000e+03
mean_episode_len            1.160750e+02
min_episode_len             0.000000e+00
mean_timeouts               0.000000e+00
val_max_episode_rewards     1.000000e+01
val_mean_episode_rewards    3.250000e+00
val_min_episode_rewards     0.000000e+00
val_max_episode_len         1.000000e+03
val_mean_episode_len        5.322750e+02
val_min_episode_len         0.000000e+00
val_mean_timeouts           2.500000e-02
Name: 434, dtype: float64
timesteps                   2.857370e+07
wall_time                   1.715540e+05
num_episodes                2.864920e+05
max_episode_rewards         1.000000e+01
mean_episode_rewards        7.750000e+00
min_episode_rewards         0.000000e+00
max_episode_len             1.000000e+03
mean_episode_len            1.287000e+02
min_episode_len             0.000000e+00
mean_timeouts               0.000000e+00
val_max_episode_rewards     1.000000e+01
val_mean_episode_rewards    2.750000e+00
val_min_episode_rewards     0.000000e+00
val_max_episode_len         1.000000e+03
val_mean_episode_len        6.462000e+02
val_min_episode_len         0.000000e+00
val_mean_timeouts           0.000000e+00
Name: 435, dtype: float64
timesteps                   2.863923e+07
wall_time                   1.719584e+05
num_episodes                2.869600e+05
max_episode_rewards         1.000000e+01
mean_episode_rewards        8.250000e+00
min_episode_rewards         0.000000e+00
max_episode_len             1.000000e+03
mean_episode_len            1.209750e+02
min_episode_len             0.000000e+00
mean_timeouts               0.000000e+00
val_max_episode_rewards     1.000000e+01
val_mean_episode_rewards    2.750000e+00
val_min_episode_rewards     0.000000e+00
val_max_episode_len         1.000000e+03
val_mean_episode_len        5.168000e+02
val_min_episode_len         0.000000e+00
val_mean_timeouts           0.000000e+00
Name: 436, dtype: float64
timesteps                   2.870477e+07
wall_time                   1.723637e+05
num_episodes                2.873880e+05
max_episode_rewards         1.000000e+01
mean_episode_rewards        9.000000e+00
min_episode_rewards         0.000000e+00
max_episode_len             1.000000e+03
mean_episode_len            1.828000e+02
min_episode_len             0.000000e+00
mean_timeouts               0.000000e+00
val_max_episode_rewards     1.000000e+01
val_mean_episode_rewards    3.750000e+00
val_min_episode_rewards     0.000000e+00
val_max_episode_len         1.000000e+03
val_mean_episode_len        4.357250e+02
val_min_episode_len         0.000000e+00
val_mean_timeouts           0.000000e+00
Name: 437, dtype: float64
timesteps                   2.877030e+07
wall_time                   1.727749e+05
num_episodes                2.879170e+05
max_episode_rewards         1.000000e+01
mean_episode_rewards        7.250000e+00
min_episode_rewards         0.000000e+00
max_episode_len             6.870000e+02
mean_episode_len            1.054250e+02
min_episode_len             0.000000e+00
mean_timeouts               0.000000e+00
val_max_episode_rewards     1.000000e+01
val_mean_episode_rewards    4.500000e+00
val_min_episode_rewards     0.000000e+00
val_max_episode_len         1.000000e+03
val_mean_episode_len        4.134000e+02
val_min_episode_len         0.000000e+00
val_mean_timeouts           0.000000e+00
Name: 438, dtype: float64
timesteps                   2.883584e+07
wall_time                   1.731813e+05
num_episodes                2.884510e+05
max_episode_rewards         1.000000e+01
mean_episode_rewards        8.000000e+00
min_episode_rewards         0.000000e+00
max_episode_len             8.430000e+02
mean_episode_len            1.136250e+02
min_episode_len             0.000000e+00
mean_timeouts               0.000000e+00
val_max_episode_rewards     1.000000e+01
val_mean_episode_rewards    3.000000e+00
val_min_episode_rewards     0.000000e+00
val_max_episode_len         1.000000e+03
val_mean_episode_len        5.058500e+02
val_min_episode_len         0.000000e+00
val_mean_timeouts           0.000000e+00
Name: 439, dtype: float64
timesteps                   2.890138e+07
wall_time                   1.735961e+05
num_episodes                2.889190e+05
max_episode_rewards         1.000000e+01
mean_episode_rewards        7.750000e+00
min_episode_rewards         0.000000e+00
max_episode_len             1.000000e+03
mean_episode_len            1.642500e+02
min_episode_len             0.000000e+00
mean_timeouts               0.000000e+00
val_max_episode_rewards     1.000000e+01
val_mean_episode_rewards    3.000000e+00
val_min_episode_rewards     0.000000e+00
val_max_episode_len         1.000000e+03
val_mean_episode_len        4.592000e+02
val_min_episode_len         0.000000e+00
val_mean_timeouts           2.500000e-02
Name: 440, dtype: float64
timesteps                   2.896691e+07
wall_time                   1.740015e+05
num_episodes                2.894640e+05
max_episode_rewards         1.000000e+01
mean_episode_rewards        8.250000e+00
min_episode_rewards         0.000000e+00
max_episode_len             1.000000e+03
mean_episode_len            1.066500e+02
min_episode_len             0.000000e+00
mean_timeouts               0.000000e+00
val_max_episode_rewards     1.000000e+01
val_mean_episode_rewards    3.500000e+00
val_min_episode_rewards     0.000000e+00
val_max_episode_len         1.000000e+03
val_mean_episode_len        4.812000e+02
val_min_episode_len         0.000000e+00
val_mean_timeouts           0.000000e+00
Name: 441, dtype: float64
timesteps                   2.903245e+07
wall_time                   1.744142e+05
num_episodes                2.899180e+05
max_episode_rewards         1.000000e+01
mean_episode_rewards        7.000000e+00
min_episode_rewards         0.000000e+00
max_episode_len             2.370000e+02
mean_episode_len            7.317500e+01
min_episode_len             0.000000e+00
mean_timeouts               0.000000e+00
val_max_episode_rewards     1.000000e+01
val_mean_episode_rewards    3.750000e+00
val_min_episode_rewards     0.000000e+00
val_max_episode_len         1.000000e+03
val_mean_episode_len        4.874750e+02
val_min_episode_len         0.000000e+00
val_mean_timeouts           0.000000e+00
Name: 442, dtype: float64
timesteps                   2.909798e+07
wall_time                   1.748161e+05
num_episodes                2.903810e+05
max_episode_rewards         1.000000e+01
mean_episode_rewards        7.500000e+00
min_episode_rewards         0.000000e+00
max_episode_len             1.000000e+03
mean_episode_len            1.799000e+02
min_episode_len             0.000000e+00
mean_timeouts               2.500000e-02
val_max_episode_rewards     1.000000e+01
val_mean_episode_rewards    2.500000e+00
val_min_episode_rewards     0.000000e+00
val_max_episode_len         1.000000e+03
val_mean_episode_len        6.949750e+02
val_min_episode_len         0.000000e+00
val_mean_timeouts           0.000000e+00
Name: 443, dtype: float64
timesteps                   2.916352e+07
wall_time                   1.752154e+05
num_episodes                2.907950e+05
max_episode_rewards         1.000000e+01
mean_episode_rewards        8.750000e+00
min_episode_rewards         0.000000e+00
max_episode_len             1.000000e+03
mean_episode_len            1.261250e+02
min_episode_len             0.000000e+00
mean_timeouts               0.000000e+00
val_max_episode_rewards     1.000000e+01
val_mean_episode_rewards    2.250000e+00
val_min_episode_rewards     0.000000e+00
val_max_episode_len         1.000000e+03
val_mean_episode_len        6.869250e+02
val_min_episode_len         0.000000e+00
val_mean_timeouts           0.000000e+00
Name: 444, dtype: float64
timesteps                   2.922906e+07
wall_time                   1.756174e+05
num_episodes                2.912180e+05
max_episode_rewards         1.000000e+01
mean_episode_rewards        8.500000e+00
min_episode_rewards         0.000000e+00
max_episode_len             1.000000e+03
mean_episode_len            1.225250e+02
min_episode_len             0.000000e+00
mean_timeouts               0.000000e+00
val_max_episode_rewards     1.000000e+01
val_mean_episode_rewards    3.500000e+00
val_min_episode_rewards     0.000000e+00
val_max_episode_len         1.000000e+03
val_mean_episode_len        6.138250e+02
val_min_episode_len         0.000000e+00
val_mean_timeouts           0.000000e+00
Name: 445, dtype: float64
timesteps                   2.929459e+07
wall_time                   1.760313e+05
num_episodes                2.916190e+05
max_episode_rewards         1.000000e+01
mean_episode_rewards        8.000000e+00
min_episode_rewards         0.000000e+00
max_episode_len             1.000000e+03
mean_episode_len            1.573500e+02
min_episode_len             0.000000e+00
mean_timeouts               0.000000e+00
val_max_episode_rewards     1.000000e+01
val_mean_episode_rewards    3.750000e+00
val_min_episode_rewards     0.000000e+00
val_max_episode_len         1.000000e+03
val_mean_episode_len        5.987000e+02
val_min_episode_len         0.000000e+00
val_mean_timeouts           0.000000e+00
Name: 446, dtype: float64
timesteps                   2.936013e+07
wall_time                   1.764350e+05
num_episodes                2.920140e+05
max_episode_rewards         1.000000e+01
mean_episode_rewards        6.250000e+00
min_episode_rewards         0.000000e+00
max_episode_len             1.000000e+03
mean_episode_len            2.674750e+02
min_episode_len             0.000000e+00
mean_timeouts               0.000000e+00
val_max_episode_rewards     1.000000e+01
val_mean_episode_rewards    3.750000e+00
val_min_episode_rewards     0.000000e+00
val_max_episode_len         1.000000e+03
val_mean_episode_len        4.575500e+02
val_min_episode_len         0.000000e+00
val_mean_timeouts           0.000000e+00
Name: 447, dtype: float64
timesteps                   2.942566e+07
wall_time                   1.768593e+05
num_episodes                2.923910e+05
max_episode_rewards         1.000000e+01
mean_episode_rewards        7.500000e+00
min_episode_rewards         0.000000e+00
max_episode_len             1.000000e+03
mean_episode_len            1.308250e+02
min_episode_len             0.000000e+00
mean_timeouts               0.000000e+00
val_max_episode_rewards     1.000000e+01
val_mean_episode_rewards    2.500000e+00
val_min_episode_rewards     0.000000e+00
val_max_episode_len         1.000000e+03
val_mean_episode_len        5.448500e+02
val_min_episode_len         0.000000e+00
val_mean_timeouts           0.000000e+00
Name: 448, dtype: float64
timesteps                   2.949120e+07
wall_time                   1.772886e+05
num_episodes                2.928040e+05
max_episode_rewards         1.000000e+01
mean_episode_rewards        6.000000e+00
min_episode_rewards         0.000000e+00
max_episode_len             1.000000e+03
mean_episode_len            1.988750e+02
min_episode_len             0.000000e+00
mean_timeouts               0.000000e+00
val_max_episode_rewards     1.000000e+01
val_mean_episode_rewards    3.000000e+00
val_min_episode_rewards     0.000000e+00
val_max_episode_len         1.000000e+03
val_mean_episode_len        5.229500e+02
val_min_episode_len         0.000000e+00
val_mean_timeouts           2.500000e-02
Name: 449, dtype: float64
timesteps                   2.955674e+07
wall_time                   1.776971e+05
num_episodes                2.931780e+05
max_episode_rewards         1.000000e+01
mean_episode_rewards        7.000000e+00
min_episode_rewards         0.000000e+00
max_episode_len             1.000000e+03
mean_episode_len            1.871750e+02
min_episode_len             0.000000e+00
mean_timeouts               0.000000e+00
val_max_episode_rewards     1.000000e+01
val_mean_episode_rewards    2.250000e+00
val_min_episode_rewards     0.000000e+00
val_max_episode_len         1.000000e+03
val_mean_episode_len        6.948500e+02
val_min_episode_len         0.000000e+00
val_mean_timeouts           0.000000e+00
Name: 450, dtype: float64
timesteps                   2.962227e+07
wall_time                   1.780996e+05
num_episodes                2.935950e+05
max_episode_rewards         1.000000e+01
mean_episode_rewards        7.750000e+00
min_episode_rewards         0.000000e+00
max_episode_len             1.000000e+03
mean_episode_len            1.938000e+02
min_episode_len             0.000000e+00
mean_timeouts               0.000000e+00
val_max_episode_rewards     1.000000e+01
val_mean_episode_rewards    1.250000e+00
val_min_episode_rewards     0.000000e+00
val_max_episode_len         1.000000e+03
val_mean_episode_len        7.329750e+02
val_min_episode_len         0.000000e+00
val_mean_timeouts           0.000000e+00
Name: 451, dtype: float64
timesteps                   2.968781e+07
wall_time                   1.785005e+05
num_episodes                2.939890e+05
max_episode_rewards         1.000000e+01
mean_episode_rewards        6.750000e+00
min_episode_rewards         0.000000e+00
max_episode_len             1.000000e+03
mean_episode_len            1.779000e+02
min_episode_len             0.000000e+00
mean_timeouts               0.000000e+00
val_max_episode_rewards     1.000000e+01
val_mean_episode_rewards    3.000000e+00
val_min_episode_rewards     0.000000e+00
val_max_episode_len         1.000000e+03
val_mean_episode_len        5.727750e+02
val_min_episode_len         0.000000e+00
val_mean_timeouts           2.500000e-02
Name: 452, dtype: float64
timesteps                   2.975334e+07
wall_time                   1.789057e+05
num_episodes                2.943660e+05
max_episode_rewards         1.000000e+01
mean_episode_rewards        6.250000e+00
min_episode_rewards         0.000000e+00
max_episode_len             1.000000e+03
mean_episode_len            3.358000e+02
min_episode_len             0.000000e+00
mean_timeouts               0.000000e+00
val_max_episode_rewards     1.000000e+01
val_mean_episode_rewards    4.000000e+00
val_min_episode_rewards     0.000000e+00
val_max_episode_len         1.000000e+03
val_mean_episode_len        4.584500e+02
val_min_episode_len         0.000000e+00
val_mean_timeouts           0.000000e+00
Name: 453, dtype: float64
timesteps                   2.981888e+07
wall_time                   1.793115e+05
num_episodes                2.947660e+05
max_episode_rewards         1.000000e+01
mean_episode_rewards        8.250000e+00
min_episode_rewards         0.000000e+00
max_episode_len             1.000000e+03
mean_episode_len            1.394250e+02
min_episode_len             0.000000e+00
mean_timeouts               0.000000e+00
val_max_episode_rewards     1.000000e+01
val_mean_episode_rewards    3.250000e+00
val_min_episode_rewards     0.000000e+00
val_max_episode_len         1.000000e+03
val_mean_episode_len        6.090000e+02
val_min_episode_len         0.000000e+00
val_mean_timeouts           0.000000e+00
Name: 454, dtype: float64
timesteps                   2.988442e+07
wall_time                   1.797230e+05
num_episodes                2.951850e+05
max_episode_rewards         1.000000e+01
mean_episode_rewards        7.250000e+00
min_episode_rewards         0.000000e+00
max_episode_len             1.000000e+03
mean_episode_len            1.647250e+02
min_episode_len             0.000000e+00
mean_timeouts               0.000000e+00
val_max_episode_rewards     1.000000e+01
val_mean_episode_rewards    4.000000e+00
val_min_episode_rewards     0.000000e+00
val_max_episode_len         1.000000e+03
val_mean_episode_len        4.343500e+02
val_min_episode_len         0.000000e+00
val_mean_timeouts           2.500000e-02
Name: 455, dtype: float64
timesteps                   2.994995e+07
wall_time                   1.801366e+05
num_episodes                2.955600e+05
max_episode_rewards         1.000000e+01
mean_episode_rewards        8.000000e+00
min_episode_rewards         0.000000e+00
max_episode_len             1.000000e+03
mean_episode_len            1.391000e+02
min_episode_len             0.000000e+00
mean_timeouts               0.000000e+00
val_max_episode_rewards     1.000000e+01
val_mean_episode_rewards    3.000000e+00
val_min_episode_rewards     0.000000e+00
val_max_episode_len         1.000000e+03
val_mean_episode_len        6.156250e+02
val_min_episode_len         0.000000e+00
val_mean_timeouts           0.000000e+00
Name: 456, dtype: float64
timesteps                   3.001549e+07
wall_time                   1.805622e+05
num_episodes                2.958500e+05
max_episode_rewards         1.000000e+01
mean_episode_rewards        7.500000e+00
min_episode_rewards         0.000000e+00
max_episode_len             1.000000e+03
mean_episode_len            2.050750e+02
min_episode_len             0.000000e+00
mean_timeouts               0.000000e+00
val_max_episode_rewards     1.000000e+01
val_mean_episode_rewards    1.750000e+00
val_min_episode_rewards     0.000000e+00
val_max_episode_len         1.000000e+03
val_mean_episode_len        6.252000e+02
val_min_episode_len         0.000000e+00
val_mean_timeouts           0.000000e+00
Name: 457, dtype: float64
Saving model at timestep 30015489
timesteps                   3.008102e+07
wall_time                   1.809799e+05
num_episodes                2.961610e+05
max_episode_rewards         1.000000e+01
mean_episode_rewards        8.500000e+00
min_episode_rewards         0.000000e+00
max_episode_len             1.000000e+03
mean_episode_len            1.601000e+02
min_episode_len             0.000000e+00
mean_timeouts               0.000000e+00
val_max_episode_rewards     1.000000e+01
val_mean_episode_rewards    3.500000e+00
val_min_episode_rewards     0.000000e+00
val_max_episode_len         1.000000e+03
val_mean_episode_len        5.049000e+02
val_min_episode_len         0.000000e+00
val_mean_timeouts           2.500000e-02
Name: 458, dtype: float64
timesteps                   3.014656e+07
wall_time                   1.814040e+05
num_episodes                2.964570e+05
max_episode_rewards         1.000000e+01
mean_episode_rewards        6.250000e+00
min_episode_rewards         0.000000e+00
max_episode_len             1.000000e+03
mean_episode_len            2.701500e+02
min_episode_len             0.000000e+00
mean_timeouts               0.000000e+00
val_max_episode_rewards     1.000000e+01
val_mean_episode_rewards    4.500000e+00
val_min_episode_rewards     0.000000e+00
val_max_episode_len         1.000000e+03
val_mean_episode_len        4.180500e+02
val_min_episode_len         0.000000e+00
val_mean_timeouts           0.000000e+00
Name: 459, dtype: float64
timesteps                   3.021210e+07
wall_time                   1.818232e+05
num_episodes                2.967970e+05
max_episode_rewards         1.000000e+01
mean_episode_rewards        8.750000e+00
min_episode_rewards         0.000000e+00
max_episode_len             1.000000e+03
mean_episode_len            1.691500e+02
min_episode_len             0.000000e+00
mean_timeouts               0.000000e+00
val_max_episode_rewards     1.000000e+01
val_mean_episode_rewards    2.000000e+00
val_min_episode_rewards     0.000000e+00
val_max_episode_len         1.000000e+03
val_mean_episode_len        5.978000e+02
val_min_episode_len         0.000000e+00
val_mean_timeouts           0.000000e+00
Name: 460, dtype: float64
timesteps                   3.027763e+07
wall_time                   1.822282e+05
num_episodes                2.971400e+05
max_episode_rewards         1.000000e+01
mean_episode_rewards        6.750000e+00
min_episode_rewards         0.000000e+00
max_episode_len             1.000000e+03
mean_episode_len            1.598250e+02
min_episode_len             0.000000e+00
mean_timeouts               0.000000e+00
val_max_episode_rewards     1.000000e+01
val_mean_episode_rewards    5.250000e+00
val_min_episode_rewards     0.000000e+00
val_max_episode_len         1.000000e+03
val_mean_episode_len        4.227500e+02
val_min_episode_len         0.000000e+00
val_mean_timeouts           2.500000e-02
Name: 461, dtype: float64
timesteps                   3.034317e+07
wall_time                   1.826312e+05
num_episodes                2.975480e+05
max_episode_rewards         1.000000e+01
mean_episode_rewards        7.000000e+00
min_episode_rewards         0.000000e+00
max_episode_len             1.000000e+03
mean_episode_len            1.463750e+02
min_episode_len             0.000000e+00
mean_timeouts               0.000000e+00
val_max_episode_rewards     1.000000e+01
val_mean_episode_rewards    3.250000e+00
val_min_episode_rewards     0.000000e+00
val_max_episode_len         1.000000e+03
val_mean_episode_len        3.670000e+02
val_min_episode_len         0.000000e+00
val_mean_timeouts           0.000000e+00
Name: 462, dtype: float64
timesteps                   3.040870e+07
wall_time                   1.830483e+05
num_episodes                2.979130e+05
max_episode_rewards         1.000000e+01
mean_episode_rewards        6.750000e+00
min_episode_rewards         0.000000e+00
max_episode_len             1.000000e+03
mean_episode_len            1.885750e+02
min_episode_len             0.000000e+00
mean_timeouts               0.000000e+00
val_max_episode_rewards     1.000000e+01
val_mean_episode_rewards    3.500000e+00
val_min_episode_rewards     0.000000e+00
val_max_episode_len         1.000000e+03
val_mean_episode_len        5.263250e+02
val_min_episode_len         0.000000e+00
val_mean_timeouts           0.000000e+00
Name: 463, dtype: float64
timesteps                   3.047424e+07
wall_time                   1.834558e+05
num_episodes                2.982860e+05
max_episode_rewards         1.000000e+01
mean_episode_rewards        7.500000e+00
min_episode_rewards         0.000000e+00
max_episode_len             1.000000e+03
mean_episode_len            1.910750e+02
min_episode_len             0.000000e+00
mean_timeouts               0.000000e+00
val_max_episode_rewards     1.000000e+01
val_mean_episode_rewards    1.500000e+00
val_min_episode_rewards     0.000000e+00
val_max_episode_len         1.000000e+03
val_mean_episode_len        7.993750e+02
val_min_episode_len         0.000000e+00
val_mean_timeouts           0.000000e+00
Name: 464, dtype: float64
timesteps                   3.053978e+07
wall_time                   1.838540e+05
num_episodes                2.986620e+05
max_episode_rewards         1.000000e+01
mean_episode_rewards        7.000000e+00
min_episode_rewards         0.000000e+00
max_episode_len             1.000000e+03
mean_episode_len            2.236250e+02
min_episode_len             0.000000e+00
mean_timeouts               0.000000e+00
val_max_episode_rewards     1.000000e+01
val_mean_episode_rewards    1.500000e+00
val_min_episode_rewards     0.000000e+00
val_max_episode_len         1.000000e+03
val_mean_episode_len        7.021500e+02
val_min_episode_len         0.000000e+00
val_mean_timeouts           0.000000e+00
Name: 465, dtype: float64
timesteps                   3.060531e+07
wall_time                   1.842576e+05
num_episodes                2.990400e+05
max_episode_rewards         1.000000e+01
mean_episode_rewards        6.500000e+00
min_episode_rewards         0.000000e+00
max_episode_len             1.000000e+03
mean_episode_len            2.349500e+02
min_episode_len             0.000000e+00
mean_timeouts               0.000000e+00
val_max_episode_rewards     1.000000e+01
val_mean_episode_rewards    4.750000e+00
val_min_episode_rewards     0.000000e+00
val_max_episode_len         1.000000e+03
val_mean_episode_len        4.618000e+02
val_min_episode_len         0.000000e+00
val_mean_timeouts           0.000000e+00
Name: 466, dtype: float64
timesteps                   3.067085e+07
wall_time                   1.846528e+05
num_episodes                2.994010e+05
max_episode_rewards         1.000000e+01
mean_episode_rewards        8.000000e+00
min_episode_rewards         0.000000e+00
max_episode_len             1.000000e+03
mean_episode_len            2.259250e+02
min_episode_len             0.000000e+00
mean_timeouts               0.000000e+00
val_max_episode_rewards     1.000000e+01
val_mean_episode_rewards    1.000000e+00
val_min_episode_rewards     0.000000e+00
val_max_episode_len         1.000000e+03
val_mean_episode_len        9.061000e+02
val_min_episode_len         0.000000e+00
val_mean_timeouts           0.000000e+00
Name: 467, dtype: float64
timesteps                   3.073638e+07
wall_time                   1.850506e+05
num_episodes                2.997600e+05
max_episode_rewards         1.000000e+01
mean_episode_rewards        8.000000e+00
min_episode_rewards         0.000000e+00
max_episode_len             1.000000e+03
mean_episode_len            1.618500e+02
min_episode_len             0.000000e+00
mean_timeouts               0.000000e+00
val_max_episode_rewards     1.000000e+01
val_mean_episode_rewards    2.000000e+00
val_min_episode_rewards     0.000000e+00
val_max_episode_len         1.000000e+03
val_mean_episode_len        7.285750e+02
val_min_episode_len         0.000000e+00
val_mean_timeouts           0.000000e+00
Name: 468, dtype: float64
timesteps                   3.080192e+07
wall_time                   1.854546e+05
num_episodes                3.001220e+05
max_episode_rewards         1.000000e+01
mean_episode_rewards        6.500000e+00
min_episode_rewards         0.000000e+00
max_episode_len             1.000000e+03
mean_episode_len            2.827250e+02
min_episode_len             0.000000e+00
mean_timeouts               0.000000e+00
val_max_episode_rewards     1.000000e+01
val_mean_episode_rewards    2.750000e+00
val_min_episode_rewards     0.000000e+00
val_max_episode_len         1.000000e+03
val_mean_episode_len        5.894250e+02
val_min_episode_len         0.000000e+00
val_mean_timeouts           0.000000e+00
Name: 469, dtype: float64
timesteps                   3.086746e+07
wall_time                   1.858487e+05
num_episodes                3.005010e+05
max_episode_rewards         1.000000e+01
mean_episode_rewards        8.000000e+00
min_episode_rewards         0.000000e+00
max_episode_len             1.000000e+03
mean_episode_len            1.493500e+02
min_episode_len             0.000000e+00
mean_timeouts               0.000000e+00
val_max_episode_rewards     1.000000e+01
val_mean_episode_rewards    3.750000e+00
val_min_episode_rewards     0.000000e+00
val_max_episode_len         1.000000e+03
val_mean_episode_len        4.910500e+02
val_min_episode_len         0.000000e+00
val_mean_timeouts           0.000000e+00
Name: 470, dtype: float64
timesteps                   3.093299e+07
wall_time                   1.862410e+05
num_episodes                3.009060e+05
max_episode_rewards         1.000000e+01
mean_episode_rewards        6.750000e+00
min_episode_rewards         0.000000e+00
max_episode_len             1.000000e+03
mean_episode_len            1.971250e+02
min_episode_len             0.000000e+00
mean_timeouts               0.000000e+00
val_max_episode_rewards     1.000000e+01
val_mean_episode_rewards    2.750000e+00
val_min_episode_rewards     0.000000e+00
val_max_episode_len         1.000000e+03
val_mean_episode_len        4.799000e+02
val_min_episode_len         0.000000e+00
val_mean_timeouts           2.500000e-02
Name: 471, dtype: float64
timesteps                   3.099853e+07
wall_time                   1.866335e+05
num_episodes                3.013120e+05
max_episode_rewards         1.000000e+01
mean_episode_rewards        7.000000e+00
min_episode_rewards         0.000000e+00
max_episode_len             1.000000e+03
mean_episode_len            1.906250e+02
min_episode_len             0.000000e+00
mean_timeouts               0.000000e+00
val_max_episode_rewards     1.000000e+01
val_mean_episode_rewards    4.750000e+00
val_min_episode_rewards     0.000000e+00
val_max_episode_len         1.000000e+03
val_mean_episode_len        4.966500e+02
val_min_episode_len         0.000000e+00
val_mean_timeouts           0.000000e+00
Name: 472, dtype: float64
timesteps                   3.106406e+07
wall_time                   1.870285e+05
num_episodes                3.017170e+05
max_episode_rewards         1.000000e+01
mean_episode_rewards        7.250000e+00
min_episode_rewards         0.000000e+00
max_episode_len             1.000000e+03
mean_episode_len            2.101750e+02
min_episode_len             0.000000e+00
mean_timeouts               0.000000e+00
val_max_episode_rewards     1.000000e+01
val_mean_episode_rewards    3.250000e+00
val_min_episode_rewards     0.000000e+00
val_max_episode_len         1.000000e+03
val_mean_episode_len        5.741500e+02
val_min_episode_len         0.000000e+00
val_mean_timeouts           0.000000e+00
Name: 473, dtype: float64
timesteps                   3.112960e+07
wall_time                   1.874284e+05
num_episodes                3.021490e+05
max_episode_rewards         1.000000e+01
mean_episode_rewards        7.750000e+00
min_episode_rewards         0.000000e+00
max_episode_len             7.480000e+02
mean_episode_len            1.081000e+02
min_episode_len             0.000000e+00
mean_timeouts               0.000000e+00
val_max_episode_rewards     1.000000e+01
val_mean_episode_rewards    3.750000e+00
val_min_episode_rewards     0.000000e+00
val_max_episode_len         1.000000e+03
val_mean_episode_len        5.092000e+02
val_min_episode_len         0.000000e+00
val_mean_timeouts           0.000000e+00
Name: 474, dtype: float64
timesteps                   3.119514e+07
wall_time                   1.878258e+05
num_episodes                3.026060e+05
max_episode_rewards         1.000000e+01
mean_episode_rewards        7.750000e+00
min_episode_rewards         0.000000e+00
max_episode_len             9.740000e+02
mean_episode_len            1.143000e+02
min_episode_len             0.000000e+00
mean_timeouts               0.000000e+00
val_max_episode_rewards     1.000000e+01
val_mean_episode_rewards    3.750000e+00
val_min_episode_rewards     0.000000e+00
val_max_episode_len         1.000000e+03
val_mean_episode_len        5.781500e+02
val_min_episode_len         0.000000e+00
val_mean_timeouts           0.000000e+00
Name: 475, dtype: float64
timesteps                   3.126067e+07
wall_time                   1.882128e+05
num_episodes                3.030460e+05
max_episode_rewards         1.000000e+01
mean_episode_rewards        7.500000e+00
min_episode_rewards         0.000000e+00
max_episode_len             1.000000e+03
mean_episode_len            1.566750e+02
min_episode_len             0.000000e+00
mean_timeouts               2.500000e-02
val_max_episode_rewards     1.000000e+01
val_mean_episode_rewards    3.750000e+00
val_min_episode_rewards     0.000000e+00
val_max_episode_len         1.000000e+03
val_mean_episode_len        5.342750e+02
val_min_episode_len         0.000000e+00
val_mean_timeouts           2.500000e-02
Name: 476, dtype: float64
timesteps                   3.132621e+07
wall_time                   1.886041e+05
num_episodes                3.034270e+05
max_episode_rewards         1.000000e+01
mean_episode_rewards        7.500000e+00
min_episode_rewards         0.000000e+00
max_episode_len             1.000000e+03
mean_episode_len            1.244750e+02
min_episode_len             0.000000e+00
mean_timeouts               0.000000e+00
val_max_episode_rewards     1.000000e+01
val_mean_episode_rewards    4.500000e+00
val_min_episode_rewards     0.000000e+00
val_max_episode_len         1.000000e+03
val_mean_episode_len        4.724250e+02
val_min_episode_len         0.000000e+00
val_mean_timeouts           0.000000e+00
Name: 477, dtype: float64
timesteps                   3.139174e+07
wall_time                   1.889988e+05
num_episodes                3.038820e+05
max_episode_rewards         1.000000e+01
mean_episode_rewards        7.750000e+00
min_episode_rewards         0.000000e+00
max_episode_len             1.000000e+03
mean_episode_len            2.408500e+02
min_episode_len             0.000000e+00
mean_timeouts               0.000000e+00
val_max_episode_rewards     1.000000e+01
val_mean_episode_rewards    3.250000e+00
val_min_episode_rewards     0.000000e+00
val_max_episode_len         1.000000e+03
val_mean_episode_len        5.845750e+02
val_min_episode_len         0.000000e+00
val_mean_timeouts           2.500000e-02
Name: 478, dtype: float64
timesteps                   3.145728e+07
wall_time                   1.893894e+05
num_episodes                3.043330e+05
max_episode_rewards         1.000000e+01
mean_episode_rewards        8.000000e+00
min_episode_rewards         0.000000e+00
max_episode_len             1.000000e+03
mean_episode_len            1.465250e+02
min_episode_len             0.000000e+00
mean_timeouts               0.000000e+00
val_max_episode_rewards     1.000000e+01
val_mean_episode_rewards    4.000000e+00
val_min_episode_rewards     0.000000e+00
val_max_episode_len         1.000000e+03
val_mean_episode_len        5.297750e+02
val_min_episode_len         0.000000e+00
val_mean_timeouts           0.000000e+00
Name: 479, dtype: float64
timesteps                   3.152282e+07
wall_time                   1.897873e+05
num_episodes                3.048030e+05
max_episode_rewards         1.000000e+01
mean_episode_rewards        7.250000e+00
min_episode_rewards         0.000000e+00
max_episode_len             1.000000e+03
mean_episode_len            1.633250e+02
min_episode_len             0.000000e+00
mean_timeouts               0.000000e+00
val_max_episode_rewards     1.000000e+01
val_mean_episode_rewards    3.750000e+00
val_min_episode_rewards     0.000000e+00
val_max_episode_len         1.000000e+03
val_mean_episode_len        5.554000e+02
val_min_episode_len         0.000000e+00
val_mean_timeouts           0.000000e+00
Name: 480, dtype: float64
timesteps                   3.158835e+07
wall_time                   1.901776e+05
num_episodes                3.051960e+05
max_episode_rewards         1.000000e+01
mean_episode_rewards        7.000000e+00
min_episode_rewards         0.000000e+00
max_episode_len             1.000000e+03
mean_episode_len            1.661750e+02
min_episode_len             0.000000e+00
mean_timeouts               0.000000e+00
val_max_episode_rewards     1.000000e+01
val_mean_episode_rewards    3.250000e+00
val_min_episode_rewards     0.000000e+00
val_max_episode_len         1.000000e+03
val_mean_episode_len        5.468750e+02
val_min_episode_len         0.000000e+00
val_mean_timeouts           0.000000e+00
Name: 481, dtype: float64
timesteps                   3.165389e+07
wall_time                   1.905721e+05
num_episodes                3.056530e+05
max_episode_rewards         1.000000e+01
mean_episode_rewards        7.250000e+00
min_episode_rewards         0.000000e+00
max_episode_len             1.000000e+03
mean_episode_len            2.049250e+02
min_episode_len             0.000000e+00
mean_timeouts               0.000000e+00
val_max_episode_rewards     1.000000e+01
val_mean_episode_rewards    3.000000e+00
val_min_episode_rewards     0.000000e+00
val_max_episode_len         1.000000e+03
val_mean_episode_len        5.995250e+02
val_min_episode_len         0.000000e+00
val_mean_timeouts           0.000000e+00
Name: 482, dtype: float64
timesteps                   3.171942e+07
wall_time                   1.909595e+05
num_episodes                3.060680e+05
max_episode_rewards         1.000000e+01
mean_episode_rewards        8.250000e+00
min_episode_rewards         0.000000e+00
max_episode_len             1.000000e+03
mean_episode_len            1.218000e+02
min_episode_len             0.000000e+00
mean_timeouts               0.000000e+00
val_max_episode_rewards     1.000000e+01
val_mean_episode_rewards    4.500000e+00
val_min_episode_rewards     0.000000e+00
val_max_episode_len         1.000000e+03
val_mean_episode_len        4.909500e+02
val_min_episode_len         0.000000e+00
val_mean_timeouts           0.000000e+00
Name: 483, dtype: float64
timesteps                   3.178496e+07
wall_time                   1.913553e+05
num_episodes                3.064650e+05
max_episode_rewards         1.000000e+01
mean_episode_rewards        7.000000e+00
min_episode_rewards         0.000000e+00
max_episode_len             1.000000e+03
mean_episode_len            1.798750e+02
min_episode_len             0.000000e+00
mean_timeouts               0.000000e+00
val_max_episode_rewards     1.000000e+01
val_mean_episode_rewards    3.000000e+00
val_min_episode_rewards     0.000000e+00
val_max_episode_len         1.000000e+03
val_mean_episode_len        5.216000e+02
val_min_episode_len         0.000000e+00
val_mean_timeouts           0.000000e+00
Name: 484, dtype: float64
timesteps                   3.185050e+07
wall_time                   1.917543e+05
num_episodes                3.068780e+05
max_episode_rewards         1.000000e+01
mean_episode_rewards        7.500000e+00
min_episode_rewards         0.000000e+00
max_episode_len             1.000000e+03
mean_episode_len            1.979500e+02
min_episode_len             0.000000e+00
mean_timeouts               0.000000e+00
val_max_episode_rewards     1.000000e+01
val_mean_episode_rewards    4.250000e+00
val_min_episode_rewards     0.000000e+00
val_max_episode_len         1.000000e+03
val_mean_episode_len        4.983250e+02
val_min_episode_len         0.000000e+00
val_mean_timeouts           0.000000e+00
Name: 485, dtype: float64
timesteps                   3.191603e+07
wall_time                   1.921460e+05
num_episodes                3.072510e+05
max_episode_rewards         1.000000e+01
mean_episode_rewards        6.250000e+00
min_episode_rewards         0.000000e+00
max_episode_len             1.000000e+03
mean_episode_len            2.596250e+02
min_episode_len             0.000000e+00
mean_timeouts               0.000000e+00
val_max_episode_rewards     1.000000e+01
val_mean_episode_rewards    2.750000e+00
val_min_episode_rewards     0.000000e+00
val_max_episode_len         1.000000e+03
val_mean_episode_len        5.726000e+02
val_min_episode_len         0.000000e+00
val_mean_timeouts           0.000000e+00
Name: 486, dtype: float64
timesteps                   3.198157e+07
wall_time                   1.925438e+05
num_episodes                3.076100e+05
max_episode_rewards         1.000000e+01
mean_episode_rewards        7.750000e+00
min_episode_rewards         0.000000e+00
max_episode_len             1.000000e+03
mean_episode_len            1.957750e+02
min_episode_len             0.000000e+00
mean_timeouts               0.000000e+00
val_max_episode_rewards     1.000000e+01
val_mean_episode_rewards    2.250000e+00
val_min_episode_rewards     0.000000e+00
val_max_episode_len         1.000000e+03
val_mean_episode_len        6.476000e+02
val_min_episode_len         0.000000e+00
val_mean_timeouts           0.000000e+00
Name: 487, dtype: float64
timesteps                   3.204710e+07
wall_time                   1.929383e+05
num_episodes                3.080100e+05
max_episode_rewards         1.000000e+01
mean_episode_rewards        8.250000e+00
min_episode_rewards         0.000000e+00
max_episode_len             1.000000e+03
mean_episode_len            1.442000e+02
min_episode_len             0.000000e+00
mean_timeouts               0.000000e+00
val_max_episode_rewards     1.000000e+01
val_mean_episode_rewards    4.000000e+00
val_min_episode_rewards     0.000000e+00
val_max_episode_len         1.000000e+03
val_mean_episode_len        4.988000e+02
val_min_episode_len         0.000000e+00
val_mean_timeouts           0.000000e+00
Name: 488, dtype: float64
timesteps                   3.211264e+07
wall_time                   1.933349e+05
num_episodes                3.084450e+05
max_episode_rewards         1.000000e+01
mean_episode_rewards        7.500000e+00
min_episode_rewards         0.000000e+00
max_episode_len             1.000000e+03
mean_episode_len            1.031000e+02
min_episode_len             0.000000e+00
mean_timeouts               0.000000e+00
val_max_episode_rewards     1.000000e+01
val_mean_episode_rewards    3.000000e+00
val_min_episode_rewards     0.000000e+00
val_max_episode_len         1.000000e+03
val_mean_episode_len        5.599500e+02
val_min_episode_len         0.000000e+00
val_mean_timeouts           0.000000e+00
Name: 489, dtype: float64
timesteps                   3.217818e+07
wall_time                   1.937255e+05
num_episodes                3.089260e+05
max_episode_rewards         1.000000e+01
mean_episode_rewards        6.750000e+00
min_episode_rewards         0.000000e+00
max_episode_len             1.000000e+03
mean_episode_len            1.436750e+02
min_episode_len             0.000000e+00
mean_timeouts               0.000000e+00
val_max_episode_rewards     1.000000e+01
val_mean_episode_rewards    2.250000e+00
val_min_episode_rewards     0.000000e+00
val_max_episode_len         1.000000e+03
val_mean_episode_len        6.541250e+02
val_min_episode_len         0.000000e+00
val_mean_timeouts           0.000000e+00
Name: 490, dtype: float64
timesteps                   3.224371e+07
wall_time                   1.941144e+05
num_episodes                3.093560e+05
max_episode_rewards         1.000000e+01
mean_episode_rewards        8.000000e+00
min_episode_rewards         0.000000e+00
max_episode_len             1.000000e+03
mean_episode_len            1.321750e+02
min_episode_len             0.000000e+00
mean_timeouts               0.000000e+00
val_max_episode_rewards     1.000000e+01
val_mean_episode_rewards    2.250000e+00
val_min_episode_rewards     0.000000e+00
val_max_episode_len         1.000000e+03
val_mean_episode_len        5.007500e+02
val_min_episode_len         0.000000e+00
val_mean_timeouts           2.500000e-02
Name: 491, dtype: float64
timesteps                   3.230925e+07
wall_time                   1.945041e+05
num_episodes                3.097890e+05
max_episode_rewards         1.000000e+01
mean_episode_rewards        6.500000e+00
min_episode_rewards         0.000000e+00
max_episode_len             1.000000e+03
mean_episode_len            1.757750e+02
min_episode_len             0.000000e+00
mean_timeouts               7.500000e-02
val_max_episode_rewards     1.000000e+01
val_mean_episode_rewards    3.250000e+00
val_min_episode_rewards     0.000000e+00
val_max_episode_len         1.000000e+03
val_mean_episode_len        5.213000e+02
val_min_episode_len         0.000000e+00
val_mean_timeouts           0.000000e+00
Name: 492, dtype: float64
timesteps                   3.237478e+07
wall_time                   1.948925e+05
num_episodes                3.101960e+05
max_episode_rewards         1.000000e+01
mean_episode_rewards        7.750000e+00
min_episode_rewards         0.000000e+00
max_episode_len             1.000000e+03
mean_episode_len            1.228500e+02
min_episode_len             0.000000e+00
mean_timeouts               0.000000e+00
val_max_episode_rewards     1.000000e+01
val_mean_episode_rewards    2.250000e+00
val_min_episode_rewards     0.000000e+00
val_max_episode_len         1.000000e+03
val_mean_episode_len        7.498750e+02
val_min_episode_len         0.000000e+00
val_mean_timeouts           0.000000e+00
Name: 493, dtype: float64
timesteps                   3.244032e+07
wall_time                   1.952838e+05
num_episodes                3.105880e+05
max_episode_rewards         1.000000e+01
mean_episode_rewards        7.500000e+00
min_episode_rewards         0.000000e+00
max_episode_len             1.000000e+03
mean_episode_len            1.794500e+02
min_episode_len             0.000000e+00
mean_timeouts               2.500000e-02
val_max_episode_rewards     1.000000e+01
val_mean_episode_rewards    3.250000e+00
val_min_episode_rewards     0.000000e+00
val_max_episode_len         1.000000e+03
val_mean_episode_len        4.544000e+02
val_min_episode_len         0.000000e+00
val_mean_timeouts           2.500000e-02
Name: 494, dtype: float64
timesteps                   3.250586e+07
wall_time                   1.956711e+05
num_episodes                3.110020e+05
max_episode_rewards         1.000000e+01
mean_episode_rewards        7.500000e+00
min_episode_rewards         0.000000e+00
max_episode_len             1.000000e+03
mean_episode_len            1.432500e+02
min_episode_len             0.000000e+00
mean_timeouts               0.000000e+00
val_max_episode_rewards     1.000000e+01
val_mean_episode_rewards    2.500000e+00
val_min_episode_rewards     0.000000e+00
val_max_episode_len         1.000000e+03
val_mean_episode_len        5.786000e+02
val_min_episode_len         0.000000e+00
val_mean_timeouts           0.000000e+00
Name: 495, dtype: float64
timesteps                   3.257139e+07
wall_time                   1.960665e+05
num_episodes                3.114030e+05
max_episode_rewards         1.000000e+01
mean_episode_rewards        7.000000e+00
min_episode_rewards         0.000000e+00
max_episode_len             1.000000e+03
mean_episode_len            1.723750e+02
min_episode_len             0.000000e+00
mean_timeouts               0.000000e+00
val_max_episode_rewards     1.000000e+01
val_mean_episode_rewards    2.000000e+00
val_min_episode_rewards     0.000000e+00
val_max_episode_len         1.000000e+03
val_mean_episode_len        6.807750e+02
val_min_episode_len         0.000000e+00
val_mean_timeouts           2.500000e-02
Name: 496, dtype: float64
timesteps                   3.263693e+07
wall_time                   1.964700e+05
num_episodes                3.117570e+05
max_episode_rewards         1.000000e+01
mean_episode_rewards        7.250000e+00
min_episode_rewards         0.000000e+00
max_episode_len             1.000000e+03
mean_episode_len            1.838750e+02
min_episode_len             0.000000e+00
mean_timeouts               0.000000e+00
val_max_episode_rewards     1.000000e+01
val_mean_episode_rewards    2.250000e+00
val_min_episode_rewards     0.000000e+00
val_max_episode_len         1.000000e+03
val_mean_episode_len        6.480000e+02
val_min_episode_len         0.000000e+00
val_mean_timeouts           0.000000e+00
Name: 497, dtype: float64
timesteps                   3.270246e+07
wall_time                   1.968627e+05
num_episodes                3.120450e+05
max_episode_rewards         1.000000e+01
mean_episode_rewards        7.500000e+00
min_episode_rewards         0.000000e+00
max_episode_len             1.000000e+03
mean_episode_len            1.995000e+02
min_episode_len             0.000000e+00
mean_timeouts               0.000000e+00
val_max_episode_rewards     1.000000e+01
val_mean_episode_rewards    1.500000e+00
val_min_episode_rewards     0.000000e+00
val_max_episode_len         1.000000e+03
val_mean_episode_len        7.205000e+02
val_min_episode_len         0.000000e+00
val_mean_timeouts           0.000000e+00
Name: 498, dtype: float64
timesteps                   3.276800e+07
wall_time                   1.972609e+05
num_episodes                3.123670e+05
max_episode_rewards         1.000000e+01
mean_episode_rewards        6.500000e+00
min_episode_rewards         0.000000e+00
max_episode_len             1.000000e+03
mean_episode_len            2.165500e+02
min_episode_len             0.000000e+00
mean_timeouts               0.000000e+00
val_max_episode_rewards     1.000000e+01
val_mean_episode_rewards    2.250000e+00
val_min_episode_rewards     0.000000e+00
val_max_episode_len         1.000000e+03
val_mean_episode_len        6.380250e+02
val_min_episode_len         0.000000e+00
val_mean_timeouts           0.000000e+00
Name: 499, dtype: float64
timesteps                   3.283354e+07
wall_time                   1.976540e+05
num_episodes                3.126980e+05
max_episode_rewards         1.000000e+01
mean_episode_rewards        6.750000e+00
min_episode_rewards         0.000000e+00
max_episode_len             1.000000e+03
mean_episode_len            1.708500e+02
min_episode_len             0.000000e+00
mean_timeouts               2.500000e-02
val_max_episode_rewards     1.000000e+01
val_mean_episode_rewards    3.250000e+00
val_min_episode_rewards     0.000000e+00
val_max_episode_len         1.000000e+03
val_mean_episode_len        6.187000e+02
val_min_episode_len         0.000000e+00
val_mean_timeouts           2.500000e-02
Name: 500, dtype: float64
timesteps                   3.289907e+07
wall_time                   1.980543e+05
num_episodes                3.130130e+05
max_episode_rewards         1.000000e+01
mean_episode_rewards        7.750000e+00
min_episode_rewards         0.000000e+00
max_episode_len             1.000000e+03
mean_episode_len            3.098250e+02
min_episode_len             0.000000e+00
mean_timeouts               0.000000e+00
val_max_episode_rewards     1.000000e+01
val_mean_episode_rewards    2.500000e+00
val_min_episode_rewards     0.000000e+00
val_max_episode_len         1.000000e+03
val_mean_episode_len        6.969250e+02
val_min_episode_len         0.000000e+00
val_mean_timeouts           0.000000e+00
Name: 501, dtype: float64
timesteps                   3.296461e+07
wall_time                   1.984505e+05
num_episodes                3.134220e+05
max_episode_rewards         1.000000e+01
mean_episode_rewards        7.250000e+00
min_episode_rewards         0.000000e+00
max_episode_len             1.000000e+03
mean_episode_len            2.213500e+02
min_episode_len             0.000000e+00
mean_timeouts               0.000000e+00
val_max_episode_rewards     1.000000e+01
val_mean_episode_rewards    2.250000e+00
val_min_episode_rewards     0.000000e+00
val_max_episode_len         1.000000e+03
val_mean_episode_len        5.860000e+02
val_min_episode_len         0.000000e+00
val_mean_timeouts           0.000000e+00
Name: 502, dtype: float64
timesteps                   3.303014e+07
wall_time                   1.988321e+05
num_episodes                3.138060e+05
max_episode_rewards         1.000000e+01
mean_episode_rewards        8.000000e+00
min_episode_rewards         0.000000e+00
max_episode_len             1.000000e+03
mean_episode_len            2.028750e+02
min_episode_len             0.000000e+00
mean_timeouts               0.000000e+00
val_max_episode_rewards     1.000000e+01
val_mean_episode_rewards    1.250000e+00
val_min_episode_rewards     0.000000e+00
val_max_episode_len         1.000000e+03
val_mean_episode_len        8.268250e+02
val_min_episode_len         0.000000e+00
val_mean_timeouts           0.000000e+00
Name: 503, dtype: float64
timesteps                   3.309568e+07
wall_time                   1.992226e+05
num_episodes                3.141820e+05
max_episode_rewards         1.000000e+01
mean_episode_rewards        6.500000e+00
min_episode_rewards         0.000000e+00
max_episode_len             1.000000e+03
mean_episode_len            1.565250e+02
min_episode_len             0.000000e+00
mean_timeouts               0.000000e+00
val_max_episode_rewards     1.000000e+01
val_mean_episode_rewards    4.000000e+00
val_min_episode_rewards     0.000000e+00
val_max_episode_len         1.000000e+03
val_mean_episode_len        4.597000e+02
val_min_episode_len         0.000000e+00
val_mean_timeouts           5.000000e-02
Name: 504, dtype: float64
timesteps                   3.316122e+07
wall_time                   1.996119e+05
num_episodes                3.145700e+05
max_episode_rewards         1.000000e+01
mean_episode_rewards        7.500000e+00
min_episode_rewards         0.000000e+00
max_episode_len             1.000000e+03
mean_episode_len            1.361750e+02
min_episode_len             0.000000e+00
mean_timeouts               0.000000e+00
val_max_episode_rewards     1.000000e+01
val_mean_episode_rewards    2.500000e+00
val_min_episode_rewards     0.000000e+00
val_max_episode_len         1.000000e+03
val_mean_episode_len        5.667500e+02
val_min_episode_len         0.000000e+00
val_mean_timeouts           0.000000e+00
Name: 505, dtype: float64
timesteps                   3.322675e+07
wall_time                   1.999951e+05
num_episodes                3.149990e+05
max_episode_rewards         1.000000e+01
mean_episode_rewards        7.750000e+00
min_episode_rewards         0.000000e+00
max_episode_len             1.000000e+03
mean_episode_len            1.716500e+02
min_episode_len             0.000000e+00
mean_timeouts               0.000000e+00
val_max_episode_rewards     1.000000e+01
val_mean_episode_rewards    2.750000e+00
val_min_episode_rewards     0.000000e+00
val_max_episode_len         1.000000e+03
val_mean_episode_len        5.213500e+02
val_min_episode_len         0.000000e+00
val_mean_timeouts           0.000000e+00
Name: 506, dtype: float64
timesteps                   3.329229e+07
wall_time                   2.003834e+05
num_episodes                3.154100e+05
max_episode_rewards         1.000000e+01
mean_episode_rewards        7.250000e+00
min_episode_rewards         0.000000e+00
max_episode_len             1.000000e+03
mean_episode_len            1.602500e+02
min_episode_len             0.000000e+00
mean_timeouts               0.000000e+00
val_max_episode_rewards     1.000000e+01
val_mean_episode_rewards    3.500000e+00
val_min_episode_rewards     0.000000e+00
val_max_episode_len         1.000000e+03
val_mean_episode_len        6.023500e+02
val_min_episode_len         0.000000e+00
val_mean_timeouts           2.500000e-02
Name: 507, dtype: float64
timesteps                   3.335782e+07
wall_time                   2.007707e+05
num_episodes                3.158490e+05
max_episode_rewards         1.000000e+01
mean_episode_rewards        8.250000e+00
min_episode_rewards         0.000000e+00
max_episode_len             1.000000e+03
mean_episode_len            1.730000e+02
min_episode_len             0.000000e+00
mean_timeouts               0.000000e+00
val_max_episode_rewards     1.000000e+01
val_mean_episode_rewards    3.000000e+00
val_min_episode_rewards     0.000000e+00
val_max_episode_len         1.000000e+03
val_mean_episode_len        6.751000e+02
val_min_episode_len         0.000000e+00
val_mean_timeouts           0.000000e+00
Name: 508, dtype: float64
timesteps                   3.342336e+07
wall_time                   2.011648e+05
num_episodes                3.162220e+05
max_episode_rewards         1.000000e+01
mean_episode_rewards        8.250000e+00
min_episode_rewards         0.000000e+00
max_episode_len             7.140000e+02
mean_episode_len            9.380000e+01
min_episode_len             0.000000e+00
mean_timeouts               2.500000e-02
val_max_episode_rewards     1.000000e+01
val_mean_episode_rewards    3.250000e+00
val_min_episode_rewards     0.000000e+00
val_max_episode_len         1.000000e+03
val_mean_episode_len        5.548250e+02
val_min_episode_len         0.000000e+00
val_mean_timeouts           0.000000e+00
Name: 509, dtype: float64
timesteps                   3.348890e+07
wall_time                   2.015622e+05
num_episodes                3.165560e+05
max_episode_rewards         1.000000e+01
mean_episode_rewards        6.250000e+00
min_episode_rewards         0.000000e+00
max_episode_len             1.000000e+03
mean_episode_len            1.923250e+02
min_episode_len             0.000000e+00
mean_timeouts               0.000000e+00
val_max_episode_rewards     1.000000e+01
val_mean_episode_rewards    4.250000e+00
val_min_episode_rewards     0.000000e+00
val_max_episode_len         1.000000e+03
val_mean_episode_len        5.286500e+02
val_min_episode_len         0.000000e+00
val_mean_timeouts           0.000000e+00
Name: 510, dtype: float64
timesteps                   3.355443e+07
wall_time                   2.019559e+05
num_episodes                3.169360e+05
max_episode_rewards         1.000000e+01
mean_episode_rewards        7.250000e+00
min_episode_rewards         0.000000e+00
max_episode_len             1.000000e+03
mean_episode_len            2.366750e+02
min_episode_len             0.000000e+00
mean_timeouts               0.000000e+00
val_max_episode_rewards     1.000000e+01
val_mean_episode_rewards    2.000000e+00
val_min_episode_rewards     0.000000e+00
val_max_episode_len         1.000000e+03
val_mean_episode_len        6.436250e+02
val_min_episode_len         0.000000e+00
val_mean_timeouts           0.000000e+00
Name: 511, dtype: float64
timesteps                   3.361997e+07
wall_time                   2.023350e+05
num_episodes                3.173590e+05
max_episode_rewards         1.000000e+01
mean_episode_rewards        8.250000e+00
min_episode_rewards         0.000000e+00
max_episode_len             1.000000e+03
mean_episode_len            1.450000e+02
min_episode_len             0.000000e+00
mean_timeouts               0.000000e+00
val_max_episode_rewards     1.000000e+01
val_mean_episode_rewards    3.000000e+00
val_min_episode_rewards     0.000000e+00
val_max_episode_len         1.000000e+03
val_mean_episode_len        4.384750e+02
val_min_episode_len         0.000000e+00
val_mean_timeouts           0.000000e+00
Name: 512, dtype: float64
timesteps                   3.368550e+07
wall_time                   2.027070e+05
num_episodes                3.178090e+05
max_episode_rewards         1.000000e+01
mean_episode_rewards        7.000000e+00
min_episode_rewards         0.000000e+00
max_episode_len             1.000000e+03
mean_episode_len            1.973250e+02
min_episode_len             0.000000e+00
mean_timeouts               0.000000e+00
val_max_episode_rewards     1.000000e+01
val_mean_episode_rewards    4.750000e+00
val_min_episode_rewards     0.000000e+00
val_max_episode_len         1.000000e+03
val_mean_episode_len        3.766250e+02
val_min_episode_len         0.000000e+00
val_mean_timeouts           0.000000e+00
Name: 513, dtype: float64
timesteps                   3.375104e+07
wall_time                   2.030802e+05
num_episodes                3.182470e+05
max_episode_rewards         1.000000e+01
mean_episode_rewards        7.750000e+00
min_episode_rewards         0.000000e+00
max_episode_len             1.000000e+03
mean_episode_len            1.385000e+02
min_episode_len             0.000000e+00
mean_timeouts               0.000000e+00
val_max_episode_rewards     1.000000e+01
val_mean_episode_rewards    3.750000e+00
val_min_episode_rewards     0.000000e+00
val_max_episode_len         1.000000e+03
val_mean_episode_len        3.710250e+02
val_min_episode_len         0.000000e+00
val_mean_timeouts           0.000000e+00
Name: 514, dtype: float64
timesteps                   3.381658e+07
wall_time                   2.034619e+05
num_episodes                3.186310e+05
max_episode_rewards         1.000000e+01
mean_episode_rewards        6.250000e+00
min_episode_rewards         0.000000e+00
max_episode_len             1.000000e+03
mean_episode_len            1.867500e+02
min_episode_len             0.000000e+00
mean_timeouts               0.000000e+00
val_max_episode_rewards     1.000000e+01
val_mean_episode_rewards    2.750000e+00
val_min_episode_rewards     0.000000e+00
val_max_episode_len         1.000000e+03
val_mean_episode_len        5.372750e+02
val_min_episode_len         0.000000e+00
val_mean_timeouts           0.000000e+00
Name: 515, dtype: float64
timesteps                   3.388211e+07
wall_time                   2.038340e+05
num_episodes                3.190360e+05
max_episode_rewards         1.000000e+01
mean_episode_rewards        7.750000e+00
min_episode_rewards         0.000000e+00
max_episode_len             1.000000e+03
mean_episode_len            1.921750e+02
min_episode_len             0.000000e+00
mean_timeouts               0.000000e+00
val_max_episode_rewards     1.000000e+01
val_mean_episode_rewards    3.000000e+00
val_min_episode_rewards     0.000000e+00
val_max_episode_len         1.000000e+03
val_mean_episode_len        4.610250e+02
val_min_episode_len         0.000000e+00
val_mean_timeouts           0.000000e+00
Name: 516, dtype: float64
timesteps                   3.394765e+07
wall_time                   2.042086e+05
num_episodes                3.194130e+05
max_episode_rewards         1.000000e+01
mean_episode_rewards        7.250000e+00
min_episode_rewards         0.000000e+00
max_episode_len             1.000000e+03
mean_episode_len            1.548000e+02
min_episode_len             0.000000e+00
mean_timeouts               0.000000e+00
val_max_episode_rewards     1.000000e+01
val_mean_episode_rewards    4.000000e+00
val_min_episode_rewards     0.000000e+00
val_max_episode_len         1.000000e+03
val_mean_episode_len        4.552250e+02
val_min_episode_len         0.000000e+00
val_mean_timeouts           0.000000e+00
Name: 517, dtype: float64
timesteps                   3.401318e+07
wall_time                   2.045895e+05
num_episodes                3.197900e+05
max_episode_rewards         1.000000e+01
mean_episode_rewards        8.250000e+00
min_episode_rewards         0.000000e+00
max_episode_len             1.000000e+03
mean_episode_len            1.013000e+02
min_episode_len             0.000000e+00
mean_timeouts               0.000000e+00
val_max_episode_rewards     1.000000e+01
val_mean_episode_rewards    4.000000e+00
val_min_episode_rewards     0.000000e+00
val_max_episode_len         1.000000e+03
val_mean_episode_len        5.190500e+02
val_min_episode_len         0.000000e+00
val_mean_timeouts           0.000000e+00
Name: 518, dtype: float64
timesteps                   3.407872e+07
wall_time                   2.049732e+05
num_episodes                3.201460e+05
max_episode_rewards         1.000000e+01
mean_episode_rewards        6.000000e+00
min_episode_rewards         0.000000e+00
max_episode_len             1.000000e+03
mean_episode_len            2.424000e+02
min_episode_len             0.000000e+00
mean_timeouts               2.500000e-02
val_max_episode_rewards     1.000000e+01
val_mean_episode_rewards    4.250000e+00
val_min_episode_rewards     0.000000e+00
val_max_episode_len         1.000000e+03
val_mean_episode_len        5.536750e+02
val_min_episode_len         0.000000e+00
val_mean_timeouts           2.500000e-02
Name: 519, dtype: float64
timesteps                   3.414426e+07
wall_time                   2.053569e+05
num_episodes                3.205500e+05
max_episode_rewards         1.000000e+01
mean_episode_rewards        7.500000e+00
min_episode_rewards         0.000000e+00
max_episode_len             1.000000e+03
mean_episode_len            1.807500e+02
min_episode_len             0.000000e+00
mean_timeouts               0.000000e+00
val_max_episode_rewards     1.000000e+01
val_mean_episode_rewards    3.250000e+00
val_min_episode_rewards     0.000000e+00
val_max_episode_len         1.000000e+03
val_mean_episode_len        4.891750e+02
val_min_episode_len         0.000000e+00
val_mean_timeouts           0.000000e+00
Name: 520, dtype: float64
timesteps                   3.420979e+07
wall_time                   2.057327e+05
num_episodes                3.209780e+05
max_episode_rewards         1.000000e+01
mean_episode_rewards        7.250000e+00
min_episode_rewards         0.000000e+00
max_episode_len             1.000000e+03
mean_episode_len            1.942000e+02
min_episode_len             0.000000e+00
mean_timeouts               0.000000e+00
val_max_episode_rewards     1.000000e+01
val_mean_episode_rewards    3.750000e+00
val_min_episode_rewards     0.000000e+00
val_max_episode_len         1.000000e+03
val_mean_episode_len        3.441250e+02
val_min_episode_len         0.000000e+00
val_mean_timeouts           0.000000e+00
Name: 521, dtype: float64
timesteps                   3.427533e+07
wall_time                   2.061155e+05
num_episodes                3.213640e+05
max_episode_rewards         1.000000e+01
mean_episode_rewards        7.250000e+00
min_episode_rewards         0.000000e+00
max_episode_len             1.000000e+03
mean_episode_len            1.525500e+02
min_episode_len             0.000000e+00
mean_timeouts               0.000000e+00
val_max_episode_rewards     1.000000e+01
val_mean_episode_rewards    3.250000e+00
val_min_episode_rewards     0.000000e+00
val_max_episode_len         1.000000e+03
val_mean_episode_len        5.386750e+02
val_min_episode_len         0.000000e+00
val_mean_timeouts           0.000000e+00
Name: 522, dtype: float64
timesteps                   3.434086e+07
wall_time                   2.065034e+05
num_episodes                3.216950e+05
max_episode_rewards         1.000000e+01
mean_episode_rewards        8.500000e+00
min_episode_rewards         0.000000e+00
max_episode_len             1.000000e+03
mean_episode_len            1.173000e+02
min_episode_len             0.000000e+00
mean_timeouts               0.000000e+00
val_max_episode_rewards     1.000000e+01
val_mean_episode_rewards    3.750000e+00
val_min_episode_rewards     0.000000e+00
val_max_episode_len         1.000000e+03
val_mean_episode_len        5.207250e+02
val_min_episode_len         0.000000e+00
val_mean_timeouts           0.000000e+00
Name: 523, dtype: float64
timesteps                   3.440640e+07
wall_time                   2.068818e+05
num_episodes                3.220180e+05
max_episode_rewards         1.000000e+01
mean_episode_rewards        7.500000e+00
min_episode_rewards         0.000000e+00
max_episode_len             1.000000e+03
mean_episode_len            2.377000e+02
min_episode_len             0.000000e+00
mean_timeouts               0.000000e+00
val_max_episode_rewards     1.000000e+01
val_mean_episode_rewards    3.500000e+00
val_min_episode_rewards     0.000000e+00
val_max_episode_len         1.000000e+03
val_mean_episode_len        4.136000e+02
val_min_episode_len         0.000000e+00
val_mean_timeouts           0.000000e+00
Name: 524, dtype: float64
timesteps                   3.447194e+07
wall_time                   2.072654e+05
num_episodes                3.224130e+05
max_episode_rewards         1.000000e+01
mean_episode_rewards        8.000000e+00
min_episode_rewards         0.000000e+00
max_episode_len             1.000000e+03
mean_episode_len            2.228000e+02
min_episode_len             0.000000e+00
mean_timeouts               2.500000e-02
val_max_episode_rewards     1.000000e+01
val_mean_episode_rewards    2.750000e+00
val_min_episode_rewards     0.000000e+00
val_max_episode_len         1.000000e+03
val_mean_episode_len        5.116000e+02
val_min_episode_len         0.000000e+00
val_mean_timeouts           0.000000e+00
Name: 525, dtype: float64
timesteps                   3.453747e+07
wall_time                   2.076511e+05
num_episodes                3.227740e+05
max_episode_rewards         1.000000e+01
mean_episode_rewards        6.750000e+00
min_episode_rewards         0.000000e+00
max_episode_len             1.000000e+03
mean_episode_len            1.499500e+02
min_episode_len             0.000000e+00
mean_timeouts               0.000000e+00
val_max_episode_rewards     1.000000e+01
val_mean_episode_rewards    4.000000e+00
val_min_episode_rewards     0.000000e+00
val_max_episode_len         1.000000e+03
val_mean_episode_len        4.032250e+02
val_min_episode_len         0.000000e+00
val_mean_timeouts           0.000000e+00
Name: 526, dtype: float64
timesteps                   3.460301e+07
wall_time                   2.080328e+05
num_episodes                3.231520e+05
max_episode_rewards         1.000000e+01
mean_episode_rewards        7.750000e+00
min_episode_rewards         0.000000e+00
max_episode_len             1.000000e+03
mean_episode_len            2.251750e+02
min_episode_len             0.000000e+00
mean_timeouts               0.000000e+00
val_max_episode_rewards     1.000000e+01
val_mean_episode_rewards    3.000000e+00
val_min_episode_rewards     0.000000e+00
val_max_episode_len         1.000000e+03
val_mean_episode_len        5.447500e+02
val_min_episode_len         0.000000e+00
val_mean_timeouts           0.000000e+00
Name: 527, dtype: float64
timesteps                   3.466854e+07
wall_time                   2.084128e+05
num_episodes                3.235400e+05
max_episode_rewards         1.000000e+01
mean_episode_rewards        7.000000e+00
min_episode_rewards         0.000000e+00
max_episode_len             1.000000e+03
mean_episode_len            1.792750e+02
min_episode_len             0.000000e+00
mean_timeouts               0.000000e+00
val_max_episode_rewards     1.000000e+01
val_mean_episode_rewards    3.750000e+00
val_min_episode_rewards     0.000000e+00
val_max_episode_len         1.000000e+03
val_mean_episode_len        4.159000e+02
val_min_episode_len         0.000000e+00
val_mean_timeouts           0.000000e+00
Name: 528, dtype: float64
timesteps                   3.473408e+07
wall_time                   2.087975e+05
num_episodes                3.239340e+05
max_episode_rewards         1.000000e+01
mean_episode_rewards        7.500000e+00
min_episode_rewards         0.000000e+00
max_episode_len             1.000000e+03
mean_episode_len            1.466250e+02
min_episode_len             0.000000e+00
mean_timeouts               0.000000e+00
val_max_episode_rewards     1.000000e+01
val_mean_episode_rewards    4.000000e+00
val_min_episode_rewards     0.000000e+00
val_max_episode_len         1.000000e+03
val_mean_episode_len        5.106000e+02
val_min_episode_len         0.000000e+00
val_mean_timeouts           0.000000e+00
Name: 529, dtype: float64
timesteps                   3.479962e+07
wall_time                   2.091707e+05
num_episodes                3.243130e+05
max_episode_rewards         1.000000e+01
mean_episode_rewards        6.750000e+00
min_episode_rewards         0.000000e+00
max_episode_len             1.000000e+03
mean_episode_len            1.610250e+02
min_episode_len             0.000000e+00
mean_timeouts               0.000000e+00
val_max_episode_rewards     1.000000e+01
val_mean_episode_rewards    3.500000e+00
val_min_episode_rewards     0.000000e+00
val_max_episode_len         1.000000e+03
val_mean_episode_len        5.711250e+02
val_min_episode_len         0.000000e+00
val_mean_timeouts           0.000000e+00
Name: 530, dtype: float64
timesteps                   3.486515e+07
wall_time                   2.095506e+05
num_episodes                3.246690e+05
max_episode_rewards         1.000000e+01
mean_episode_rewards        6.500000e+00
min_episode_rewards         0.000000e+00
max_episode_len             1.000000e+03
mean_episode_len            1.473750e+02
min_episode_len             0.000000e+00
mean_timeouts               0.000000e+00
val_max_episode_rewards     1.000000e+01
val_mean_episode_rewards    2.500000e+00
val_min_episode_rewards     0.000000e+00
val_max_episode_len         1.000000e+03
val_mean_episode_len        5.506750e+02
val_min_episode_len         0.000000e+00
val_mean_timeouts           0.000000e+00
Name: 531, dtype: float64
timesteps                   3.493069e+07
wall_time                   2.099405e+05
num_episodes                3.250160e+05
max_episode_rewards         1.000000e+01
mean_episode_rewards        7.750000e+00
min_episode_rewards         0.000000e+00
max_episode_len             1.000000e+03
mean_episode_len            2.048500e+02
min_episode_len             0.000000e+00
mean_timeouts               0.000000e+00
val_max_episode_rewards     1.000000e+01
val_mean_episode_rewards    2.750000e+00
val_min_episode_rewards     0.000000e+00
val_max_episode_len         1.000000e+03
val_mean_episode_len        5.920250e+02
val_min_episode_len         0.000000e+00
val_mean_timeouts           2.500000e-02
Name: 532, dtype: float64
timesteps                   3.499622e+07
wall_time                   2.103304e+05
num_episodes                3.253470e+05
max_episode_rewards         1.000000e+01
mean_episode_rewards        6.500000e+00
min_episode_rewards         0.000000e+00
max_episode_len             1.000000e+03
mean_episode_len            2.365000e+02
min_episode_len             0.000000e+00
mean_timeouts               0.000000e+00
val_max_episode_rewards     1.000000e+01
val_mean_episode_rewards    3.750000e+00
val_min_episode_rewards     0.000000e+00
val_max_episode_len         1.000000e+03
val_mean_episode_len        5.814500e+02
val_min_episode_len         0.000000e+00
val_mean_timeouts           0.000000e+00
Name: 533, dtype: float64
timesteps                   3.506176e+07
wall_time                   2.107194e+05
num_episodes                3.257040e+05
max_episode_rewards         1.000000e+01
mean_episode_rewards        6.750000e+00
min_episode_rewards         0.000000e+00
max_episode_len             1.000000e+03
mean_episode_len            2.590250e+02
min_episode_len             0.000000e+00
mean_timeouts               0.000000e+00
val_max_episode_rewards     1.000000e+01
val_mean_episode_rewards    3.000000e+00
val_min_episode_rewards     0.000000e+00
val_max_episode_len         1.000000e+03
val_mean_episode_len        5.638500e+02
val_min_episode_len         0.000000e+00
val_mean_timeouts           0.000000e+00
Name: 534, dtype: float64
timesteps                   3.512730e+07
wall_time                   2.111084e+05
num_episodes                3.260600e+05
max_episode_rewards         1.000000e+01
mean_episode_rewards        7.250000e+00
min_episode_rewards         0.000000e+00
max_episode_len             1.000000e+03
mean_episode_len            2.189250e+02
min_episode_len             0.000000e+00
mean_timeouts               0.000000e+00
val_max_episode_rewards     1.000000e+01
val_mean_episode_rewards    2.000000e+00
val_min_episode_rewards     0.000000e+00
val_max_episode_len         1.000000e+03
val_mean_episode_len        6.592750e+02
val_min_episode_len         0.000000e+00
val_mean_timeouts           0.000000e+00
Name: 535, dtype: float64
timesteps                   3.519283e+07
wall_time                   2.115004e+05
num_episodes                3.264120e+05
max_episode_rewards         1.000000e+01
mean_episode_rewards        7.500000e+00
min_episode_rewards         0.000000e+00
max_episode_len             1.000000e+03
mean_episode_len            1.541500e+02
min_episode_len             0.000000e+00
mean_timeouts               0.000000e+00
val_max_episode_rewards     1.000000e+01
val_mean_episode_rewards    3.250000e+00
val_min_episode_rewards     0.000000e+00
val_max_episode_len         1.000000e+03
val_mean_episode_len        6.448750e+02
val_min_episode_len         0.000000e+00
val_mean_timeouts           0.000000e+00
Name: 536, dtype: float64
timesteps                   3.525837e+07
wall_time                   2.118817e+05
num_episodes                3.267500e+05
max_episode_rewards         1.000000e+01
mean_episode_rewards        7.500000e+00
min_episode_rewards         0.000000e+00
max_episode_len             1.000000e+03
mean_episode_len            2.042500e+02
min_episode_len             0.000000e+00
mean_timeouts               0.000000e+00
val_max_episode_rewards     1.000000e+01
val_mean_episode_rewards    4.750000e+00
val_min_episode_rewards     0.000000e+00
val_max_episode_len         1.000000e+03
val_mean_episode_len        3.561500e+02
val_min_episode_len         0.000000e+00
val_mean_timeouts           0.000000e+00
Name: 537, dtype: float64
timesteps                   3.532390e+07
wall_time                   2.122580e+05
num_episodes                3.271690e+05
max_episode_rewards         1.000000e+01
mean_episode_rewards        7.000000e+00
min_episode_rewards         0.000000e+00
max_episode_len             1.000000e+03
mean_episode_len            1.151000e+02
min_episode_len             0.000000e+00
mean_timeouts               2.500000e-02
val_max_episode_rewards     1.000000e+01
val_mean_episode_rewards    3.250000e+00
val_min_episode_rewards     0.000000e+00
val_max_episode_len         1.000000e+03
val_mean_episode_len        5.120250e+02
val_min_episode_len         0.000000e+00
val_mean_timeouts           0.000000e+00
Name: 538, dtype: float64slurmstepd: error: *** JOB 402883 ON gan.ist.berkeley.edu CANCELLED AT 2024-07-23T03:54:29 DUE TO TIME LIMIT ***
